ubigeo,population,rural_pop,capital_pop,ccpp_count,primary_care_n,area_sqkm,department,province,district,rural_share,settlement_dispersion,population_density,primary_care_per_10k,altitude_m
010101,24217.0,1015.0,23202.0,32.0,89.0,153.14745856,AMAZONAS,CHACHAPOYAS,CHACHAPOYAS,0.04191270595036545,0.04191270595036545,158.12864429945654,36.751042655985465,2539.0
010102,289.0,139.0,150.0,7.0,1.0,34.85483742,AMAZONAS,CHACHAPOYAS,ASUNCION,0.4809688581314879,0.48096885813148793,8.291532005086024,34.602076124567475,2602.0
010103,1404.0,1145.0,259.0,25.0,3.0,318.15567967,AMAZONAS,CHACHAPOYAS,BALSAS,0.8155270655270656,0.8155270655270656,4.412933949368021,21.36752136752137,1494.0
010104,582.0,204.0,378.0,12.0,1.0,70.29195092,AMAZONAS,CHACHAPOYAS,CHETO,0.35051546391752575,0.35051546391752575,8.279753120842814,17.18213058419244,2268.0
010105,851.0,623.0,82.0,37.0,4.0,141.5889851,AMAZONAS,CHACHAPOYAS,CHILIQUIN,0.7320799059929495,0.9036427732079906,6.010354544168563,47.00352526439483,2627.0
010106,2074.0,1451.0,623.0,23.0,6.0,183.92171674,AMAZONAS,CHACHAPOYAS,CHUQUIBAMBA,0.6996142719382835,0.6996142719382835,11.276536761191174,28.929604628736744,2758.0
010107,426.0,283.0,143.0,9.0,1.0,171.13688757,AMAZONAS,CHACHAPOYAS,GRANADA,0.6643192488262911,0.664319248826291,2.489235407099206,23.474178403755868,2965.5
010108,1138.0,335.0,803.0,5.0,2.0,46.19181236,AMAZONAS,CHACHAPOYAS,HUANCAS,0.29437609841827767,0.2943760984182777,24.63640073550039,17.57469244288225,2526.5
010109,5506.0,3155.0,2351.0,66.0,10.0,124.02100513,AMAZONAS,CHACHAPOYAS,LA JALCA,0.5730112604431529,0.573011260443153,44.39570534224068,18.162005085361425,2709.0
010110,3918.0,2061.0,1229.0,47.0,3.0,380.48572438,AMAZONAS,CHACHAPOYAS,LEIMEBAMBA,0.5260336906584993,0.6863195507912201,10.297363998043199,7.656967840735069,2210.0
010111,1022.0,537.0,485.0,23.0,1.0,74.8043847,AMAZONAS,CHACHAPOYAS,LEVANTO,0.525440313111546,0.5254403131115459,13.662300734090525,9.784735812133071,2688.0
010112,900.0,206.0,694.0,22.0,1.0,135.33214838,AMAZONAS,CHACHAPOYAS,MAGDALENA,0.2288888888888889,0.22888888888888892,6.650304534240336,11.11111111111111,2476.0
010113,1132.0,587.0,249.0,22.0,2.0,78.81237704,AMAZONAS,CHACHAPOYAS,MARISCAL CASTILLA,0.5185512367491166,0.7800353356890459,14.363226215413741,17.6678445229682,2350.0
010114,2731.0,2073.0,658.0,25.0,4.0,340.21732826,AMAZONAS,CHACHAPOYAS,MOLINOPAMPA,0.7590626144269499,0.7590626144269499,8.027221934777298,14.646649578908823,2433.0
010115,691.0,72.0,619.0,7.0,1.0,122.79394719,AMAZONAS,CHACHAPOYAS,MONTEVIDEO,0.10419681620839363,0.1041968162083936,5.62731320079491,14.47178002894356,2264.5
010116,355.0,251.0,104.0,8.0,2.0,106.73540026,AMAZONAS,CHACHAPOYAS,OLLEROS,0.7070422535211267,0.7070422535211267,3.325981812362578,56.33802816901409,2986.5
010117,934.0,791.0,143.0,34.0,2.0,82.3857298,AMAZONAS,CHACHAPOYAS,QUINJALCA,0.8468950749464668,0.8468950749464668,11.33691480633094,21.413276231263385,3048.5
010118,299.0,71.0,50.0,10.0,1.0,40.38202197,AMAZONAS,CHACHAPOYAS,SAN FRANCISCO DE DAGUAS,0.23745819397993312,0.8327759197324415,7.404285011338178,33.44481605351171,1998.0
010119,686.0,213.0,473.0,18.0,1.0,107.90156786,AMAZONAS,CHACHAPOYAS,SAN ISIDRO DE MAINO,0.3104956268221574,0.3104956268221575,6.357646265993748,14.577259475218659,2531.5
010120,1413.0,1115.0,298.0,12.0,4.0,74.72597027,AMAZONAS,CHACHAPOYAS,SOLOCO,0.7891012031139419,0.7891012031139419,18.90908869961201,28.308563340410476,2495.0
010121,234.0,132.0,102.0,8.0,2.0,120.1110339,AMAZONAS,CHACHAPOYAS,SONCHE,0.5641025641025641,0.5641025641025641,1.9481973670697044,85.47008547008548,2211.0
010201,24725.0,3319.0,21000.0,20.0,29.0,132.96893822,AMAZONAS,BAGUA,BAGUA,0.1342366026289181,0.15065722952477245,185.94568273600822,11.729019211324571,475.0
010202,11886.0,9229.0,1131.0,86.0,19.0,818.93540524,AMAZONAS,BAGUA,ARAMANGO,0.7764597004879691,0.9048460373548712,14.513965233334426,15.985192663637894,556.5
010203,6347.0,4489.0,1858.0,38.0,6.0,98.9485176,AMAZONAS,BAGUA,COPALLIN,0.7072632739877107,0.7072632739877107,64.144467789379,9.45328501654325,827.5
010204,1292.0,641.0,651.0,10.0,3.0,18.16540687,AMAZONAS,BAGUA,EL PARCO,0.49613003095975233,0.4961300309597523,71.1241982767656,23.219814241486066,585.5
010205,22858.0,20060.0,1232.0,121.0,41.0,4584.8848781,AMAZONAS,BAGUA,IMAZA,0.8775920902966139,0.9461020211742059,4.985512310065346,17.936827368973663,297.0
010206,7379.0,3190.0,3263.0,31.0,6.0,138.05314905,AMAZONAS,BAGUA,LA PECA,0.4323079007995663,0.5577991597777476,53.45042869922133,8.13118308713918,820.0
010301,1573.0,188.0,1385.0,10.0,2.0,158.60200011,AMAZONAS,BONGARA,JUMBILLA,0.11951684678957407,0.11951684678957408,9.917907711813408,12.714558169103624,2103.5
010302,346.0,206.0,140.0,14.0,1.0,161.77204342,AMAZONAS,BONGARA,CHISQUILLA,0.5953757225433526,0.5953757225433526,2.1388120758399456,28.90173410404624,2368.0
010303,272.0,24.0,248.0,6.0,1.0,31.80367198,AMAZONAS,BONGARA,CHURUJA,0.08823529411764706,0.08823529411764708,8.552471556462079,36.76470588235294,1689.5
010304,721.0,621.0,100.0,21.0,1.0,64.16903654,AMAZONAS,BONGARA,COROSHA,0.8613037447988904,0.8613037447988905,11.2359486580504,13.869625520110958,2114.5
010305,782.0,418.0,364.0,16.0,2.0,96.42758765,AMAZONAS,BONGARA,CUISPES,0.5345268542199488,0.5345268542199488,8.109712366116627,25.575447570332482,1987.5
010306,6293.0,2723.0,3570.0,40.0,5.0,221.99171741,AMAZONAS,BONGARA,FLORIDA,0.43270300333704115,0.43270300333704115,28.347904477793463,7.945336087716511,2325.5
010307,8659.0,1829.0,5602.0,42.0,11.0,75.73622018,AMAZONAS,BONGARA,JAZAN,0.2112253147014667,0.35304307656773304,114.3310291881535,12.703545444046657,1518.0
010308,245.0,165.0,80.0,9.0,1.0,28.04285401,AMAZONAS,BONGARA,RECTA,0.673469387755102,0.6734693877551021,8.736628586827637,40.81632653061225,2341.0
010309,367.0,72.0,295.0,12.0,1.0,112.41452572,AMAZONAS,BONGARA,SAN CARLOS,0.19618528610354224,0.19618528610354224,3.2647026498525356,27.247956403269754,1841.5
010310,1350.0,562.0,788.0,11.0,4.0,125.32798005,AMAZONAS,BONGARA,SHIPASBAMBA,0.4162962962962963,0.4162962962962963,10.771736682115305,29.62962962962963,1648.5
010311,1262.0,836.0,426.0,17.0,4.0,78.00298287,AMAZONAS,BONGARA,VALERA,0.6624405705229794,0.6624405705229794,16.17886846844374,31.695721077654518,1873.0
010312,6083.0,3849.0,661.0,50.0,9.0,1679.39568674,AMAZONAS,BONGARA,YAMBRASBAMBA,0.6327469998356074,0.8913365115896762,3.62213625295666,14.795331251027454,1875.0
010401,22115.0,18842.0,2059.0,129.0,34.0,4182.35397863,AMAZONAS,CONDORCANQUI,NIEVA,0.8520009043635541,0.9068957721003843,5.287692077953703,15.374180420529052,198.0
010402,8723.0,7635.0,1088.0,65.0,21.0,5608.92522262,AMAZONAS,CONDORCANQUI,EL CENEPA,0.8752722687148916,0.8752722687148917,1.5551999097476605,24.074286369368338,306.0
010403,12696.0,10599.0,699.0,67.0,27.0,8074.56234522,AMAZONAS,CONDORCANQUI,RIO SANTIAGO,0.8348298676748582,0.9449432892249527,1.5723452810437226,21.266540642722116,191.0
010501,2319.0,309.0,2010.0,15.0,4.0,73.08945851,AMAZONAS,LUYA,LAMUD,0.1332470892626132,0.1332470892626132,31.728241627111213,17.248814144027598,2630.0
010502,6076.0,2233.0,1360.0,31.0,5.0,218.68852513,AMAZONAS,LUYA,CAMPORREDONDO,0.3675115207373272,0.7761685319289006,27.783808027367257,8.229098090849243,1809.0
010503,2242.0,1919.0,323.0,67.0,7.0,342.38417277,AMAZONAS,LUYA,COCABAMBA,0.8559322033898306,0.8559322033898304,6.548199882785136,31.222123104371097,1712.5
010504,2853.0,1459.0,1394.0,20.0,4.0,107.60089616,AMAZONAS,LUYA,COLCAMAR,0.5113915177006659,0.511391517700666,26.514649057919147,14.020329477742727,2430.5
010505,2033.0,840.0,1193.0,18.0,3.0,248.56301126,AMAZONAS,LUYA,CONILA,0.4131824889326119,0.4131824889326119,8.179012596019192,14.756517461878996,2877.5
010506,694.0,284.0,410.0,20.0,1.0,118.46436547,AMAZONAS,LUYA,INGUILPATA,0.4092219020172911,0.40922190201729103,5.858301753836254,14.40922190201729,2398.5
010507,946.0,748.0,198.0,17.0,2.0,58.6495319,AMAZONAS,LUYA,LONGUITA,0.7906976744186046,0.7906976744186046,16.129711002859683,21.141649048625794,2706.5
010508,1054.0,709.0,345.0,11.0,3.0,69.46579676,AMAZONAS,LUYA,LONYA CHICO,0.6726755218216319,0.6726755218216318,15.172934727021188,28.46299810246679,2614.0
010509,4153.0,1975.0,2178.0,15.0,5.0,96.05728413,AMAZONAS,LUYA,LUYA,0.47555983626294246,0.4755598362629424,43.23461815118049,12.039489525644113,2421.5
010510,482.0,69.0,413.0,5.0,1.0,55.70868044,AMAZONAS,LUYA,LUYA VIEJO,0.14315352697095435,0.1431535269709544,8.652152522606045,20.74688796680498,2909.5
010511,857.0,399.0,458.0,18.0,1.0,87.68005954,AMAZONAS,LUYA,MARIA,0.46557759626604434,0.46557759626604434,9.774172194865278,11.668611435239205,2825.0
010512,3622.0,2245.0,1377.0,20.0,5.0,171.87624271,AMAZONAS,LUYA,OCALLI,0.6198233020430701,0.6198233020430701,21.073302178889595,13.804527885146328,1687.5
010513,3781.0,3153.0,628.0,31.0,5.0,363.76513771,AMAZONAS,LUYA,OCUMAL,0.8339063739751389,0.8339063739751389,10.394069161774047,13.224014810896588,1812.0
010514,5432.0,5187.0,245.0,76.0,10.0,290.55964447,AMAZONAS,LUYA,PISUQUIA,0.9548969072164949,0.9548969072164949,18.694956795904424,18.40942562592047,2109.0
010515,1448.0,1183.0,265.0,17.0,3.0,116.39597898,AMAZONAS,LUYA,PROVIDENCIA,0.8169889502762431,0.8169889502762431,12.440292290928761,20.718232044198896,2146.0
010516,707.0,209.0,498.0,3.0,1.0,35.50551684,AMAZONAS,LUYA,SAN CRISTOBAL,0.2956152758132956,0.2956152758132956,19.91239849249298,14.144271570014144,2616.0
010517,793.0,422.0,371.0,19.0,1.0,181.73852297,AMAZONAS,LUYA,SAN FRANCISCO DEL YESO,0.532156368221942,0.532156368221942,4.363411713932012,12.610340479192939,2521.0
010518,971.0,606.0,365.0,23.0,2.0,207.8518955,AMAZONAS,LUYA,SAN JERONIMO,0.6240988671472708,0.6240988671472709,4.671595597741373,20.597322348094746,2416.0
010519,553.0,471.0,82.0,16.0,2.0,86.29309614,AMAZONAS,LUYA,SAN JUAN DE LOPECANCHA,0.8517179023508138,0.8517179023508137,6.408392151126726,36.16636528028933,2837.5
010520,1705.0,1282.0,423.0,12.0,4.0,164.64989207,AMAZONAS,LUYA,SANTA CATALINA,0.7519061583577713,0.7519061583577713,10.355305907368155,23.46041055718475,2044.0
010521,3725.0,2619.0,1106.0,66.0,7.0,89.93432757,AMAZONAS,LUYA,SANTO TOMAS,0.7030872483221476,0.7030872483221476,41.41911215270568,18.79194630872483,2760.0
010522,1260.0,630.0,162.0,22.0,2.0,108.97603261,AMAZONAS,LUYA,TINGO,0.5,0.8714285714285714,11.562175368498213,15.873015873015873,1968.0
010523,1299.0,528.0,771.0,6.0,2.0,12.92642675,AMAZONAS,LUYA,TRITA,0.4064665127020785,0.40646651270207856,100.49180838006916,15.39645881447267,2785.5
010601,4914.0,1558.0,3356.0,34.0,11.0,102.14454572,AMAZONAS,RODRIGUEZ DE MENDOZA,SAN NICOLAS,0.3170533170533171,0.3170533170533171,48.10829560562463,22.385022385022385,1571.5
010602,1842.0,1737.0,105.0,33.0,6.0,153.74297553,AMAZONAS,RODRIGUEZ DE MENDOZA,CHIRIMOTO,0.9429967426710097,0.9429967426710097,11.981035189738272,32.57328990228013,2034.0
010603,545.0,112.0,104.0,8.0,1.0,180.70535225,AMAZONAS,RODRIGUEZ DE MENDOZA,COCHAMAL,0.20550458715596331,0.8091743119266055,3.015959368187447,18.34862385321101,1585.0
010604,3291.0,2611.0,680.0,37.0,3.0,77.61371708,AMAZONAS,RODRIGUEZ DE MENDOZA,HUAMBO,0.7933758735946521,0.7933758735946521,42.40229850875221,9.115770282588878,1631.0
010605,2629.0,2061.0,568.0,47.0,3.0,614.49648163,AMAZONAS,RODRIGUEZ DE MENDOZA,LIMABAMBA,0.7839482693039178,0.7839482693039178,4.2782995160954735,11.411182959300113,1710.0
010606,1767.0,810.0,957.0,13.0,2.0,82.20377814,AMAZONAS,RODRIGUEZ DE MENDOZA,LONGAR,0.45840407470288624,0.45840407470288624,21.495362378486416,11.318619128466327,1741.5
010607,1713.0,785.0,928.0,13.0,2.0,202.47230582,AMAZONAS,RODRIGUEZ DE MENDOZA,MARISCAL BENAVIDES,0.45826036193812025,0.45826036193812025,8.460416317493193,11.675423234092236,1958.5
010608,1032.0,646.0,386.0,14.0,2.0,42.94159963,AMAZONAS,RODRIGUEZ DE MENDOZA,MILPUC,0.625968992248062,0.625968992248062,24.032639885148125,19.37984496124031,1665.0
010609,7261.0,6657.0,604.0,60.0,13.0,225.08372559,AMAZONAS,RODRIGUEZ DE MENDOZA,OMIA,0.916815865583253,0.916815865583253,32.25910705435112,17.903869990359453,1822.0
010610,540.0,388.0,152.0,11.0,1.0,20.21932553,AMAZONAS,RODRIGUEZ DE MENDOZA,SANTA ROSA,0.7185185185185186,0.7185185185185186,26.70712231220504,18.51851851851852,1791.0
010611,490.0,357.0,133.0,6.0,1.0,19.4458295,AMAZONAS,RODRIGUEZ DE MENDOZA,TOTORA,0.7285714285714285,0.7285714285714286,25.198205095853588,20.408163265306126,1694.5
010612,1371.0,1080.0,291.0,16.0,4.0,861.2653477,AMAZONAS,RODRIGUEZ DE MENDOZA,VISTA ALEGRE,0.787746170678337,0.787746170678337,1.5918439115903606,29.175784099197667,1397.0
010701,47295.0,17788.0,25930.0,102.0,53.0,727.45055979,AMAZONAS,UTCUBAMBA,BAGUA GRANDE,0.3761074109313881,0.45173908446981714,65.01472761757594,11.206258589702928,1158.0
010702,26388.0,18210.0,1516.0,124.0,33.0,1798.93155254,AMAZONAS,UTCUBAMBA,CAJARURO,0.6900864029104138,0.9425496437774746,14.668707079344673,12.50568440200091,2294.0
010703,9012.0,6258.0,1373.0,56.0,12.0,301.36506019,AMAZONAS,UTCUBAMBA,CUMBA,0.6944074567243675,0.847647581003107,29.90393111370725,13.315579227696405,481.0
010704,5651.0,4096.0,1555.0,17.0,8.0,307.48367824,AMAZONAS,UTCUBAMBA,EL MILAGRO,0.7248274641656344,0.7248274641656345,18.378211267491178,14.156786409485047,398.0
010705,7554.0,6169.0,878.0,55.0,12.0,350.36617724,AMAZONAS,UTCUBAMBA,JAMALCA,0.8166534286470744,0.8837701879798782,21.560300310681896,15.885623510722795,1178.0
010706,9458.0,6357.0,2582.0,74.0,12.0,364.2139207,AMAZONAS,UTCUBAMBA,LONYA GRANDE,0.6721294142524846,0.7270035948403468,25.968255089817053,12.687671812222456,1365.0
010707,3020.0,2436.0,148.0,36.0,6.0,136.02010197,AMAZONAS,UTCUBAMBA,YAMON,0.8066225165562914,0.9509933774834437,22.202600617562233,19.867549668874172,1028.0
020101,56261.0,5884.0,48470.0,141.0,45.0,422.67675628,ANCASH,HUARAZ,HUARAZ,0.10458399246369599,0.13847958621425138,133.1064440239297,7.998435861431543,3089.0
020102,2060.0,1590.0,470.0,75.0,3.0,138.26550939,ANCASH,HUARAZ,COCHABAMBA,0.7718446601941747,0.7718446601941747,14.89887108569817,14.563106796116505,2631.0
020103,653.0,294.0,359.0,14.0,1.0,52.02236414,ANCASH,HUARAZ,COLCABAMBA,0.450229709035222,0.4502297090352221,12.55229382199315,15.313935681470138,2280.0
020104,2517.0,2119.0,398.0,80.0,2.0,208.86069527,ANCASH,HUARAZ,HUANCHAY,0.841875248311482,0.841875248311482,12.051094614744073,7.945967421533572,1878.0
020105,62937.0,12383.0,47581.0,120.0,28.0,345.53274703,ANCASH,HUARAZ,INDEPENDENCIA,0.19675230786341896,0.2439900217677995,182.14481996560417,4.448893337782227,3508.0
020106,4403.0,2639.0,1464.0,30.0,3.0,62.26104285,ANCASH,HUARAZ,JANGAS,0.5993640699523053,0.6674994322053145,70.71837859522779,6.813536225300931,3093.0
020107,1294.0,954.0,340.0,50.0,1.0,148.37712099,ANCASH,HUARAZ,LA LIBERTAD,0.7372488408037094,0.7372488408037094,8.721021080380783,7.727975270479134,3460.0
020108,2581.0,1189.0,272.0,25.0,4.0,230.77785712,ANCASH,HUARAZ,OLLEROS,0.4606741573033708,0.8946144905075553,11.18391526903697,15.497869043006586,3430.0
020109,1320.0,908.0,412.0,89.0,1.0,351.66603262,ANCASH,HUARAZ,PAMPAS GRANDE,0.6878787878787879,0.6878787878787879,3.7535612699516907,7.575757575757576,3511.5
020110,4461.0,3181.0,1280.0,47.0,3.0,168.12611493,ANCASH,HUARAZ,PARIACOTO,0.7130688186505267,0.7130688186505267,26.53365303693216,6.724949562878279,1130.5
020111,3853.0,3343.0,510.0,61.0,2.0,261.26216467,ANCASH,HUARAZ,PIRA,0.8676356086166623,0.8676356086166623,14.747638659683926,5.190760446405398,3441.5
020112,5344.0,3824.0,1094.0,39.0,4.0,117.15042657,ANCASH,HUARAZ,TARICA,0.7155688622754491,0.7952844311377245,45.61656458678655,7.485029940119761,2876.0
020201,2064.0,1000.0,843.0,46.0,1.0,162.41960958,ANCASH,AIJA,AIJA,0.4844961240310077,0.5915697674418605,12.70782515323911,4.844961240310077,3476.0
020202,2145.0,1692.0,453.0,95.0,3.0,259.02271296,ANCASH,AIJA,CORIS,0.7888111888111888,0.7888111888111888,8.281127069853698,13.986013986013987,2161.5
020203,556.0,224.0,332.0,11.0,1.0,39.91669407,ANCASH,AIJA,HUACLLAN,0.4028776978417266,0.40287769784172667,13.929009226690201,17.98561151079137,3144.0
020204,2371.0,2064.0,307.0,62.0,2.0,156.69660985,ANCASH,AIJA,LA MERCED,0.8705187684521299,0.8705187684521299,15.131150586280539,8.435259384226065,3613.0
020205,905.0,533.0,372.0,28.0,2.0,77.40908993,ANCASH,AIJA,SUCCHA,0.5889502762430939,0.5889502762430939,11.691133442059316,22.099447513812155,2914.0
020301,3849.0,2042.0,1807.0,45.0,1.0,95.99641317,ANCASH,ANTONIO RAYMONDI,LLAMELLIN,0.5305274097168096,0.5305274097168096,40.09524807123583,2.5980774227071968,3097.0
020302,2378.0,1914.0,464.0,32.0,3.0,66.10851388,ANCASH,ANTONIO RAYMONDI,ACZO,0.8048780487804879,0.8048780487804879,35.971161056751924,12.615643397813288,2700.5
020303,1951.0,1370.0,581.0,39.0,1.0,71.9877789,ANCASH,ANTONIO RAYMONDI,CHACCHO,0.7022039979497694,0.7022039979497694,27.101822417804865,5.125576627370579,3081.0
020304,2088.0,1359.0,729.0,37.0,1.0,50.792558,ANCASH,ANTONIO RAYMONDI,CHINGAS,0.6508620689655172,0.6508620689655172,41.10838442119808,4.7892720306513406,3262.5
020305,5235.0,4581.0,654.0,55.0,5.0,172.06308483,ANCASH,ANTONIO RAYMONDI,MIRGAS,0.8750716332378223,0.8750716332378223,30.42488750665043,9.551098376313275,3386.0
020306,1596.0,1376.0,220.0,22.0,2.0,101.94206171,ANCASH,ANTONIO RAYMONDI,SAN JUAN DE RONTOY,0.8621553884711779,0.8621553884711779,15.655951755618068,12.531328320802004,3449.5
020401,5431.0,3349.0,2082.0,57.0,2.0,451.21809845,ANCASH,ASUNCION,CHACAS,0.616645185048794,0.616645185048794,12.036307982007543,3.682563063892469,3463.0
020402,3763.0,3543.0,220.0,65.0,2.0,76.54188642,ANCASH,ASUNCION,ACOCHACA,0.9415360085038533,0.9415360085038533,49.16262423102167,5.3149083178315175,2811.5
020501,4172.0,454.0,3321.0,40.0,2.0,185.74786636,ANCASH,BOLOGNESI,CHIQUIAN,0.10882070949185044,0.2039789069990412,22.460554092794805,4.793863854266538,3393.0
020502,678.0,191.0,487.0,9.0,1.0,11.9074358,ANCASH,BOLOGNESI,ABELARDO PARDO LEZAMETA,0.28171091445427726,0.2817109144542773,56.93921104323737,14.749262536873156,2224.0
020503,1273.0,941.0,332.0,19.0,1.0,121.91815332,ANCASH,BOLOGNESI,ANTONIO RAYMONDI,0.7391987431264729,0.7391987431264728,10.441431118618915,7.855459544383347,2052.0
020504,2743.0,1263.0,809.0,76.0,3.0,436.83710112,ANCASH,BOLOGNESI,AQUIA,0.46044476850164057,0.7050674444039373,6.279228556748646,10.936930368209989,4065.0
020505,1686.0,1050.0,636.0,40.0,3.0,185.18841349,ANCASH,BOLOGNESI,CAJACAY,0.6227758007117438,0.6227758007117438,9.104241287163696,17.793594306049823,2946.0
020506,691.0,29.0,662.0,3.0,1.0,20.73324065,ANCASH,BOLOGNESI,CANIS,0.041968162083936326,0.04196816208393628,33.32812326181146,14.47178002894356,2918.0
020507,3096.0,1514.0,1582.0,32.0,1.0,305.02735969,ANCASH,BOLOGNESI,COLQUIOC,0.48901808785529716,0.4890180878552972,10.149909185675906,3.2299741602067185,870.5
020508,8295.0,3466.0,4783.0,170.0,2.0,817.96216933,ANCASH,BOLOGNESI,HUALLANCA,0.41784207353827607,0.4233875828812538,10.141055798209479,2.4110910186859553,3803.0
020509,2454.0,844.0,681.0,74.0,2.0,389.83711165,ANCASH,BOLOGNESI,HUASTA,0.3439282803585982,0.7224938875305624,6.294936850966687,8.149959250203748,3763.0
020510,1279.0,1021.0,258.0,61.0,2.0,117.47357294,ANCASH,BOLOGNESI,HUAYLLACAYAN,0.7982799061767005,0.7982799061767005,10.887555115508858,15.63721657544957,2928.0
020511,657.0,157.0,500.0,11.0,1.0,62.48116698,ANCASH,BOLOGNESI,LA PRIMAVERA,0.2389649923896499,0.23896499238964997,10.515168518064065,15.220700152207002,2739.5
020512,568.0,114.0,454.0,5.0,1.0,126.02472027,ANCASH,BOLOGNESI,MANGAS,0.2007042253521127,0.20070422535211263,4.507052257549915,17.6056338028169,3342.5
020513,1522.0,203.0,892.0,17.0,2.0,210.62869429,ANCASH,BOLOGNESI,PACLLON,0.133377135348226,0.4139290407358739,7.225986018336438,13.140604467805518,3278.0
020514,777.0,180.0,597.0,7.0,1.0,42.71727842,ANCASH,BOLOGNESI,SAN MIGUEL DE CORPANQUI,0.23166023166023167,0.23166023166023164,18.18936104403629,12.87001287001287,3425.5
020515,978.0,60.0,612.0,16.0,1.0,92.55773293,ANCASH,BOLOGNESI,TICLLOS,0.06134969325153374,0.3742331288343558,10.566378076045213,10.224948875255624,3857.0
020601,13826.0,6585.0,5960.0,71.0,9.0,195.33121302,ANCASH,CARHUAZ,CARHUAZ,0.4762765803558513,0.5689281064660784,70.78233829728151,6.509474902357876,3125.0
020602,2488.0,1623.0,865.0,17.0,1.0,14.57170701,ANCASH,CARHUAZ,ACOPAMPA,0.6523311897106109,0.652331189710611,170.74183541383186,4.019292604501608,2698.5
020603,1647.0,917.0,730.0,13.0,2.0,13.20800753,ANCASH,CARHUAZ,AMASHCA,0.5567698846387371,0.5567698846387371,124.69708214952843,12.143290831815422,3046.5
020604,2314.0,1700.0,614.0,41.0,1.0,43.22575606,ANCASH,CARHUAZ,ANTA,0.7346585998271391,0.7346585998271391,53.53289822826988,4.32152117545376,2967.5
020605,1498.0,1223.0,275.0,25.0,1.0,46.36135883,ANCASH,CARHUAZ,ATAQUERO,0.8164218958611482,0.8164218958611482,32.31139116290652,6.675567423230975,2963.5
020606,8604.0,7319.0,1285.0,52.0,5.0,176.97337869,ANCASH,CARHUAZ,MARCARA,0.8506508600650861,0.850650860065086,48.6174817008575,5.8112505811250585,3157.0
020607,1501.0,962.0,539.0,13.0,1.0,11.92545171,ANCASH,CARHUAZ,PARIAHUANCA,0.6409060626249167,0.6409060626249168,125.86525328355884,6.662225183211192,2841.5
020608,2552.0,2230.0,322.0,15.0,1.0,122.9276385,ANCASH,CARHUAZ,SAN MIGUEL DE ACO,0.8738244514106583,0.8738244514106583,20.76018079530585,3.9184952978056424,3228.0
020609,3280.0,1982.0,943.0,12.0,1.0,127.79165455,ANCASH,CARHUAZ,SHILLA,0.6042682926829268,0.7125,25.666777784120956,3.048780487804878,3212.0
020610,2939.0,1841.0,560.0,15.0,1.0,15.75129372,ANCASH,CARHUAZ,TINCO,0.6264035386185778,0.8094589996597482,186.58784809962899,3.402517863218782,2586.0
020611,3159.0,2564.0,595.0,37.0,4.0,45.27117706,ANCASH,CARHUAZ,YUNGAR,0.8116492560937005,0.8116492560937005,69.77949779863754,12.662234884457106,2818.0
020701,12235.0,9996.0,1619.0,135.0,5.0,247.43166591,ANCASH,CARLOS FERMIN FITZCARRALD,SAN LUIS,0.8170004086636699,0.8676747037188394,49.44799589414849,4.086636697997548,3634.5
020702,3885.0,3290.0,595.0,39.0,4.0,204.91836522,ANCASH,CARLOS FERMIN FITZCARRALD,SAN NICOLAS,0.8468468468468469,0.8468468468468469,18.95876924368917,10.296010296010294,3095.0
020703,5702.0,5133.0,569.0,71.0,5.0,174.63513985,ANCASH,CARLOS FERMIN FITZCARRALD,YAUYA,0.9002104524728165,0.9002104524728165,32.65093156450437,8.76885303402315,3251.5
020801,29188.0,4346.0,21619.0,56.0,8.0,1207.72167809,ANCASH,CASMA,CASMA,0.14889680690694806,0.2593188981773331,24.167819895524715,2.7408524050979852,56.0
020802,3937.0,2916.0,326.0,37.0,3.0,480.43949763,ANCASH,CASMA,BUENA VISTA ALTA,0.7406654813309627,0.9171958343916687,8.194580211288113,7.6200152400304795,221.0
020803,2029.0,1050.0,384.0,16.0,2.0,217.33670206,ANCASH,CASMA,COMANDANTE NOEL,0.5174963035978315,0.8107442089699359,9.335744863929405,9.857072449482505,8.0
020804,7727.0,5111.0,1911.0,70.0,2.0,365.33242312,ANCASH,CASMA,YAUTAN,0.6614468745955739,0.7526853888960787,21.150600141126613,2.588326646822829,787.0
020901,1824.0,505.0,1319.0,18.0,1.0,151.66057039,ANCASH,CORONGO,CORONGO,0.2768640350877193,0.2768640350877193,12.026857048668125,5.482456140350877,2792.0
020902,543.0,259.0,284.0,6.0,1.0,57.46778245,ANCASH,CORONGO,ACO,0.47697974217311234,0.47697974217311234,9.448772457375375,18.41620626151013,3220.0
020903,500.0,341.0,159.0,5.0,1.0,153.80708218,ANCASH,CORONGO,BAMBAS,0.682,0.6819999999999999,3.250825598621339,20.0,2951.0
020904,2792.0,2298.0,494.0,20.0,4.0,425.92567733,ANCASH,CORONGO,CUSCA,0.8230659025787965,0.8230659025787965,6.555134260752271,14.326647564469914,3417.5
020905,1173.0,316.0,857.0,8.0,1.0,94.55053473,ANCASH,CORONGO,LA PAMPA,0.2693947144075021,0.2693947144075022,12.40606415764477,8.525149190110827,2201.5
020906,747.0,436.0,311.0,6.0,1.0,46.80129594,ANCASH,CORONGO,YANAC,0.5836680053547524,0.5836680053547523,15.961096482406507,13.386880856760374,3010.5
020907,759.0,70.0,689.0,6.0,1.0,84.90548729,ANCASH,CORONGO,YUPAN,0.0922266139657444,0.09222661396574439,8.93935155695636,13.175230566534914,2589.0
021001,9751.0,4924.0,4406.0,46.0,6.0,399.66522831,ANCASH,HUARI,HUARI,0.5049738488360168,0.5481489078043278,24.397919331717908,6.153215054866168,3493.0
021002,1800.0,1384.0,416.0,19.0,1.0,80.66427682,ANCASH,HUARI,ANRA,0.7688888888888888,0.768888888888889,22.314710686821726,5.555555555555555,3248.5
021003,3018.0,2381.0,637.0,51.0,2.0,165.44864374,ANCASH,HUARI,CAJAY,0.788933068257124,0.788933068257124,18.241310002774885,6.626905235255136,3173.0
021004,9088.0,6984.0,2104.0,69.0,4.0,419.37995106,ANCASH,HUARI,CHAVIN DE HUANTAR,0.7684859154929577,0.7684859154929577,21.67008693913409,4.401408450704225,3390.0
021005,2115.0,1286.0,829.0,28.0,2.0,88.85400605,ANCASH,HUARI,HUACACHI,0.6080378250591016,0.6080378250591016,23.803091093156176,9.456264775413711,3203.5
021006,2055.0,655.0,485.0,22.0,2.0,76.78403238,ANCASH,HUARI,HUACCHIS,0.31873479318734793,0.7639902676399026,26.763376919694927,9.732360097323602,3471.0
021007,3758.0,2482.0,734.0,57.0,2.0,152.07051618,ANCASH,HUARI,HUACHIS,0.660457690260777,0.8046833422032996,24.712219662303248,5.321979776476849,3544.0
021008,3010.0,2151.0,859.0,18.0,3.0,161.75362866,ANCASH,HUARI,HUANTAR,0.7146179401993356,0.7146179401993356,18.608546991714825,9.966777408637872,3353.5
021009,1948.0,1177.0,513.0,37.0,2.0,75.22159323,ANCASH,HUARI,MASIN,0.6042094455852156,0.7366529774127311,25.89681920248261,10.26694045174538,2569.0
021010,2048.0,441.0,868.0,23.0,2.0,139.6509954,ANCASH,HUARI,PAUCAS,0.21533203125,0.576171875,14.665129984458385,9.765625,3629.0
021011,3476.0,2710.0,766.0,39.0,3.0,118.99396404,ANCASH,HUARI,PONTO,0.7796317606444189,0.7796317606444189,29.211565712959505,8.63060989643268,2743.0
021012,739.0,259.0,480.0,11.0,2.0,9.54692579,ANCASH,HUARI,RAHUAPAMPA,0.35047361299052776,0.3504736129905277,77.4071168306421,27.063599458728014,2665.0
021013,1752.0,951.0,801.0,14.0,1.0,144.96343712,ANCASH,HUARI,RAPAYAN,0.5428082191780822,0.5428082191780822,12.085806150896541,5.707762557077626,3242.5
021014,13916.0,10173.0,2304.0,112.0,9.0,561.50156039,ANCASH,HUARI,SAN MARCOS,0.7310290313308422,0.8344351825237137,24.78354644345853,6.467375682667433,3869.5
021015,2690.0,1726.0,591.0,33.0,3.0,144.06860681,ANCASH,HUARI,SAN PEDRO DE CHANA,0.641635687732342,0.7802973977695167,18.671659701322824,11.152416356877323,3531.0
021016,1786.0,953.0,833.0,20.0,1.0,51.65596367,ANCASH,HUARI,UCO,0.5335946248600224,0.5335946248600224,34.57490429197524,5.599104143337066,3153.5
021101,21868.0,3507.0,17551.0,41.0,5.0,2909.50320715,ANCASH,HUARMEY,HUARMEY,0.16037131882202305,0.1974117431863911,7.516059767956321,2.2864459484177795,13.0
021102,879.0,624.0,255.0,33.0,1.0,98.51532558,ANCASH,HUARMEY,COCHAPETI,0.7098976109215017,0.7098976109215017,8.922469624141906,11.376564277588168,3086.0
021103,3145.0,1451.0,1417.0,18.0,3.0,629.59705515,ANCASH,HUARMEY,CULEBRAS,0.4613672496025437,0.5494435612082671,4.995258434381831,9.538950715421304,22.0
021104,1085.0,657.0,428.0,22.0,1.0,112.47235111,ANCASH,HUARMEY,HUAYAN,0.6055299539170507,0.6055299539170507,9.64681532209503,9.216589861751151,1591.5
021105,1045.0,683.0,362.0,38.0,2.0,167.65851772,ANCASH,HUARMEY,MALVAS,0.6535885167464115,0.6535885167464115,6.232907305939649,19.138755980861244,2175.5
021201,23648.0,10318.0,13330.0,52.0,9.0,243.79242247,ANCASH,HUAYLAS,CARAZ,0.4363159675236806,0.4363159675236806,97.0005538334975,3.8058186738836266,2274.0
021202,955.0,555.0,400.0,22.0,3.0,195.04574434,ANCASH,HUAYLAS,HUALLANCA,0.581151832460733,0.581151832460733,4.896287295226818,31.41361256544503,1484.5
021203,1646.0,1418.0,228.0,43.0,2.0,69.44071852,ANCASH,HUAYLAS,HUATA,0.8614823815309842,0.8614823815309842,23.703671780497583,12.15066828675577,2815.5
021204,1894.0,1318.0,576.0,15.0,1.0,54.00253502,ANCASH,HUAYLAS,HUAYLAS,0.6958817317845829,0.6958817317845829,35.072427605455026,5.279831045406547,2820.5
021205,2224.0,1145.0,626.0,35.0,2.0,105.82933505,ANCASH,HUAYLAS,MATO,0.5148381294964028,0.7185251798561151,21.01496715394887,8.992805755395684,2685.0
021206,8618.0,8207.0,411.0,87.0,8.0,500.10078482,ANCASH,HUAYLAS,PAMPAROMAS,0.952309120445579,0.952309120445579,17.23252644584802,9.282896263634255,2752.0
021207,6939.0,6562.0,93.0,51.0,6.0,127.21995992,ANCASH,HUAYLAS,PUEBLO LIBRE,0.9456694048133737,0.9865974924340684,54.54332798378074,8.646779074794638,2877.0
021208,4862.0,4531.0,331.0,57.0,3.0,359.41039666,ANCASH,HUAYLAS,SANTA CRUZ,0.9319210201563143,0.9319210201563143,13.52771106563014,6.170300287947347,3488.5
021209,1403.0,1084.0,319.0,14.0,2.0,84.39101675,ANCASH,HUAYLAS,SANTO TORIBIO,0.7726300784034212,0.7726300784034212,16.624992256655087,14.255167498218105,2883.5
021210,1835.0,1348.0,487.0,28.0,3.0,547.3881237,ANCASH,HUAYLAS,YURACMARCA,0.7346049046321526,0.7346049046321526,3.352283179979412,16.348773841961854,2371.0
021301,3694.0,2346.0,1348.0,54.0,3.0,45.79110927,ANCASH,MARISCAL LUZURIAGA,PISCOBAMBA,0.6350839198700595,0.6350839198700595,80.67068168667669,8.121277747698972,3222.5
021302,4792.0,4580.0,212.0,51.0,1.0,75.98029365,ANCASH,MARISCAL LUZURIAGA,CASCA,0.9557595993322203,0.9557595993322203,63.068984993321365,2.0868113522537564,2983.5
021303,1333.0,1129.0,204.0,8.0,2.0,98.45887937,ANCASH,MARISCAL LUZURIAGA,ELEAZAR GUZMAN BARRON,0.8469617404351087,0.8469617404351087,13.538646880091948,15.003750937734434,2985.5
021304,2320.0,2103.0,217.0,28.0,2.0,213.54549638,ANCASH,MARISCAL LUZURIAGA,FIDEL OLIVAS ESCUDERO,0.9064655172413794,0.9064655172413794,10.864195402517906,8.620689655172413,3154.0
021305,1392.0,1217.0,175.0,20.0,1.0,49.08958464,ANCASH,MARISCAL LUZURIAGA,LLAMA,0.8742816091954023,0.8742816091954023,28.35632059648244,7.183908045977011,2897.0
021306,6066.0,5720.0,346.0,72.0,5.0,139.10556462,ANCASH,MARISCAL LUZURIAGA,LLUMPA,0.9429607649192219,0.9429607649192219,43.607169968870224,8.242664029014177,3134.0
021307,3197.0,3051.0,146.0,40.0,3.0,75.27414884,ANCASH,MARISCAL LUZURIAGA,LUCMA,0.9543321864247732,0.9543321864247732,42.47142012585792,9.383797309978105,3095.0
021308,1109.0,886.0,223.0,28.0,0.0,38.87094021,ANCASH,MARISCAL LUZURIAGA,MUSGA,0.7989179440937781,0.7989179440937781,28.530310664178298,0.0,2929.0
021401,1375.0,535.0,840.0,42.0,1.0,226.22084059,ANCASH,OCROS,OCROS,0.3890909090909091,0.38909090909090904,6.078131424204342,7.2727272727272725,3296.5
021402,812.0,363.0,449.0,14.0,0.0,254.85886256,ANCASH,OCROS,ACAS,0.44704433497536944,0.44704433497536944,3.1860771559742616,0.0,2251.0
021403,429.0,8.0,421.0,2.0,1.0,78.61859982,ANCASH,OCROS,CAJAMARQUILLA,0.018648018648018648,0.018648018648018683,5.456723993841283,23.31002331002331,4019.0
021404,752.0,155.0,418.0,14.0,1.0,106.56857712,ANCASH,OCROS,CARHUAPAMPA,0.20611702127659576,0.4441489361702128,7.056489073258633,13.297872340425531,2241.0
021405,1328.0,1090.0,64.0,29.0,1.0,411.0999663,ANCASH,OCROS,COCHAS,0.8207831325301205,0.9518072289156626,3.23035784204101,7.530120481927711,1332.0
021406,1215.0,376.0,607.0,52.0,1.0,108.99120406,ANCASH,OCROS,CONGAS,0.3094650205761317,0.5004115226337449,11.147688572475433,8.23045267489712,3135.0
021407,843.0,216.0,627.0,6.0,1.0,31.47503878,ANCASH,OCROS,LLIPA,0.25622775800711745,0.2562277580071174,26.78312823988203,11.862396204033216,3004.5
021408,572.0,123.0,449.0,7.0,1.0,70.60898866,ANCASH,OCROS,SAN CRISTOBAL DE RAJAN,0.21503496503496503,0.215034965034965,8.100951604820791,17.482517482517483,3077.5
021409,1472.0,981.0,491.0,35.0,1.0,534.30614077,ANCASH,OCROS,SAN PEDRO,0.6664402173913043,0.6664402173913043,2.7549748873907185,6.793478260869565,1397.0
021410,423.0,73.0,350.0,12.0,1.0,88.70670421,ANCASH,OCROS,SANTIAGO DE CHILCAS,0.17257683215130024,0.17257683215130026,4.768523459045554,23.64066193853428,3619.0
021501,2810.0,936.0,1874.0,54.0,2.0,144.67401947,ANCASH,PALLASCA,CABANA,0.3330960854092527,0.3330960854092526,19.422975944776937,7.117437722419929,3235.0
021502,1465.0,995.0,470.0,22.0,2.0,81.82336828,ANCASH,PALLASCA,BOLOGNESI,0.6791808873720137,0.6791808873720137,17.904420592742678,13.651877133105803,3127.0
021503,8054.0,3618.0,3103.0,94.0,6.0,579.47467844,ANCASH,PALLASCA,CONCHUCOS,0.4492177799851006,0.6147256021852496,13.898795408424265,7.449714427613609,3261.0
021504,689.0,447.0,242.0,11.0,1.0,13.56036169,ANCASH,PALLASCA,HUACASCHUQUE,0.648766328011611,0.648766328011611,50.80985417284987,14.513788098693759,3200.5
021505,1144.0,435.0,709.0,38.0,1.0,115.51515983,ANCASH,PALLASCA,HUANDOVAL,0.38024475524475526,0.3802447552447552,9.903462036355995,8.741258741258742,3177.0
021506,656.0,278.0,378.0,23.0,1.0,63.52458103,ANCASH,PALLASCA,LACABAMBA,0.42378048780487804,0.4237804878048781,10.326711162253847,15.24390243902439,3149.5
021507,688.0,9.0,679.0,5.0,1.0,29.22751672,ANCASH,PALLASCA,LLAPO,0.01308139534883721,0.013081395348837233,23.5394613436047,14.534883720930232,3237.0
021508,2688.0,1611.0,1077.0,59.0,2.0,110.34857308,ANCASH,PALLASCA,PALLASCA,0.5993303571428571,0.5993303571428572,24.359173163492258,7.44047619047619,2832.0
021509,7079.0,3549.0,2505.0,67.0,5.0,439.9244601,ANCASH,PALLASCA,PAMPAS,0.5013419974572679,0.6461364599519706,16.091398960609876,7.063144511936714,3154.0
021510,1166.0,786.0,380.0,26.0,1.0,290.03803036,ANCASH,PALLASCA,SANTA ROSA,0.6740994854202401,0.6740994854202401,4.020162454395176,8.576329331046312,2499.5
021511,3326.0,1872.0,1454.0,60.0,2.0,198.78247274,ANCASH,PALLASCA,TAUCA,0.5628382441371016,0.5628382441371016,16.731857462857317,6.013229104028864,2250.5
021601,14865.0,10370.0,4495.0,183.0,7.0,344.0686173,ANCASH,POMABAMBA,POMABAMBA,0.6976118398923646,0.6976118398923646,43.20359152964806,4.7090480995627315,3046.0
021602,3702.0,3234.0,468.0,36.0,3.0,88.76468828,ANCASH,POMABAMBA,HUAYLLAN,0.873581847649919,0.873581847649919,41.705773677956074,8.103727714748784,2876.0
021603,6854.0,5941.0,543.0,81.0,6.0,338.82592633,ANCASH,POMABAMBA,PAROBAMBA,0.8667931135103589,0.9207761890866647,20.228676341976666,8.754012255617159,3218.0
021604,2536.0,2270.0,266.0,44.0,2.0,149.64467505,ANCASH,POMABAMBA,QUINUABAMBA,0.8951104100946372,0.8951104100946372,16.946810831408868,7.886435331230284,3144.5
021701,5069.0,2049.0,2430.0,69.0,2.0,149.33884128,ANCASH,RECUAY,RECUAY,0.40422173998816335,0.5206155060169659,33.94294449155378,3.945551390806865,3431.0
021702,4102.0,1697.0,2405.0,130.0,1.0,1024.53618463,ANCASH,RECUAY,CATAC,0.4137006338371526,0.4137006338371526,4.003762933450117,2.4378352023403216,3567.5
021703,603.0,208.0,395.0,44.0,1.0,175.03297408,ANCASH,RECUAY,COTAPARACO,0.3449419568822554,0.3449419568822554,3.4450651551198277,16.58374792703151,3441.0
021704,1151.0,472.0,679.0,45.0,1.0,110.98842315,ANCASH,RECUAY,HUAYLLAPAMPA,0.4100781928757602,0.4100781928757602,10.370450965362688,8.688097306689835,3124.0
021705,1418.0,695.0,723.0,8.0,2.0,95.91390907,ANCASH,RECUAY,LLACLLIN,0.4901269393511989,0.4901269393511989,14.784091418535695,14.104372355430183,2821.0
021706,1054.0,419.0,635.0,36.0,1.0,182.54322768,ANCASH,RECUAY,MARCA,0.39753320683111953,0.3975332068311196,5.773974818981901,9.487666034155598,2410.5
021707,1591.0,767.0,248.0,30.0,2.0,104.72570346,ANCASH,RECUAY,PAMPAS CHICO,0.4820867379006914,0.8441231929604023,15.192067920629272,12.57071024512885,3211.0
021708,1266.0,900.0,366.0,30.0,1.0,258.97443959,ANCASH,RECUAY,PARARIN,0.7109004739336493,0.7109004739336493,4.88851332974903,7.898894154818326,2293.5
021709,525.0,213.0,312.0,24.0,1.0,78.22442063,ANCASH,RECUAY,TAPACOCHA,0.4057142857142857,0.4057142857142857,6.711459104097938,19.047619047619047,3529.0
021710,2517.0,1016.0,1501.0,34.0,2.0,146.11112483,ANCASH,RECUAY,TICAPAMPA,0.4036551450139054,0.4036551450139054,17.226614352114012,7.945967421533572,3525.5
021801,215843.0,8361.0,193154.0,77.0,30.0,1445.62988427,ANCASH,SANTA,CHIMBOTE,0.038736489022113296,0.10511807193191347,149.3072344094452,1.3898991396524325,89.0
021802,5145.0,3973.0,1095.0,112.0,3.0,528.16684112,ANCASH,SANTA,CACERES DEL PERU,0.7722060252672498,0.7871720116618076,9.741240076885196,5.830903790087463,2232.0
021803,14832.0,0.0,14832.0,1.0,2.0,8.0823031,ANCASH,SANTA,COISHCO,0.0,0.0,1835.1204868820125,1.3484358144552318,42.0
021804,3903.0,3582.0,321.0,103.0,4.0,586.9014641,ANCASH,SANTA,MACATE,0.9177555726364335,0.9177555726364335,6.650179355039029,10.248526774276197,2461.0
021805,7661.0,4349.0,2978.0,65.0,3.0,356.92407762,ANCASH,SANTA,MORO,0.5676804594700431,0.6112779010573033,21.463948442716998,3.9159378671191747,482.0
021806,13881.0,1327.0,1829.0,33.0,4.0,456.87623928,ANCASH,SANTA,NEPENA,0.09559829983430589,0.868237158706145,30.382407327365794,2.8816367696851812,119.5
021807,4218.0,1423.0,1963.0,10.0,3.0,149.22532205,ANCASH,SANTA,SAMANCO,0.33736367946894263,0.5346135609293504,28.26598021069575,7.112375533428166,37.0
021808,18053.0,2299.0,15754.0,22.0,7.0,40.77161768,ANCASH,SANTA,SANTA,0.12734725530382762,0.12734725530382762,442.7835103745631,3.8774718883288095,19.0
021809,113496.0,1242.0,112254.0,18.0,23.0,400.04293692,ANCASH,SANTA,NUEVO CHIMBOTE,0.01094311693804187,0.010943116938041841,283.7095459648042,2.02650313667442,60.0
021901,5562.0,1533.0,4029.0,26.0,2.0,46.01638021,ANCASH,SIHUAS,SIHUAS,0.2756202804746494,0.27562028047464937,120.87000269506856,3.595828838547285,2985.0
021902,2007.0,1744.0,263.0,14.0,1.0,150.35107088,ANCASH,SIHUAS,ACOBAMBA,0.8689586447433981,0.8689586447433981,13.348757599484282,4.9825610363726955,3215.5
021903,874.0,616.0,258.0,7.0,1.0,89.11430048,ANCASH,SIHUAS,ALFONSO UGARTE,0.7048054919908466,0.7048054919908466,9.807629025783045,11.441647597254004,3185.0
021904,3072.0,2913.0,159.0,49.0,2.0,69.586352,ANCASH,SIHUAS,CASHAPAMPA,0.9482421875,0.9482421875,44.146587825152835,6.510416666666666,3408.5
021905,1155.0,613.0,542.0,11.0,2.0,173.44608874,ANCASH,SIHUAS,CHINGALPO,0.5307359307359307,0.5307359307359307,6.6591296949415435,17.316017316017316,3295.0
021906,4301.0,3140.0,412.0,35.0,3.0,276.60729745,ANCASH,SIHUAS,HUAYLLABAMBA,0.7300627760985817,0.9042083236456638,15.549119779739204,6.975122064636131,3393.0
021907,2779.0,2152.0,627.0,19.0,2.0,148.27579871,ANCASH,SIHUAS,QUICHES,0.7743792731198272,0.7743792731198272,18.742101031842758,7.196833393306944,3056.0
021908,2777.0,2374.0,403.0,50.0,2.0,208.77345272,ANCASH,SIHUAS,RAGASH,0.8548793662225423,0.8548793662225423,13.301499610318846,7.202016564638099,3333.5
021909,6380.0,6148.0,232.0,94.0,4.0,211.31262521,ANCASH,SIHUAS,SAN JUAN,0.9636363636363636,0.9636363636363636,30.19223292342155,6.269592476489029,2789.5
021910,1897.0,1594.0,303.0,24.0,2.0,82.45201163,ANCASH,SIHUAS,SICSIBAMBA,0.8402741170268846,0.8402741170268846,23.007322228991928,10.542962572482868,3033.0
022001,19973.0,11524.0,6074.0,91.0,7.0,273.22228859,ANCASH,YUNGAY,YUNGAY,0.5769789215440845,0.695889450758524,73.10164958749641,3.5047313873729533,2688.0
022002,2069.0,1911.0,158.0,22.0,1.0,136.92882678,ANCASH,YUNGAY,CASCAPARA,0.9236346060898984,0.9236346060898986,15.11003963631565,4.833252779120348,3280.5
022003,7478.0,5296.0,1371.0,48.0,5.0,62.91471167,ANCASH,YUNGAY,MANCOS,0.7082107515378443,0.8166622091468307,118.85932243039714,6.6862797539449055,2512.0
022004,1482.0,1264.0,218.0,33.0,1.0,47.0197517,ANCASH,YUNGAY,MATACOTO,0.8529014844804319,0.8529014844804319,31.518669206413524,6.747638326585695,2492.5
022005,12003.0,11407.0,596.0,81.0,4.0,370.7461437,ANCASH,YUNGAY,QUILLO,0.9503457468966092,0.9503457468966092,32.37525245768322,3.332500208281263,2091.0
022006,2953.0,2017.0,936.0,17.0,2.0,21.68536508,ANCASH,YUNGAY,RANRAHIRCA,0.6830342025059262,0.6830342025059262,136.17478834716488,6.7727734507280735,2544.0
022007,2299.0,2126.0,173.0,26.0,4.0,166.51488077,ANCASH,YUNGAY,SHUPLUY,0.9247498912570683,0.9247498912570683,13.806573859158643,17.398869073510223,2764.0
022008,6979.0,6423.0,556.0,49.0,6.0,283.82329472,ANCASH,YUNGAY,YANAMA,0.9203324258489755,0.9203324258489755,24.58924313060698,8.597220232124945,3083.0
030101,51384.0,5520.0,45864.0,51.0,77.0,286.55085077,APURIMAC,ABANCAY,ABANCAY,0.10742643624474545,0.10742643624474546,179.3189580904206,14.985209403705433,2595.5
030102,1213.0,337.0,216.0,10.0,3.0,176.84843764,APURIMAC,ABANCAY,CHACOCHE,0.27782357790601814,0.8219291014014839,6.858980583527875,24.7320692497939,3481.0
030103,2503.0,2162.0,243.0,76.0,4.0,634.25267867,APURIMAC,ABANCAY,CIRCA,0.8637634838194167,0.9029165001997603,3.9463767110115815,15.980823012385137,3111.0
030104,17044.0,12657.0,4387.0,147.0,16.0,859.71349285,APURIMAC,ABANCAY,CURAHUASI,0.7426073691621685,0.7426073691621685,19.825209377019494,9.387467730579676,3054.0
030105,4515.0,3605.0,910.0,73.0,6.0,427.08896969,APURIMAC,ABANCAY,HUANIPACA,0.7984496124031008,0.7984496124031008,10.571567800679063,13.289036544850498,3080.5
030106,5089.0,3551.0,650.0,69.0,7.0,525.59395749,APURIMAC,ABANCAY,LAMBRAMA,0.6977795244645313,0.8722735311456082,9.682379196866668,13.75515818431912,2915.0
030107,4132.0,3641.0,128.0,90.0,9.0,373.76910578,APURIMAC,ABANCAY,PICHIRHUA,0.8811713455953534,0.9690222652468539,11.054953274902527,21.781219748305908,2743.0
030108,3676.0,2871.0,805.0,55.0,1.0,117.93415457,APURIMAC,ABANCAY,SAN PEDRO DE CACHORA,0.7810119695321001,0.7810119695321001,31.169935574669374,2.7203482045701852,3399.5
030109,7614.0,2016.0,5598.0,35.0,3.0,54.56789455,APURIMAC,ABANCAY,TAMBURCO,0.2647754137115839,0.264775413711584,139.5325962782634,3.940110323089047,2738.0
030201,37260.0,10103.0,26684.0,48.0,82.0,197.16376407,APURIMAC,ANDAHUAYLAS,ANDAHUAYLAS,0.2711486849168009,0.2838432635534085,188.97995874521547,22.00751476113795,3571.5
030202,6441.0,5865.0,427.0,34.0,7.0,186.14621843,APURIMAC,ANDAHUAYLAS,ANDARAPA,0.9105728924080112,0.9337059462816333,34.60183104617904,10.86787765874864,3160.0
030203,1342.0,535.0,566.0,17.0,3.0,146.73017306,APURIMAC,ANDAHUAYLAS,CHIARA,0.3986587183308495,0.5782414307004471,9.146039781819365,22.35469448584203,3279.0
030204,7078.0,3873.0,2260.0,37.0,10.0,156.29755151,APURIMAC,ANDAHUAYLAS,HUANCARAMA,0.5471884713195818,0.6807007629273807,45.28541830386349,14.128284826222096,3300.0
030205,4387.0,3978.0,409.0,62.0,4.0,111.13974298,APURIMAC,ANDAHUAYLAS,HUANCARAY,0.906770002279462,0.906770002279462,39.47282837238032,9.117848187827672,3151.5
030206,1072.0,533.0,539.0,22.0,2.0,95.31937241,APURIMAC,ANDAHUAYLAS,HUAYANA,0.49720149253731344,0.4972014925373134,11.246402204464536,18.65671641791045,3531.0
030207,8033.0,6668.0,857.0,50.0,8.0,309.04608928,APURIMAC,ANDAHUAYLAS,KISHUARA,0.8300759367608614,0.8933150753143284,25.99288675263576,9.95891945723889,3206.5
030208,4961.0,4588.0,373.0,40.0,9.0,259.38937066,APURIMAC,ANDAHUAYLAS,PACOBAMBA,0.9248135456561177,0.9248135456561177,19.125687330120915,18.141503729086878,3012.5
030209,9888.0,8746.0,1142.0,48.0,7.0,170.15943213,APURIMAC,ANDAHUAYLAS,PACUCHA,0.8845064724919094,0.8845064724919094,58.110208033873036,7.079288025889968,3138.0
030210,2628.0,1938.0,690.0,96.0,3.0,590.65812627,APURIMAC,ANDAHUAYLAS,PAMPACHIRI,0.7374429223744292,0.7374429223744292,4.449274263939773,11.415525114155251,3561.0
030211,972.0,281.0,691.0,22.0,1.0,122.85991599,APURIMAC,ANDAHUAYLAS,POMACOCHA,0.2890946502057613,0.2890946502057613,7.911449329650481,10.2880658436214,3676.5
030212,3196.0,1866.0,188.0,44.0,4.0,178.56086373,APURIMAC,ANDAHUAYLAS,SAN ANTONIO DE CACHI,0.5838548185231539,0.9411764705882353,17.89865894036354,12.51564455569462,3389.0
030213,21358.0,12113.0,8566.0,32.0,15.0,248.70783419,APURIMAC,ANDAHUAYLAS,SAN JERONIMO,0.5671411180822175,0.5989324843150108,85.87586341845423,7.0231295065081,3485.0
030214,1850.0,1157.0,693.0,22.0,4.0,84.9287985,APURIMAC,ANDAHUAYLAS,SAN MIGUEL DE CHACCRAMPA,0.6254054054054055,0.6254054054054055,21.782952693013783,21.62162162162162,3579.5
030215,9796.0,5212.0,618.0,48.0,8.0,156.09110101,APURIMAC,ANDAHUAYLAS,SANTA MARIA DE CHICMO,0.532053899550837,0.9369130257247856,62.75822219597528,8.166598611678236,3278.0
030216,17771.0,9193.0,8578.0,74.0,19.0,158.02338007,APURIMAC,ANDAHUAYLAS,TALAVERA,0.5173034719486804,0.5173034719486804,112.45804255122208,10.6915761634123,2826.0
030217,2144.0,1414.0,730.0,42.0,3.0,453.4218881,APURIMAC,ANDAHUAYLAS,TUMAY HUARACA,0.6595149253731343,0.6595149253731343,4.728488095235384,13.992537313432836,3668.0
030218,4127.0,2865.0,739.0,36.0,8.0,123.76049055,APURIMAC,ANDAHUAYLAS,TURPO,0.6942088684274291,0.8209353040949843,33.346668081706305,19.384540828689122,3313.0
030219,2410.0,1082.0,713.0,9.0,3.0,112.08969294,APURIMAC,ANDAHUAYLAS,KAQUIABAMBA,0.44896265560165977,0.7041493775933609,21.50063879013424,12.448132780082986,3300.0
030301,3167.0,1154.0,2013.0,104.0,6.0,602.52188276,APURIMAC,ANTABAMBA,ANTABAMBA,0.364382696558257,0.36438269655825706,5.256240628959027,18.945374171139882,3836.5
030302,516.0,174.0,342.0,10.0,1.0,66.60370296,APURIMAC,ANTABAMBA,EL ORO,0.3372093023255814,0.33720930232558144,7.747316996922718,19.37984496124031,3016.5
030303,1463.0,321.0,962.0,50.0,6.0,350.74415142,APURIMAC,ANTABAMBA,HUAQUIRCA,0.21941216678058784,0.342447026657553,4.171131561501435,41.01161995898838,3480.0
030304,1974.0,291.0,560.0,72.0,6.0,632.35909471,APURIMAC,ANTABAMBA,JUAN ESPINOZA MEDRANO,0.1474164133738602,0.7163120567375887,3.121644041357983,30.3951367781155,3526.0
030305,2506.0,1074.0,1432.0,89.0,5.0,1170.60383935,APURIMAC,ANTABAMBA,OROPESA,0.42857142857142855,0.4285714285714286,2.140775483353535,19.952114924181963,4006.5
030306,1174.0,247.0,723.0,23.0,3.0,229.23165704,APURIMAC,ANTABAMBA,PACHACONAS,0.21039182282793867,0.3841567291311755,5.121456674699785,25.55366269165247,3880.0
030307,1455.0,378.0,737.0,50.0,3.0,176.5311823,APURIMAC,ANTABAMBA,SABAINO,0.2597938144329897,0.4934707903780069,8.242169916062473,20.61855670103093,3442.0
030401,4560.0,919.0,3641.0,40.0,4.0,339.02822143,APURIMAC,AYMARAES,CHALHUANCA,0.20153508771929823,0.2015350877192983,13.45020771653228,8.771929824561404,3052.5
030402,729.0,453.0,276.0,15.0,4.0,83.28851008,APURIMAC,AYMARAES,CAPAYA,0.6213991769547325,0.6213991769547325,8.752707898121642,54.869684499314126,3124.5
030403,1295.0,96.0,630.0,21.0,2.0,230.27092064,APURIMAC,AYMARAES,CARAYBAMBA,0.07413127413127413,0.5135135135135135,5.623810407326992,15.444015444015443,3319.0
030404,2221.0,1060.0,343.0,51.0,5.0,204.05214297,APURIMAC,AYMARAES,CHAPIMARCA,0.47726249437190454,0.8455650607834309,10.88447280030053,22.512381809995496,3332.0
030405,819.0,287.0,532.0,16.0,1.0,91.79052137,APURIMAC,AYMARAES,COLCABAMBA,0.3504273504273504,0.3504273504273504,8.922489901747902,12.21001221001221,3088.0
030406,4045.0,3243.0,539.0,97.0,10.0,1735.30447807,APURIMAC,AYMARAES,COTARUSE,0.8017305315203955,0.8667490729295426,2.331003032101223,24.72187886279357,3462.0
030407,660.0,482.0,178.0,21.0,2.0,72.7823738,APURIMAC,AYMARAES,IHUAYLLO,0.7303030303030303,0.7303030303030302,9.068129624538297,30.303030303030305,3130.0
030408,1037.0,656.0,381.0,52.0,2.0,100.99457801,APURIMAC,AYMARAES,JUSTO APU SAHUARAURA,0.6325940212150434,0.6325940212150434,10.267877943876563,19.286403085824496,2818.5
030409,2070.0,1588.0,119.0,55.0,5.0,103.76587809,APURIMAC,AYMARAES,LUCRE,0.7671497584541063,0.942512077294686,19.948754235034876,24.154589371980673,3158.0
030410,1158.0,552.0,332.0,20.0,5.0,87.57297848,APURIMAC,AYMARAES,POCOHUANCA,0.47668393782383417,0.7132987910189983,13.223256992046526,43.17789291882556,3363.0
030411,908.0,315.0,593.0,25.0,1.0,96.20933296,APURIMAC,AYMARAES,SAN JUAN DE CHACNA,0.34691629955947134,0.34691629955947134,9.437753823503902,11.013215859030838,2901.0
030412,1299.0,749.0,550.0,27.0,3.0,365.24400368,APURIMAC,AYMARAES,SANAYCA,0.5765973826020016,0.5765973826020016,3.556526560085812,23.094688221709006,3403.0
030413,771.0,624.0,147.0,22.0,2.0,44.38535674,APURIMAC,AYMARAES,SORAYA,0.8093385214007782,0.8093385214007782,17.37059374145294,25.940337224383917,2835.5
030414,2131.0,1853.0,278.0,39.0,4.0,158.18730634,APURIMAC,AYMARAES,TAPAIRIHUA,0.8695448146410136,0.8695448146410136,13.471371687812509,18.770530267480055,2624.0
030415,3091.0,2351.0,740.0,61.0,4.0,142.40106018,APURIMAC,AYMARAES,TINTAY,0.7605952766095115,0.7605952766095114,21.706299068931553,12.940795858945327,2968.0
030416,1690.0,1140.0,550.0,17.0,4.0,168.61606218,APURIMAC,AYMARAES,TORAYA,0.6745562130177515,0.6745562130177515,10.02276994344644,23.668639053254438,3056.0
030417,1182.0,534.0,648.0,32.0,3.0,104.36643179,APURIMAC,AYMARAES,YANACA,0.4517766497461929,0.4517766497461929,11.325480614095833,25.380710659898476,3089.0
030501,10315.0,7161.0,3154.0,118.0,15.0,714.09780561,APURIMAC,COTABAMBAS,TAMBOBAMBA,0.6942317014057199,0.6942317014057198,14.444800024540996,14.54192922927775,3405.0
030502,4229.0,2832.0,1397.0,64.0,4.0,326.95810178,APURIMAC,COTABAMBAS,COTABAMBAS,0.6696618585954126,0.6696618585954126,12.934378983046468,9.458500827618822,3328.0
030503,7547.0,6522.0,1025.0,79.0,9.0,418.98143231,APURIMAC,COTABAMBAS,COYLLURQUI,0.8641844441499934,0.8641844441499934,18.01273139573415,11.925268318537167,3167.0
030504,11402.0,7538.0,2738.0,139.0,14.0,484.06427672,APURIMAC,COTABAMBAS,HAQUIRA,0.6611120855990177,0.7598666900543765,23.554723098468433,12.278547623223997,3763.0
030505,6141.0,5043.0,1098.0,56.0,7.0,221.92264833,APURIMAC,COTABAMBAS,MARA,0.8212017586712261,0.8212017586712261,27.671803874962347,11.398794984530207,3927.5
030506,7417.0,5750.0,1667.0,98.0,26.0,453.50088922,APURIMAC,COTABAMBAS,CHALLHUAHUACHO,0.7752460563570177,0.7752460563570176,16.35498446928492,35.05460428744775,4049.0
030601,5706.0,3583.0,1764.0,30.0,10.0,135.47115092,APURIMAC,CHINCHEROS,CHINCHEROS,0.6279355064844023,0.6908517350157728,42.119668735741186,17.525411847178407,2786.0
030602,11122.0,3544.0,5587.0,34.0,10.0,91.01171208,APURIMAC,CHINCHEROS,ANCO-HUALLO,0.3186477252292753,0.49766229095486425,122.20405204797902,8.991188635137565,3411.0
030603,2254.0,1725.0,529.0,26.0,4.0,108.19320217,APURIMAC,CHINCHEROS,COCHARCAS,0.7653061224489796,0.7653061224489796,20.8331018473635,17.74622892635315,2848.5
030604,9194.0,6651.0,887.0,93.0,8.0,335.41261094,APURIMAC,CHINCHEROS,HUACCANA,0.723406569501849,0.9035240374157059,27.41101467304299,8.701326952360235,3138.5
030605,8020.0,7248.0,772.0,40.0,6.0,216.91208278,APURIMAC,CHINCHEROS,OCOBAMBA,0.9037406483790523,0.9037406483790523,36.97350510498842,7.4812967581047385,3015.0
030606,8054.0,7093.0,230.0,59.0,5.0,114.84844236,APURIMAC,CHINCHEROS,ONGOY,0.8806804072510553,0.9714427613608145,70.12720272473706,6.208095356344674,3172.5
030607,3040.0,2038.0,689.0,27.0,4.0,146.86386638,APURIMAC,CHINCHEROS,URANMARCA,0.6703947368421053,0.7733552631578947,20.699441427847287,13.157894736842104,3228.0
030608,4642.0,3558.0,1084.0,22.0,8.0,100.00588287,APURIMAC,CHINCHEROS,RANRACANCHA,0.7664799655320982,0.7664799655320982,46.417269332387626,17.23395088323998,3350.0
030701,5495.0,2883.0,2612.0,86.0,8.0,425.40846799,APURIMAC,GRAU,CHUQUIBAMBILLA,0.5246587807097361,0.5246587807097361,12.916997223781568,14.558689717925388,3444.0
030702,2346.0,1922.0,424.0,29.0,4.0,310.15330216,APURIMAC,GRAU,CURPAHUASI,0.8192668371696504,0.8192668371696504,7.564001362106278,17.050298380221655,3541.5
030703,3965.0,3542.0,423.0,53.0,10.0,349.62005071,APURIMAC,GRAU,GAMARRA,0.8933165195460278,0.8933165195460278,11.340882743847137,25.220680958385877,3466.5
030704,1830.0,1315.0,515.0,16.0,5.0,124.13466167,APURIMAC,GRAU,HUAYLLATI,0.7185792349726776,0.7185792349726776,14.74205492149226,27.3224043715847,3544.0
030705,938.0,275.0,663.0,14.0,1.0,62.66796076,APURIMAC,GRAU,MAMARA,0.2931769722814499,0.2931769722814499,14.967776015438993,10.660980810234541,3596.0
030706,1255.0,718.0,537.0,18.0,1.0,104.77740948,APURIMAC,GRAU,MICAELA BASTIDAS,0.5721115537848606,0.5721115537848606,11.97777274918746,7.968127490039841,3519.5
030707,1049.0,535.0,243.0,17.0,2.0,146.41187643,APURIMAC,GRAU,PATAYPAMPA,0.5100095328884652,0.7683508102955195,7.164719321806727,19.065776930409914,3790.0
030708,2723.0,2015.0,708.0,37.0,5.0,240.4194588,APURIMAC,GRAU,PROGRESO,0.7399926551597503,0.7399926551597502,11.326038306513317,18.36210062431142,3902.0
030709,361.0,47.0,314.0,10.0,1.0,25.35326471,APURIMAC,GRAU,SAN ANTONIO,0.13019390581717452,0.1301939058171745,14.238797414425765,27.700831024930746,3714.0
030710,873.0,542.0,331.0,9.0,2.0,31.0422037,APURIMAC,GRAU,SANTA ROSA,0.6208476517754868,0.6208476517754868,28.123003393602495,22.90950744558992,3560.5
030711,849.0,246.0,603.0,17.0,1.0,50.96994882,APURIMAC,GRAU,TURPAY,0.28975265017667845,0.2897526501766784,16.65687370019219,11.77856301531213,3687.0
030712,1213.0,222.0,991.0,17.0,1.0,6.57869455,APURIMAC,GRAU,VILCABAMBA,0.18301731244847486,0.18301731244847486,184.38308554696465,8.244023083264633,2934.5
030713,998.0,100.0,898.0,17.0,1.0,114.24710744,APURIMAC,GRAU,VIRUNDO,0.10020040080160321,0.1002004008016032,8.73545092180235,10.020040080160319,3988.5
030714,1469.0,1022.0,447.0,20.0,2.0,136.40320708,APURIMAC,GRAU,CURASCO,0.6957113682777399,0.6957113682777399,10.769541504536889,13.614703880190605,3535.5
040101,61519.0,0.0,61519.0,1.0,182.0,11.41366616,AREQUIPA,AREQUIPA,AREQUIPA,0.0,0.0,5389.942121804621,29.584356052601635,2347.0
040102,72696.0,0.0,72696.0,1.0,13.0,67.6240822,AREQUIPA,AREQUIPA,ALTO SELVA ALEGRE,0.0,0.0,1075.0016508172291,1.78826895565093,2459.0
040103,75359.0,593.0,74766.0,4.0,44.0,232.83137307,AREQUIPA,AREQUIPA,CAYMA,0.00786900038482464,0.007869000384824631,323.66342648051796,5.838718666648973,2583.0
040104,113171.0,562.0,65262.0,9.0,42.0,174.94036838,AREQUIPA,AREQUIPA,CERRO COLORADO,0.004965936503167773,0.42333283261612953,646.9118651572375,3.711198098452784,2409.0
040105,7307.0,1350.0,5957.0,13.0,2.0,86.11110591,AREQUIPA,AREQUIPA,CHARACATO,0.18475434514848776,0.18475434514848776,84.85548899623927,2.7371014096072264,2470.5
040106,2689.0,820.0,464.0,28.0,2.0,230.41101781,AREQUIPA,AREQUIPA,CHIGUATA,0.3049460766084046,0.8274451468947565,11.670448859426442,7.437709185570844,2896.0
040107,46092.0,0.0,46092.0,1.0,14.0,20.58300499,AREQUIPA,AREQUIPA,JACOBO HUNTER,0.0,0.0,2239.323170858348,3.037403453961642,2303.0
040108,25094.0,8310.0,6165.0,59.0,13.0,695.53540847,AREQUIPA,AREQUIPA,LA JOYA,0.3311548577349167,0.7543237427273451,36.07868081827837,5.180521240137084,1546.0
040109,52144.0,0.0,52144.0,1.0,19.0,28.95618475,AREQUIPA,AREQUIPA,MARIANO MELGAR,0.0,0.0,1800.789725932385,3.6437557532985574,2410.0
040110,50704.0,0.0,50704.0,1.0,19.0,26.12814223,AREQUIPA,AREQUIPA,MIRAFLORES,0.0,0.0,1940.5895587089353,3.7472388766172293,2416.0
040111,1410.0,984.0,426.0,12.0,2.0,31.24475165,AREQUIPA,AREQUIPA,MOLLEBAYA,0.6978723404255319,0.6978723404255319,45.12757905054431,14.184397163120568,2446.5
040112,120446.0,0.0,120446.0,1.0,96.0,28.41175346,AREQUIPA,AREQUIPA,PAUCARPATA,0.0,0.0,4239.301885030506,7.970376766351726,2411.0
040113,613.0,272.0,203.0,13.0,2.0,169.66995243,AREQUIPA,AREQUIPA,POCSI,0.4437194127243067,0.6688417618270799,3.612896633850963,32.62642740619902,3173.0
040114,1445.0,914.0,136.0,30.0,1.0,397.95590801,AREQUIPA,AREQUIPA,POLOBAYA,0.6325259515570935,0.9058823529411765,3.631055528804185,6.920415224913494,3105.0
040115,1262.0,338.0,924.0,12.0,1.0,34.86594692,AREQUIPA,AREQUIPA,QUEQUENA,0.26782884310618066,0.2678288431061807,36.19577586392999,7.9239302694136295,2517.0
040116,3752.0,216.0,3044.0,13.0,1.0,35.80592582,AREQUIPA,AREQUIPA,SABANDIA,0.057569296375266525,0.18869936034115142,104.78712431181594,2.6652452025586353,2547.0
040117,17537.0,0.0,17096.0,3.0,6.0,14.27675557,AREQUIPA,AREQUIPA,SACHACA,0.0,0.025146832411472864,1228.360317161331,3.421337743057536,2228.0
040118,1298.0,868.0,430.0,20.0,1.0,36.10443075,AREQUIPA,AREQUIPA,SAN JUAN DE SIGUAS,0.6687211093990755,0.6687211093990755,35.95126617527407,7.704160246533128,1355.0
040119,2103.0,1448.0,296.0,141.0,2.0,2444.77494863,AREQUIPA,AREQUIPA,SAN JUAN DE TARUCANI,0.6885401806942463,0.8592486923442701,0.8602018771414836,9.510223490252022,4255.0
040120,1268.0,1189.0,79.0,37.0,3.0,183.02833871,AREQUIPA,AREQUIPA,SANTA ISABEL DE SIGUAS,0.9376971608832808,0.9376971608832807,6.927888921119957,23.659305993690854,1364.5
040121,4459.0,445.0,4014.0,17.0,2.0,424.78257898,AREQUIPA,AREQUIPA,SANTA RITA DE SIGUAS,0.09979816102265082,0.09979816102265082,10.49713481825709,4.485310607759588,1266.0
040122,60641.0,678.0,50901.0,13.0,17.0,25.52740773,AREQUIPA,AREQUIPA,SOCABAYA,0.011180554410382414,0.16061740406655567,2375.5251861603733,2.8033838492109298,2312.0
040123,15131.0,1095.0,9695.0,13.0,3.0,37.15358861,AREQUIPA,AREQUIPA,TIABAYA,0.07236798625338708,0.35926244134558194,407.2554110137142,1.9826845548873175,2197.0
040124,12216.0,2865.0,1158.0,36.0,5.0,270.49376601,AREQUIPA,AREQUIPA,UCHUMAYO,0.23452848722986247,0.9052062868369352,45.16185411662456,4.092992796332679,2104.0
040125,3003.0,1576.0,1427.0,45.0,3.0,1531.74782755,AREQUIPA,AREQUIPA,VITOR,0.5248085248085248,0.5248085248085248,1.9605054735434084,9.99000999000999,1181.5
040126,22920.0,30.0,22890.0,2.0,99.0,3.66723445,AREQUIPA,AREQUIPA,YANAHUARA,0.0013089005235602095,0.0013089005235602524,6249.941287500721,43.19371727748691,3179.0
040127,1031.0,371.0,323.0,13.0,2.0,485.60592821,AREQUIPA,AREQUIPA,YARABAMBA,0.35984481086323955,0.6867119301648885,2.1231207036544757,19.398642095053347,2492.0
040128,16020.0,1239.0,239.0,57.0,8.0,1918.4655292,AREQUIPA,AREQUIPA,YURA,0.07734082397003746,0.9850811485642946,8.350423688186016,4.9937578027465666,2682.0
040129,76410.0,0.0,76410.0,1.0,39.0,11.16119158,AREQUIPA,AREQUIPA,JOSE LUIS BUSTAMANTE Y RIVERO,0.0,0.0,6846.043225072927,5.104043973301924,2366.0
040201,15215.0,573.0,14642.0,4.0,10.0,11.13034192,AREQUIPA,CAMANA,CAMANA,0.03766020374630299,0.03766020374630297,1366.9840611688953,6.572461386789353,9.5
040202,3919.0,310.0,744.0,12.0,3.0,16.04670906,AREQUIPA,CAMANA,JOSE MARIA QUIMPER,0.07910181168665475,0.8101556519520285,244.22453135696097,7.655014034192396,35.0
040203,4397.0,3769.0,223.0,20.0,3.0,555.01018498,AREQUIPA,CAMANA,MARIANO NICOLAS VALCARCEL,0.8571753468273823,0.9492836024562201,7.922377136481645,6.822833750284285,486.0
040204,5983.0,1278.0,1226.0,19.0,3.0,593.14445902,AREQUIPA,CAMANA,MARISCAL CACERES,0.2136052147751964,0.7950860772187865,10.086918808758966,5.014206919605549,15.5
040205,6065.0,703.0,3316.0,24.0,3.0,390.67896982,AREQUIPA,CAMANA,NICOLAS DE PIEROLA,0.11591096455070074,0.45325638911788957,15.524255126387699,4.94641384995878,68.0
040206,4686.0,1102.0,1465.0,28.0,3.0,1420.98406161,AREQUIPA,CAMANA,OCONA,0.23516858728126333,0.6873666239863423,3.29771467998781,6.402048655569782,33.0
040207,846.0,639.0,207.0,21.0,1.0,896.55621986,AREQUIPA,CAMANA,QUILCA,0.7553191489361702,0.7553191489361702,0.9436106529182358,11.82033096926714,51.0
040208,14023.0,2019.0,8099.0,30.0,7.0,113.04108903,AREQUIPA,CAMANA,SAMUEL PASTOR,0.14397775083790915,0.4224488340583328,124.05223729115379,4.991799187049847,40.0
040301,3929.0,221.0,3708.0,14.0,2.0,754.09713269,AREQUIPA,CARAVELI,CARAVELI,0.056248409264443876,0.056248409264443855,5.210204136414829,5.090353779587682,1762.0
040302,4020.0,488.0,3532.0,14.0,2.0,1157.54602861,AREQUIPA,CARAVELI,ACARI,0.12139303482587065,0.1213930348258706,3.4728640595201914,4.975124378109452,153.0
040303,4164.0,876.0,199.0,24.0,2.0,3094.03476948,AREQUIPA,CARAVELI,ATICO,0.21037463976945245,0.9522094140249759,1.3458155160615162,4.803073967339097,32.0
040304,781.0,644.0,137.0,21.0,2.0,423.34343782,AREQUIPA,CARAVELI,ATIQUIPA,0.8245838668373879,0.8245838668373879,1.8448378555759515,25.60819462227913,340.0
040305,4529.0,3089.0,1255.0,44.0,1.0,1194.92635167,AREQUIPA,CARAVELI,BELLA UNION,0.6820490174431442,0.7228968867299624,3.7901917500357905,2.20799293442261,339.0
040306,881.0,629.0,252.0,10.0,3.0,1384.82264781,AREQUIPA,CARAVELI,CAHUACHO,0.713961407491487,0.713961407491487,0.6361825475581583,34.0522133938706,3401.5
040307,5237.0,461.0,4776.0,8.0,3.0,341.0192646,AREQUIPA,CARAVELI,CHALA,0.08802749665839221,0.08802749665839216,15.356903681505388,5.728470498376933,39.5
040308,3876.0,2235.0,352.0,49.0,2.0,1502.23886445,AREQUIPA,CARAVELI,CHAPARRA,0.576625386996904,0.9091847265221878,2.580148930855335,5.159958720330237,1097.0
040309,2539.0,2448.0,91.0,22.0,2.0,705.56581532,AREQUIPA,CARAVELI,HUANUHUANU,0.9641591177628988,0.9641591177628988,3.598530349501797,7.877116975187081,1124.5
040310,1741.0,339.0,1402.0,28.0,1.0,423.05349101,AREQUIPA,CARAVELI,JAQUI,0.19471568064330844,0.19471568064330846,4.115318835553225,5.743825387708214,373.0
040311,1183.0,124.0,1059.0,4.0,1.0,446.70052288,AREQUIPA,CARAVELI,LOMAS,0.10481825866441251,0.10481825866441252,2.6483067276771397,8.4530853761623,76.5
040312,1885.0,1573.0,312.0,30.0,1.0,1036.30752364,AREQUIPA,CARAVELI,QUICACHA,0.8344827586206897,0.8344827586206897,1.8189581345303683,5.305039787798408,1832.5
040313,1708.0,266.0,1442.0,10.0,1.0,543.32172512,AREQUIPA,CARAVELI,YAUCA,0.1557377049180328,0.15573770491803274,3.1436254451683574,5.85480093676815,23.5
040401,9277.0,4430.0,3108.0,45.0,7.0,617.78982468,AREQUIPA,CASTILLA,APLAO,0.47752506198124395,0.6649779023391182,15.01643379252039,7.5455427401099495,632.0
040402,1340.0,481.0,859.0,20.0,2.0,471.67380168,AREQUIPA,CASTILLA,ANDAGUA,0.35895522388059703,0.358955223880597,2.8409464236241444,14.925373134328359,4264.0
040403,360.0,98.0,262.0,5.0,1.0,285.28337406,AREQUIPA,CASTILLA,AYO,0.2722222222222222,0.27222222222222225,1.2619031907701912,27.77777777777778,2544.0
040404,2280.0,1717.0,563.0,99.0,2.0,1195.71548806,AREQUIPA,CASTILLA,CHACHAS,0.7530701754385964,0.7530701754385964,1.906808118459022,8.771929824561404,3904.0
040405,842.0,365.0,477.0,13.0,2.0,182.33458939,AREQUIPA,CASTILLA,CHILCAYMARCA,0.4334916864608076,0.4334916864608076,4.617884093286465,23.752969121140143,3786.0
040406,1120.0,739.0,219.0,54.0,1.0,903.04827324,AREQUIPA,CASTILLA,CHOCO,0.6598214285714286,0.8044642857142857,1.2402437756528897,8.928571428571429,3218.0
040407,1445.0,254.0,1191.0,17.0,2.0,797.15434682,AREQUIPA,CASTILLA,HUANCARQUI,0.17577854671280277,0.1757785467128028,1.812697886882734,13.840830449826989,642.0
040408,921.0,551.0,370.0,39.0,1.0,246.98449387,AREQUIPA,CASTILLA,MACHAGUAY,0.5982627578718784,0.5982627578718784,3.728979036573718,10.857763300760045,3036.0
040409,8355.0,1596.0,6759.0,69.0,4.0,728.62554391,AREQUIPA,CASTILLA,ORCOPAMPA,0.1910233393177738,0.19102333931777382,11.46679535164912,4.78755236385398,3845.5
040410,3188.0,1381.0,1807.0,69.0,3.0,265.83585427,AREQUIPA,CASTILLA,PAMPACOLCA,0.43318695106649935,0.4331869510664994,11.992362763685223,9.410288582183187,2833.0
040411,591.0,440.0,151.0,23.0,2.0,55.48257372,AREQUIPA,CASTILLA,TIPAN,0.7445008460236887,0.7445008460236886,10.651993236336839,33.840947546531304,2019.5
040412,366.0,103.0,263.0,7.0,1.0,340.25096305,AREQUIPA,CASTILLA,UNON,0.2814207650273224,0.2814207650273224,1.075676602702859,27.3224043715847,2891.5
040413,7201.0,4537.0,2238.0,48.0,5.0,693.19373677,AREQUIPA,CASTILLA,URACA,0.6300513817525344,0.6892098319677822,10.38814925471445,6.943480072212193,442.0
040414,2096.0,777.0,1319.0,34.0,2.0,137.09146247,AREQUIPA,CASTILLA,VIRACO,0.37070610687022904,0.370706106870229,15.289062952834657,9.541984732824426,2807.0
040501,6543.0,259.0,6284.0,27.0,4.0,242.48442844,AREQUIPA,CAYLLOMA,CHIVAY,0.03958428855265169,0.039584288552651725,26.9831759593544,6.113403637475164,3690.5
040502,1139.0,95.0,1044.0,35.0,1.0,365.3559416,AREQUIPA,CAYLLOMA,ACHOMA,0.08340649692712906,0.08340649692712909,3.1175078062559693,8.779631255487269,3899.0
040503,2842.0,134.0,2129.0,22.0,2.0,461.43907589,AREQUIPA,CAYLLOMA,CABANACONDE,0.047149894440534836,0.2508796622097115,6.158992916927324,7.037297677691766,3620.0
040504,2478.0,1414.0,1064.0,375.0,2.0,1537.92084819,AREQUIPA,CAYLLOMA,CALLALLI,0.5706214689265536,0.5706214689265536,1.6112662774006816,8.071025020177562,4095.5
040505,4476.0,2351.0,1813.0,253.0,4.0,1505.09134439,AREQUIPA,CAYLLOMA,CAYLLOMA,0.5252457551385166,0.5949508489722968,2.9739058806521026,8.936550491510276,4513.0
040506,1393.0,204.0,1189.0,11.0,1.0,114.04174059,AREQUIPA,CAYLLOMA,COPORAQUE,0.1464465183058148,0.1464465183058148,12.214825841777342,7.178750897343862,3850.0
040507,895.0,365.0,530.0,41.0,1.0,715.29964995,AREQUIPA,CAYLLOMA,HUAMBO,0.40782122905027934,0.4078212290502793,1.2512238752843807,11.1731843575419,3340.5
040508,1841.0,912.0,929.0,47.0,1.0,371.90350551,AREQUIPA,CAYLLOMA,HUANCA,0.49538294405214556,0.49538294405214556,4.950208784602322,5.431830526887561,3017.5
040509,757.0,47.0,710.0,22.0,1.0,74.37477878,AREQUIPA,CAYLLOMA,ICHUPAMPA,0.062087186261558784,0.062087186261558736,10.178181534350507,13.21003963011889,3618.5
040510,1373.0,121.0,1252.0,38.0,1.0,389.02609713,AREQUIPA,CAYLLOMA,LARI,0.08812818645302258,0.08812818645302256,3.5293262074939604,7.283321194464676,4029.5
040511,1446.0,878.0,398.0,77.0,3.0,1226.6364701,AREQUIPA,CAYLLOMA,LLUTA,0.607192254495159,0.7247579529737206,1.1788333668915916,20.74688796680498,3014.0
040512,916.0,8.0,908.0,7.0,1.0,236.77553493,AREQUIPA,CAYLLOMA,MACA,0.008733624454148471,0.008733624454148492,3.8686429333622034,10.91703056768559,3628.5
040513,705.0,15.0,690.0,6.0,1.0,159.23096871,AREQUIPA,CAYLLOMA,MADRIGAL,0.02127659574468085,0.021276595744680882,4.427530685214783,14.184397163120568,3604.5
040514,1423.0,967.0,456.0,207.0,3.0,1540.19434561,AREQUIPA,CAYLLOMA,SAN ANTONIO DE CHUCA,0.6795502459592411,0.6795502459592411,0.9239093780963176,21.082220660576244,4403.5
040515,801.0,274.0,527.0,66.0,1.0,283.67703177,AREQUIPA,CAYLLOMA,SIBAYO,0.34207240948813983,0.3420724094881398,2.8236336054497206,12.484394506866417,4236.5
040516,671.0,550.0,121.0,48.0,2.0,413.60915658,AREQUIPA,CAYLLOMA,TAPAY,0.819672131147541,0.819672131147541,1.622304509765406,29.806259314456035,2677.0
040517,1811.0,1350.0,199.0,235.0,3.0,1440.78825013,AREQUIPA,CAYLLOMA,TISCO,0.7454445057979017,0.8901159580342353,1.2569508391233732,16.565433462175594,4243.0
040518,889.0,142.0,747.0,57.0,1.0,239.39244168,AREQUIPA,CAYLLOMA,TUTI,0.1597300337457818,0.15973003374578176,3.7135675368913343,11.24859392575928,4147.0
040519,2324.0,351.0,1356.0,98.0,1.0,1111.84204094,AREQUIPA,CAYLLOMA,YANQUE,0.15103270223752152,0.4165232358003442,2.0902249729963334,4.3029259896729775,4341.0
040520,38534.0,15529.0,20063.0,41.0,10.0,1645.88888135,AREQUIPA,CAYLLOMA,MAJES,0.4029947578761613,0.4793429179425962,23.412273110681344,2.5951108112316392,1392.0
040601,3618.0,822.0,2796.0,36.0,2.0,1185.73177828,AREQUIPA,CONDESUYOS,CHUQUIBAMBA,0.22719734660033167,0.22719734660033164,3.051280286379945,5.527915975677169,2947.0
040602,719.0,368.0,351.0,31.0,1.0,810.27671754,AREQUIPA,CONDESUYOS,ANDARAY,0.5118219749652295,0.5118219749652295,0.8873511782282032,13.908205841446453,3575.0
040603,3691.0,3234.0,457.0,99.0,3.0,1392.94025607,AREQUIPA,CONDESUYOS,CAYARANI,0.8761853156326199,0.8761853156326199,2.6497906022284665,8.12787862367922,3916.5
040604,832.0,647.0,185.0,22.0,3.0,390.70509195,AREQUIPA,CONDESUYOS,CHICHAS,0.7776442307692307,0.7776442307692308,2.1294833805403135,36.05769230769231,2280.0
040605,716.0,411.0,305.0,16.0,1.0,238.44171094,AREQUIPA,CONDESUYOS,IRAY,0.5740223463687151,0.5740223463687151,3.0028303235090013,13.966480446927374,2432.5
040606,3581.0,1012.0,362.0,29.0,3.0,533.27096107,AREQUIPA,CONDESUYOS,RIO GRANDE,0.28260262496509353,0.8989109187377827,6.715160324527663,8.377548170901983,467.0
040607,1060.0,513.0,547.0,36.0,2.0,1240.76860869,AREQUIPA,CONDESUYOS,SALAMANCA,0.4839622641509434,0.48396226415094334,0.8543091697968931,18.867924528301888,3219.0
040608,4964.0,4410.0,554.0,50.0,2.0,1056.02921587,AREQUIPA,CONDESUYOS,YANAQUIHUA,0.8883964544721998,0.8883964544721998,4.700627525641376,4.0290088638195005,2837.5
040701,24033.0,1244.0,22789.0,13.0,10.0,931.73706874,AREQUIPA,ISLAY,MOLLENDO,0.05176216036283444,0.05176216036283443,25.793757494804982,4.160945366787334,70.0
040702,9346.0,1789.0,5385.0,32.0,8.0,1549.04255689,AREQUIPA,ISLAY,COCACHACRA,0.1914187887866467,0.42381767601112774,6.033404284749857,8.559811684142948,109.0
040703,6596.0,1424.0,2413.0,21.0,3.0,134.31327066,AREQUIPA,ISLAY,DEAN VALDIVIA,0.21588841722255914,0.6341722255912674,49.10907140886387,4.548211036992116,48.0
040704,4838.0,15.0,4823.0,6.0,2.0,364.12883305,AREQUIPA,ISLAY,ISLAY,0.0031004547333608927,0.0031004547333608468,13.286506205718881,4.13393964448119,80.5
040705,1139.0,456.0,683.0,9.0,1.0,102.67039167,AREQUIPA,ISLAY,MEJIA,0.4003511852502195,0.4003511852502195,11.093753335050465,8.779631255487269,51.0
040706,6621.0,243.0,5754.0,12.0,1.0,756.45879871,AREQUIPA,ISLAY,PUNTA DE BOMBON,0.03670140462165836,0.13094698685999095,8.752624744785686,1.5103458692040477,22.0
040801,3030.0,1092.0,1938.0,22.0,2.0,166.70177591,AREQUIPA,LA UNION,COTAHUASI,0.3603960396039604,0.3603960396039604,18.17617109031793,6.600660066006601,2835.5
040802,2373.0,817.0,481.0,15.0,1.0,191.46385409,AREQUIPA,LA UNION,ALCA,0.3442899283607248,0.7973029919932575,12.393984291596581,4.214075010535188,3249.0
040803,647.0,280.0,367.0,21.0,2.0,162.23461243,AREQUIPA,LA UNION,CHARCANA,0.4327666151468315,0.43276661514683157,3.988051565008445,30.911901081916536,3077.5
040804,2476.0,1380.0,247.0,80.0,3.0,935.15204435,AREQUIPA,LA UNION,HUAYNACOTAS,0.5573505654281099,0.9002423263327948,2.6476977887815063,12.116316639741518,2657.0
040805,1430.0,903.0,219.0,38.0,3.0,787.61248374,AREQUIPA,LA UNION,PAMPAMARCA,0.6314685314685314,0.8468531468531468,1.8156136799782614,20.97902097902098,2559.0
040806,2878.0,1917.0,676.0,101.0,2.0,1503.4269062,AREQUIPA,LA UNION,PUYCA,0.6660875608061153,0.7651146629603891,1.914293264362492,6.949270326615705,3658.0
040807,278.0,219.0,59.0,23.0,1.0,135.33232238,AREQUIPA,LA UNION,QUECHUALLA,0.7877697841726619,0.7877697841726619,2.0542025372135644,35.97122302158274,2153.5
040808,533.0,390.0,143.0,21.0,1.0,70.57872498,AREQUIPA,LA UNION,SAYLA,0.7317073170731707,0.7317073170731707,7.551850790036757,18.76172607879925,2983.0
040809,343.0,161.0,182.0,10.0,1.0,317.78903749,AREQUIPA,LA UNION,TAURIA,0.46938775510204084,0.4693877551020408,1.0793323857522723,29.154518950437318,2683.0
040810,903.0,546.0,357.0,13.0,1.0,96.5002254,AREQUIPA,LA UNION,TOMEPAMPA,0.6046511627906976,0.6046511627906976,9.357491096595925,11.074197120708748,3201.5
040811,1005.0,641.0,364.0,25.0,2.0,525.96834851,AREQUIPA,LA UNION,TORO,0.6378109452736318,0.6378109452736318,1.9107613658636196,19.90049751243781,3103.5
050101,102417.0,3399.0,97390.0,34.0,128.0,81.88862305,AYACUCHO,HUAMANGA,AYACUCHO,0.03318784967339407,0.04908364822246303,1250.6865567572881,12.497925149145162,2750.0
050102,8953.0,7936.0,543.0,49.0,6.0,430.18414602,AYACUCHO,HUAMANGA,ACOCRO,0.8864067910197699,0.9393499385680777,20.812017557671126,6.701664246621244,3378.5
050103,5125.0,4502.0,623.0,43.0,3.0,154.49966247,AYACUCHO,HUAMANGA,ACOS VINCHOS,0.8784390243902439,0.8784390243902439,33.17159350425861,5.853658536585366,3036.0
050104,8510.0,775.0,7735.0,15.0,8.0,17.26630241,AYACUCHO,HUAMANGA,CARMEN ALTO,0.09106933019976499,0.09106933019976493,492.8675403641328,9.400705052878966,3179.5
050105,6449.0,4841.0,328.0,55.0,5.0,454.80409653,AYACUCHO,HUAMANGA,CHIARA,0.7506590169018452,0.9491394014575903,14.17973155739728,7.753140021708792,3484.0
050106,6432.0,5356.0,592.0,80.0,6.0,300.86042995,AYACUCHO,HUAMANGA,OCROS,0.8327114427860697,0.9079601990049752,21.37868380055474,9.328358208955224,3138.0
050107,3863.0,2576.0,466.0,23.0,3.0,52.76455628,AYACUCHO,HUAMANGA,PACAYCASA,0.6668392441107948,0.8793683665544914,73.21202474442565,7.76598498576236,2534.0
050108,6659.0,4319.0,2340.0,45.0,3.0,114.89049532,AYACUCHO,HUAMANGA,QUINUA,0.6485958852680582,0.6485958852680582,57.95953774464065,4.505180958101817,3243.5
050109,2527.0,2358.0,169.0,29.0,3.0,81.10532605,AYACUCHO,HUAMANGA,SAN JOSE DE TICLLAS,0.9331222793826672,0.9331222793826672,31.15701672220822,11.87178472497032,2895.0
050110,38522.0,837.0,37685.0,11.0,16.0,14.96543519,AYACUCHO,HUAMANGA,SAN JUAN BAUTISTA,0.021727843829500024,0.021727843829499993,2574.064804058665,4.153470743990447,2833.0
050111,1473.0,968.0,138.0,40.0,4.0,89.75343932,AYACUCHO,HUAMANGA,SANTIAGO DE PISCHA,0.6571622539035981,0.9063136456211812,16.41162735556327,27.155465037338764,3186.0
050112,7023.0,5892.0,758.0,36.0,5.0,169.80230774,AYACUCHO,HUAMANGA,SOCOS,0.8389577103801794,0.8920689164174854,41.359861909259585,7.119464616260857,3564.0
050113,5068.0,4876.0,192.0,45.0,4.0,150.97244012,AYACUCHO,HUAMANGA,TAMBILLO,0.9621152328334649,0.9621152328334649,33.569040786329715,7.892659826361484,3226.0
050114,15740.0,15071.0,669.0,186.0,11.0,915.10345895,AYACUCHO,HUAMANGA,VINCHOS,0.9574968233799238,0.9574968233799238,17.200240962983848,6.98856416772554,3463.0
050115,15610.0,1294.0,14316.0,18.0,25.0,15.88425702,AYACUCHO,HUAMANGA,JESUS NAZARENO,0.0828955797565663,0.08289557975656625,982.7340353625177,16.01537475976938,2683.5
050116,35000.0,0.0,35000.0,1.0,16.0,9.14324946,AYACUCHO,HUAMANGA,ANDRES AVELINO CACERES DORREGARAY,0.0,0.0,3827.9607434007385,4.571428571428571,2735.0
050201,6771.0,4383.0,2280.0,56.0,8.0,184.2911601,AYACUCHO,CANGALLO,CANGALLO,0.6473194505981391,0.6632698272042534,36.740774741045215,11.815093782306898,2558.0
050202,8265.0,4557.0,1302.0,58.0,6.0,411.91770556,AYACUCHO,CANGALLO,CHUSCHI,0.5513611615245009,0.8424682395644283,20.064687408286506,7.259528130671506,3147.0
050203,8301.0,5482.0,2239.0,94.0,6.0,249.49223513,AYACUCHO,CANGALLO,LOS MOROCHUCOS,0.6604023611613059,0.7302734610287918,33.27157655096839,7.228044813877847,3325.0
050204,2831.0,2394.0,437.0,36.0,2.0,131.76871628,AYACUCHO,CANGALLO,MARIA PARADO DE BELLIDO,0.8456375838926175,0.8456375838926175,21.484613950281705,7.064641469445426,3554.5
050205,4956.0,3895.0,638.0,197.0,6.0,777.60310191,AYACUCHO,CANGALLO,PARAS,0.7859160613397902,0.8712671509281679,6.373431365984454,12.106537530266344,3409.0
050206,4034.0,2278.0,1001.0,71.0,3.0,115.27012957,AYACUCHO,CANGALLO,TOTOS,0.564700049578582,0.7518591968269708,34.9960567846007,7.4367873078829945,3388.0
050301,3771.0,735.0,3036.0,117.0,2.0,1357.05379039,AYACUCHO,HUANCA SANCOS,SANCOS,0.1949085123309467,0.19490851233094675,2.778813947320587,5.303632988597189,3693.5
050302,2618.0,640.0,560.0,74.0,4.0,196.66361889,AYACUCHO,HUANCA SANCOS,CARAPO,0.24446142093200918,0.786096256684492,13.312070706195678,15.278838808250573,3356.0
050303,1797.0,820.0,977.0,71.0,2.0,639.46232373,AYACUCHO,HUANCA SANCOS,SACSAMARCA,0.45631608235948806,0.45631608235948806,2.810173380533279,11.129660545353367,3514.0
050304,2675.0,1498.0,620.0,84.0,5.0,645.8996257,AYACUCHO,HUANCA SANCOS,SANTIAGO DE LUCANAMARCA,0.56,0.7682242990654206,4.141510373381844,18.69158878504673,3649.0
050401,36299.0,8803.0,26026.0,82.0,24.0,164.70751587,AYACUCHO,HUANTA,HUANTA,0.24251356786688338,0.2830105512548555,220.38459998783537,6.611752389873,2577.5
050402,8646.0,7568.0,740.0,75.0,5.0,370.25207397,AYACUCHO,HUANTA,AYAHUANCO,0.8753180661577609,0.91441128845709,23.351658526295115,5.783021050196623,3603.0
050403,5200.0,3781.0,1419.0,33.0,4.0,93.86916166,AYACUCHO,HUANTA,HUAMANGUILLA,0.7271153846153846,0.7271153846153846,55.39625483004447,7.6923076923076925,3137.5
050404,2697.0,2231.0,466.0,30.0,3.0,60.53901725,AYACUCHO,HUANTA,IGUAIN,0.8272154245457917,0.8272154245457917,44.5497816534179,11.123470522803114,2968.5
050405,5060.0,3684.0,842.0,53.0,5.0,141.89418342,AYACUCHO,HUANTA,LURICOCHA,0.7280632411067194,0.833596837944664,35.66037647239311,9.881422924901186,2605.0
050406,7215.0,6590.0,625.0,72.0,3.0,286.1804296,AYACUCHO,HUANTA,SANTILLANA,0.9133749133749134,0.9133749133749134,25.21136756305994,4.158004158004158,3713.0
050407,11956.0,7928.0,3319.0,70.0,7.0,896.73295062,AYACUCHO,HUANTA,SIVIA,0.6630980260956841,0.7223987955838074,13.332843397506066,5.85480093676815,796.0
050408,10944.0,6689.0,2570.0,39.0,9.0,515.96509521,AYACUCHO,HUANTA,LLOCHEGUA,0.611202485380117,0.7651681286549707,21.210737124661012,8.223684210526315,521.5
050409,2593.0,990.0,1091.0,12.0,5.0,269.17876824,AYACUCHO,HUANTA,CANAYRE,0.38179714616274585,0.5792518318549942,9.63300343839927,19.282684149633628,506.0
050410,3925.0,3455.0,234.0,29.0,6.0,255.6096273,AYACUCHO,HUANTA,UCHURACCAY,0.8802547770700637,0.9403821656050956,15.355446668655269,15.286624203821656,2699.0
050501,10880.0,7012.0,2966.0,72.0,4.0,451.08122099,AYACUCHO,LA MAR,SAN MIGUEL,0.6444852941176471,0.727389705882353,24.1198247537802,3.676470588235294,2852.5
050502,10485.0,7792.0,530.0,60.0,10.0,787.73538788,AYACUCHO,LA MAR,ANCO,0.7431568907963758,0.9494515975202671,13.310307193660364,9.537434430138292,3099.5
050503,10231.0,3192.0,4823.0,43.0,8.0,285.27261264,AYACUCHO,LA MAR,AYNA,0.3119929625647542,0.5285895806861499,35.86394047896571,7.819372495357248,1089.0
050504,2617.0,2365.0,252.0,32.0,4.0,154.25001441,AYACUCHO,LA MAR,CHILCAS,0.903706534199465,0.903706534199465,16.965962758641663,15.284677111196025,3252.5
050505,6254.0,5703.0,551.0,85.0,11.0,518.56449677,AYACUCHO,LA MAR,CHUNGUI,0.9118963863127598,0.9118963863127598,12.060216306659052,17.588743204349214,3215.5
050506,1209.0,1082.0,127.0,27.0,2.0,133.81740184,AYACUCHO,LA MAR,LUIS CARRANZA,0.8949545078577337,0.8949545078577337,9.034699399152524,16.542597187758478,3116.0
050507,14354.0,5662.0,4702.0,47.0,7.0,388.96680048,AYACUCHO,LA MAR,SANTA ROSA,0.3944545074543681,0.672425804653755,36.902892437829166,4.876689424550648,934.5
050508,18260.0,9243.0,5546.0,73.0,8.0,309.17081581,AYACUCHO,LA MAR,TAMBO,0.5061883899233297,0.6962760131434831,59.06120198363622,4.381161007667032,3139.0
050509,8572.0,4174.0,2711.0,29.0,4.0,380.1682519,AYACUCHO,LA MAR,SAMUGARI,0.48693420438637425,0.6837377508166123,22.547911239718122,4.666355576294913,958.0
050510,5159.0,5159.0,2229.0,22.0,4.0,266.95227677,AYACUCHO,LA MAR,ANCHIHUAY,1.0,0.5679395231634037,19.32555160203738,7.753440589261484,770.0
050601,13991.0,1213.0,11956.0,70.0,8.0,863.69382593,AYACUCHO,LUCANAS,PUQUIO,0.08669859195196912,0.1454506468444,16.199027456211006,5.717961546708598,3214.0
050602,4400.0,961.0,1978.0,81.0,5.0,872.40566578,AYACUCHO,LUCANAS,AUCARA,0.2184090909090909,0.5504545454545455,5.043525245868332,11.363636363636363,3217.0
050603,3252.0,285.0,2401.0,50.0,2.0,405.26491815,AYACUCHO,LUCANAS,CABANA,0.08763837638376384,0.26168511685116846,8.024380730622093,6.150061500615006,3286.0
050604,3427.0,463.0,2964.0,31.0,1.0,464.11603545,AYACUCHO,LUCANAS,CARMEN SALCEDO,0.1351035891450248,0.13510358914502485,7.3839293156015,2.918004085205719,3661.5
050605,2391.0,824.0,1567.0,62.0,1.0,366.93957357,AYACUCHO,LUCANAS,CHAVINA,0.3446256796319532,0.3446256796319531,6.516059243045574,4.182350480970305,3286.5
050606,3965.0,1968.0,1216.0,69.0,5.0,1156.17681341,AYACUCHO,LUCANAS,CHIPAO,0.49634300126103403,0.6933165195460278,3.42940625863766,12.610340479192939,3437.0
050607,2692.0,1987.0,705.0,124.0,4.0,312.60618069,AYACUCHO,LUCANAS,HUAC-HUAS,0.7381129271916791,0.7381129271916791,8.611474008793055,14.858841010401187,2678.5
050608,2117.0,1308.0,809.0,84.0,2.0,779.96818435,AYACUCHO,LUCANAS,LARAMATE,0.6178554558337269,0.617855455833727,2.714213274948181,9.44733112895607,3594.0
050609,1592.0,1254.0,338.0,78.0,4.0,1110.65847097,AYACUCHO,LUCANAS,LEONCIO PRADO,0.7876884422110553,0.7876884422110553,1.4333839263924377,25.12562814070352,2210.0
050610,1429.0,996.0,267.0,72.0,3.0,493.54664742,AYACUCHO,LUCANAS,LLAUTA,0.6969909027291813,0.8131560531840448,2.8953696828254305,20.99370188943317,2658.0
050611,3786.0,1800.0,1614.0,204.0,3.0,1211.65001217,AYACUCHO,LUCANAS,LUCANAS,0.4754358161648177,0.5736925515055468,3.1246646820227215,7.9239302694136295,3367.0
050612,3452.0,2342.0,572.0,116.0,3.0,859.08520009,AYACUCHO,LUCANAS,OCANA,0.6784472769409038,0.8342989571263035,4.018227760923317,8.690614136732329,3268.0
050613,3013.0,2090.0,923.0,86.0,3.0,716.572511,AYACUCHO,LUCANAS,OTOCA,0.6936608031861932,0.6936608031861932,4.204738465051166,9.956853634251576,1576.5
050614,875.0,372.0,503.0,29.0,1.0,575.65628113,AYACUCHO,LUCANAS,SAISA,0.42514285714285716,0.42514285714285716,1.5200042606716548,11.428571428571429,1921.0
050615,1944.0,828.0,1116.0,30.0,2.0,407.45565478,AYACUCHO,LUCANAS,SAN CRISTOBAL,0.42592592592592593,0.42592592592592593,4.771071347751048,10.2880658436214,3466.0
050616,1286.0,186.0,712.0,25.0,2.0,46.85483487,AYACUCHO,LUCANAS,SAN JUAN,0.14463452566096424,0.4463452566096423,27.446473849882125,15.552099533437014,2893.0
050617,3418.0,1841.0,517.0,73.0,2.0,727.49077544,AYACUCHO,LUCANAS,SAN PEDRO,0.5386190754827385,0.8487419543592745,4.69834136100589,5.851375073142188,3329.0
050618,1550.0,1348.0,202.0,87.0,2.0,520.46681405,AYACUCHO,LUCANAS,SAN PEDRO DE PALCO,0.8696774193548387,0.8696774193548387,2.9780957366689957,12.903225806451612,3026.5
050619,5556.0,4604.0,526.0,115.0,8.0,1504.0919281,AYACUCHO,LUCANAS,SANCOS,0.8286537077033838,0.9053275737940965,3.6939231546960394,14.398848092152628,2812.0
050620,745.0,15.0,730.0,7.0,1.0,45.50247021,AYACUCHO,LUCANAS,SANTA ANA DE HUAYCAHUACHO,0.020134228187919462,0.020134228187919434,16.37273749231031,13.422818791946307,3125.0
050621,1090.0,890.0,200.0,41.0,4.0,1034.03287501,AYACUCHO,LUCANAS,SANTA LUCIA,0.8165137614678899,0.8165137614678899,1.0541250924826338,36.69724770642202,2459.5
050701,14749.0,4618.0,10131.0,228.0,10.0,1388.39770178,AYACUCHO,PARINACOCHAS,CORACORA,0.3131059732863245,0.3131059732863245,10.623036887118866,6.780120686148214,3861.5
050702,2981.0,952.0,1261.0,41.0,5.0,372.21341861,AYACUCHO,PARINACOCHAS,CHUMPI,0.3193559208319356,0.5769875880576988,8.008846137606474,16.772895001677288,3455.0
050703,1290.0,1095.0,195.0,27.0,3.0,1080.63617137,AYACUCHO,PARINACOCHAS,CORONEL CASTANEDA,0.8488372093023255,0.8488372093023255,1.193741274053944,23.25581395348837,3975.0
050704,1607.0,1087.0,520.0,48.0,1.0,147.03643823,AYACUCHO,PARINACOCHAS,PACAPAUSA,0.6764156813939017,0.6764156813939017,10.9292636529067,6.222775357809583,2823.5
050705,4475.0,1526.0,567.0,92.0,5.0,1563.27708229,AYACUCHO,PARINACOCHAS,PULLO,0.3410055865921788,0.8732960893854749,2.8625763472747265,11.1731843575419,1557.0
050706,2364.0,1213.0,776.0,48.0,5.0,643.27819146,AYACUCHO,PARINACOCHAS,PUYUSCA,0.5131133671742809,0.6717428087986463,3.674926387034212,21.150592216582066,3317.0
050707,680.0,506.0,174.0,39.0,2.0,102.99488119,AYACUCHO,PARINACOCHAS,SAN FRANCISCO DE RAVACAYCO,0.7441176470588236,0.7441176470588236,6.602269861796032,29.41176470588235,3117.5
050708,1882.0,1691.0,191.0,81.0,6.0,576.64988309,AYACUCHO,PARINACOCHAS,UPAHUACHO,0.8985122210414452,0.8985122210414452,3.263678802664855,31.88097768331562,3703.0
050801,3050.0,759.0,1970.0,24.0,3.0,251.42583453,AYACUCHO,PAUCAR DEL SARA SARA,PAUSA,0.24885245901639344,0.35409836065573774,12.130813866846589,9.836065573770492,2521.0
050802,797.0,473.0,324.0,20.0,1.0,248.10893511,AYACUCHO,PAUCAR DEL SARA SARA,COLTA,0.5934755332496863,0.5934755332496864,3.2122986608549473,12.547051442910915,2708.5
050803,566.0,263.0,303.0,9.0,1.0,100.86270275,AYACUCHO,PAUCAR DEL SARA SARA,CORCULLA,0.46466431095406363,0.4646643109540636,5.611588670223296,17.6678445229682,3212.0
050804,2473.0,548.0,353.0,23.0,2.0,281.00807974,AYACUCHO,PAUCAR DEL SARA SARA,LAMPA,0.22159320663162152,0.8572583906186817,8.800458699579453,8.087343307723412,2793.0
050805,788.0,165.0,442.0,10.0,1.0,120.3576168,AYACUCHO,PAUCAR DEL SARA SARA,MARCABAMBA,0.20939086294416243,0.4390862944162437,6.547155227487023,12.690355329949238,2627.0
050806,1172.0,550.0,622.0,59.0,3.0,793.69940635,AYACUCHO,PAUCAR DEL SARA SARA,OYOLO,0.46928327645051193,0.46928327645051193,1.4766295534851133,25.59726962457338,3975.5
050807,678.0,239.0,439.0,5.0,1.0,56.66228408,AYACUCHO,PAUCAR DEL SARA SARA,PARARCA,0.3525073746312684,0.35250737463126847,11.965631301462354,14.749262536873156,3070.0
050808,523.0,443.0,80.0,13.0,1.0,117.50114859,AYACUCHO,PAUCAR DEL SARA SARA,SAN JAVIER DE ALPABAMBA,0.847036328871893,0.847036328871893,4.451020320021878,19.120458891013385,3122.0
050809,190.0,63.0,127.0,8.0,1.0,28.41456183,AYACUCHO,PAUCAR DEL SARA SARA,SAN JOSE DE USHUA,0.33157894736842103,0.3315789473684211,6.686712296911038,52.63157894736842,2715.5
050810,800.0,138.0,662.0,11.0,1.0,85.03045697,AYACUCHO,PAUCAR DEL SARA SARA,SARA SARA,0.1725,0.1725,9.408393515775785,12.5,3411.5
050901,2745.0,1117.0,1628.0,23.0,4.0,282.12221917,AYACUCHO,SUCRE,QUEROBAMBA,0.4069216757741348,0.40692167577413474,9.729825633995633,14.571948998178506,3516.0
050902,640.0,134.0,506.0,4.0,1.0,36.35195064,AYACUCHO,SUCRE,BELEN,0.209375,0.20937499999999998,17.60565770838646,15.625,3095.0
050903,721.0,468.0,253.0,15.0,1.0,54.89173765,AYACUCHO,SUCRE,CHALCOS,0.6490984743411928,0.6490984743411927,13.134945820029072,13.869625520110958,3428.5
050904,668.0,358.0,310.0,9.0,1.0,29.76425214,AYACUCHO,SUCRE,CHILCAYOC,0.5359281437125748,0.5359281437125749,22.44302987550219,14.970059880239521,3212.5
050905,642.0,247.0,395.0,21.0,1.0,144.06125588,AYACUCHO,SUCRE,HUACANA,0.3847352024922118,0.3847352024922118,4.456437618000307,15.57632398753894,3688.5
050906,1603.0,541.0,511.0,42.0,3.0,288.94358932,AYACUCHO,SUCRE,MORCOLLA,0.3374922021210231,0.6812227074235808,5.54779569179057,18.714909544603866,3676.0
050907,1284.0,408.0,472.0,14.0,2.0,79.32490826,AYACUCHO,SUCRE,PAICO,0.3177570093457944,0.632398753894081,16.18659293990591,15.57632398753894,2976.0
050908,970.0,417.0,553.0,22.0,1.0,314.27179336,AYACUCHO,SUCRE,SAN PEDRO DE LARCAY,0.4298969072164949,0.4298969072164949,3.0865003493611654,10.309278350515465,3827.5
050909,1600.0,1245.0,355.0,30.0,3.0,141.82936147,AYACUCHO,SUCRE,SAN SALVADOR DE QUIJE,0.778125,0.778125,11.28116197814537,18.75,3178.0
050910,921.0,225.0,275.0,18.0,3.0,61.54487964,AYACUCHO,SUCRE,SANTIAGO DE PAUCARAY,0.24429967426710097,0.7014115092290988,14.964689270452524,32.57328990228013,3787.0
050911,1236.0,176.0,1060.0,35.0,1.0,351.8188204,AYACUCHO,SUCRE,SORAS,0.1423948220064725,0.14239482200647247,3.513171917848884,8.090614886731393,3873.0
051001,2400.0,252.0,2148.0,45.0,2.0,239.37249688,AYACUCHO,VICTOR FAJARDO,HUANCAPI,0.105,0.10499999999999998,10.026214503678531,8.333333333333334,2821.0
051002,2551.0,572.0,490.0,18.0,3.0,116.02167888,AYACUCHO,VICTOR FAJARDO,ALCAMENCA,0.22422579380635044,0.8079184633477068,21.98727017765768,11.760094080752646,3232.0
051003,1256.0,358.0,898.0,5.0,2.0,175.81983956,AYACUCHO,VICTOR FAJARDO,APONGO,0.28503184713375795,0.28503184713375795,7.143676180931672,15.923566878980893,3215.0
051004,488.0,310.0,178.0,7.0,3.0,71.3613148,AYACUCHO,VICTOR FAJARDO,ASQUIPATA,0.6352459016393442,0.6352459016393442,6.838439024949131,61.47540983606557,3199.0
051005,4106.0,704.0,1291.0,79.0,4.0,265.21211414,AYACUCHO,VICTOR FAJARDO,CANARIA,0.17145640526059425,0.6855820750121773,15.481947396386756,9.74184120798831,3040.0
051006,1335.0,416.0,919.0,19.0,1.0,63.50717256,AYACUCHO,VICTOR FAJARDO,CAYARA,0.31161048689138576,0.3116104868913858,21.0212476195303,7.490636704119851,3113.0
051007,1220.0,506.0,714.0,14.0,2.0,63.87139583,AYACUCHO,VICTOR FAJARDO,COLCA,0.41475409836065574,0.4147540983606557,19.100882079470285,16.39344262295082,2776.5
051008,1271.0,753.0,518.0,29.0,3.0,72.44396311,AYACUCHO,VICTOR FAJARDO,HUAMANQUIQUIA,0.5924468922108576,0.5924468922108577,17.54459509718007,23.603461841070022,3403.5
051009,1791.0,75.0,573.0,25.0,3.0,162.20513124,AYACUCHO,VICTOR FAJARDO,HUANCARAYLLA,0.04187604690117253,0.6800670016750419,11.041574248042883,16.75041876046901,3225.0
051010,3191.0,254.0,2222.0,54.0,2.0,156.70004832,AYACUCHO,VICTOR FAJARDO,HUAYA,0.07959887182701347,0.3036665622062049,20.363746113744657,6.267627702914447,3214.0
051011,3003.0,439.0,1260.0,21.0,4.0,378.92597223,AYACUCHO,VICTOR FAJARDO,SARHUA,0.14618714618714618,0.5804195804195804,7.925030797776096,13.32001332001332,3177.0
051012,2900.0,1969.0,388.0,108.0,4.0,500.01238237,AYACUCHO,VICTOR FAJARDO,VILCANCHOS,0.6789655172413793,0.8662068965517241,5.799856368065007,13.793103448275861,3319.0
051101,8629.0,5702.0,2927.0,66.0,6.0,220.29707121,AYACUCHO,VILCAS HUAMAN,VILCAS HUAMAN,0.6607949936261444,0.6607949936261444,39.1698353164865,6.9532970216711085,3583.5
051102,1357.0,318.0,639.0,16.0,3.0,86.47009079,AYACUCHO,VILCAS HUAMAN,ACCOMARCA,0.23434045689019897,0.529108327192336,15.69328755876515,22.107590272660282,3300.0
051103,1149.0,511.0,500.0,19.0,1.0,54.28428366,AYACUCHO,VILCAS HUAMAN,CARHUANCA,0.44473455178416016,0.5648389904264578,21.1663472838024,8.703220191470844,2966.0
051104,2992.0,2627.0,365.0,51.0,3.0,211.82515583,AYACUCHO,VILCAS HUAMAN,CONCEPCION,0.8780080213903744,0.8780080213903744,14.124856834290378,10.026737967914439,3069.5
051105,2212.0,1779.0,433.0,30.0,2.0,162.982095,AYACUCHO,VILCAS HUAMAN,HUAMBALPA,0.804249547920434,0.804249547920434,13.57204299036652,9.041591320072332,3248.5
051106,1815.0,1205.0,610.0,22.0,2.0,88.10863701,AYACUCHO,VILCAS HUAMAN,INDEPENDENCIA,0.6639118457300276,0.6639118457300275,20.599569594908207,11.019283746556473,3104.0
051107,1464.0,1138.0,326.0,9.0,1.0,89.23031351,AYACUCHO,VILCAS HUAMAN,SAURAMA,0.7773224043715847,0.7773224043715847,16.40698034570875,6.830601092896175,3625.0
051108,4418.0,3276.0,736.0,44.0,7.0,264.88284506,AYACUCHO,VILCAS HUAMAN,VISCHONGO,0.7415119963784518,0.8334087822544137,16.679071832678538,15.844273426889997,3103.0
060101,189479.0,39282.0,150197.0,141.0,240.0,378.96863582,CAJAMARCA,CAJAMARCA,CAJAMARCA,0.20731585030531088,0.20731585030531086,499.98596741393,12.66631130626613,3291.5
060102,11810.0,10870.0,940.0,84.0,3.0,213.94472091,CAJAMARCA,CAJAMARCA,ASUNCION,0.9204064352243861,0.9204064352243861,55.2011750968518,2.5402201524132093,2235.5
060103,4005.0,3600.0,405.0,37.0,1.0,73.51700315,CAJAMARCA,CAJAMARCA,CHETILLA,0.898876404494382,0.898876404494382,54.477193416445736,2.4968789013732833,2956.5
060104,8012.0,7347.0,665.0,68.0,3.0,552.52766141,CAJAMARCA,CAJAMARCA,COSPAN,0.9169995007488767,0.9169995007488767,14.50063147889123,3.7443834248627055,1758.0
060105,23152.0,21935.0,1217.0,110.0,16.0,633.45395095,CAJAMARCA,CAJAMARCA,ENCANADA,0.9474343469246718,0.9474343469246718,36.548828790598925,6.91085003455425,3506.5
060106,14243.0,11900.0,2343.0,64.0,5.0,295.17145722,CAJAMARCA,CAJAMARCA,JESUS,0.8354981394369164,0.8354981394369164,48.253310581396335,3.5104963841887242,2821.5
060107,5101.0,4453.0,648.0,52.0,2.0,50.76108831,CAJAMARCA,CAJAMARCA,LLACANORA,0.8729660850813566,0.8729660850813565,100.49035924620033,3.9207998431680062,2698.0
060108,34899.0,22770.0,9442.0,74.0,16.0,281.97775382,CAJAMARCA,CAJAMARCA,LOS BANOS DEL INCA,0.6524542250494284,0.7294478351815239,123.76508262519786,4.584658586205908,2711.0
060109,9148.0,6110.0,2136.0,109.0,5.0,206.97552324,CAJAMARCA,CAJAMARCA,MAGDALENA,0.6679055531263665,0.7665063401836467,44.19846297183831,5.465675557498907,1698.0
060110,3786.0,3023.0,763.0,22.0,1.0,57.55163225,CAJAMARCA,CAJAMARCA,MATARA,0.7984680401479134,0.7984680401479134,65.78440700958573,2.641310089804543,2787.5
060111,9750.0,8275.0,1475.0,51.0,6.0,157.66070669,CAJAMARCA,CAJAMARCA,NAMORA,0.8487179487179487,0.8487179487179487,61.841661151315996,6.153846153846154,2781.0
060112,4789.0,3881.0,908.0,43.0,1.0,72.34277526,CAJAMARCA,CAJAMARCA,SAN JUAN,0.8103988306535811,0.8103988306535811,66.1987321164875,2.088118605136772,2476.0
060201,28216.0,13688.0,14528.0,48.0,16.0,190.09833462,CAJAMARCA,CAJABAMBA,CAJABAMBA,0.48511482846611853,0.48511482846611853,148.4284439229981,5.670541536716756,2746.5
060202,23843.0,22956.0,355.0,170.0,11.0,817.42953376,CAJAMARCA,CAJABAMBA,CACHACHI,0.9627983055823512,0.9851109340267584,29.16826345914776,4.613513400159376,3079.0
060203,13330.0,12693.0,637.0,63.0,6.0,196.95563364,CAJAMARCA,CAJABAMBA,CONDEBAMBA,0.9522130532633158,0.9522130532633158,67.68021687749678,4.501125281320331,2286.5
060204,8700.0,6558.0,1883.0,67.0,6.0,581.30204378,CAJAMARCA,CAJABAMBA,SITACOCHA,0.7537931034482759,0.7835632183908046,14.966401878491604,6.896551724137931,3089.0
060301,24931.0,8210.0,16721.0,60.0,16.0,403.09610688,CAJAMARCA,CELENDIN,CELENDIN,0.32930889254341983,0.3293088925434199,61.84877396352988,6.417712887569692,2641.0
060302,3123.0,2886.0,237.0,21.0,2.0,204.85687647,CAJAMARCA,CELENDIN,CHUMUCH,0.9241114313160422,0.9241114313160422,15.244789698125382,6.404098623118795,2209.0
060303,8099.0,7711.0,388.0,57.0,7.0,251.65826318,CAJAMARCA,CELENDIN,CORTEGANA,0.9520928509692554,0.9520928509692554,32.18253157142368,8.64304235090752,3088.0
060304,13480.0,13264.0,216.0,82.0,9.0,445.40634137,CAJAMARCA,CELENDIN,HUASMIN,0.9839762611275964,0.9839762611275964,30.264499509678366,6.6765578635014835,2810.5
060305,620.0,406.0,214.0,12.0,1.0,51.82449939,CAJAMARCA,CELENDIN,JORGE CHAVEZ,0.6548387096774193,0.6548387096774193,11.963453719721498,16.129032258064516,2620.5
060306,2910.0,2019.0,891.0,21.0,2.0,50.36545485,CAJAMARCA,CELENDIN,JOSE GALVEZ,0.6938144329896907,0.6938144329896907,57.77769720667975,6.872852233676976,2736.5
060307,4863.0,4325.0,538.0,21.0,5.0,262.45036867,CAJAMARCA,CELENDIN,MIGUEL IGLESIAS,0.8893687024470491,0.8893687024470491,18.529217637010227,10.281719103434094,3002.5
060308,6325.0,5876.0,449.0,55.0,4.0,281.50834223,CAJAMARCA,CELENDIN,OXAMARCA,0.9290118577075099,0.9290118577075099,22.468250673837236,6.324110671936759,3229.0
060309,9969.0,9256.0,713.0,81.0,7.0,166.62650324,CAJAMARCA,CELENDIN,SOROCHUCO,0.9284782826762965,0.9284782826762965,59.82841748554958,7.021767479185475,3112.0
060310,5860.0,4738.0,1122.0,34.0,4.0,262.35668005,CAJAMARCA,CELENDIN,SUCRE,0.8085324232081911,0.8085324232081912,22.336004552593057,6.825938566552901,3018.5
060311,1402.0,1322.0,80.0,34.0,1.0,98.91820576,CAJAMARCA,CELENDIN,UTCO,0.9429386590584878,0.9429386590584878,14.173326226737252,7.132667617689016,2170.5
060312,7624.0,7023.0,601.0,29.0,3.0,169.48193706,CAJAMARCA,CELENDIN,LA LIBERTAD DE PALLAN,0.9211699895068206,0.9211699895068206,44.984144813620766,3.934942287513117,3017.0
060401,47155.0,30624.0,16531.0,94.0,50.0,266.21767321,CAJAMARCA,CHOTA,CHOTA,0.6494327218746686,0.6494327218746687,177.12948742814234,10.60332944544587,2858.5
060402,4244.0,3905.0,339.0,15.0,5.0,152.55783902,CAJAMARCA,CHOTA,ANGUIA,0.9201225259189444,0.9201225259189444,27.818957237875015,11.781338360037699,2603.0
060403,3841.0,3417.0,424.0,21.0,5.0,64.78321073,CAJAMARCA,CHOTA,CHADIN,0.8896120801874512,0.8896120801874512,59.290053035628546,13.017443374121322,2552.5
060404,4678.0,4275.0,403.0,17.0,6.0,48.13148557,CAJAMARCA,CHOTA,CHIGUIRIP,0.913852073535699,0.913852073535699,97.19209670344692,12.825994014536127,2524.5
060405,3495.0,2768.0,727.0,29.0,4.0,145.33611044,CAJAMARCA,CHOTA,CHIMBAN,0.7919885550786838,0.7919885550786838,24.04770562125964,11.444921316165953,1671.5
060406,3166.0,2846.0,320.0,23.0,4.0,207.32860965,CAJAMARCA,CHOTA,CHOROPAMPA,0.8989260897030954,0.8989260897030954,15.270444370145807,12.634238787113075,1537.0
060407,6674.0,5400.0,1274.0,30.0,8.0,117.78803899,CAJAMARCA,CHOTA,COCHABAMBA,0.8091099790230746,0.8091099790230746,56.6611012223967,11.986814504045551,2163.5
060408,6343.0,5924.0,419.0,38.0,7.0,152.87154423,CAJAMARCA,CHOTA,CONCHAN,0.933942929213306,0.933942929213306,41.49235249731473,11.035787482263913,2337.0
060409,9553.0,8430.0,1123.0,58.0,9.0,245.37370602,CAJAMARCA,CHOTA,HUAMBOS,0.8824453051397467,0.8824453051397467,38.93245187086733,9.421124254160997,2277.0
060410,13054.0,10990.0,2064.0,40.0,15.0,120.96343453,CAJAMARCA,CHOTA,LAJAS,0.8418875440478014,0.8418875440478014,107.91690935960067,11.490730810479546,2772.0
060411,8104.0,7136.0,968.0,80.0,9.0,490.63496742,CAJAMARCA,CHOTA,LLAMA,0.8805528134254689,0.8805528134254689,16.517371443406933,11.105626850937808,677.0
060412,3741.0,3561.0,180.0,46.0,7.0,421.19225986,CAJAMARCA,CHOTA,MIRACOSTA,0.9518845228548516,0.9518845228548516,8.881929599664225,18.711574445335472,2638.5
060413,5165.0,4162.0,1003.0,22.0,8.0,98.02087325,CAJAMARCA,CHOTA,PACCHA,0.8058083252662149,0.8058083252662149,52.69285845706338,15.488867376573088,1919.5
060414,1625.0,744.0,471.0,12.0,4.0,141.16099208,CAJAMARCA,CHOTA,PION,0.45784615384615385,0.7101538461538461,11.511678800607081,24.615384615384617,1825.0
060415,9266.0,8300.0,417.0,54.0,11.0,298.54815006,CAJAMARCA,CHOTA,QUEROCOTO,0.8957478955320527,0.9549967623570041,31.036869590844184,11.871357651629614,2410.5
060416,1101.0,908.0,193.0,29.0,3.0,200.08608605,CAJAMARCA,CHOTA,SAN JUAN DE LICUPIS,0.8247048138056312,0.8247048138056312,5.502631500947389,27.247956403269754,2310.0
060417,19026.0,15535.0,3491.0,66.0,16.0,193.12518423,CAJAMARCA,CHOTA,TACABAMBA,0.8165142436665616,0.8165142436665616,98.51641087545178,8.409544833385892,2454.0
060418,998.0,779.0,219.0,35.0,1.0,216.95342944,CAJAMARCA,CHOTA,TOCMOCHE,0.7805611222444889,0.780561122244489,4.600065565112461,10.020040080160319,1491.0
060419,10539.0,9763.0,776.0,38.0,14.0,177.39370053,CAJAMARCA,CHOTA,CHALAMARCA,0.926368725685549,0.926368725685549,59.410226904972276,13.283992788689629,2661.0
060501,9026.0,5805.0,3221.0,119.0,6.0,351.83272554,CAJAMARCA,CONTUMAZA,CONTUMAZA,0.6431420341236428,0.6431420341236428,25.654236643696837,6.647462884998893,2323.0
060502,3200.0,758.0,2442.0,41.0,2.0,131.29681066,CAJAMARCA,CONTUMAZA,CHILETE,0.236875,0.23687499999999995,24.372259949912785,6.25,872.5
060503,1519.0,1286.0,233.0,43.0,2.0,292.88129041,CAJAMARCA,CONTUMAZA,CUPISNIQUE,0.8466096115865701,0.8466096115865701,5.186401623243244,13.166556945358789,2201.5
060504,2990.0,2768.0,222.0,45.0,2.0,50.38506875,CAJAMARCA,CONTUMAZA,GUZMANGO,0.925752508361204,0.925752508361204,59.34297747683434,6.688963210702341,2641.5
060505,3580.0,3034.0,546.0,60.0,3.0,486.48337453,CAJAMARCA,CONTUMAZA,SAN BENITO,0.8474860335195531,0.8474860335195531,7.358935962526366,8.379888268156424,1533.0
060506,1236.0,1117.0,119.0,68.0,1.0,65.31478823,CAJAMARCA,CONTUMAZA,SANTA CRUZ DE TOLED,0.9037216828478964,0.9037216828478964,18.923738918781147,8.090614886731393,2619.5
060507,2552.0,1172.0,316.0,36.0,1.0,146.9531414,CAJAMARCA,CONTUMAZA,TANTARICA,0.4592476489028213,0.8761755485893417,17.366079933286816,3.9184952978056424,2275.0
060508,7784.0,2650.0,3870.0,31.0,5.0,544.90704033,CAJAMARCA,CONTUMAZA,YONAN,0.3404419321685509,0.5028263103802673,14.285005375019468,6.423432682425488,288.0
060601,53064.0,36336.0,16728.0,134.0,66.0,429.80701708,CAJAMARCA,CUTERVO,CUTERVO,0.6847580280416101,0.6847580280416101,123.46005972751068,12.43781094527363,2538.0
060602,10474.0,9949.0,525.0,68.0,18.0,307.9614452,CAJAMARCA,CUTERVO,CALLAYUC,0.9498758831392018,0.9498758831392018,34.01075090161968,17.1854114951308,1534.0
060603,3494.0,3127.0,367.0,29.0,4.0,259.19147583,CAJAMARCA,CUTERVO,CHOROS,0.8949627933600458,0.8949627933600458,13.480381593612535,11.448196908986834,455.0
060604,2916.0,2639.0,277.0,20.0,4.0,98.73555147,CAJAMARCA,CUTERVO,CUJILLO,0.9050068587105624,0.9050068587105624,29.533435085800914,13.717421124828531,1481.0
060605,4705.0,4133.0,572.0,16.0,8.0,34.55082518,CAJAMARCA,CUTERVO,LA RAMADA,0.8784272051009564,0.8784272051009564,136.1761976881387,17.003188097768334,1616.5
060606,6201.0,5703.0,498.0,38.0,8.0,169.11639194,CAJAMARCA,CUTERVO,PIMPINGOS,0.9196903725205612,0.9196903725205612,36.667054735888776,12.901144976616674,1697.0
060607,16549.0,15648.0,901.0,78.0,23.0,686.45448645,CAJAMARCA,CUTERVO,QUEROCOTILLO,0.9455556226962354,0.9455556226962354,24.10793479635215,13.898120732370536,1862.0
060608,5323.0,4172.0,1151.0,13.0,5.0,124.41639742,CAJAMARCA,CUTERVO,SAN ANDRES DE CUTERVO,0.7837685515686643,0.7837685515686643,42.78374965343857,9.393199323689648,2124.0
060609,2370.0,1901.0,469.0,25.0,4.0,68.21088205,CAJAMARCA,CUTERVO,SAN JUAN DE CUTERVO,0.8021097046413502,0.8021097046413502,34.74518916589791,16.877637130801688,1777.0
060610,3951.0,3459.0,492.0,20.0,5.0,102.51381182,CAJAMARCA,CUTERVO,SAN LUIS DE LUCMA,0.8754745634016705,0.8754745634016705,38.541148064393575,12.655024044545685,2289.5
060611,3271.0,3008.0,263.0,49.0,7.0,129.46391375,CAJAMARCA,CUTERVO,SANTA CRUZ,0.9195964536838888,0.9195964536838888,25.265727763463357,21.400183430143688,1710.5
060612,5483.0,4689.0,794.0,28.0,12.0,104.5619733,CAJAMARCA,CUTERVO,SANTO DOMINGO DE LA CAPILLA,0.8551887652744847,0.8551887652744847,52.43780149661732,21.88582892577056,1767.5
060613,8365.0,7139.0,1226.0,41.0,12.0,227.4587022,CAJAMARCA,CUTERVO,SANTO TOMAS,0.8534369396294083,0.8534369396294083,36.77590665511148,14.34548714883443,2127.0
060614,10856.0,8638.0,2218.0,37.0,17.0,154.4788759,CAJAMARCA,CUTERVO,SOCOTA,0.7956890198968313,0.7956890198968313,70.27498055480089,15.659543109801033,2102.0
060615,1494.0,1105.0,389.0,25.0,2.0,129.29106615,CAJAMARCA,CUTERVO,TORIBIO CASANOVA,0.7396251673360107,0.7396251673360107,11.555322765044737,13.386880856760374,1421.0
060701,69566.0,51803.0,15632.0,167.0,47.0,453.27679316,CAJAMARCA,HUALGAYOC,BAMBAMARCA,0.7446597475778397,0.7752925279590605,153.47355313521254,6.756173993042578,2935.0
060702,3668.0,3434.0,234.0,19.0,4.0,105.67706048,CAJAMARCA,HUALGAYOC,CHUGUR,0.9362050163576882,0.9362050163576882,34.70951958106547,10.905125408942203,2767.5
060703,17042.0,14635.0,2407.0,53.0,15.0,228.60738714,CAJAMARCA,HUALGAYOC,HUALGAYOC,0.858760708836991,0.858760708836991,74.54702235655849,8.80178382818918,3144.5
060801,85998.0,14433.0,63208.0,115.0,124.0,556.16048024,CAJAMARCA,JAEN,JAEN,0.1678294844066141,0.2650061629340217,154.62803103681384,14.418939975348263,1055.0
060802,15571.0,9039.0,2855.0,71.0,9.0,865.88292179,CAJAMARCA,JAEN,BELLAVISTA,0.5805022156573116,0.8166463297154968,17.982800686045163,5.779975595658596,712.0
060803,10118.0,8717.0,1401.0,53.0,4.0,461.15205697,CAJAMARCA,JAEN,CHONTALI,0.8615338999802332,0.8615338999802332,21.940702306480706,3.95335046451868,2212.0
060804,11452.0,9813.0,975.0,114.0,8.0,603.07854239,CAJAMARCA,JAEN,COLASAY,0.8568808941669578,0.914862032832693,18.989234726567666,6.9856793573174985,1396.0
060805,7732.0,7000.0,732.0,31.0,9.0,84.81561468,CAJAMARCA,JAEN,HUABAL,0.9053285049146405,0.9053285049146405,91.16245904922091,11.639937920331091,1630.0
060806,4344.0,3566.0,778.0,40.0,2.0,65.28996011,CAJAMARCA,JAEN,LAS PIRIAS,0.820902394106814,0.820902394106814,66.53396621289497,4.6040515653775325,1559.5
060807,8750.0,7177.0,1041.0,80.0,7.0,811.554372,CAJAMARCA,JAEN,POMAHUACA,0.8202285714285714,0.8810285714285714,10.78177914122555,8.0,1353.0
060808,7110.0,3714.0,3396.0,32.0,3.0,221.24175,CAJAMARCA,JAEN,PUCARA,0.5223628691983122,0.5223628691983122,32.13679154137951,4.219409282700422,887.5
060809,7718.0,6824.0,894.0,103.0,8.0,365.34660365,CAJAMARCA,JAEN,SALLIQUE,0.8841668826120757,0.8841668826120757,21.125145061958207,10.365379632029024,1706.0
060810,5584.0,5202.0,382.0,82.0,2.0,255.51404656,CAJAMARCA,JAEN,SAN FELIPE,0.9315902578796562,0.9315902578796562,21.853984448908804,3.5816618911174785,1766.0
060811,6936.0,6405.0,175.0,47.0,8.0,504.10147184,CAJAMARCA,JAEN,SAN JOSE DEL ALTO,0.9234429065743944,0.9747693194925029,13.759134593841182,11.534025374855824,1709.0
060812,12263.0,9776.0,1431.0,67.0,6.0,268.15134745,CAJAMARCA,JAEN,SANTA ROSA,0.7971948136671287,0.8833075103971296,45.731636691799885,4.892766859659137,1300.0
060901,32313.0,21047.0,11266.0,94.0,24.0,356.61614079,CAJAMARCA,SAN IGNACIO,SAN IGNACIO,0.6513477547736205,0.6513477547736205,90.61003219993934,7.4273512208708565,1365.5
060902,13434.0,10850.0,1531.0,71.0,8.0,356.51122728,CAJAMARCA,SAN IGNACIO,CHIRINOS,0.8076522256959953,0.8860354324847403,37.681842736046804,5.95503945213637,1536.0
060903,20503.0,18290.0,760.0,89.0,13.0,903.12524859,CAJAMARCA,SAN IGNACIO,HUARANGO,0.8920645759157196,0.9629322538165147,22.702277488100584,6.340535531385651,918.5
060904,18648.0,17074.0,942.0,82.0,17.0,403.58580634,CAJAMARCA,SAN IGNACIO,LA COIPA,0.9155941655941656,0.9494851994851995,46.20578748572251,9.116259116259116,1544.5
060905,10200.0,8691.0,1509.0,39.0,7.0,633.21161561,CAJAMARCA,SAN IGNACIO,NAMBALLE,0.8520588235294118,0.8520588235294118,16.10835895701929,6.862745098039216,1334.0
060906,18171.0,17156.0,1015.0,78.0,15.0,1359.07506956,CAJAMARCA,SAN IGNACIO,SAN JOSE DE LOURDES,0.9441417643497881,0.9441417643497881,13.370122377333324,8.254911672445104,1119.0
060907,17672.0,17229.0,443.0,88.0,9.0,774.56014916,CAJAMARCA,SAN IGNACIO,TABACONAS,0.9749320959710276,0.9749320959710276,22.815529586908188,5.092802172928928,1611.0
061001,19288.0,10602.0,8093.0,59.0,13.0,242.59263004,CAJAMARCA,SAN MARCOS,PEDRO GALVEZ,0.5496681874740772,0.5804126918291166,79.50777398645495,6.739941932807963,2458.0
061002,3515.0,3013.0,502.0,27.0,3.0,68.29175751,CAJAMARCA,SAN MARCOS,CHANCAY,0.8571834992887625,0.8571834992887625,51.47034031867311,8.534850640113799,2589.0
061003,2111.0,1576.0,535.0,10.0,1.0,62.28786747,CAJAMARCA,SAN MARCOS,EDUARDO VILLANUEVA,0.7465656087162482,0.7465656087162482,33.89103023982529,4.737091425864519,2008.0
061004,7188.0,6787.0,401.0,50.0,5.0,220.92170391,CAJAMARCA,SAN MARCOS,GREGORIO PITA,0.9442125765164162,0.9442125765164162,32.536413909464855,6.956037840845854,3125.0
061005,2168.0,1552.0,616.0,16.0,1.0,67.88134766,CAJAMARCA,SAN MARCOS,ICHOCAN,0.7158671586715867,0.7158671586715868,31.938081295305857,4.612546125461255,2751.0
061006,4192.0,3566.0,626.0,52.0,1.0,107.76602916,CAJAMARCA,SAN MARCOS,JOSE MANUEL QUIROZ,0.8506679389312977,0.8506679389312977,38.89908566433441,2.3854961832061066,2735.0
061007,12985.0,12710.0,275.0,64.0,6.0,582.89192516,CAJAMARCA,SAN MARCOS,JOSE SABOGAL,0.9788217173661917,0.9788217173661917,22.276856891499573,4.620716211012708,2538.5
061101,16088.0,12453.0,3124.0,60.0,9.0,354.78169069,CAJAMARCA,SAN MIGUEL,SAN MIGUEL,0.7740551964196917,0.80581800099453,45.34619576537652,5.5942317255096965,2609.0
061102,1810.0,1239.0,571.0,37.0,2.0,84.43721257,CAJAMARCA,SAN MIGUEL,BOLIVAR,0.6845303867403315,0.6845303867403315,21.436046322579358,11.049723756906078,799.0
061103,3822.0,3725.0,97.0,22.0,3.0,339.06653141,CAJAMARCA,SAN MIGUEL,CALQUIS,0.9746206174777603,0.9746206174777603,11.27212404039498,7.849293563579279,2971.0
061104,3529.0,3160.0,369.0,23.0,2.0,202.03958171,CAJAMARCA,SAN MIGUEL,CATILLUC,0.8954378010767923,0.8954378010767923,17.46687441209116,5.667327854916407,3105.5
061105,1953.0,1694.0,259.0,15.0,5.0,70.30919864,CAJAMARCA,SAN MIGUEL,EL PRADO,0.8673835125448028,0.8673835125448028,27.77730421875279,25.60163850486431,2906.0
061106,2531.0,1939.0,592.0,26.0,1.0,54.97532792,CAJAMARCA,SAN MIGUEL,LA FLORIDA,0.7661003555906756,0.7661003555906756,46.03883406904106,3.9510075069142627,1280.0
061107,5466.0,4734.0,732.0,26.0,7.0,142.29489264,CAJAMARCA,SAN MIGUEL,LLAPA,0.8660812294182217,0.8660812294182217,38.41318475026891,12.806439809732895,3011.0
061108,1404.0,1140.0,264.0,41.0,2.0,358.82114369,CAJAMARCA,SAN MIGUEL,NANCHOC,0.811965811965812,0.811965811965812,3.9128129004933223,14.245014245014247,611.0
061109,4452.0,3814.0,638.0,42.0,4.0,154.96824205,CAJAMARCA,SAN MIGUEL,NIEPOS,0.8566936208445642,0.8566936208445642,28.72846682072819,8.984725965858042,2813.0
061110,2513.0,2324.0,189.0,49.0,3.0,308.19603709,CAJAMARCA,SAN MIGUEL,SAN GREGORIO,0.924791086350975,0.924791086350975,8.153901081038718,11.937922801432551,1111.0
061111,4642.0,4383.0,259.0,34.0,6.0,134.20095653,CAJAMARCA,SAN MIGUEL,SAN SILVESTRE DE COCHAN,0.9442050840155105,0.9442050840155105,34.589917389763926,12.925463162429986,3142.0
061112,4385.0,3384.0,1001.0,19.0,4.0,161.13628676,CAJAMARCA,SAN MIGUEL,TONGOD,0.7717217787913341,0.7717217787913341,27.212989005580834,9.122006841505131,2927.0
061113,3704.0,3238.0,466.0,31.0,2.0,170.00878513,CAJAMARCA,SAN MIGUEL,UNION AGUA BLANCA,0.8741900647948164,0.8741900647948164,21.787109396538984,5.399568034557236,2683.0
061201,13347.0,10162.0,3185.0,45.0,8.0,200.00287607,CAJAMARCA,SAN PABLO,SAN PABLO,0.761369596163932,0.761369596163932,66.73404034114297,5.993856297295272,3335.0
061202,4710.0,4531.0,179.0,27.0,3.0,166.34996105,CAJAMARCA,SAN PABLO,SAN BERNARDINO,0.961995753715499,0.961995753715499,28.313802842336166,6.369426751592356,1420.0
061203,1288.0,1192.0,96.0,15.0,2.0,42.78858645,CAJAMARCA,SAN PABLO,SAN LUIS,0.9254658385093167,0.9254658385093167,30.101485159017216,15.527950310559005,1561.5
061204,3524.0,3390.0,134.0,19.0,3.0,255.67332328,CAJAMARCA,SAN PABLO,TUMBADEN,0.9619750283768445,0.9619750283768445,13.783213495999737,8.51305334846765,3073.0
061301,10351.0,5691.0,4660.0,54.0,9.0,105.16387285,CAJAMARCA,SANTA CRUZ,SANTA CRUZ,0.5498019515022703,0.5498019515022703,98.4273374447145,8.694812095449715,2091.0
061302,1752.0,1499.0,253.0,13.0,1.0,8.6236594,CAJAMARCA,SANTA CRUZ,ANDABAMBA,0.855593607305936,0.855593607305936,203.16201263700188,5.707762557077626,2410.5
061303,9557.0,8161.0,717.0,76.0,8.0,564.10196035,CAJAMARCA,SANTA CRUZ,CATACHE,0.8539290572355341,0.9249764570471906,16.94197267825538,8.370827665585434,2417.5
061304,3880.0,3559.0,321.0,30.0,6.0,127.67313388,CAJAMARCA,SANTA CRUZ,CHANCAYBANOS,0.9172680412371134,0.9172680412371134,30.390105436330973,15.463917525773196,1653.0
061305,2889.0,2710.0,179.0,34.0,3.0,59.68612518,CAJAMARCA,SANTA CRUZ,LA ESPERANZA,0.9380408445829007,0.9380408445829007,48.40320914261769,10.384215991692628,1742.5
061306,3021.0,2635.0,386.0,14.0,3.0,57.49533833,CAJAMARCA,SANTA CRUZ,NINABAMBA,0.8722277391592188,0.8722277391592188,52.543390259931705,9.930486593843098,2333.5
061307,4877.0,4445.0,432.0,32.0,5.0,158.92355004,CAJAMARCA,SANTA CRUZ,PULAN,0.9114209555054337,0.9114209555054337,30.687711159060388,10.25220422390814,2239.5
061308,2031.0,1748.0,283.0,10.0,2.0,31.24449853,CAJAMARCA,SANTA CRUZ,SAUCEPAMPA,0.8606597735105859,0.8606597735105859,65.00344366384682,9.847365829640571,2206.0
061309,515.0,236.0,279.0,24.0,1.0,190.73459627,CAJAMARCA,SANTA CRUZ,SEXI,0.458252427184466,0.458252427184466,2.700086979873208,19.41747572815534,2285.5
061310,1735.0,1534.0,201.0,11.0,3.0,43.28364303,CAJAMARCA,SANTA CRUZ,UTICYACU,0.884149855907781,0.884149855907781,40.08442632237465,17.29106628242075,2072.5
061311,3425.0,2623.0,802.0,17.0,4.0,33.73101833,CAJAMARCA,SANTA CRUZ,YAUYUCAN,0.7658394160583941,0.7658394160583941,101.53858879955138,11.678832116788323,2609.5
070101,415888.0,0.0,415888.0,1.0,270.0,48.95461742,CALLAO,CALLAO,CALLAO,0.0,0.0,8495.378412049287,6.492132497210787,11.0
070102,75163.0,0.0,75163.0,1.0,87.0,4.55506493,CALLAO,CALLAO,BELLAVISTA,0.0,0.0,16500.97224848999,11.57484400569429,16.0
070103,41863.0,0.0,41863.0,1.0,98.0,1.92237341,CALLAO,CALLAO,CARMEN DE LA LEGUA REYNOSO,0.0,0.0,21776.726510173692,23.409693524114374,50.0
070104,61698.0,0.0,61698.0,1.0,48.0,3.30682622,CALLAO,CALLAO,LA PERLA,0.0,0.0,18657.769079864138,7.779830788680346,21.0
070105,4370.0,0.0,4370.0,1.0,8.0,0.77221815,CALLAO,CALLAO,LA PUNTA,0.0,0.0,5659.022647939575,18.30663615560641,6.0
070106,277895.0,0.0,277895.0,1.0,163.0,78.01933045,CALLAO,CALLAO,VENTANILLA,0.0,0.0,3561.873684344083,5.865524748556109,23.0
070107,51522.0,0.0,51522.0,1.0,22.0,2.81256174,CALLAO,CALLAO,MI PERU,0.0,0.0,18318.531204936324,4.270020573735492,114.0
080101,108991.0,2591.0,106400.0,48.0,127.0,101.42379144,CUSCO,CUSCO,CUSCO,0.023772605077483463,0.023772605077483466,1074.6097976871292,11.652338266462369,3591.5
080102,2365.0,1736.0,311.0,28.0,1.0,161.58004971,CUSCO,CUSCO,CCORCA,0.7340380549682876,0.8684989429175476,14.636707961438589,4.2283298097251585,3759.0
080103,4526.0,3565.0,961.0,25.0,2.0,13.35800184,CUSCO,CUSCO,POROY,0.7876712328767124,0.7876712328767124,338.8231304510735,4.4189129474149365,3607.0
080104,31723.0,2045.0,29678.0,46.0,29.0,95.54692381,CUSCO,CUSCO,SAN JERONIMO,0.06446426882703402,0.06446426882703404,332.0148753620036,9.141632254200422,3381.0
080105,92117.0,2469.0,89648.0,17.0,47.0,68.37422606,CUSCO,CUSCO,SAN SEBASTIAN,0.026802870262817937,0.026802870262817913,1347.2474250628468,5.10220697591107,3393.5
080106,66976.0,2901.0,64075.0,23.0,28.0,59.11708568,CUSCO,CUSCO,SANTIAGO,0.04331402293358815,0.0433140229335881,1132.9381215193894,4.1806020066889635,3586.0
080107,3009.0,1754.0,1255.0,23.0,1.0,24.1405028,CUSCO,CUSCO,SAYLLA,0.582917912927883,0.582917912927883,124.64529114944533,3.3233632436025253,3148.5
080108,59134.0,0.0,59134.0,1.0,215.0,5.66656435,CUSCO,CUSCO,WANCHAQ,0.0,0.0,10435.600188675171,36.358101937971384,3364.0
080201,5463.0,3309.0,2154.0,75.0,2.0,141.3003391,CUSCO,ACOMAYO,ACOMAYO,0.6057111477210324,0.6057111477210324,38.662327598051746,3.660992128866923,3272.5
080202,2587.0,1121.0,1466.0,6.0,1.0,71.39349034,CUSCO,ACOMAYO,ACOPIA,0.4333204483958253,0.4333204483958253,36.235796676697404,3.8654812524159254,3732.5
080203,2545.0,1072.0,759.0,43.0,1.0,137.69424496,CUSCO,ACOMAYO,ACOS,0.4212180746561886,0.7017681728880157,18.48298017639967,3.9292730844793713,3088.0
080204,1864.0,1244.0,620.0,16.0,1.0,43.88737975,CUSCO,ACOMAYO,MOSOC LLACTA,0.6673819742489271,0.6673819742489271,42.472346506400854,5.364806866952789,3637.0
080205,8778.0,4126.0,3563.0,81.0,3.0,267.27937803,CUSCO,ACOMAYO,POMACANCHI,0.4700387331966279,0.5940988835725678,32.84203990857364,3.417634996582365,3712.0
080206,2919.0,1511.0,289.0,51.0,1.0,183.0114006,CUSCO,ACOMAYO,RONDOCAN,0.5176430284343954,0.9009934909215485,15.949826024117101,3.4258307639602603,3395.0
080207,3753.0,1066.0,1360.0,25.0,2.0,86.02206286,CUSCO,ACOMAYO,SANGARARA,0.2840394351185718,0.6376232347455368,43.62834225573,5.329070077271516,3774.0
080301,16211.0,9130.0,6652.0,51.0,8.0,187.47867512,CUSCO,ANTA,ANTA,0.5631978286348776,0.5896613410647091,86.4685009621696,4.934920732835729,3385.0
080302,6827.0,5204.0,1623.0,46.0,1.0,124.08002042,CUSCO,ANTA,ANCAHUASI,0.7622674674088179,0.7622674674088179,55.02094516821647,1.4647722279185587,3472.0
080303,2170.0,641.0,1529.0,16.0,1.0,43.62227731,CUSCO,ANTA,CACHIMAYO,0.29539170506912443,0.2953917050691244,49.74522500462276,4.608294930875576,3846.0
080304,4756.0,3813.0,943.0,113.0,3.0,395.87205113,CUSCO,ANTA,CHINCHAYPUJIO,0.8017241379310345,0.8017241379310345,12.013982766462547,6.307821698906644,3083.0
080305,5719.0,3482.0,2237.0,82.0,2.0,220.30413295,CUSCO,ANTA,HUAROCONDO,0.6088477006469663,0.6088477006469663,25.95956745531405,3.497114880223815,3446.0
080306,9510.0,7658.0,1852.0,119.0,3.0,505.96114944,CUSCO,ANTA,LIMATAMBO,0.8052576235541535,0.8052576235541535,18.795909548639674,3.154574132492114,2727.0
080307,3102.0,1940.0,1162.0,94.0,2.0,369.21005745,CUSCO,ANTA,MOLLEPATA,0.6254029658284977,0.6254029658284977,8.401721289567215,6.447453255963894,3319.0
080308,3545.0,2066.0,1479.0,29.0,1.0,33.96741499,CUSCO,ANTA,PUCYURA,0.5827926657263752,0.5827926657263751,104.36472722589126,2.8208744710860367,3395.5
080309,3705.0,2225.0,1480.0,24.0,1.0,60.89689802,CUSCO,ANTA,ZURITE,0.6005398110661269,0.6005398110661269,60.84053737487891,2.6990553306342777,3362.0
080401,19637.0,9224.0,10413.0,129.0,6.0,312.43641052,CUSCO,CALCA,CALCA,0.46972551815450425,0.46972551815450425,62.85118935823575,3.0554565361307735,3685.0
080402,3948.0,2682.0,1266.0,28.0,2.0,70.23940633,CUSCO,CALCA,COYA,0.6793313069908815,0.6793313069908815,56.2077643630904,5.065856129685917,3406.5
080403,5367.0,3558.0,1809.0,76.0,5.0,95.48996314,CUSCO,CALCA,LAMAY,0.6629401900503075,0.6629401900503074,56.204859898535304,9.31619154089808,3286.0
080404,7138.0,5191.0,522.0,77.0,5.0,731.85891919,CUSCO,CALCA,LARES,0.7272345194732418,0.9268702717848136,9.753245895944165,7.004763239002522,3385.0
080405,9699.0,6277.0,3422.0,30.0,4.0,147.70651837,CUSCO,CALCA,PISAC,0.647180121662027,0.647180121662027,65.66399443323363,4.124136508918445,3436.5
080406,5219.0,4021.0,1198.0,28.0,2.0,128.04611962,CUSCO,CALCA,SAN SALVADOR,0.7704541099827553,0.7704541099827553,40.758751733268646,3.8321517532094274,3473.5
080407,4275.0,3786.0,489.0,17.0,3.0,54.86005908,CUSCO,CALCA,TARAY,0.8856140350877193,0.8856140350877193,77.92554495367852,7.017543859649122,3407.0
080408,11079.0,8506.0,2573.0,159.0,11.0,1992.61599263,CUSCO,CALCA,YANATILE,0.7677588229984655,0.7677588229984655,5.560027642544978,9.928693925444534,1202.0
080501,9701.0,7393.0,2308.0,65.0,3.0,291.11248582,CUSCO,CANAS,YANAOCA,0.7620863828471292,0.7620863828471292,33.323888436713425,3.0924646943614063,3913.0
080502,7616.0,7369.0,247.0,121.0,2.0,504.06896947,CUSCO,CANAS,CHECCA,0.9675682773109243,0.9675682773109243,15.109043526340836,2.6260504201680672,3919.0
080503,7011.0,5875.0,1136.0,57.0,1.0,393.76141539,CUSCO,CANAS,KUNTURKANKI,0.8379689060048495,0.8379689060048495,17.805198086907456,1.426330052774212,3942.5
080504,3458.0,3117.0,341.0,41.0,2.0,171.1223885,CUSCO,CANAS,LANGUI,0.9013880855986119,0.9013880855986119,20.207759079987362,5.78368999421631,3978.5
080505,6603.0,6010.0,593.0,73.0,1.0,425.82372026,CUSCO,CANAS,LAYO,0.9101923368165985,0.9101923368165985,15.50641658940073,1.5144631228229593,4069.5
080506,2047.0,1209.0,680.0,12.0,1.0,31.17341716,CUSCO,CANAS,PAMPAMARCA,0.5906204201270151,0.6678065461651197,65.66492179839035,4.885197850512945,3797.0
080507,3285.0,3028.0,257.0,52.0,3.0,148.85883708,CUSCO,CANAS,QUEHUE,0.921765601217656,0.921765601217656,22.067887029337527,9.132420091324201,3917.5
080508,2965.0,2529.0,436.0,36.0,4.0,115.17173624,CUSCO,CANAS,TUPAC AMARU,0.8529510961214165,0.8529510961214165,25.744163427573937,13.490725126475548,3912.0
080601,57546.0,14995.0,41352.0,258.0,17.0,646.40478054,CUSCO,CANCHIS,SICUANI,0.26057414937615125,0.28140965488478786,89.02471289263462,2.9541584124005147,3556.0
080602,4901.0,2567.0,1971.0,75.0,1.0,936.92613045,CUSCO,CANCHIS,CHECACUPE,0.5237706590491736,0.5978371760865129,5.230935332805885,2.0403999183840034,3417.0
080603,5796.0,3829.0,1967.0,65.0,2.0,173.40161481,CUSCO,CANCHIS,COMBAPATA,0.6606280193236715,0.6606280193236715,33.4252942589422,3.450655624568668,4027.0
080604,13045.0,10314.0,2430.0,82.0,4.0,438.74492944,CUSCO,CANCHIS,MARANGANI,0.7906477577615945,0.8137217324645458,29.732537346130062,3.06630893062476,3666.0
080605,7007.0,3911.0,2996.0,192.0,2.0,1091.06699415,CUSCO,CANCHIS,PITUMARCA,0.5581561295847011,0.5724275724275725,6.422153761015226,2.8542885685742827,3824.0
080606,4979.0,3397.0,1582.0,57.0,2.0,522.96044693,CUSCO,CANCHIS,SAN PABLO,0.6822655151636875,0.6822655151636875,9.52079651382594,4.016870857601928,3493.5
080607,2974.0,1454.0,1204.0,21.0,1.0,55.97966442,CUSCO,CANCHIS,SAN PEDRO,0.48890383322125086,0.5951580363147276,53.12643494407,3.3624747814391394,3483.0
080608,6395.0,3821.0,2574.0,28.0,1.0,82.59484509,CUSCO,CANCHIS,TINTA,0.597498045347928,0.597498045347928,77.42613952519248,1.5637216575449568,3503.0
080701,25302.0,15366.0,7575.0,347.0,14.0,1904.77646977,CUSCO,CHUMBIVILCAS,SANTO TOMAS,0.6073037704529286,0.7006165520512213,13.283448426394722,5.533159434036834,3997.0
080702,4592.0,3968.0,624.0,68.0,3.0,267.80396529,CUSCO,CHUMBIVILCAS,CAPACMARCA,0.8641114982578397,0.8641114982578397,17.14687082779901,6.533101045296168,3654.5
080703,7730.0,6605.0,689.0,142.0,7.0,674.06658327,CUSCO,CHUMBIVILCAS,CHAMACA,0.8544631306597671,0.9108667529107374,11.467709855160878,9.055627425614489,4035.5
080704,9046.0,7856.0,1190.0,124.0,5.0,452.19489601,CUSCO,CHUMBIVILCAS,COLQUEMARCA,0.868450143709927,0.868450143709927,20.00464861460965,5.52730488613752,3585.0
080705,11457.0,10509.0,948.0,194.0,9.0,746.6381377,CUSCO,CHUMBIVILCAS,LIVITACA,0.9172558261324955,0.9172558261324955,15.34478272874327,7.855459544383347,3733.0
080706,6274.0,5307.0,967.0,118.0,6.0,314.99296935,CUSCO,CHUMBIVILCAS,LLUSCO,0.8458718520879821,0.8458718520879822,19.917904875612425,9.56327701625757,3624.0
080707,4317.0,3591.0,726.0,82.0,4.0,226.04232033,CUSCO,CHUMBIVILCAS,QUINOTA,0.8318276580959,0.8318276580958999,19.098193620104396,9.26569376882094,3786.5
080708,8047.0,6058.0,1989.0,270.0,7.0,759.87170543,CUSCO,CHUMBIVILCAS,VELILLE,0.752827140549273,0.752827140549273,10.589945569096198,8.698893997763141,4021.0
080801,32026.0,7460.0,23867.0,231.0,13.0,737.9273075,CUSCO,ESPINAR,ESPINAR,0.23293573971148443,0.2547617560731905,43.3999388212097,4.059201898457503,3997.5
080802,1208.0,732.0,476.0,134.0,1.0,515.21696762,CUSCO,ESPINAR,CONDOROMA,0.6059602649006622,0.6059602649006622,2.3446432783071005,8.278145695364238,4638.5
080803,15703.0,15232.0,265.0,304.0,3.0,1543.26758359,CUSCO,ESPINAR,COPORAQUE,0.9700057313889066,0.9831242437750748,10.17516350824344,1.9104629688594534,3957.0
080804,1805.0,1647.0,158.0,152.0,1.0,359.2424826,CUSCO,ESPINAR,OCORURO,0.9124653739612189,0.9124653739612189,5.024461436009461,5.54016620498615,4123.5
080805,5313.0,3827.0,1486.0,227.0,1.0,817.31696023,CUSCO,ESPINAR,PALLPATA,0.720308676830416,0.7203086768304159,6.500538051363668,1.8821757952192735,4110.0
080806,3625.0,3003.0,266.0,108.0,2.0,273.92841239,CUSCO,ESPINAR,PICHIGUA,0.8284137931034483,0.9266206896551724,13.233384475791361,5.517241379310345,3967.0
080807,2796.0,2517.0,279.0,123.0,1.0,627.78758539,CUSCO,ESPINAR,SUYCKUTAMBO,0.9002145922746781,0.9002145922746781,4.453735730156312,3.57653791130186,4328.5
080808,2669.0,2422.0,247.0,96.0,1.0,359.58903224,CUSCO,ESPINAR,ALTO PICHIGUA,0.9074559760209816,0.9074559760209816,7.422362087558424,3.7467216185837393,4039.5
080901,33683.0,7110.0,26573.0,85.0,19.0,391.52697859,CUSCO,LA CONVENCION,SANTA ANA,0.2110857108927352,0.2110857108927352,86.02983151072262,5.640827717246088,1060.0
080902,43101.0,38086.0,1380.0,346.0,29.0,10575.78841447,CUSCO,LA CONVENCION,ECHARATE,0.8836453910582122,0.9679821813879028,4.07544083815334,6.728382172107376,835.0
080903,6289.0,3910.0,1513.0,76.0,6.0,530.03445782,CUSCO,LA CONVENCION,HUAYOPATA,0.6217204643027509,0.7594212116393704,11.865266318469711,9.540467482906662,1690.0
080904,6770.0,6040.0,730.0,59.0,3.0,164.61222262,CUSCO,LA CONVENCION,MARANURA,0.8921713441654358,0.8921713441654358,41.126958206671226,4.431314623338257,1820.0
080905,6244.0,5844.0,400.0,80.0,3.0,862.46177543,CUSCO,LA CONVENCION,OCOBAMBA,0.9359385009609225,0.9359385009609225,7.239741143179257,4.804612427930814,1619.0
080906,15084.0,13506.0,1286.0,168.0,9.0,1964.62433505,CUSCO,LA CONVENCION,QUELLOUNO,0.8953858392999204,0.9147440997083002,7.677803705722758,5.966587112171838,971.0
080907,16445.0,12076.0,4369.0,79.0,5.0,786.44564907,CUSCO,LA CONVENCION,KIMBIRI,0.7343265430221952,0.7343265430221952,20.910535927621698,3.0404378230465188,1142.5
080908,6923.0,5401.0,1522.0,128.0,3.0,1329.38093731,CUSCO,LA CONVENCION,SANTA TERESA,0.7801531128123645,0.7801531128123645,5.2076871314317765,4.333381482016467,1775.0
080909,12992.0,12597.0,395.0,274.0,8.0,2327.52737711,CUSCO,LA CONVENCION,VILCABAMBA,0.9695966748768473,0.9695966748768473,5.581889230506779,6.157635467980295,2423.5
080910,15762.0,8831.0,5236.0,77.0,18.0,813.17984526,CUSCO,LA CONVENCION,PICHARI,0.5602715391447786,0.6678086537241467,19.3831660878909,11.419870574800152,580.5
080911,2602.0,2602.0,619.0,16.0,6.0,772.72669803,CUSCO,LA CONVENCION,INKAWASI,1.0,0.7621060722521138,3.3672966219927103,23.059185242121444,1649.0
080912,1993.0,1993.0,1587.0,10.0,3.0,439.11842156,CUSCO,LA CONVENCION,VILLA VIRGEN,1.0,0.20371299548419464,4.5386390143226585,15.052684395383844,1136.5
081001,3566.0,1886.0,1680.0,53.0,1.0,152.65703641,CUSCO,PARURO,PARURO,0.5288839035333707,0.5288839035333708,23.359552129798878,2.8042624789680315,3209.0
081002,3853.0,2572.0,1281.0,47.0,1.0,238.78028673,CUSCO,PARURO,ACCHA,0.6675317934077343,0.6675317934077343,16.136172934396242,2.595380223202699,3399.5
081003,4120.0,3258.0,862.0,47.0,2.0,325.51625883,CUSCO,PARURO,CCAPI,0.7907766990291262,0.7907766990291262,12.65681786466973,4.854368932038835,3187.0
081004,1335.0,51.0,194.0,13.0,2.0,139.83551271,CUSCO,PARURO,COLCHA,0.038202247191011236,0.854681647940075,9.546931062988342,14.981273408239701,2798.0
081005,5843.0,4515.0,1328.0,87.0,2.0,361.03429961,CUSCO,PARURO,HUANOQUITE,0.7727194934109191,0.7727194934109191,16.184057875697082,3.422899195618689,3254.5
081006,6431.0,4793.0,398.0,68.0,4.0,427.21516276,CUSCO,PARURO,OMACHA,0.7452962214274608,0.9381122686984917,15.053304659068932,6.219872492613901,3923.0
081007,2623.0,1804.0,734.0,36.0,1.0,142.05866988,CUSCO,PARURO,PACCARITAMBO,0.6877621044605413,0.7201677468547465,18.464202165314546,3.8124285169653067,2585.0
081008,1327.0,136.0,587.0,11.0,1.0,78.40272782,CUSCO,PARURO,PILLPINTO,0.10248681235870384,0.557648831951771,16.925431511089485,7.535795026375283,3637.0
081009,2674.0,2182.0,492.0,44.0,1.0,100.83924277,CUSCO,PARURO,YAURISQUE,0.8160059835452506,0.8160059835452506,26.517454182981268,3.7397157816005984,3571.5
081101,12650.0,9094.0,3556.0,154.0,4.0,1091.14029883,CUSCO,PAUCARTAMBO,PAUCARTAMBO,0.7188932806324111,0.7188932806324111,11.593376226287537,3.1620553359683794,3287.0
081102,2521.0,1934.0,333.0,24.0,2.0,106.83156776,CUSCO,PAUCARTAMBO,CAICAY,0.7671558905196351,0.8679095596985323,23.597893889037504,7.933359777865927,3108.0
081103,10240.0,9365.0,875.0,183.0,3.0,714.10227311,CUSCO,PAUCARTAMBO,CHALLABAMBA,0.91455078125,0.91455078125,14.339682683551175,2.9296875,3001.0
081104,9616.0,9057.0,559.0,81.0,5.0,459.46003249,CUSCO,PAUCARTAMBO,COLQUEPATA,0.9418677204658902,0.9418677204658902,20.928915074260107,5.199667221297837,3656.0
081105,6890.0,5587.0,1303.0,33.0,1.0,145.54457223,CUSCO,PAUCARTAMBO,HUANCARANI,0.8108853410740203,0.8108853410740203,47.339450001006746,1.4513788098693758,3958.5
081106,4793.0,3162.0,1631.0,54.0,2.0,3266.61592909,CUSCO,PAUCARTAMBO,KOSNIPATA,0.659712080116837,0.659712080116837,1.4672676874306474,4.1727519298977676,780.0
081201,13571.0,7805.0,5114.0,63.0,4.0,140.59423414,CUSCO,QUISPICANCHI,URCOS,0.5751234249502616,0.6231670473804436,96.52600679545904,2.9474614987841723,3560.0
081202,4951.0,1918.0,2184.0,27.0,1.0,85.66892529,CUSCO,QUISPICANCHI,ANDAHUAYLILLAS,0.38739648555847306,0.5588769945465563,57.79225061176205,2.0197939810139363,3126.0
081203,2111.0,801.0,1310.0,50.0,1.0,3361.3364293,CUSCO,QUISPICANCHI,CAMANTI,0.379441023211748,0.379441023211748,0.6280240149718119,4.737091425864519,711.5
081204,2886.0,2293.0,593.0,71.0,1.0,303.37468741,CUSCO,QUISPICANCHI,CCARHUAYO,0.7945252945252945,0.7945252945252945,9.5129887883483,3.465003465003465,3877.0
081205,14630.0,12688.0,538.0,110.0,6.0,296.71224704,CUSCO,QUISPICANCHI,CCATCA,0.867259056732741,0.9632262474367738,49.30703112510121,4.101161995898838,3698.0
081206,5146.0,3961.0,1185.0,42.0,2.0,242.51816147,CUSCO,QUISPICANCHI,CUSIPATA,0.7697240575204042,0.7697240575204042,21.219029407150487,3.8865137971239796,3414.5
081207,4366.0,2542.0,1420.0,34.0,4.0,108.44498765,CUSCO,QUISPICANCHI,HUARO,0.5822262940907009,0.6747595052679798,40.26004423635526,9.161704076958314,3387.0
081208,3880.0,792.0,2023.0,36.0,2.0,118.02404332,CUSCO,QUISPICANCHI,LUCRE,0.20412371134020618,0.4786082474226804,32.87465749228833,5.154639175257732,3080.0
081209,4514.0,3958.0,556.0,168.0,2.0,1300.20471794,CUSCO,QUISPICANCHI,MARCAPATA,0.8768276473194506,0.8768276473194506,3.4717609755730066,4.430660168365086,2875.5
081210,13590.0,11160.0,1986.0,169.0,2.0,947.8145773,CUSCO,QUISPICANCHI,OCONGATE,0.8211920529801324,0.8538631346578367,14.338247506926162,1.4716703458425313,3821.0
081211,6579.0,881.0,3001.0,34.0,1.0,78.30580798,CUSCO,QUISPICANCHI,OROPESA,0.1339109287125703,0.5438516491868065,84.0167564796769,1.519987840097279,3120.0
081212,10971.0,9485.0,1486.0,85.0,2.0,364.18380954,CUSCO,QUISPICANCHI,QUIQUIJANA,0.8645520007291951,0.8645520007291951,30.124897682457252,1.822987877130617,3213.0
081301,18516.0,6699.0,11817.0,45.0,15.0,160.95241556,CUSCO,URUBAMBA,URUBAMBA,0.3617952041477641,0.3617952041477641,115.04021195070284,8.101101749837978,2916.0
081302,9540.0,6876.0,2664.0,37.0,3.0,102.39932633,CUSCO,URUBAMBA,CHINCHERO,0.720754716981132,0.7207547169811321,93.16467541256725,3.144654088050314,3724.0
081303,5332.0,4061.0,1271.0,38.0,1.0,76.78306563,CUSCO,URUBAMBA,HUAYLLABAMBA,0.7616279069767442,0.7616279069767442,69.44239535438304,1.8754688672168043,3267.0
081304,5286.0,840.0,4446.0,35.0,12.0,361.14612673,CUSCO,URUBAMBA,MACHUPICCHU,0.15891032917139614,0.15891032917139614,14.636734575730113,22.701475595913735,2553.0
081305,6258.0,4626.0,1632.0,38.0,2.0,141.1383639,CUSCO,URUBAMBA,MARAS,0.7392138063279002,0.7392138063279003,44.339468214566715,3.1959092361776924,3481.5
081306,9851.0,6869.0,2982.0,108.0,5.0,579.17940518,CUSCO,URUBAMBA,OLLANTAYTAMBO,0.6972896152674856,0.6972896152674855,17.008546767885267,5.0756268399147295,3384.0
081307,3101.0,182.0,2919.0,15.0,1.0,23.77430049,CUSCO,URUBAMBA,YUCAY,0.05869074492099323,0.05869074492099324,130.4349627996142,3.224766204450177,2855.5
090101,36402.0,4157.0,30918.0,75.0,45.0,510.63502035,HUANCAVELICA,HUANCAVELICA,HUANCAVELICA,0.11419702214164057,0.1506510631283995,71.28770755881432,12.361958134168452,3791.0
090102,3976.0,3188.0,788.0,39.0,6.0,736.86272871,HUANCAVELICA,HUANCAVELICA,ACOBAMBILLA,0.8018108651911469,0.8018108651911469,5.39584897577958,15.090543259557343,3815.5
090103,30896.0,27175.0,1180.0,167.0,28.0,543.58148133,HUANCAVELICA,HUANCAVELICA,ACORIA,0.8795636975660279,0.9618073537027447,56.83784503549618,9.062661833247022,3886.5
090104,1323.0,617.0,706.0,17.0,1.0,41.434624,HUANCAVELICA,HUANCAVELICA,CONAYCA,0.46636432350718066,0.4663643235071806,31.929817922325057,7.558578987150416,3733.0
090105,2287.0,1865.0,422.0,52.0,3.0,55.06194054,HUANCAVELICA,HUANCAVELICA,CUENCA,0.8154787931788369,0.8154787931788369,41.535041765166234,13.117621337997377,3776.0
090106,3032.0,1235.0,892.0,54.0,3.0,337.58169594,HUANCAVELICA,HUANCAVELICA,HUACHOCOLPA,0.40732189973614774,0.7058047493403694,8.981529616282549,9.894459102902376,4075.0
090107,907.0,326.0,581.0,19.0,1.0,36.41589135,HUANCAVELICA,HUANCAVELICA,HUAYLLAHUARA,0.35942668136714445,0.3594266813671444,24.906708757521596,11.025358324145534,3865.5
090108,979.0,399.0,580.0,11.0,1.0,12.34966671,HUANCAVELICA,HUANCAVELICA,IZCUCHACA,0.40755873340143,0.40755873340143,79.27339441535423,10.21450459652707,2911.0
090109,1443.0,947.0,496.0,37.0,2.0,64.37500289,HUANCAVELICA,HUANCAVELICA,LARIA,0.6562716562716563,0.6562716562716563,22.41553297427743,13.86001386001386,3985.0
090110,1741.0,1379.0,362.0,74.0,3.0,158.58272936,HUANCAVELICA,HUANCAVELICA,MANTA,0.7920735209649626,0.7920735209649626,10.978496883148864,17.23147616312464,3780.5
090111,760.0,0.0,760.0,1.0,1.0,5.23239021,HUANCAVELICA,HUANCAVELICA,MARISCAL CACERES,0.0,0.0,145.2491059530516,13.157894736842104,2900.0
090112,2272.0,1579.0,693.0,24.0,2.0,94.54604563,HUANCAVELICA,HUANCAVELICA,MOYA,0.6949823943661971,0.6949823943661972,24.03061899480523,8.80281690140845,3654.5
090113,2539.0,1890.0,649.0,111.0,2.0,246.02764428,HUANCAVELICA,HUANCAVELICA,NUEVO OCCORO,0.7443875541551792,0.7443875541551792,10.319978502539357,7.877116975187081,4140.5
090114,3416.0,2680.0,736.0,56.0,5.0,80.87629661,HUANCAVELICA,HUANCAVELICA,PALCA,0.7845433255269321,0.7845433255269321,42.23734447773449,14.637002341920375,3835.0
090115,626.0,213.0,413.0,12.0,1.0,39.70352581,HUANCAVELICA,HUANCAVELICA,PILCHACA,0.3402555910543131,0.34025559105431313,15.766861688699983,15.974440894568689,3574.0
090116,3186.0,2893.0,293.0,42.0,4.0,308.62178569,HUANCAVELICA,HUANCAVELICA,VILCA,0.9080351537978657,0.9080351537978657,10.323315293108399,12.554927809165099,3660.0
090117,23874.0,19688.0,4186.0,104.0,25.0,320.57264284,HUANCAVELICA,HUANCAVELICA,YAULI,0.8246628131021194,0.8246628131021194,74.47297994144708,10.471642791321102,3819.5
090118,9735.0,649.0,9086.0,48.0,3.0,408.93806949,HUANCAVELICA,HUANCAVELICA,ASCENSION,0.06666666666666667,0.06666666666666665,23.805560612492833,3.0816640986132513,3887.0
090119,7694.0,6357.0,1337.0,103.0,6.0,195.48143049,HUANCAVELICA,HUANCAVELICA,HUANDO,0.8262282297894463,0.8262282297894463,39.359237246801264,7.798284377436964,3664.0
090201,11368.0,6682.0,4686.0,58.0,9.0,123.40890331,HUANCAVELICA,ACOBAMBA,ACOBAMBA,0.5877902885292048,0.5877902885292048,92.11653045359195,7.9169598874032365,3490.0
090202,4915.0,3247.0,940.0,40.0,4.0,81.89178346,HUANCAVELICA,ACOBAMBA,ANDABAMBA,0.6606307222787385,0.8087487283825026,60.01823128446982,8.138351983723295,3544.0
090203,8253.0,7736.0,517.0,51.0,11.0,91.86027071,HUANCAVELICA,ACOBAMBA,ANTA,0.937356112928632,0.937356112928632,89.8429749467478,13.328486610929358,3597.0
090204,2968.0,2152.0,816.0,36.0,4.0,86.93797832,HUANCAVELICA,ACOBAMBA,CAJA,0.7250673854447439,0.7250673854447439,34.13928017828331,13.477088948787063,3274.0
090205,2367.0,1283.0,680.0,22.0,4.0,171.78648689,HUANCAVELICA,ACOBAMBA,MARCAS,0.5420363329108576,0.712716518800169,13.778732209103621,16.899028305872413,3360.0
090206,24637.0,17510.0,7127.0,103.0,10.0,220.25156371,HUANCAVELICA,ACOBAMBA,PAUCARA,0.7107196493079515,0.7107196493079515,111.85845668927442,4.058935747047125,3794.0
090207,4240.0,2550.0,408.0,25.0,5.0,55.21490509,HUANCAVELICA,ACOBAMBA,POMACOCHA,0.6014150943396226,0.9037735849056604,76.79085915458558,11.79245283018868,3142.0
090208,7467.0,5710.0,407.0,73.0,10.0,95.7053973,HUANCAVELICA,ACOBAMBA,ROSARIO,0.7646980045533681,0.9454935047542521,78.02067815040563,13.392259274139548,3853.0
090301,24899.0,17951.0,6563.0,230.0,20.0,825.8302172,HUANCAVELICA,ANGARAES,LIRCAY,0.720952648700751,0.7364151170729748,30.150265128855107,8.032451102453914,3584.0
090302,7749.0,6429.0,280.0,61.0,8.0,75.39361335,HUANCAVELICA,ANGARAES,ANCHONGA,0.829655439411537,0.96386630532972,102.78058917307483,10.323912762937152,3745.0
090303,907.0,255.0,652.0,9.0,1.0,24.69059881,HUANCAVELICA,ANGARAES,CALLANMARCA,0.28114663726571115,0.2811466372657111,36.73462952355184,11.025358324145534,3673.5
090304,3531.0,2208.0,1062.0,37.0,6.0,107.38030678,HUANCAVELICA,ANGARAES,CCOCHACCASA,0.6253186066270179,0.6992353440951572,32.88312453077907,16.99235344095157,4181.0
090305,1322.0,1239.0,83.0,26.0,2.0,173.73908063,HUANCAVELICA,ANGARAES,CHINCHO,0.9372163388804842,0.9372163388804842,7.609111290368638,15.128593040847202,2885.0
090306,4454.0,3550.0,675.0,80.0,5.0,209.23759389,HUANCAVELICA,ANGARAES,CONGALLA,0.7970363718006287,0.848450830713965,21.28680567002481,11.22586439155815,3666.0
090307,1658.0,805.0,853.0,27.0,2.0,107.30326646,HUANCAVELICA,ANGARAES,HUANCA-HUANCA,0.485524728588661,0.485524728588661,15.451533347477929,12.0627261761158,3717.0
090308,2007.0,409.0,1598.0,24.0,1.0,31.83386949,HUANCAVELICA,ANGARAES,HUAYLLAY GRANDE,0.20378674638764324,0.20378674638764327,63.04605855818001,4.9825610363726955,3388.0
090309,1658.0,842.0,816.0,19.0,1.0,51.25426589,HUANCAVELICA,ANGARAES,JULCAMARCA,0.5078407720144753,0.5078407720144753,32.34852692180468,6.0313630880579,3380.0
090310,3055.0,2500.0,555.0,16.0,2.0,33.85380604,HUANCAVELICA,ANGARAES,SAN ANTONIO DE ANTAPARCO,0.8183306055646481,0.8183306055646481,90.24096127892862,6.546644844517186,3026.5
090311,1968.0,1412.0,556.0,37.0,3.0,139.13313189,HUANCAVELICA,ANGARAES,SANTO TOMAS DE PATA,0.717479674796748,0.717479674796748,14.144725797992674,15.24390243902439,3510.5
090312,3377.0,2899.0,478.0,31.0,3.0,162.76753163,HUANCAVELICA,ANGARAES,SECCLLA,0.8584542493337282,0.8584542493337282,20.747381042040566,8.883624518803671,3631.5
090401,3414.0,2101.0,1313.0,131.0,5.0,922.72488397,HUANCAVELICA,CASTROVIRREYNA,CASTROVIRREYNA,0.6154071470415935,0.6154071470415934,3.6999110561659,14.645577035735208,4303.5
090402,1484.0,1200.0,284.0,147.0,4.0,300.56722432,HUANCAVELICA,CASTROVIRREYNA,ARMA,0.8086253369272237,0.8086253369272237,4.937331418478464,26.954177897574127,2946.0
090403,2125.0,1633.0,492.0,145.0,2.0,347.21397546,HUANCAVELICA,CASTROVIRREYNA,AURAHUA,0.7684705882352941,0.7684705882352941,6.1201453575845655,9.411764705882353,3425.0
090404,1399.0,1287.0,112.0,113.0,4.0,400.19383971,HUANCAVELICA,CASTROVIRREYNA,CAPILLAS,0.9199428162973553,0.9199428162973553,3.495805934978369,28.591851322373124,3354.0
090405,1132.0,858.0,274.0,26.0,2.0,366.01690834,HUANCAVELICA,CASTROVIRREYNA,CHUPAMARCA,0.7579505300353356,0.7579505300353357,3.0927532969281955,17.6678445229682,3482.5
090406,946.0,788.0,158.0,36.0,1.0,80.96300292,HUANCAVELICA,CASTROVIRREYNA,COCAS,0.8329809725158562,0.8329809725158562,11.684349219788055,10.570824524312897,3080.5
090407,1909.0,1155.0,754.0,80.0,4.0,175.3889751,HUANCAVELICA,CASTROVIRREYNA,HUACHOS,0.6050288108957569,0.6050288108957569,10.884378558638375,20.953378732320587,2860.0
090408,447.0,273.0,174.0,34.0,1.0,59.3837389,HUANCAVELICA,CASTROVIRREYNA,HUAMATAMBO,0.610738255033557,0.610738255033557,7.527313171586103,22.371364653243848,3106.0
090409,1565.0,1424.0,141.0,95.0,2.0,170.63080954,HUANCAVELICA,CASTROVIRREYNA,MOLLEPAMPA,0.9099041533546326,0.9099041533546326,9.171848883674938,12.779552715654953,2838.0
090410,785.0,639.0,146.0,36.0,2.0,195.23908402,HUANCAVELICA,CASTROVIRREYNA,SAN JUAN,0.8140127388535032,0.8140127388535032,4.020711344453889,25.477707006369425,1736.5
090411,1975.0,1011.0,78.0,142.0,4.0,643.52973441,HUANCAVELICA,CASTROVIRREYNA,SANTA ANA,0.5118987341772152,0.9605063291139241,3.0690112583697733,20.253164556962027,4735.0
090412,816.0,410.0,406.0,42.0,2.0,111.23197185,HUANCAVELICA,CASTROVIRREYNA,TANTARA,0.5024509803921569,0.5024509803921569,7.336020268528577,24.509803921568626,3109.0
090413,1802.0,892.0,910.0,78.0,2.0,182.54989611,HUANCAVELICA,CASTROVIRREYNA,TICRAPO,0.49500554938956715,0.4950055493895672,9.871273763498392,11.098779134295228,2587.0
090501,6001.0,3283.0,2718.0,57.0,4.0,135.05997297,HUANCAVELICA,CHURCAMPA,CHURCAMPA,0.5470754874187636,0.5470754874187636,44.43211314230726,6.665555740709882,3178.0
090502,6653.0,5868.0,785.0,82.0,4.0,149.27302795,HUANCAVELICA,CHURCAMPA,ANCO,0.8820081166391102,0.8820081166391102,44.569337752219155,6.012325266796934,2906.5
090503,3401.0,2963.0,438.0,47.0,3.0,161.71291698,HUANCAVELICA,CHURCAMPA,CHINCHIHUASI,0.8712143487209644,0.8712143487209645,21.031096733111443,8.820935019112026,3125.5
090504,3101.0,2884.0,217.0,46.0,2.0,76.85638726,HUANCAVELICA,CHURCAMPA,EL CARMEN,0.9300225733634312,0.9300225733634312,40.34798031176673,6.449532408900354,3345.5
090505,1149.0,502.0,647.0,6.0,1.0,72.8244768,HUANCAVELICA,CHURCAMPA,LA MERCED,0.43690165361183636,0.4369016536118364,15.777662270825955,8.703220191470844,2706.5
090506,4439.0,3283.0,1156.0,28.0,5.0,92.26972013,HUANCAVELICA,CHURCAMPA,LOCROJA,0.7395809867087182,0.7395809867087182,48.10895702019943,11.263798152737104,3758.0
090507,7385.0,6599.0,786.0,70.0,6.0,97.44532679,HUANCAVELICA,CHURCAMPA,PAUCARBAMBA,0.8935680433310765,0.8935680433310765,75.78608685786521,8.12457684495599,3664.0
090508,1144.0,433.0,711.0,11.0,2.0,29.31821483,HUANCAVELICA,CHURCAMPA,SAN MIGUEL DE MAYOCC,0.3784965034965035,0.37849650349650354,39.020111102719554,17.482517482517483,2673.0
090509,7097.0,4564.0,894.0,39.0,5.0,128.53028115,HUANCAVELICA,CHURCAMPA,SAN PEDRO DE CORIS,0.6430886289981682,0.874031280822883,55.216560148324234,7.045230379033394,2214.0
090510,2937.0,2745.0,192.0,51.0,6.0,155.82863817,HUANCAVELICA,CHURCAMPA,PACHAMARCA,0.9346271705822268,0.9346271705822268,18.847626691031614,20.42900919305414,3014.5
090511,4184.0,3110.0,1074.0,34.0,3.0,106.42421068,HUANCAVELICA,CHURCAMPA,COSME,0.7433078393881453,0.7433078393881454,39.314362523961734,7.170172084130019,3329.0
090601,2237.0,1419.0,818.0,68.0,4.0,393.75282601,HUANCAVELICA,HUAYTARA,HUAYTARA,0.6343316942333482,0.6343316942333482,5.6812290661329445,17.881090746535538,2740.5
090602,817.0,611.0,206.0,29.0,2.0,179.84669487,HUANCAVELICA,HUAYTARA,AYAVI,0.7478580171358629,0.7478580171358629,4.542757933864498,24.479804161566705,3634.5
090603,2098.0,1719.0,379.0,68.0,4.0,102.97741864,HUANCAVELICA,HUAYTARA,CORDOVA,0.819351763584366,0.8193517635843661,20.373398631542937,19.065776930409914,3269.5
090604,451.0,201.0,250.0,18.0,1.0,37.74559445,HUANCAVELICA,HUAYTARA,HUAYACUNDO ARMA,0.44567627494456763,0.44567627494456763,11.948414287061254,22.172949002217294,3400.0
090605,1040.0,244.0,796.0,29.0,1.0,193.32207267,HUANCAVELICA,HUAYTARA,LARAMARCA,0.23461538461538461,0.23461538461538467,5.379623679988553,9.615384615384617,3032.5
090606,2257.0,2045.0,212.0,104.0,3.0,168.26038288,HUANCAVELICA,HUAYTARA,OCOYO,0.9060700044306602,0.9060700044306602,13.413733888919342,13.29198050509526,2568.0
090607,3605.0,2932.0,673.0,288.0,9.0,2179.4436817,HUANCAVELICA,HUAYTARA,PILPICHACA,0.8133148404993065,0.8133148404993065,1.6540918355770697,24.965325936199722,4433.0
090608,838.0,333.0,505.0,54.0,1.0,685.69550124,HUANCAVELICA,HUAYTARA,QUERCO,0.39737470167064437,0.39737470167064437,1.222116812031835,11.933174224343675,3044.5
090609,881.0,730.0,151.0,51.0,2.0,239.2256097,HUANCAVELICA,HUAYTARA,QUITO-ARMA,0.8286038592508513,0.8286038592508513,3.682716081713888,22.701475595913735,3164.0
090610,1641.0,1448.0,193.0,106.0,2.0,238.8721313,HUANCAVELICA,HUAYTARA,SAN ANTONIO DE CUSICANCHA,0.882388787324802,0.882388787324802,6.869784227524913,12.187690432663011,3564.0
090611,821.0,430.0,391.0,26.0,3.0,78.51364617,HUANCAVELICA,HUAYTARA,SAN FRANCISCO DE SANGAYAICO,0.5237515225334958,0.5237515225334957,10.456780955279381,36.54080389768575,2676.0
090612,1114.0,531.0,583.0,41.0,1.0,168.75360756,HUANCAVELICA,HUAYTARA,SAN ISIDRO,0.47666068222621183,0.47666068222621183,6.601340357147148,8.976660682226212,3209.5
090613,3359.0,2600.0,507.0,176.0,8.0,1144.18395311,HUANCAVELICA,HUAYTARA,SANTIAGO DE CHOCORVOS,0.7740398928252457,0.8490622208990771,2.93571675329821,23.816612086930636,2907.0
090614,698.0,387.0,311.0,45.0,1.0,175.49434938,HUANCAVELICA,HUAYTARA,SANTIAGO DE QUIRAHUARA,0.5544412607449857,0.5544412607449857,3.97733603655017,14.326647564469914,3319.0
090615,1081.0,862.0,219.0,46.0,3.0,255.82882746,HUANCAVELICA,HUAYTARA,SANTO DOMINGO DE CAPILLAS,0.7974098057354302,0.7974098057354302,4.225481587562759,27.752081406105457,3626.5
090616,521.0,215.0,306.0,51.0,1.0,227.62385316,HUANCAVELICA,HUAYTARA,TAMBO,0.4126679462571977,0.4126679462571977,2.2888638109195956,19.193857965451055,3784.5
090701,10914.0,4887.0,6027.0,39.0,9.0,74.62503548,HUANCAVELICA,TAYACAJA,PAMPAS,0.4477735019241341,0.4477735019241341,146.25118674717447,8.246289169873558,3290.0
090702,4537.0,3636.0,901.0,52.0,6.0,164.32275443,HUANCAVELICA,TAYACAJA,ACOSTAMBO,0.801410623760194,0.8014106237601939,27.610296673384457,13.224597751818383,3584.0
090703,5203.0,4404.0,799.0,33.0,4.0,108.47751933,HUANCAVELICA,TAYACAJA,ACRAQUIA,0.8464347491831635,0.8464347491831635,47.96385492713866,7.68787238131847,3546.5
090704,5212.0,4418.0,794.0,38.0,5.0,99.4598922,HUANCAVELICA,TAYACAJA,AHUAYCHA,0.8476592478894858,0.8476592478894858,52.4030328679564,9.593246354566386,3275.5
090705,13059.0,10903.0,2026.0,131.0,10.0,324.5344815,HUANCAVELICA,TAYACAJA,COLCABAMBA,0.8349031319396585,0.844857952370013,40.23917563286722,7.657554177195804,3393.0
090706,9752.0,5806.0,3946.0,40.0,7.0,104.95657749,HUANCAVELICA,TAYACAJA,DANIEL HERNANDEZ,0.5953650533223954,0.5953650533223954,92.91461510289001,7.178014766201805,3228.0
090707,4976.0,3834.0,1142.0,38.0,3.0,265.94160168,HUANCAVELICA,TAYACAJA,HUACHOCOLPA,0.7704983922829582,0.7704983922829582,18.710874750568284,6.028938906752412,2261.0
090709,7713.0,5307.0,787.0,64.0,6.0,149.56421493,HUANCAVELICA,TAYACAJA,HUARIBAMBA,0.6880591209646052,0.8979644755607417,51.56982239107054,7.779074290159471,3132.0
090710,2175.0,645.0,1031.0,10.0,2.0,66.36618353,HUANCAVELICA,TAYACAJA,NAHUIMPUQUIO,0.296551724137931,0.5259770114942528,32.7727147217501,9.195402298850574,3703.0
090711,7511.0,5697.0,1326.0,32.0,6.0,226.16647849,HUANCAVELICA,TAYACAJA,PAZOS,0.7584875515909999,0.8234589269072028,33.21004973923269,7.988283850352816,3798.0
090713,942.0,88.0,854.0,9.0,1.0,32.6576229,HUANCAVELICA,TAYACAJA,QUISHUAR,0.09341825902335456,0.09341825902335454,28.844720354707754,10.615711252653927,3251.5
090714,5151.0,4943.0,208.0,55.0,6.0,190.18463638,HUANCAVELICA,TAYACAJA,SALCABAMBA,0.9596194913609007,0.9596194913609007,27.084206684855456,11.648223645894001,3355.0
090715,4053.0,3676.0,377.0,30.0,4.0,117.04685179,HUANCAVELICA,TAYACAJA,SALCAHUASI,0.9069824821120158,0.9069824821120158,34.627159449548486,9.869232667160128,2940.0
090716,3202.0,2644.0,558.0,35.0,4.0,287.75451322,HUANCAVELICA,TAYACAJA,SAN MARCOS DE ROCCHAC,0.8257339163023111,0.8257339163023111,11.127540500301176,12.492192379762647,3111.0
090717,5078.0,4656.0,422.0,75.0,6.0,282.49472583,HUANCAVELICA,TAYACAJA,SURCUBAMBA,0.9168964159117763,0.9168964159117763,17.975556835903,11.815675462780622,2669.0
090718,8471.0,7389.0,1082.0,98.0,3.0,255.7927062,HUANCAVELICA,TAYACAJA,TINTAY PUNCU,0.8722700979813481,0.8722700979813481,33.11665968058006,3.5414945106835085,2328.0
090719,4457.0,3796.0,661.0,47.0,5.0,118.67167057,HUANCAVELICA,TAYACAJA,QUICHUAS,0.8516939645501458,0.8516939645501458,37.55740505372747,11.21830827911151,3173.5
090720,2475.0,2475.0,306.0,30.0,4.0,150.67093581,HUANCAVELICA,TAYACAJA,ANDAYMARCA,1.0,0.8763636363636363,16.42652570447322,16.161616161616163,2305.0
100101,75268.0,3561.0,71707.0,57.0,49.0,127.80877151,HUANUCO,HUANUCO,HUANUCO,0.0473109422330871,0.04731094223308707,588.91106698503,6.510070680767392,2010.5
100102,67695.0,10099.0,57596.0,70.0,16.0,133.34909493,HUANUCO,HUANUCO,AMARILIS,0.14918383927911957,0.1491838392791196,507.6524893966147,2.363542359110717,2048.0
100103,22375.0,20162.0,1335.0,140.0,5.0,806.92186337,HUANUCO,HUANUCO,CHINCHAO,0.9010949720670391,0.9403351955307263,27.728831025291395,2.2346368715083798,2665.0
100104,24732.0,24409.0,323.0,125.0,7.0,513.68946243,HUANUCO,HUANUCO,CHURUBAMBA,0.9869399967653243,0.9869399967653243,48.1458192328993,2.8303412582888567,2838.0
100105,8549.0,4064.0,2763.0,75.0,4.0,209.12759448,HUANUCO,HUANUCO,MARGOS,0.47537723710375485,0.6768043045970289,40.87934938121037,4.678909814013335,3582.0
100106,7371.0,6359.0,1012.0,62.0,3.0,174.49375059,HUANUCO,HUANUCO,QUISQUI (KICHKI),0.8627051960385294,0.8627051960385294,42.24220050905607,4.07000407000407,2604.0
100107,4847.0,4320.0,527.0,54.0,2.0,148.07654224,HUANUCO,HUANUCO,SAN FRANCISCO DE CAYRAN,0.8912729523416546,0.8912729523416546,32.73307119870521,4.126263668248401,2325.0
100108,6786.0,5258.0,1528.0,143.0,3.0,269.57128719,HUANUCO,HUANUCO,SAN PEDRO DE CHAULAN,0.7748305334512231,0.7748305334512231,25.173304140574405,4.420866489832007,3722.5
100109,17774.0,16537.0,1237.0,144.0,12.0,452.23075287,HUANUCO,HUANUCO,SANTA MARIA DEL VALLE,0.9304039608416789,0.9304039608416789,39.302944099224895,6.751434679869472,2084.0
100110,2655.0,1950.0,705.0,28.0,3.0,61.69415159,HUANUCO,HUANUCO,YARUMAYO,0.7344632768361582,0.7344632768361582,43.03487334819511,11.299435028248588,3374.0
100111,24253.0,4346.0,17447.0,28.0,5.0,77.37208354,HUANUCO,HUANUCO,PILLCO MARCA,0.17919432647507524,0.2806250773100235,313.45931103770295,2.0616006267265905,1957.0
100112,6283.0,4288.0,1995.0,30.0,4.0,70.76751566,HUANUCO,HUANUCO,YACUS,0.6824765239535254,0.6824765239535253,88.78367343268695,6.366385484641095,3637.5
100201,15757.0,7773.0,4753.0,87.0,8.0,287.14248393,HUANUCO,AMBO,AMBO,0.49330456305134224,0.6983562860950688,54.87519570194031,5.0771085866598975,2076.0
100202,3727.0,2032.0,976.0,108.0,3.0,157.05154515,HUANUCO,AMBO,CAYNA,0.5452106251676953,0.7381271800375637,23.73106228557217,8.049369466058492,3437.0
100203,2706.0,2173.0,361.0,66.0,3.0,176.92694654,HUANUCO,AMBO,COLPAS,0.803030303030303,0.8665927568366593,15.294448092383837,11.086474501108647,3345.0
100204,6903.0,5697.0,358.0,71.0,3.0,112.17321735,HUANUCO,AMBO,CONCHAMARCA,0.8252933507170795,0.9481384905113719,61.53875375136505,4.34593654932638,2165.0
100205,8161.0,7088.0,1073.0,153.0,4.0,237.93392909,HUANUCO,AMBO,HUACAR,0.8685210145815464,0.8685210145815464,34.299437794401534,4.901360127435363,2262.0
100206,3285.0,1893.0,775.0,27.0,3.0,118.90147166,HUANUCO,AMBO,SAN FRANCISCO,0.5762557077625571,0.7640791476407915,27.62791708241839,9.132420091324201,3484.0
100207,11594.0,9071.0,1711.0,111.0,10.0,440.5527629,HUANUCO,AMBO,SAN RAFAEL,0.7823874417802311,0.8524236674141797,26.31693857435118,8.625150940141452,3234.5
100208,4488.0,2441.0,2047.0,33.0,1.0,41.60446041,HUANUCO,AMBO,TOMAY KICHWA,0.5438948306595366,0.5438948306595366,107.87304908589246,2.228163992869875,2023.0
100301,6913.0,2077.0,4836.0,42.0,3.0,169.28300618,HUANUCO,DOS DE MAYO,LA UNION,0.3004484304932735,0.3004484304932735,40.83694019852974,4.339649934905251,3447.5
100307,5018.0,3865.0,840.0,89.0,4.0,151.66762516,HUANUCO,DOS DE MAYO,CHUQUIS,0.7702271821442805,0.8326026305300916,33.08550519404731,7.9713033080908735,3472.0
100311,7601.0,5790.0,1157.0,136.0,5.0,642.70747781,HUANUCO,DOS DE MAYO,MARIAS,0.7617418760689383,0.8477831864228391,11.826531139640856,6.5780818313379825,3462.0
100313,11146.0,8369.0,2138.0,177.0,6.0,268.95543008,HUANUCO,DOS DE MAYO,PACHAS,0.7508523237035708,0.8081823075542796,41.44181062522016,5.383097075183922,3456.0
100316,2088.0,1016.0,1072.0,51.0,1.0,37.20628644,HUANUCO,DOS DE MAYO,QUIVILLA,0.48659003831417624,0.48659003831417624,56.11954859744395,4.7892720306513406,3305.5
100317,6312.0,3496.0,2278.0,90.0,3.0,76.22428086,HUANUCO,DOS DE MAYO,RIPAN,0.5538656527249683,0.6391001267427123,82.80825911094074,4.752851711026616,3563.0
100321,2549.0,1979.0,570.0,55.0,2.0,32.5819278,HUANUCO,DOS DE MAYO,SHUNQUI,0.7763828952530404,0.7763828952530404,78.23355375552701,7.8462142016477046,3648.0
100322,2898.0,2394.0,504.0,78.0,2.0,72.94720849,HUANUCO,DOS DE MAYO,SILLAPATA,0.8260869565217391,0.8260869565217391,39.72735982621287,6.901311249137336,3632.0
100323,3095.0,2201.0,894.0,64.0,1.0,37.33979132,HUANUCO,DOS DE MAYO,YANAS,0.7111470113085622,0.7111470113085622,82.88744769557003,3.2310177705977385,3414.0
100401,6736.0,4810.0,1402.0,99.0,3.0,552.19782975,HUANUCO,HUACAYBAMBA,HUACAYBAMBA,0.7140736342042755,0.7918646080760094,12.198526754532216,4.453681710213777,3199.0
100402,3038.0,2425.0,613.0,17.0,2.0,184.47957452,HUANUCO,HUACAYBAMBA,CANCHABAMBA,0.7982225148123766,0.7982225148123766,16.46794778177809,6.583278472679394,3682.0
100403,2750.0,2162.0,588.0,48.0,2.0,681.49453208,HUANUCO,HUACAYBAMBA,COCHABAMBA,0.7861818181818182,0.7861818181818182,4.0352488105908675,7.2727272727272725,3403.0
100404,7883.0,7306.0,577.0,42.0,3.0,285.62821696,HUANUCO,HUACAYBAMBA,PINRA,0.9268045160471902,0.9268045160471902,27.598813884357767,3.80565774451351,2875.0
100501,14765.0,9347.0,4308.0,148.0,6.0,413.90903895,HUANUCO,HUAMALIES,LLATA,0.633051134439553,0.7082289197426346,35.67208881800623,4.063664070436844,3517.0
100502,1767.0,1373.0,394.0,16.0,1.0,116.6421973,HUANUCO,HUAMALIES,ARANCAY,0.7770232031692134,0.7770232031692134,15.148891575278991,5.659309564233164,3010.5
100503,4328.0,2554.0,977.0,98.0,3.0,91.31892268,HUANUCO,HUAMALIES,CHAVIN DE PARIARCA,0.5901109057301294,0.774260628465804,47.39433923422628,6.931608133086876,3370.0
100504,6371.0,5543.0,478.0,148.0,5.0,219.35243031,HUANUCO,HUAMALIES,JACAS GRANDE,0.8700361010830325,0.9249725317846492,29.044583599991025,7.848061528802386,3332.0
100505,2948.0,2666.0,282.0,66.0,1.0,237.7145793,HUANUCO,HUAMALIES,JIRCAN,0.9043419267299865,0.9043419267299865,12.401426991482806,3.3921302578018993,3165.5
100506,3538.0,1702.0,1462.0,53.0,1.0,95.60528405,HUANUCO,HUAMALIES,MIRAFLORES,0.48106274731486715,0.5867721876766534,37.006322769248655,2.8264556246466928,3667.0
100507,18635.0,15084.0,1210.0,106.0,11.0,1403.45945789,HUANUCO,HUAMALIES,MONZON,0.809444593506842,0.9350684196404615,13.277904035800491,5.902870941776227,823.0
100508,2331.0,533.0,1798.0,16.0,1.0,40.49365863,HUANUCO,HUAMALIES,PUNCHAO,0.22865722865722865,0.2286572286572287,57.56456884518365,4.29000429000429,3143.5
100509,4755.0,3628.0,1127.0,86.0,3.0,98.41430569,HUANUCO,HUAMALIES,PUNOS,0.7629863301787592,0.7629863301787592,48.316146384022716,6.309148264984228,3881.0
100510,4016.0,2647.0,1369.0,34.0,4.0,161.32416455,HUANUCO,HUAMALIES,SINGA,0.6591135458167331,0.6591135458167331,24.89397674057256,9.9601593625498,3530.0
100511,2888.0,2569.0,319.0,73.0,3.0,280.3521886,HUANUCO,HUAMALIES,TANTAMAYO,0.8895429362880887,0.8895429362880887,10.301328534019515,10.387811634349031,3588.5
100601,57300.0,6886.0,48361.0,50.0,12.0,263.87698121,HUANUCO,LEONCIO PRADO,RUPA-RUPA,0.12017452006980803,0.15600349040139616,217.14664059461558,2.094240837696335,686.5
100602,6597.0,6261.0,336.0,45.0,7.0,701.64660664,HUANUCO,LEONCIO PRADO,DANIEL ALOMIA ROBLES,0.9490677580718508,0.9490677580718508,9.402169037189944,10.610883735031075,802.5
100603,3879.0,3607.0,272.0,22.0,6.0,121.97152898,HUANUCO,LEONCIO PRADO,HERMILIO VALDIZAN,0.9298788347512246,0.9298788347512246,31.802503686217214,15.467904098994588,1328.5
100604,32284.0,18256.0,14028.0,110.0,11.0,1498.49532463,HUANUCO,LEONCIO PRADO,JOSE CRESPO Y CASTILLO,0.5654813529921943,0.5654813529921943,21.544278096410736,3.407260562507744,575.0
100605,8599.0,6844.0,1755.0,49.0,8.0,110.84303124,HUANUCO,LEONCIO PRADO,LUYANDO,0.7959065007559019,0.7959065007559019,77.57817432276133,9.303407372950343,803.0
100606,9332.0,7390.0,364.0,53.0,5.0,744.82350999,HUANUCO,LEONCIO PRADO,MARIANO DAMASO BERAUN,0.7918988426918131,0.9609944277753965,12.52914264229561,5.3579082726103735,1276.5
100701,15105.0,12723.0,2382.0,89.0,8.0,700.66180449,HUANUCO,MARANON,HUACRACHUCO,0.8423038728897716,0.8423038728897716,21.558189561930917,5.29625951671632,3359.5
100702,9083.0,7909.0,577.0,80.0,4.0,2202.07105522,HUANUCO,MARANON,CHOLON,0.8707475503688209,0.9364747330177254,4.124753367276132,4.403831333259936,652.0
100703,2499.0,2048.0,451.0,56.0,3.0,92.59151032,HUANUCO,MARANON,SAN BUENAVENTURA,0.8195278111244498,0.8195278111244497,26.98951546813909,12.004801920768307,3285.5
100801,19673.0,15963.0,3710.0,112.0,7.0,1609.99718957,HUANUCO,PACHITEA,PANAO,0.8114166624307426,0.8114166624307426,12.219275988459513,3.558176180552026,3596.0
100802,13464.0,10860.0,2604.0,107.0,5.0,1079.42145495,HUANUCO,PACHITEA,CHAGLLA,0.8065953654188949,0.8065953654188949,12.473348512999186,3.7136066547831255,2171.5
100803,12549.0,10828.0,1721.0,104.0,6.0,237.7706138,HUANUCO,PACHITEA,MOLINO,0.8628575982149972,0.8628575982149972,52.77775835896841,4.781257470714798,2514.5
100804,17181.0,16587.0,594.0,59.0,8.0,157.16675173,HUANUCO,PACHITEA,UMARI,0.965426925091671,0.965426925091671,109.31701400507147,4.65630638496013,2697.0
100901,8670.0,5801.0,1460.0,65.0,11.0,2390.6792877,HUANUCO,PUERTO INCA,PUERTO INCA,0.6690888119953864,0.831603229527105,3.626584312085267,12.687427912341407,207.0
100902,6026.0,5155.0,871.0,44.0,9.0,3223.64182626,HUANUCO,PUERTO INCA,CODO DEL POZUZO,0.8554596747427813,0.8554596747427813,1.869314373238306,14.935280451377364,372.5
100903,5628.0,4841.0,787.0,42.0,6.0,949.27634442,HUANUCO,PUERTO INCA,HONORIA,0.8601634683724236,0.8601634683724236,5.928726690686326,10.660980810234541,165.5
100904,5052.0,4149.0,903.0,36.0,4.0,1741.26383001,HUANUCO,PUERTO INCA,TOURNAVISTA,0.8212589073634204,0.8212589073634204,2.901340918550514,7.91765637371338,201.0
100905,5851.0,5112.0,739.0,50.0,6.0,2067.03238323,HUANUCO,PUERTO INCA,YUYAPICHIS,0.8736968039651342,0.8736968039651342,2.830628125359638,10.254657323534438,247.0
101001,6313.0,4286.0,1566.0,245.0,4.0,454.8737194,HUANUCO,LAURICOCHA,JESUS,0.6789165214636464,0.7519404403611595,13.878577131972245,6.3361317915412645,3481.0
101002,5409.0,4055.0,1354.0,112.0,3.0,192.09218104,HUANUCO,LAURICOCHA,BANOS,0.7496764651506748,0.7496764651506749,28.158355903479826,5.546311702717693,3704.0
101003,2557.0,2152.0,405.0,49.0,1.0,62.08199043,HUANUCO,LAURICOCHA,JIVIA,0.8416112631990614,0.8416112631990614,41.18746809323265,3.9108330074305826,3527.0
101004,1719.0,856.0,863.0,56.0,1.0,133.22927132,HUANUCO,LAURICOCHA,QUEROPALCA,0.49796393251890636,0.49796393251890636,12.902570005589668,5.817335660267597,3907.0
101005,6502.0,5270.0,709.0,142.0,9.0,172.65462147,HUANUCO,LAURICOCHA,RONDOS,0.8105198400492156,0.8909566287296217,37.658997741510035,13.841894801599507,3568.0
101006,2425.0,1697.0,492.0,67.0,2.0,86.2856726,HUANUCO,LAURICOCHA,SAN FRANCISCO DE ASIS,0.6997938144329897,0.7971134020618557,28.10431821331135,8.247422680412372,3443.0
101007,9587.0,8258.0,1329.0,481.0,3.0,821.04151262,HUANUCO,LAURICOCHA,SAN MIGUEL DE CAURI,0.8613747783456764,0.8613747783456764,11.676632487688988,3.1292375091269427,3784.0
101101,7190.0,5545.0,1645.0,90.0,5.0,206.18464512,HUANUCO,YAROWILCA,CHAVINILLO,0.7712100139082059,0.7712100139082059,34.871655917032044,6.954102920723226,3485.0
101102,3384.0,1957.0,1427.0,37.0,1.0,29.64569595,HUANUCO,YAROWILCA,CAHUAC,0.5783096926713948,0.5783096926713949,114.1481045244276,2.955082742316785,3706.5
101103,3071.0,2384.0,687.0,50.0,2.0,16.4479537,HUANUCO,YAROWILCA,CHACABAMBA,0.7762943666558124,0.7762943666558124,186.71015592656977,6.512536633018561,3282.0
101104,5780.0,4520.0,1260.0,59.0,3.0,183.73038441,HUANUCO,YAROWILCA,APARICIO POMARES,0.7820069204152249,0.7820069204152249,31.459140623696474,5.190311418685122,3490.5
101105,1889.0,1222.0,667.0,24.0,1.0,37.95242207,HUANUCO,YAROWILCA,JACAS CHICO,0.6469031233456856,0.6469031233456856,49.772844444971156,5.293806246691371,3910.5
101106,5953.0,4897.0,1056.0,122.0,6.0,124.17000791,HUANUCO,YAROWILCA,OBAS,0.8226104485133546,0.8226104485133546,47.9423340643967,10.078951789013944,3339.0
101107,2511.0,1967.0,544.0,61.0,1.0,72.96668184,HUANUCO,YAROWILCA,PAMPAMARCA,0.7833532457188371,0.7833532457188371,34.41296680457629,3.9824771007566704,3435.5
101108,3458.0,2820.0,638.0,42.0,3.0,61.03795854,HUANUCO,YAROWILCA,CHORAS,0.8155002891844997,0.8155002891844997,56.65327089427261,8.675534991324465,3764.5
110101,125667.0,878.0,124789.0,16.0,147.0,886.99625398,ICA,ICA,ICA,0.0069867188681197135,0.006986718868119746,141.67703576663982,11.69758170402731,404.5
110102,31017.0,3294.0,27289.0,33.0,7.0,81.64052295,ICA,ICA,LA TINGUINA,0.10619982590192475,0.12019215269046002,379.92162322375225,2.256826901376664,441.0
110103,16345.0,2285.0,2471.0,30.0,6.0,90.73173764,ICA,ICA,LOS AQUIJES,0.1397981033955338,0.8488222698072805,180.1464451706273,3.670847353930866,415.0
110104,3639.0,2216.0,1423.0,19.0,4.0,1400.66862161,ICA,ICA,OCUCAJE,0.6089585050838142,0.6089585050838142,2.5980449221580675,10.992030777686177,323.0
110105,6039.0,445.0,5180.0,17.0,2.0,41.45740235,ICA,ICA,PACHACUTEC,0.0736876966385163,0.14224209306176516,145.66759270193396,3.3118065904951153,408.0
110106,50366.0,1276.0,28232.0,20.0,9.0,17.24375304,ICA,ICA,PARCONA,0.025334551086050112,0.439463129889211,2920.825871442659,1.7869197474486755,416.0
110107,4595.0,2604.0,1446.0,18.0,5.0,30.69523656,ICA,ICA,PUEBLO NUEVO,0.566702937976061,0.6853101196953211,149.6974943007248,10.881392818280741,405.0
110108,18673.0,3061.0,11229.0,157.0,6.0,657.82319489,ICA,ICA,SALAS,0.16392652492904194,0.398650457880362,28.386046805665565,3.2131955229475717,429.0
110109,6152.0,1898.0,2258.0,29.0,4.0,360.63364206,ICA,ICA,SAN JOSE DE LOS MOLINOS,0.30851755526658,0.63296488946684,17.05886329644329,6.501950585175553,462.0
110110,12681.0,2007.0,1120.0,37.0,4.0,32.35840725,ICA,ICA,SAN JUAN BAUTISTA,0.15826827537260468,0.9116788896774702,391.8919711352604,3.1543253686617776,431.0
110111,23993.0,7357.0,6891.0,60.0,7.0,2769.90370307,ICA,ICA,SANTIAGO,0.30663110073771516,0.7127912307756429,8.66203398096748,2.9175176093027138,363.0
110112,19019.0,765.0,18254.0,7.0,7.0,186.12733242,ICA,ICA,SUBTANJALLA,0.040222934959777065,0.040222934959777024,102.18273561823393,3.68052999631947,422.0
110113,4101.0,371.0,2096.0,8.0,5.0,6.32947078,ICA,ICA,TATE,0.09046574006339918,0.48890514508656424,647.9214680883636,12.192148256522799,391.0
110114,1117.0,997.0,120.0,33.0,4.0,1262.51724884,ICA,ICA,YAUCA DEL ROSARIO,0.8925693822739481,0.8925693822739481,0.884740387528407,35.810205908683976,1902.5
110201,59574.0,0.0,59574.0,1.0,34.0,225.28798064,ICA,CHINCHA,CHINCHA ALTA,0.0,0.0,264.4348794408014,5.707187699331923,104.0
110202,6368.0,2682.0,3686.0,51.0,4.0,365.27267663,ICA,CHINCHA,ALTO LARAN,0.4211683417085427,0.42116834170854267,17.433551446418246,6.28140703517588,97.5
110203,1096.0,594.0,502.0,51.0,3.0,426.52632859,ICA,CHINCHA,CHAVIN,0.541970802919708,0.541970802919708,2.569595184482818,27.37226277372263,3045.0
110204,12301.0,7188.0,4075.0,50.0,3.0,73.09293301,ICA,CHINCHA,CHINCHA BAJA,0.5843427363628974,0.6687261198276563,168.29260358613703,2.4388261116982357,24.0
110205,11778.0,6686.0,2199.0,51.0,4.0,755.37573965,ICA,CHINCHA,EL CARMEN,0.5676685345559518,0.8132959755476312,15.592240234584823,3.3961623365596876,95.5
110206,20621.0,1852.0,18769.0,27.0,3.0,177.78482897,ICA,CHINCHA,GROCIO PRADO,0.08981135735415353,0.08981135735415358,115.98852455222517,1.454827602929053,112.0
110207,52143.0,0.0,52143.0,1.0,14.0,210.66044882,ICA,CHINCHA,PUEBLO NUEVO,0.0,0.0,247.52154612826197,2.684924150892737,126.0
110208,471.0,367.0,104.0,46.0,2.0,441.59466384,ICA,CHINCHA,SAN JUAN DE YANAC,0.7791932059447984,0.7791932059447984,1.066588975293085,42.46284501061571,2267.5
110209,1593.0,1185.0,408.0,21.0,4.0,206.59163992,ICA,CHINCHA,SAN PEDRO DE HUACARPANA,0.743879472693032,0.743879472693032,7.710863811414969,25.109855618330197,3672.0
110210,24432.0,1320.0,23112.0,9.0,5.0,16.16955498,ICA,CHINCHA,SUNAMPE,0.054027504911591355,0.05402750491159136,1510.9877810626053,2.0464963981663393,61.5
110211,4943.0,713.0,4230.0,19.0,2.0,11.24746358,ICA,CHINCHA,TAMBO DE MORA,0.14424438600040462,0.14424438600040457,439.47686203576933,4.046125834513453,7.0
110301,26498.0,2499.0,21993.0,62.0,15.0,1144.28943244,ICA,NASCA,NASCA,0.09430900445316627,0.17001283115706844,23.1567287513069,5.660804589025587,591.0
110302,1915.0,1179.0,247.0,26.0,4.0,955.41941424,ICA,NASCA,CHANGUILLO,0.6156657963446475,0.8710182767624021,2.0043553349010708,20.887728459530024,248.0
110303,2932.0,1613.0,427.0,36.0,3.0,611.81076567,ICA,NASCA,EL INGENIO,0.5501364256480218,0.8543656207366985,4.792331492874497,10.231923601637106,451.0
110304,12876.0,81.0,12795.0,5.0,11.0,1945.49988776,ICA,NASCA,MARCONA,0.006290773532152842,0.0062907735321527936,6.6183504203771015,8.543025784405096,26.5
110305,13711.0,1764.0,11947.0,28.0,8.0,534.51965412,ICA,NASCA,VISTA ALEGRE,0.12865582379111662,0.12865582379111662,25.651068009038767,5.834731237692363,631.5
110401,7288.0,1216.0,4394.0,40.0,10.0,131.42810661,ICA,PALPA,PALPA,0.1668496158068057,0.3970911086717892,55.45237002939124,13.721185510428102,372.0
110402,1494.0,565.0,336.0,15.0,1.0,182.6432564,ICA,PALPA,LLIPATA,0.3781793842034806,0.7751004016064257,8.179880437129569,6.693440428380187,307.0
110403,2773.0,1502.0,1271.0,34.0,4.0,313.90380348,ICA,PALPA,RIO GRANDE,0.5416516408222142,0.5416516408222143,8.833916535123086,14.4248106743599,402.0
110404,1060.0,1021.0,39.0,26.0,3.0,253.90221042,ICA,PALPA,SANTA CRUZ,0.9632075471698113,0.9632075471698113,4.174835651279164,28.301886792452827,514.5
110405,421.0,243.0,178.0,38.0,1.0,336.10765134,ICA,PALPA,TIBILLO,0.5771971496437055,0.5771971496437054,1.2525748768930123,23.752969121140143,2714.5
110501,55030.0,353.0,50477.0,13.0,20.0,22.94781065,ICA,PISCO,PISCO,0.006414682900236235,0.08273668907868437,2398.050116384414,3.634381246592768,16.0
110502,1758.0,1403.0,355.0,35.0,2.0,898.94838818,ICA,PISCO,HUANCANO,0.79806598407281,0.79806598407281,1.9556183904609088,11.376564277588168,912.5
110503,5923.0,2824.0,662.0,45.0,4.0,910.1863497,ICA,PISCO,HUMAY,0.4767854127975688,0.8882323147053858,6.507458612131721,6.753334458889077,410.0
110504,12403.0,8658.0,2883.0,43.0,7.0,268.72998028,ICA,PISCO,INDEPENDENCIA,0.6980569217124889,0.7675562363944207,46.154135787443,5.643795855841329,245.0
110505,4182.0,623.0,1560.0,17.0,8.0,1426.85749471,ICA,PISCO,PARACAS,0.14897178383548543,0.6269727403156384,2.9309163777774216,19.12960306073649,71.0
110506,13836.0,1722.0,11495.0,30.0,3.0,232.46814735,ICA,PISCO,SAN ANDRES,0.12445793581960105,0.16919629950852844,59.517831400655325,2.168256721595837,41.0
110507,19516.0,667.0,18849.0,24.0,4.0,134.15135775,ICA,PISCO,SAN CLEMENTE,0.03417708546833367,0.034177085468333646,145.47746908659224,2.0496003279360524,45.5
110508,14678.0,149.0,14529.0,7.0,7.0,56.15282225,ICA,PISCO,TUPAC AMARU INCA,0.010151246763864287,0.010151246763864252,261.393807325508,4.76904210382886,76.0
120101,117024.0,2672.0,110303.0,9.0,164.0,226.85669549,JUNIN,HUANCAYO,HUANCAYO,0.02283292316106098,0.05743266338528852,515.849883765756,14.014219305441618,3338.0
120104,840.0,12.0,828.0,7.0,1.0,13.10085852,JUNIN,HUANCAYO,CARHUACALLANGA,0.014285714285714285,0.014285714285714235,64.11793537939833,11.904761904761905,3781.5
120105,1212.0,704.0,303.0,15.0,3.0,125.3831689,JUNIN,HUANCAYO,CHACAPAMPA,0.5808580858085809,0.75,9.666369183623337,24.752475247524753,3581.0
120106,1414.0,777.0,250.0,12.0,3.0,41.48644952,JUNIN,HUANCAYO,CHICCHE,0.5495049504950495,0.8231966053748232,34.08341799214058,21.216407355021214,3649.0
120107,77913.0,4542.0,73371.0,11.0,31.0,26.84462804,JUNIN,HUANCAYO,CHILCA,0.05829579145970506,0.05829579145970509,2902.3683950437035,3.9787968631678923,3222.0
120108,1686.0,533.0,828.0,10.0,1.0,702.40710318,JUNIN,HUANCAYO,CHONGOS ALTO,0.31613285883748515,0.5088967971530249,2.4003174118926056,5.931198102016608,3625.0
120111,2012.0,1649.0,363.0,11.0,3.0,41.60370969,JUNIN,HUANCAYO,CHUPURO,0.8195825049701789,0.8195825049701789,48.361072005163294,14.910536779324055,3213.5
120112,2236.0,1146.0,1090.0,14.0,2.0,110.88487806,JUNIN,HUANCAYO,COLCA,0.5125223613595706,0.5125223613595706,20.16505802342224,8.94454382826476,3406.5
120113,2832.0,2273.0,559.0,17.0,4.0,110.91138572,JUNIN,HUANCAYO,CULLHUAS,0.8026129943502824,0.8026129943502824,25.53389790971949,14.124293785310734,3718.0
120114,147045.0,7665.0,139380.0,16.0,77.0,166.47108088,JUNIN,HUANCAYO,EL TAMBO,0.05212689992859329,0.05212689992859332,883.3065732660004,5.236492230269646,3329.0
120116,1415.0,141.0,1274.0,7.0,1.0,24.34733314,JUNIN,HUANCAYO,HUACRAPUQUIO,0.09964664310954063,0.09964664310954063,58.11724807245152,7.067137809187279,3318.5
120117,3903.0,1480.0,2423.0,8.0,1.0,13.62524892,JUNIN,HUANCAYO,HUALHUAS,0.37919549064821934,0.37919549064821934,286.4534822751701,2.5621316935690492,3276.5
120119,16949.0,2788.0,14161.0,11.0,2.0,12.27031732,JUNIN,HUANCAYO,HUANCAN,0.16449348044132397,0.16449348044132395,1381.3008708726695,1.1800106200955809,3223.5
120120,992.0,301.0,691.0,8.0,1.0,52.03902962,JUNIN,HUANCAYO,HUASICANCHA,0.3034274193548387,0.30342741935483875,19.062615257121315,10.080645161290322,3690.5
120121,8076.0,2191.0,3870.0,8.0,3.0,14.05127225,JUNIN,HUANCAYO,HUAYUCACHI,0.27129767211490835,0.5208023774145616,574.752225728172,3.714710252600297,3188.0
120122,2374.0,884.0,963.0,15.0,2.0,54.1278877,JUNIN,HUANCAYO,INGENIO,0.37236731255265376,0.5943555181128897,43.85909188176208,8.424599831508003,3519.0
120124,7181.0,6914.0,267.0,52.0,10.0,580.80845619,JUNIN,HUANCAYO,PARIAHUANCA,0.9628185489486144,0.9628185489486144,12.363800704807366,13.92563709789723,2867.0
120125,13403.0,108.0,13295.0,3.0,2.0,8.88260415,JUNIN,HUANCAYO,PILCOMAYO,0.008057897485637544,0.008057897485637566,1508.9043453546221,1.4922032380810266,3214.0
120126,5655.0,3747.0,1908.0,19.0,5.0,111.328782,JUNIN,HUANCAYO,PUCARA,0.6625994694960212,0.6625994694960212,50.795489705438435,8.841732979664014,3639.0
120127,1929.0,859.0,1070.0,19.0,1.0,30.47083612,JUNIN,HUANCAYO,QUICHUAY,0.4453084499740798,0.4453084499740798,63.30643479565929,5.184033177812338,3619.5
120128,4191.0,1617.0,2574.0,53.0,2.0,159.65961801,JUNIN,HUANCAYO,QUILCAS,0.3858267716535433,0.3858267716535433,26.249593054503638,4.772130756382725,3469.0
120129,11234.0,2478.0,8756.0,13.0,2.0,26.2239945,JUNIN,HUANCAYO,SAN AGUSTIN,0.22058038098629162,0.22058038098629162,428.3863009504521,1.7803097739006588,3256.0
120130,9658.0,1028.0,8630.0,3.0,2.0,21.0327656,JUNIN,HUANCAYO,SAN JERONIMO DE TUNAN,0.10644025678194242,0.10644025678194247,459.1883056976587,2.070822116380203,3247.5
120132,4727.0,1688.0,3039.0,12.0,1.0,12.99472146,JUNIN,HUANCAYO,SANO,0.3570975248572033,0.35709752485720325,363.76308753908455,2.115506663845991,3260.5
120133,13087.0,4361.0,4694.0,17.0,8.0,123.57166279,JUNIN,HUANCAYO,SAPALLANGA,0.33323145105830215,0.6413234507526553,105.90615764586977,6.112936501872087,3264.0
120134,7605.0,407.0,7198.0,8.0,1.0,41.96818867,JUNIN,HUANCAYO,SICAYA,0.053517422748191976,0.053517422748191934,181.2086783110623,1.3149243918474687,3251.0
120135,8055.0,7583.0,472.0,56.0,13.0,877.0387234,JUNIN,HUANCAYO,SANTO DOMINGO DE ACOBAMBA,0.9414028553693358,0.9414028553693358,9.184315110709512,16.139044072004967,2312.0
120136,2128.0,128.0,2000.0,4.0,1.0,6.10311898,JUNIN,HUANCAYO,VIQUES,0.06015037593984962,0.06015037593984962,348.6741790506598,4.6992481203007515,3180.5
120201,14456.0,2257.0,11682.0,16.0,3.0,18.24440276,JUNIN,CONCEPCION,CONCEPCION,0.1561289429994466,0.19189263973436632,792.3526020645687,2.075262866629773,3285.0
120202,1951.0,609.0,1342.0,4.0,3.0,38.92913549,JUNIN,CONCEPCION,ACO,0.3121476166068683,0.3121476166068683,50.116705019076704,15.376729882111738,3650.0
120203,6580.0,6185.0,395.0,52.0,4.0,505.90762304,JUNIN,CONCEPCION,ANDAMARCA,0.9399696048632219,0.9399696048632219,13.006327045362088,6.079027355623101,2354.0
120204,2985.0,2297.0,688.0,20.0,4.0,109.20676189,JUNIN,CONCEPCION,CHAMBARA,0.7695142378559464,0.7695142378559464,27.333472289991366,13.40033500837521,3691.0
120205,2227.0,1739.0,488.0,20.0,4.0,108.44039257,JUNIN,CONCEPCION,COCHAS,0.780871127076785,0.780871127076785,20.536627978015073,17.96138302649304,3350.5
120206,7801.0,6834.0,967.0,44.0,7.0,949.15620883,JUNIN,CONCEPCION,COMAS,0.8760415331367774,0.8760415331367774,8.218878965788033,8.973208563004743,3541.0
120207,1422.0,1248.0,174.0,16.0,1.0,25.11389268,JUNIN,CONCEPCION,HEROINAS TOLEDO,0.8776371308016878,0.8776371308016877,56.62204653492212,7.032348804500703,3776.0
120208,1540.0,163.0,1377.0,5.0,1.0,17.39927378,JUNIN,CONCEPCION,MANZANARES,0.10584415584415584,0.10584415584415585,88.50944122565556,6.4935064935064934,3466.5
120209,1509.0,1144.0,365.0,22.0,2.0,56.2711428,JUNIN,CONCEPCION,MARISCAL CASTILLA,0.7581179589131876,0.7581179589131876,26.816587062454328,13.253810470510272,2612.0
120210,5162.0,2253.0,2909.0,17.0,3.0,23.62113348,JUNIN,CONCEPCION,MATAHUASI,0.436458736923673,0.436458736923673,218.5331201134214,5.811700891127471,3286.0
120211,1476.0,816.0,660.0,6.0,3.0,25.22395183,JUNIN,CONCEPCION,MITO,0.5528455284552846,0.5528455284552846,58.51581108097921,20.325203252032523,3276.0
120212,1774.0,483.0,1291.0,7.0,1.0,6.85214685,JUNIN,CONCEPCION,NUEVE DE JULIO,0.27226606538895154,0.2722660653889515,258.8969616143005,5.636978579481398,3331.0
120213,4068.0,420.0,3050.0,6.0,2.0,45.09377779,JUNIN,CONCEPCION,ORCOTUNA,0.10324483775811209,0.2502458210422812,90.21200261695795,4.916420845624386,3365.0
120214,6523.0,4340.0,383.0,17.0,6.0,308.20503994,JUNIN,CONCEPCION,SAN JOSE DE QUERO,0.665338034646635,0.9412846849609076,21.164481934720694,9.198221677142419,3715.0
120215,2406.0,473.0,1289.0,8.0,2.0,16.13444995,JUNIN,CONCEPCION,SANTA ROSA DE OCOPA,0.1965918536990856,0.4642560266001663,149.12191041257034,8.31255195344971,3378.0
120301,26792.0,4907.0,21885.0,61.0,19.0,739.19842921,JUNIN,CHANCHAMAYO,CHANCHAMAYO,0.1831516870707674,0.18315168707076734,36.24466576401317,7.091669154971633,828.0
120302,56450.0,28987.0,6909.0,190.0,32.0,1491.72656869,JUNIN,CHANCHAMAYO,PERENE,0.5134986713906111,0.8776085031000885,37.84205576600616,5.66873339238264,846.5
120303,49585.0,23559.0,23593.0,132.0,25.0,1243.35211554,JUNIN,CHANCHAMAYO,PICHANAQUI,0.4751235252596551,0.5241907835030755,39.88009460897145,5.041847332862761,849.0
120304,7025.0,6077.0,948.0,47.0,4.0,192.48729718,JUNIN,CHANCHAMAYO,SAN LUIS DE SHUARO,0.8650533807829182,0.8650533807829182,36.495914810579606,5.6939501779359425,908.5
120305,26382.0,7341.0,19041.0,70.0,10.0,621.77437314,JUNIN,CHANCHAMAYO,SAN RAMON,0.27825790311576076,0.2782579031157607,42.4301822971076,3.790463194602381,1060.0
120306,2599.0,2080.0,519.0,29.0,4.0,393.26560945,JUNIN,CHANCHAMAYO,VITOC,0.8003078106964217,0.8003078106964217,6.608765011603279,15.390534821085033,1161.5
120401,16524.0,100.0,16424.0,2.0,6.0,9.4817557,JUNIN,JAUJA,JAUJA,0.0060518034374243525,0.006051803437424397,1742.7152230889053,3.6310820624546114,3374.0
120402,8402.0,3784.0,4032.0,14.0,7.0,120.15486608,JUNIN,JAUJA,ACOLLA,0.450368959771483,0.5201142585098786,69.92642307474993,8.33134967864794,3464.0
120403,4967.0,3401.0,1005.0,78.0,5.0,419.85992903,JUNIN,JAUJA,APATA,0.6847191463660157,0.7976645862693779,11.830135853819705,10.066438494060803,3334.0
120404,1269.0,224.0,1045.0,2.0,1.0,5.57158974,JUNIN,JAUJA,ATAURA,0.1765169424743893,0.17651694247438932,227.76264212160027,7.880220646178094,3347.5
120405,1774.0,869.0,746.0,10.0,2.0,946.78821503,JUNIN,JAUJA,CANCHAYLLO,0.4898534385569335,0.5794813979706877,1.8737030856935508,11.273957158962796,3573.0
120406,1786.0,1475.0,311.0,21.0,1.0,65.54672703,JUNIN,JAUJA,CURICACA,0.8258678611422172,0.8258678611422172,27.247737315435565,5.599104143337066,3537.0
120407,2612.0,147.0,2465.0,4.0,1.0,17.89730033,JUNIN,JAUJA,EL MANTARO,0.05627871362940275,0.05627871362940273,145.94379888801922,3.8284839203675345,3323.5
120408,1968.0,585.0,1383.0,6.0,1.0,19.67203125,JUNIN,JAUJA,HUAMALI,0.2972560975609756,0.2972560975609756,100.04050801820478,5.081300813008131,3459.0
120409,1049.0,23.0,1026.0,4.0,1.0,14.33753289,JUNIN,JAUJA,HUARIPAMPA,0.0219256434699714,0.02192564346997139,73.16460984243992,9.532888465204957,3362.0
120410,1908.0,824.0,681.0,17.0,1.0,12.05000654,JUNIN,JAUJA,HUERTAS,0.43186582809224316,0.6430817610062893,158.3401630253389,5.241090146750524,3357.0
120411,905.0,814.0,91.0,15.0,1.0,32.51747532,JUNIN,JAUJA,JANJAILLO,0.8994475138121547,0.8994475138121547,27.831188955908154,11.049723756906078,3923.0
120412,908.0,63.0,845.0,4.0,1.0,19.11348598,JUNIN,JAUJA,JULCAN,0.06938325991189427,0.06938325991189431,47.505724541829494,11.013215859030838,3441.0
120413,1651.0,539.0,1112.0,8.0,1.0,21.10631376,JUNIN,JAUJA,LEONOR ORDONEZ,0.32646880678376744,0.32646880678376744,78.2230387917819,6.0569351907934585,3313.0
120414,1343.0,522.0,643.0,13.0,2.0,109.25695331,JUNIN,JAUJA,LLOCLLAPAMPA,0.38868205510052123,0.5212211466865226,12.292123835720018,14.892032762472077,3533.0
120415,2041.0,546.0,1245.0,5.0,1.0,28.73111853,JUNIN,JAUJA,MARCO,0.267515923566879,0.3900048995590397,71.03795829838164,4.899559039686428,3464.0
120416,2289.0,1504.0,785.0,10.0,2.0,14.51113309,JUNIN,JAUJA,MASMA,0.6570554827435562,0.6570554827435562,157.74095556861852,8.73743993010048,3474.5
120417,912.0,558.0,354.0,10.0,1.0,33.76570052,JUNIN,JAUJA,MASMA CHICCHE,0.6118421052631579,0.611842105263158,27.009657313634193,10.964912280701753,3680.0
120418,1822.0,436.0,754.0,12.0,3.0,314.23835074,JUNIN,JAUJA,MOLINOS,0.23929747530186607,0.5861690450054885,5.798146520656602,16.46542261251372,3491.0
120419,1353.0,1009.0,344.0,17.0,3.0,935.50475915,JUNIN,JAUJA,MONOBAMBA,0.745750184774575,0.745750184774575,1.4462780512515365,22.172949002217294,1389.5
120420,1057.0,0.0,1057.0,1.0,1.0,11.95016215,JUNIN,JAUJA,MUQUI,0.0,0.0,88.45068265454456,9.460737937559129,3332.0
120421,2399.0,40.0,2359.0,3.0,1.0,20.83125132,JUNIN,JAUJA,MUQUIYAUYO,0.016673614005835766,0.01667361400583578,115.16350905414548,4.168403501458942,3548.5
120422,1264.0,495.0,769.0,8.0,2.0,34.01988717,JUNIN,JAUJA,PACA,0.3916139240506329,0.3916139240506329,37.154738158997844,15.822784810126581,3557.5
120423,2123.0,1458.0,665.0,14.0,4.0,89.1713594,JUNIN,JAUJA,PACCHA,0.6867640131888837,0.6867640131888837,23.808092803394,18.841262364578427,3780.5
120424,1398.0,694.0,704.0,4.0,2.0,11.39340302,JUNIN,JAUJA,PANCAN,0.49642346208869814,0.49642346208869814,122.70258478050398,14.30615164520744,3372.0
120425,1504.0,391.0,535.0,8.0,2.0,33.98543446,JUNIN,JAUJA,PARCO,0.2599734042553192,0.644281914893617,44.2542525613486,13.297872340425531,3504.0
120426,2141.0,2078.0,63.0,14.0,3.0,281.51340669,JUNIN,JAUJA,POMACANCHA,0.9705744978981784,0.9705744978981784,7.605321626325419,14.012143858010276,3807.5
120427,2082.0,1141.0,735.0,38.0,2.0,320.07107248,JUNIN,JAUJA,RICRAN,0.548030739673391,0.6469740634005764,6.504805272991661,9.606147934678194,3891.0
120428,2278.0,445.0,1833.0,11.0,1.0,24.33123285,JUNIN,JAUJA,SAN LORENZO,0.19534679543459174,0.19534679543459177,93.62452014017038,4.389815627743634,3311.5
120429,974.0,416.0,558.0,3.0,1.0,8.71206838,JUNIN,JAUJA,SAN PEDRO DE CHUNAN,0.4271047227926078,0.4271047227926078,111.7989388416623,10.26694045174538,3409.5
120430,4109.0,1317.0,2792.0,6.0,1.0,4.69267608,JUNIN,JAUJA,SAUSA,0.32051594061815525,0.32051594061815525,875.6197806859918,2.433682161109759,3366.5
120431,4643.0,2823.0,1127.0,20.0,5.0,231.16873799,JUNIN,JAUJA,SINCOS,0.6080120611673487,0.7572690071074736,20.084895736208278,10.768899418479432,3685.0
120432,1665.0,524.0,1141.0,7.0,1.0,32.69882231,JUNIN,JAUJA,TUNAN MARCA,0.31471471471471474,0.3147147147147147,50.91926504921272,6.006006006006006,3612.0
120433,1640.0,338.0,843.0,18.0,1.0,93.14320054,JUNIN,JAUJA,YAULI,0.20609756097560974,0.48597560975609755,17.607297048974694,6.097560975609756,3427.0
120434,9377.0,613.0,8764.0,5.0,3.0,19.60502622,JUNIN,JAUJA,YAUYOS,0.06537272048629626,0.06537272048629628,478.29571329183364,3.199317478937827,3485.0
120501,12427.0,1284.0,9974.0,126.0,3.0,870.00974803,JUNIN,JUNIN,JUNIN,0.10332340870684799,0.19739277379898612,14.283748001834445,2.414098334272149,4114.0
120502,8413.0,944.0,7469.0,42.0,2.0,204.65794448,JUNIN,JUNIN,CARHUAMAYO,0.11220729822893141,0.11220729822893138,41.107615056801045,2.3772732675621064,4122.5
120503,2800.0,1928.0,872.0,136.0,3.0,289.57597433,JUNIN,JUNIN,ONDORES,0.6885714285714286,0.6885714285714286,9.66931046844766,10.714285714285715,4141.0
120504,7367.0,5636.0,1022.0,121.0,14.0,1132.84760471,JUNIN,JUNIN,ULCUMAYO,0.765033256413737,0.8612732455544998,6.503081234731386,19.003664992534272,3921.0
120601,38568.0,16674.0,21894.0,123.0,18.0,815.69702277,JUNIN,SATIPO,SATIPO,0.4323273179838208,0.43232731798382074,47.28226157921741,4.667081518357187,661.0
120602,5185.0,5010.0,175.0,45.0,6.0,97.61519087,JUNIN,SATIPO,COVIRIALI,0.9662487945998072,0.9662487945998072,53.11673269076711,11.571841851494696,816.5
120603,5143.0,4100.0,589.0,38.0,3.0,308.41271202,JUNIN,SATIPO,LLAYLLA,0.7972000777756173,0.8854754034610149,16.675706932814382,5.8331713007972,1205.0
120604,1035.0,1035.0,0.0,8.0,17.0,,,,,1.0,1.0,,164.2512077294686,763.0
120605,7508.0,6998.0,510.0,50.0,6.0,950.75597968,JUNIN,SATIPO,PAMPA HERMOSA,0.9320724560468834,0.9320724560468834,7.896873814590154,7.991475759190196,1014.0
120606,4305.0,4305.0,0.0,19.0,41.0,,,,,1.0,1.0,,95.23809523809524,695.0
120607,32552.0,30508.0,2044.0,112.0,17.0,488.50521888,JUNIN,SATIPO,RIO NEGRO,0.9372081592528877,0.9372081592528877,66.6359308803952,5.222413369378226,785.0
120608,32275.0,29694.0,915.0,143.0,30.0,10214.15544819,JUNIN,SATIPO,RIO TAMBO,0.9200309837335399,0.9716498838109993,3.1598305081326417,9.295120061967468,303.0
120699,22703.0,22160.0,0.0,136.0,0.0,5675.39040682,JUNIN,SATIPO,MAZAMARI - PANGOA,0.9760824560630753,1.0,4.000253440312806,0.0,690.0
120701,50517.0,7348.0,39105.0,65.0,19.0,445.58064373,JUNIN,TARMA,TARMA,0.14545598511392205,0.225904151077855,113.37341671109668,3.7611101213452898,3114.0
120702,13402.0,6220.0,4742.0,44.0,6.0,107.25253621,JUNIN,TARMA,ACOBAMBA,0.4641098343530816,0.646172213102522,124.95741801162578,4.476943739740337,2950.0
120703,3003.0,1409.0,1169.0,13.0,3.0,164.75843573,JUNIN,TARMA,HUARICOLCA,0.4691974691974692,0.6107226107226107,18.226684337554676,9.99000999000999,3613.0
120704,15948.0,9828.0,5373.0,106.0,7.0,637.34083878,JUNIN,TARMA,HUASAHUASI,0.6162528216704289,0.6630925507900678,25.022717876556783,4.389265111612741,3282.0
120705,3869.0,1052.0,2110.0,17.0,5.0,151.56375509,JUNIN,TARMA,LA UNION,0.2719048849831998,0.45463944171620574,25.52721128941778,12.923235978288965,3916.0
120706,6814.0,4695.0,2119.0,49.0,8.0,270.5273657,JUNIN,TARMA,PALCA,0.6890226005283241,0.689022600528324,25.187839989379675,11.74053419430584,3001.5
120707,8295.0,4211.0,4084.0,54.0,7.0,167.87956953,JUNIN,TARMA,PALCAMAYO,0.5076552139843279,0.5076552139843279,49.41041976235046,8.438818565400844,3621.5
120708,5808.0,1384.0,3516.0,46.0,7.0,512.3377892,JUNIN,TARMA,SAN PEDRO DE CAJAS,0.23829201101928374,0.3946280991735537,11.3362709572312,12.052341597796143,4023.0
120709,5971.0,4911.0,1060.0,24.0,6.0,215.1026896,JUNIN,TARMA,TAPO,0.822475297270139,0.822475297270139,27.75883468079146,10.048568079048735,3140.0
120801,18829.0,669.0,15751.0,31.0,5.0,380.11430599,JUNIN,YAULI,LA OROYA,0.03553029900685113,0.1634712411705348,49.53509958263805,2.6554782516331192,3773.0
120802,918.0,542.0,376.0,76.0,1.0,186.13239567,JUNIN,YAULI,CHACAPALPA,0.5904139433551199,0.5904139433551199,4.931973269325729,10.893246187363836,3811.0
120803,1678.0,485.0,514.0,58.0,3.0,193.15074438,JUNIN,YAULI,HUAY-HUAY,0.28903456495828367,0.6936829558998808,8.687515056627193,17.878426698450536,4424.0
120804,1141.0,783.0,358.0,103.0,3.0,883.62058794,JUNIN,YAULI,MARCAPOMACOCHA,0.6862401402278703,0.6862401402278703,1.2912781974218517,26.29272567922875,4450.0
120805,5412.0,731.0,4182.0,17.0,7.0,264.91491373,JUNIN,YAULI,MOROCOCHA,0.13507021433850702,0.2272727272727273,20.429200922662602,12.934220251293421,4522.0
120806,1883.0,521.0,1362.0,14.0,1.0,322.87104655,JUNIN,YAULI,PACCHA,0.2766861391396707,0.2766861391396708,5.832049730443691,5.310674455655868,3913.5
120807,1926.0,1279.0,647.0,197.0,3.0,680.49203297,JUNIN,YAULI,SANTA BARBARA DE CARHUACAYAN,0.6640706126687436,0.6640706126687435,2.8303049950401244,15.57632398753894,4051.5
120808,11297.0,40.0,11257.0,15.0,4.0,100.34059898,JUNIN,YAULI,SANTA ROSA DE SACCO,0.0035407630344339207,0.003540763034433958,112.58653142235808,3.5407630344339203,3872.5
120809,904.0,366.0,538.0,91.0,1.0,215.45071231,JUNIN,YAULI,SUITUCANCHA,0.40486725663716816,0.40486725663716816,4.195855239036225,11.061946902654867,4498.0
120810,5969.0,974.0,2999.0,57.0,7.0,410.78399795,JUNIN,YAULI,YAULI,0.1631764114592059,0.49757078237560726,14.530751026787897,11.727257497068187,4123.0
120901,20253.0,5822.0,13519.0,12.0,4.0,20.60105978,JUNIN,CHUPACA,CHUPACA,0.2874635856416333,0.33249395151335603,983.1047633608682,1.975016047005382,3275.0
120902,6547.0,3309.0,3238.0,28.0,3.0,72.08895999,JUNIN,CHUPACA,AHUAC,0.505422330838552,0.5054223308385519,90.81834445812761,4.5822514128608525,3347.0
120903,4491.0,1335.0,3156.0,40.0,2.0,96.36855657,JUNIN,CHUPACA,CHONGOS BAJO,0.2972611890447562,0.2972611890447562,46.602337524250835,4.45335114673792,3252.5
120904,3738.0,2305.0,1433.0,8.0,4.0,23.87318073,JUNIN,CHUPACA,HUACHAC,0.6166399143927234,0.6166399143927234,156.57737618945256,10.700909577314071,3362.5
120905,5055.0,1036.0,4019.0,7.0,2.0,11.00940624,JUNIN,CHUPACA,HUAMANCACA CHICO,0.2049455984174085,0.20494559841740856,459.1528271192216,3.956478733926805,3198.5
120906,2332.0,1181.0,695.0,9.0,3.0,26.30627233,JUNIN,CHUPACA,SAN JUAN DE ISCOS,0.5064322469982847,0.7019725557461407,88.64805970021675,12.86449399656947,3353.0
120907,3685.0,2291.0,1394.0,12.0,2.0,136.07411181,JUNIN,CHUPACA,SAN JUAN DE JARPA,0.6217096336499321,0.6217096336499321,27.080830813324415,5.4274084124830395,3794.0
120908,1920.0,0.0,1920.0,1.0,1.0,11.7702235,JUNIN,CHUPACA,TRES DE DICIEMBRE,0.0,0.0,163.12349548842465,5.208333333333333,3212.0
120909,3294.0,2708.0,586.0,21.0,2.0,757.53157857,JUNIN,CHUPACA,YANACANCHA,0.8221007893139041,0.8221007893139041,4.3483335786715545,6.071645415907711,3967.5
130101,294899.0,169.0,294730.0,4.0,156.0,38.22208756,LA LIBERTAD,TRUJILLO,TRUJILLO,0.0005730775621483966,0.0005730775621484163,7715.4079964124285,5.2899467275236605,32.5
130102,140507.0,0.0,140507.0,1.0,14.0,38.37520724,LA LIBERTAD,TRUJILLO,EL PORVENIR,0.0,0.0,3661.400422446292,0.9963916388507335,99.0
130103,40014.0,0.0,40014.0,1.0,5.0,2.5076213,LA LIBERTAD,TRUJILLO,FLORENCIA DE MORA,0.0,0.0,15956.954903836557,1.249562653071425,101.0
130104,45184.0,1380.0,9009.0,18.0,12.0,316.18731522,LA LIBERTAD,TRUJILLO,HUANCHACO,0.030541784702549576,0.80061526203966,142.90263342335987,2.655807365439094,37.5
130105,151845.0,0.0,151845.0,1.0,18.0,21.11832124,LA LIBERTAD,TRUJILLO,LA ESPERANZA,0.0,0.0,7190.202207569033,1.1854193420922652,87.0
130106,32989.0,8612.0,22557.0,40.0,5.0,492.10268101,LA LIBERTAD,TRUJILLO,LAREDO,0.26105671587498863,0.3162266209948771,67.03682234019293,1.5156567340628695,92.5
130107,30138.0,4524.0,16000.0,51.0,7.0,28.18553867,LA LIBERTAD,TRUJILLO,MOCHE,0.15010949631694206,0.4691087663414958,1069.2717408334704,2.322649147255956,28.0
130108,3608.0,2517.0,753.0,33.0,1.0,150.22611826,LA LIBERTAD,TRUJILLO,POROTO,0.6976164079822617,0.7912971175166297,24.017128591151817,2.7716186252771617,659.0
130109,13892.0,62.0,8816.0,6.0,3.0,288.34519805,LA LIBERTAD,TRUJILLO,SALAVERRY,0.004463000287935503,0.3653901526058163,48.17836431453622,2.1595162683558886,9.0
130110,4172.0,3367.0,805.0,34.0,1.0,388.4615394,LA LIBERTAD,TRUJILLO,SIMBAL,0.8070469798657718,0.8070469798657718,10.73980195425236,2.396931927133269,483.5
130111,55781.0,43.0,55738.0,3.0,24.0,11.8453325,LA LIBERTAD,TRUJILLO,VICTOR LARCO HERRERA,0.0007708718022265646,0.0007708718022265693,4709.112217829259,4.302540291497104,6.0
130201,7012.0,1032.0,5980.0,22.0,2.0,297.68597254,LA LIBERTAD,ASCOPE,ASCOPE,0.14717626925270963,0.14717626925270966,23.55502323529134,2.852253280091272,218.0
130202,15056.0,1807.0,4875.0,24.0,4.0,896.70724762,LA LIBERTAD,ASCOPE,CHICAMA,0.12001859723698194,0.6762088204038257,16.790318177934836,2.6567481402763016,181.5
130203,9596.0,1999.0,4910.0,14.0,4.0,99.07512427,LA LIBERTAD,ASCOPE,CHOCOPE,0.20831596498541058,0.48832847019591497,96.85579574797136,4.168403501458942,102.0
130204,3010.0,917.0,1206.0,23.0,1.0,160.39878607,LA LIBERTAD,ASCOPE,MAGDALENA DE CAO,0.30465116279069765,0.5993355481727575,18.765728056610097,3.3222591362126246,39.0
130205,23217.0,2237.0,18931.0,27.0,3.0,82.07883293,LA LIBERTAD,ASCOPE,PAIJAN,0.09635181117284748,0.18460610759357365,282.86220906430714,1.292156609381057,74.0
130206,8330.0,3408.0,4922.0,30.0,1.0,310.54271859,LA LIBERTAD,ASCOPE,RAZURI,0.4091236494597839,0.40912364945978397,26.82400681562218,1.2004801920768309,31.0
130207,20515.0,1388.0,2098.0,20.0,5.0,135.99807638,LA LIBERTAD,ASCOPE,SANTIAGO DE CAO,0.06765781135754326,0.8977333658298806,150.84772186540246,2.4372410431391667,42.0
130208,29977.0,1695.0,20078.0,25.0,5.0,659.05180943,LA LIBERTAD,ASCOPE,CASA GRANDE,0.05654334990159122,0.33021983520699205,45.48504316515946,1.6679454248256995,145.5
130301,4788.0,3310.0,1478.0,77.0,1.0,736.00945083,LA LIBERTAD,BOLIVAR,BOLIVAR,0.691311612364244,0.691311612364244,6.505351248683775,2.0885547201336676,2364.0
130302,3537.0,2696.0,841.0,36.0,2.0,164.27072476,LA LIBERTAD,BOLIVAR,BAMBAMARCA,0.7622278767316936,0.7622278767316936,21.531529766898924,5.654509471303364,2971.0
130303,2214.0,1900.0,160.0,54.0,1.0,323.45711224,LA LIBERTAD,BOLIVAR,CONDORMARCA,0.8581752484191508,0.9277326106594399,6.844802343864516,4.5167118337850045,2914.0
130304,2324.0,1010.0,346.0,41.0,2.0,188.86410221,LA LIBERTAD,BOLIVAR,LONGOTEA,0.43459552495697074,0.851118760757315,12.305144137004499,8.605851979345955,1628.0
130305,2888.0,1714.0,1174.0,39.0,1.0,220.97111396,LA LIBERTAD,BOLIVAR,UCHUMARCA,0.5934903047091413,0.5934903047091413,13.069581576724925,3.4626038781163433,3306.0
130306,955.0,322.0,633.0,16.0,1.0,100.18994938,LA LIBERTAD,BOLIVAR,UCUNCHA,0.33717277486910996,0.3371727748691099,9.531894226015428,10.471204188481677,2427.5
130401,45789.0,4431.0,36770.0,33.0,3.0,288.47139232,LA LIBERTAD,CHEPEN,CHEPEN,0.09676996658586123,0.1969687042739523,158.7297777840184,0.6551791915088777,140.0
130402,18629.0,5617.0,3617.0,44.0,2.0,588.10478969,LA LIBERTAD,CHEPEN,PACANGA,0.3015191368296742,0.8058403564335177,31.676327631712816,1.0735949326319179,84.0
130403,12365.0,4582.0,3937.0,42.0,4.0,270.26223583,LA LIBERTAD,CHEPEN,PUEBLO NUEVO,0.37056207035988675,0.6816012939749292,45.7518600851723,3.2349373230893654,63.0
130501,13385.0,10428.0,2681.0,60.0,6.0,227.68554824,LA LIBERTAD,JULCAN,JULCAN,0.7790810608890549,0.7997011580127008,58.787218176408224,4.482629809488233,3344.0
130502,6446.0,6082.0,364.0,44.0,5.0,208.82278608,LA LIBERTAD,JULCAN,CALAMARCA,0.9435308718585169,0.9435308718585169,30.868278893331777,7.756748371082843,3496.0
130503,7104.0,5955.0,1149.0,31.0,3.0,234.2566379,LA LIBERTAD,JULCAN,CARABAMBA,0.8382601351351351,0.8382601351351351,30.325714838580463,4.222972972972973,3349.0
130504,6423.0,6007.0,416.0,29.0,7.0,438.53949593,LA LIBERTAD,JULCAN,HUASO,0.9352327572785303,0.9352327572785303,14.64634328175824,10.89833411178577,3315.5
130601,25265.0,13776.0,11489.0,75.0,10.0,401.78186345,LA LIBERTAD,OTUZCO,OTUZCO,0.5452602414407283,0.5452602414407283,62.882380461516576,3.9580447259054026,3103.5
130602,10571.0,9991.0,580.0,42.0,11.0,258.16766962,LA LIBERTAD,OTUZCO,AGALLPAMPA,0.9451329107936808,0.9451329107936808,40.94625797087442,10.405827263267431,3137.0
130604,3095.0,2319.0,189.0,32.0,4.0,65.77648311,LA LIBERTAD,OTUZCO,CHARAT,0.7492730210016155,0.9389337641357027,47.0532909888803,12.924071082390954,2313.0
130605,5207.0,4176.0,1031.0,54.0,2.0,135.19491861,LA LIBERTAD,OTUZCO,HUARANCHAL,0.8019973113116958,0.8019973113116958,38.51476115770857,3.8409832917226807,2112.5
130606,700.0,625.0,75.0,20.0,1.0,41.41731377,LA LIBERTAD,OTUZCO,LA CUESTA,0.8928571428571429,0.8928571428571429,16.90114438341567,14.285714285714286,2717.0
130608,3195.0,2487.0,708.0,25.0,3.0,37.28866872,LA LIBERTAD,OTUZCO,MACHE,0.7784037558685446,0.7784037558685446,85.68286585909523,9.389671361502348,3362.0
130610,689.0,498.0,191.0,15.0,1.0,22.14571633,LA LIBERTAD,OTUZCO,PARANDAY,0.7227866473149492,0.7227866473149491,31.112111693882607,14.513788098693759,3225.0
130611,6437.0,5728.0,709.0,40.0,5.0,195.40407453,LA LIBERTAD,OTUZCO,SALPO,0.8898555227590492,0.8898555227590492,32.941994763838665,7.767593599502874,3498.5
130613,8386.0,5668.0,327.0,45.0,3.0,453.42853502,LA LIBERTAD,OTUZCO,SINSICAP,0.6758883854042451,0.9610064393036012,18.49464546740559,3.577390889577868,3048.0
130614,26282.0,23380.0,961.0,110.0,11.0,466.96115201,LA LIBERTAD,OTUZCO,USQUIL,0.8895822235750704,0.9634350506049768,56.28305456861039,4.185374020241991,2823.0
130701,16149.0,1158.0,12171.0,20.0,5.0,682.32684844,LA LIBERTAD,PACASMAYO,SAN PEDRO DE LLOC,0.07170722645365038,0.24633104216979385,23.667542962615887,3.096166945321692,76.0
130702,37313.0,3891.0,20605.0,39.0,6.0,167.38054956,LA LIBERTAD,PACASMAYO,GUADALUPE,0.10428000964811192,0.4477795942432933,222.92315384365858,1.608018653016375,93.0
130703,3508.0,541.0,2161.0,32.0,2.0,48.72085372,LA LIBERTAD,PACASMAYO,JEQUETEPEQUE,0.15421892816419613,0.38397947548460665,72.00202238163901,5.701254275940707,63.0
130704,26118.0,13.0,26105.0,2.0,4.0,34.49341158,LA LIBERTAD,PACASMAYO,PACASMAYO,0.0004977410215177273,0.0004977410215176725,757.1880774803893,1.531510835439161,23.0
130705,11261.0,1028.0,3830.0,23.0,4.0,178.24381361,LA LIBERTAD,PACASMAYO,SAN JOSE,0.09128851789361513,0.6598881094041382,63.17750822274948,3.5520824083118727,102.5
130801,13845.0,10309.0,3536.0,108.0,3.0,337.9221722,LA LIBERTAD,PATAZ,TAYABAMBA,0.7446009389671362,0.7446009389671362,40.970972427952454,2.1668472372697725,3607.0
130802,3884.0,3035.0,849.0,34.0,4.0,229.86601384,LA LIBERTAD,PATAZ,BULDIBUYO,0.7814109165808445,0.7814109165808445,16.896799727442474,10.298661174047373,3038.5
130803,12043.0,10486.0,1557.0,54.0,5.0,308.50382199,LA LIBERTAD,PATAZ,CHILLIA,0.8707132774225691,0.8707132774225691,39.03679352274076,4.151789421240554,3250.0
130804,6313.0,5137.0,1176.0,76.0,3.0,241.95500169,LA LIBERTAD,PATAZ,HUANCASPATA,0.8137177253286868,0.8137177253286868,26.09162842638155,4.752098843655948,3040.0
130805,2382.0,1784.0,598.0,37.0,1.0,92.8317442,LA LIBERTAD,PATAZ,HUAYLILLAS,0.7489504617968094,0.7489504617968095,25.659326133829122,4.198152812762385,2670.5
130806,4304.0,4014.0,290.0,44.0,3.0,125.0944538,LA LIBERTAD,PATAZ,HUAYO,0.9326208178438662,0.9326208178438662,34.40600177911325,6.970260223048327,2543.5
130807,1701.0,1600.0,101.0,46.0,2.0,1312.22361815,LA LIBERTAD,PATAZ,ONGON,0.940623162845385,0.940623162845385,1.29627296481533,11.757789535567314,1930.5
130808,14957.0,9344.0,903.0,65.0,8.0,277.60218693,LA LIBERTAD,PATAZ,PARCOY,0.6247242094002808,0.939626930534198,53.87925853686285,5.348666176372267,2979.5
130809,8063.0,6356.0,1707.0,99.0,11.0,392.87839068,LA LIBERTAD,PATAZ,PATAZ,0.7882921989333995,0.7882921989333995,20.522890011956207,13.642564802182811,3052.0
130810,1596.0,1052.0,544.0,30.0,1.0,309.99211403,LA LIBERTAD,PATAZ,PIAS,0.6591478696741855,0.6591478696741855,5.14851806793235,6.265664160401002,2505.0
130811,2797.0,1811.0,986.0,30.0,2.0,130.44621176,LA LIBERTAD,PATAZ,SANTIAGO DE CHALLAS,0.6474794422595638,0.6474794422595638,21.441787862310857,7.150518412584912,2999.5
130812,3002.0,1917.0,1085.0,23.0,1.0,130.41128543,LA LIBERTAD,PATAZ,TAURIJA,0.6385742838107928,0.6385742838107928,23.019480178434126,3.331112591605596,2867.5
130813,3019.0,2464.0,555.0,26.0,2.0,102.42027912,LA LIBERTAD,PATAZ,URPAY,0.8161642928121895,0.8161642928121895,29.47658438289169,6.624710168930109,2870.0
130901,52996.0,23026.0,28330.0,66.0,22.0,415.24847862,LA LIBERTAD,SANCHEZ CARRION,HUAMACHUCO,0.43448562155634385,0.46543135330968377,127.6247902848969,4.151256698618764,3127.0
130902,17388.0,15472.0,1216.0,89.0,10.0,416.82507924,LA LIBERTAD,SANCHEZ CARRION,CHUGAY,0.8898090637221072,0.9300667126754083,41.715340237453226,5.751092707614447,2604.0
130903,9097.0,8363.0,734.0,79.0,5.0,262.47977899,LA LIBERTAD,SANCHEZ CARRION,COCHORCO,0.9193140595800814,0.9193140595800814,34.657907877721044,5.496317467296911,2801.0
130904,8181.0,6269.0,1912.0,45.0,3.0,98.21426725,LA LIBERTAD,SANCHEZ CARRION,CURGOS,0.7662877398850996,0.7662877398850996,83.29747020537894,3.667033370003667,3283.0
130905,15103.0,14656.0,447.0,99.0,9.0,235.21213821,LA LIBERTAD,SANCHEZ CARRION,MARCABAL,0.9704032311461299,0.9704032311461299,64.21012161590009,5.959080977289281,3189.5
130906,12983.0,12704.0,279.0,90.0,5.0,336.80460116,LA LIBERTAD,SANCHEZ CARRION,SANAGORAN,0.9785103597011476,0.9785103597011476,38.54757314859956,3.851190017715474,3202.0
130907,9236.0,8509.0,727.0,95.0,5.0,335.31352734,LA LIBERTAD,SANCHEZ CARRION,SARIN,0.921286271113036,0.921286271113036,27.54437040839964,5.413598960589,3147.0
130908,12434.0,11834.0,600.0,114.0,5.0,397.40358536,LA LIBERTAD,SANCHEZ CARRION,SARTIMBAMBA,0.9517452147337945,0.9517452147337945,31.288092151298248,4.0212321055171305,3019.0
131001,19860.0,13480.0,5881.0,66.0,10.0,1079.28663864,LA LIBERTAD,SANTIAGO DE CHUCO,SANTIAGO DE CHUCO,0.6787512588116817,0.703877139979859,18.401043141815798,5.0352467270896275,3121.0
131002,6367.0,4279.0,2088.0,17.0,1.0,150.09247805,LA LIBERTAD,SANTIAGO DE CHUCO,ANGASMARCA,0.6720590544997644,0.6720590544997644,42.420513557508016,1.570598397989634,2954.0
131003,6966.0,4732.0,2234.0,37.0,1.0,269.92621233,LA LIBERTAD,SANTIAGO DE CHUCO,CACHICADAN,0.6792994544932529,0.6792994544932529,25.80705274922938,1.435544071202986,3199.0
131004,2005.0,1064.0,478.0,36.0,2.0,69.29878164,LA LIBERTAD,SANTIAGO DE CHUCO,MOLLEBAMBA,0.5306733167082295,0.7615960099750624,28.932687596381818,9.97506234413965,3121.0
131005,2758.0,2579.0,179.0,26.0,2.0,68.99479313,LA LIBERTAD,SANTIAGO DE CHUCO,MOLLEPATA,0.935097897026831,0.935097897026831,39.97403100844691,7.25163161711385,2870.5
131006,13213.0,6638.0,6070.0,48.0,9.0,553.95360889,LA LIBERTAD,SANTIAGO DE CHUCO,QUIRUVILCA,0.5023840157420723,0.5406039506546583,23.852177850192035,6.81147354877772,3757.0
131007,3328.0,2626.0,702.0,17.0,3.0,163.25038736,LA LIBERTAD,SANTIAGO DE CHUCO,SANTA CRUZ DE CHUCA,0.7890625,0.7890625,20.385862807547827,9.014423076923077,3162.5
131008,3814.0,2947.0,867.0,32.0,4.0,314.71046589,LA LIBERTAD,SANTIAGO DE CHUCO,SITABAMBA,0.7726796014682747,0.7726796014682747,12.11907582804411,10.48767697954903,2976.0
131101,14338.0,9767.0,4571.0,134.0,5.0,466.53789099,LA LIBERTAD,GRAN CHIMU,CASCAS,0.6811968196401171,0.6811968196401172,30.732766355964273,3.4872367136281213,1278.0
131102,6028.0,5376.0,652.0,95.0,5.0,287.43319494,LA LIBERTAD,GRAN CHIMU,LUCMA,0.8918380889183809,0.8918380889183809,20.971829649871545,8.29462508294625,1856.0
131103,2441.0,1884.0,557.0,29.0,3.0,300.02346162,LA LIBERTAD,GRAN CHIMU,MARMOT,0.77181482998771,0.7718148299877099,8.136030385155983,12.290045063498567,1393.5
131104,7993.0,7229.0,764.0,45.0,4.0,234.31713371,LA LIBERTAD,GRAN CHIMU,SAYAPULLO,0.9044163643187789,0.9044163643187789,34.11188876137606,5.004378831477543,2446.0
131201,47282.0,11253.0,8968.0,68.0,15.0,1084.28012615,LA LIBERTAD,VIRU,VIRU,0.23799754663508313,0.8103295122879743,43.60681235382062,3.1724546338987354,65.0
131202,23083.0,5633.0,12325.0,51.0,10.0,1672.19691914,LA LIBERTAD,VIRU,CHAO,0.24403240480006932,0.4660572715851492,13.803996249360054,4.332192522635706,146.0
131203,6486.0,875.0,1857.0,17.0,1.0,426.69788895,LA LIBERTAD,VIRU,GUADALUPITO,0.1349059512796793,0.713691026827012,15.200450173213824,1.541782300339192,30.0
140101,261296.0,154.0,260794.0,3.0,167.0,47.18635034,LAMBAYEQUE,CHICLAYO,CHICLAYO,0.000589369909987141,0.0019211928234645903,5537.533590058112,6.3912191537566585,36.0
140102,17671.0,4233.0,7679.0,56.0,5.0,721.27828592,LAMBAYEQUE,CHICLAYO,CHONGOYAPE,0.2395450172599174,0.5654462113066606,24.49955910908978,2.829494652255107,212.0
140103,10697.0,278.0,9601.0,9.0,2.0,83.27102885,LAMBAYEQUE,CHICLAYO,ETEN,0.025988594933158828,0.10245863326166216,128.46004363977545,1.8696830887164626,16.0
140104,2238.0,0.0,2238.0,1.0,1.0,13.16877806,LAMBAYEQUE,CHICLAYO,ETEN PUERTO,0.0,0.0,169.9474309463759,4.468275245755138,7.0
140105,161717.0,607.0,161110.0,5.0,18.0,29.2805389,LAMBAYEQUE,CHICLAYO,JOSE LEONARDO ORTIZ,0.0037534705689568817,0.003753470568956918,5523.019933215778,1.1130555229196684,29.5
140106,77699.0,2920.0,74779.0,28.0,17.0,40.89198829,LAMBAYEQUE,CHICLAYO,LA VICTORIA,0.0375809212473777,0.03758092124737766,1900.1032536977673,2.1879303465939075,23.5
140107,9553.0,3005.0,4429.0,31.0,6.0,429.99679394,LAMBAYEQUE,CHICLAYO,LAGUNAS,0.3145608709305977,0.5363760075368994,22.21644471454591,6.280749502773998,12.0
140108,30384.0,8219.0,22165.0,46.0,6.0,46.79795631,LAMBAYEQUE,CHICLAYO,MONSEFU,0.27050421274354924,0.2705042127435492,649.2591214609816,1.9747235387045814,14.0
140109,2454.0,721.0,1733.0,10.0,2.0,211.4737425,LAMBAYEQUE,CHICLAYO,NUEVA ARICA,0.29380603096984514,0.29380603096984514,11.604277538144009,8.149959250203748,142.5
140110,10181.0,4663.0,5518.0,38.0,5.0,486.68422911,LAMBAYEQUE,CHICLAYO,OYOTUN,0.4580100186622139,0.4580100186622139,20.91910810140285,4.911108928396032,249.5
140111,8942.0,1253.0,4306.0,15.0,3.0,52.27874843,LAMBAYEQUE,CHICLAYO,PICSI,0.14012525162156117,0.5184522478192798,171.04464564550784,3.354954148959964,38.5
140112,35553.0,4665.0,15319.0,43.0,5.0,66.60200631,LAMBAYEQUE,CHICLAYO,PIMENTEL,0.13121255590245548,0.5691221556549377,533.8127478400284,1.4063510814839815,13.0
140113,12625.0,2999.0,8201.0,19.0,5.0,45.32041635,LAMBAYEQUE,CHICLAYO,REQUE,0.23754455445544553,0.3504158415841584,278.57202154763525,3.960396039603961,28.0
140114,10965.0,138.0,10827.0,4.0,1.0,13.58862969,LAMBAYEQUE,CHICLAYO,SANTA ROSA,0.012585499316005472,0.0125854993160055,806.924631117827,0.9119927040583675,5.5
140115,12094.0,2686.0,3910.0,35.0,5.0,314.09311257,LAMBAYEQUE,CHICLAYO,SANA,0.222093600132297,0.6766991896808334,38.50450556219912,4.134281461881925,66.0
140116,17407.0,3726.0,13681.0,22.0,3.0,164.42695907,LAMBAYEQUE,CHICLAYO,CAYALTI,0.2140518182340438,0.21405181823404373,105.86463496286807,1.7234445912563912,74.0
140117,20917.0,3183.0,15270.0,29.0,5.0,184.05572604,LAMBAYEQUE,CHICLAYO,PATAPO,0.1521728737390639,0.26997179327819476,113.64492944628195,2.39040015298561,88.0
140118,23146.0,2873.0,18047.0,22.0,3.0,76.63407966,LAMBAYEQUE,CHICLAYO,POMALCA,0.12412511881102567,0.22029724358420466,302.03272620603167,1.2961202799619806,45.0
140119,9281.0,2282.0,6277.0,23.0,1.0,174.99478094,LAMBAYEQUE,CHICLAYO,PUCALA,0.24587867686671694,0.3236720181014977,53.03586741356676,1.0774701002047193,136.0
140120,28174.0,2633.0,22886.0,24.0,1.0,125.69407943,LAMBAYEQUE,CHICLAYO,TUMAN,0.0934549584723504,0.18769077873216444,224.14739125155307,0.35493717611982684,59.0
140201,32715.0,938.0,31777.0,16.0,12.0,60.20983341,LAMBAYEQUE,FERRENAFE,FERRENAFE,0.02867186305975852,0.02867186305975855,543.3497843653973,3.6680421824850984,39.5
140202,12862.0,12539.0,323.0,112.0,11.0,289.00228367,LAMBAYEQUE,FERRENAFE,CANARIS,0.9748872648110714,0.9748872648110714,44.50483863541576,8.552324677344115,2529.0
140203,14150.0,12986.0,644.0,103.0,13.0,435.32220952,LAMBAYEQUE,FERRENAFE,INCAHUASI,0.91773851590106,0.954487632508834,32.50465905610981,9.187279151943462,3043.0
140204,4083.0,2600.0,1483.0,36.0,1.0,209.39062328,LAMBAYEQUE,FERRENAFE,MANUEL ANTONIO MESONES MURO,0.6367866764633847,0.6367866764633847,19.49944050044761,2.449179524859172,57.0
140205,20879.0,15093.0,1086.0,75.0,10.0,549.83884539,LAMBAYEQUE,FERRENAFE,PITIPO,0.7228794482494373,0.9479860146558743,37.97294457286035,4.789501412902917,110.0
140206,12064.0,936.0,11128.0,12.0,2.0,31.13533294,LAMBAYEQUE,FERRENAFE,PUEBLO NUEVO,0.07758620689655173,0.07758620689655171,387.4697605851264,1.6578249336870026,35.0
140301,64061.0,15788.0,48273.0,60.0,22.0,325.1155255,LAMBAYEQUE,LAMBAYEQUE,LAMBAYEQUE,0.24645259986575296,0.24645259986575296,197.0407285271278,3.434226752626403,22.0
140302,1622.0,1328.0,294.0,21.0,1.0,77.30750681,LAMBAYEQUE,LAMBAYEQUE,CHOCHOPE,0.8187422934648582,0.8187422934648582,20.98114487104619,6.165228113440198,472.0
140303,9293.0,4594.0,4699.0,22.0,4.0,24.03628425,LAMBAYEQUE,LAMBAYEQUE,ILLIMO,0.49435058646292906,0.49435058646292906,386.6238185296881,4.3043150758635536,52.0
140304,15083.0,7801.0,7282.0,45.0,4.0,687.37511781,LAMBAYEQUE,LAMBAYEQUE,JAYANCA,0.5172048001060797,0.5172048001060796,21.942894948037893,2.6519923092223032,73.0
140305,18173.0,11210.0,6963.0,39.0,5.0,102.67152476,LAMBAYEQUE,LAMBAYEQUE,MOCHUMI,0.6168491718483464,0.6168491718483464,177.00136471607223,2.751334397182634,30.5
140306,38533.0,29483.0,6307.0,86.0,23.0,1053.78433378,LAMBAYEQUE,LAMBAYEQUE,MORROPE,0.7651363766122544,0.8363221135130927,36.56630561376763,5.968909765655412,27.0
140307,24527.0,11145.0,13382.0,52.0,7.0,555.85117668,LAMBAYEQUE,LAMBAYEQUE,MOTUPE,0.4543971949280385,0.45439719492803854,44.1251202282154,2.8539976352591023,127.5
140308,36515.0,26708.0,9807.0,176.0,23.0,5569.3206113,LAMBAYEQUE,LAMBAYEQUE,OLMOS,0.7314254415993428,0.7314254415993428,6.556455005645044,6.298781322744078,150.0
140309,6869.0,3270.0,3599.0,20.0,2.0,88.72932202,LAMBAYEQUE,LAMBAYEQUE,PACORA,0.476051827049061,0.476051827049061,77.41522017323311,2.9116319697190276,58.0
140310,13086.0,9838.0,2082.0,89.0,10.0,1003.19927767,LAMBAYEQUE,LAMBAYEQUE,SALAS,0.7517958123185083,0.8408986703347089,13.0442677654166,7.641754546843956,1415.5
140311,12078.0,1297.0,8355.0,14.0,4.0,45.17416122,LAMBAYEQUE,LAMBAYEQUE,SAN JOSE,0.1073853286968041,0.30824639841033286,267.3652298972337,3.3118065904951153,10.0
140312,21351.0,13435.0,7916.0,45.0,7.0,63.40519699,LAMBAYEQUE,LAMBAYEQUE,TUCUME,0.6292445318720434,0.6292445318720434,336.7389585331213,3.278534963233572,44.0
150101,299493.0,0.0,299493.0,1.0,230.0,21.51237416,LIMA,LIMA,LIMA,0.0,0.0,13921.894337300797,7.679645267168181,163.0
150102,33367.0,0.0,33367.0,1.0,17.0,310.54804907,LIMA,LIMA,ANCON,0.0,0.0,107.44553089264075,5.094854197260767,9.0
150103,478278.0,0.0,478278.0,1.0,285.0,85.01847079,LIMA,LIMA,ATE,0.0,0.0,5625.577542806802,5.958877472934151,348.0
150104,33903.0,0.0,33903.0,1.0,40.0,2.74742927,LIMA,LIMA,BARRANCO,0.0,0.0,12339.8991086675,11.798365926319203,6.0
150105,81909.0,0.0,81909.0,1.0,98.0,3.21143625,LIMA,LIMA,BRENA,0.0,0.0,25505.410546449424,11.964497185901427,120.0
150106,213733.0,6753.0,206137.0,68.0,104.0,312.12754742,LIMA,LIMA,CARABAYLLO,0.03159549531424721,0.03553966865200975,684.7617320761506,4.865884070312025,214.0
150107,41110.0,0.0,41110.0,1.0,40.0,42.80047357,LIMA,LIMA,CHACLACAYO,0.0,0.0,960.5033909908675,9.729992702505474,677.0
150108,286977.0,0.0,286977.0,1.0,165.0,37.0015397,LIMA,LIMA,CHORRILLOS,0.0,0.0,7755.812388531496,5.749589688372239,47.0
150109,26725.0,185.0,26540.0,8.0,16.0,224.94078237,LIMA,LIMA,CIENEGUILLA,0.0069223573433115065,0.0069223573433114804,118.80904706751065,5.9869036482694105,469.0
150110,486977.0,0.0,486977.0,1.0,300.0,48.86034735,LIMA,LIMA,COMAS,0.0,0.0,9966.711790066716,6.160455216570804,105.0
150111,180262.0,0.0,180262.0,1.0,105.0,13.38456061,LIMA,LIMA,EL AGUSTINO,0.0,0.0,13467.905690181637,5.824854933374755,211.0
150112,207647.0,0.0,207647.0,1.0,58.0,16.1107915,LIMA,LIMA,INDEPENDENCIA,0.0,0.0,12888.690167705292,2.7932019244198085,87.0
150113,66171.0,0.0,66171.0,1.0,258.0,4.34143701,LIMA,LIMA,JESUS MARIA,0.0,0.0,15241.727531133753,38.989889830892686,121.0
150114,132498.0,0.0,132498.0,1.0,153.0,48.72581474,LIMA,LIMA,LA MOLINA,0.0,0.0,2719.2567370500988,11.547344110854503,255.0
150115,192724.0,0.0,192724.0,1.0,86.0,9.13823229,LIMA,LIMA,LA VICTORIA,0.0,0.0,21089.85566178905,4.462339926527054,141.0
150116,55242.0,0.0,55242.0,1.0,289.0,2.74834152,LIMA,LIMA,LINCE,0.0,0.0,20100.122054700103,52.31526736903081,125.0
150117,318140.0,0.0,318140.0,1.0,475.0,18.21599467,LIMA,LIMA,LOS OLIVOS,0.0,0.0,17464.871162042342,14.930533727289873,62.0
150118,169359.0,0.0,169359.0,1.0,89.0,245.04901166,LIMA,LIMA,LURIGANCHO,0.0,0.0,691.1229670045836,5.255108969703411,894.0
150119,62958.0,1684.0,61274.0,11.0,84.0,187.6024449,LIMA,LIMA,LURIN,0.026747990723974713,0.026747990723974713,335.59264130890864,13.3422281521014,34.0
150120,50764.0,0.0,50764.0,1.0,169.0,3.26428271,LIMA,LIMA,MAGDALENA DEL MAR,0.0,0.0,15551.349104808389,33.29130880151288,16.0
150121,74164.0,0.0,74164.0,1.0,179.0,4.64307716,LIMA,LIMA,PUEBLO LIBRE,0.0,0.0,15973.027680634108,24.135699261097027,92.0
150122,85065.0,0.0,85065.0,1.0,390.0,9.14505668,LIMA,LIMA,MIRAFLORES,0.0,0.0,9301.74661312214,45.84729324634103,71.0
150123,68441.0,888.0,67553.0,11.0,61.0,185.86873698,LIMA,LIMA,PACHACAMAC,0.012974678920530091,0.012974678920530058,368.22222559872694,8.912786195409184,106.0
150124,10663.0,97.0,10566.0,9.0,5.0,29.07956088,LIMA,LIMA,PUCUSANA,0.009096877051486449,0.00909687705148643,366.6836663731629,4.6891118822095095,40.5
150125,233602.0,0.0,233602.0,1.0,151.0,50.53306314,LIMA,LIMA,PUENTE PIEDRA,0.0,0.0,4622.755587818103,6.4639857535466305,196.0
150126,5762.0,339.0,5423.0,9.0,5.0,121.9350829,LIMA,LIMA,PUNTA HERMOSA,0.0588337382853176,0.05883373828531757,47.254652746047384,8.677542519958347,63.0
150127,5284.0,1.0,5283.0,2.0,2.0,129.6446127,LIMA,LIMA,PUNTA NEGRA,0.00018925056775170325,0.00018925056775165316,40.75757480356914,3.785011355034065,66.5
150128,176169.0,0.0,176169.0,1.0,61.0,12.06179667,LIMA,LIMA,RIMAC,0.0,0.0,14605.53554497947,3.4625842231039514,124.0
150129,6523.0,215.0,6308.0,10.0,5.0,53.63885299,LIMA,LIMA,SAN BARTOLO,0.032960294343093666,0.032960294343093666,121.60961013122515,7.665184730952015,233.5
150130,105076.0,0.0,105076.0,1.0,210.0,10.355315,LIMA,LIMA,SAN BORJA,0.0,0.0,10147.059746613213,19.98553427994975,144.0
150131,58056.0,0.0,58056.0,1.0,239.0,9.69621723,LIMA,LIMA,SAN ISIDRO,0.0,0.0,5987.489618154935,41.16714895962519,105.0
150132,898443.0,0.0,898443.0,1.0,542.0,140.40281257,LIMA,LIMA,SAN JUAN DE LURIGANCHO,0.0,0.0,6399.038477609323,6.0326587218109555,206.0
150133,362643.0,0.0,362643.0,1.0,283.0,22.22209108,LIMA,LIMA,SAN JUAN DE MIRAFLORES,0.0,0.0,16319.031305131346,7.803818080040149,109.0
150134,54634.0,0.0,54634.0,1.0,91.0,3.48608779,LIMA,LIMA,SAN LUIS,0.0,0.0,15672.009223841147,16.656294615074863,190.0
150135,579561.0,0.0,579561.0,1.0,300.0,36.32435923,LIMA,LIMA,SAN MARTIN DE PORRES,0.0,0.0,15955.16100725447,5.1763317407486005,123.0
150136,129107.0,0.0,129107.0,1.0,92.0,9.58383294,LIMA,LIMA,SAN MIGUEL,0.0,0.0,13471.33248338947,7.125872338447954,48.0
150137,184614.0,0.0,184614.0,1.0,193.0,10.67553378,LIMA,LIMA,SANTA ANITA,0.0,0.0,17293.186814308407,10.454245073504719,235.0
150138,161.0,28.0,133.0,2.0,1.0,7.74820044,LIMA,LIMA,SANTA MARIA DEL MAR,0.17391304347826086,0.17391304347826086,20.779018463285908,62.11180124223602,57.5
150139,10903.0,0.0,10903.0,1.0,7.0,17.42717446,LIMA,LIMA,SANTA ROSA,0.0,0.0,625.6321140885624,6.42025130697973,8.0
150140,289597.0,0.0,289597.0,1.0,459.0,34.70091638,LIMA,LIMA,SANTIAGO DE SURCO,0.0,0.0,8345.5144765834,15.849611701778679,72.0
150141,89283.0,0.0,89283.0,1.0,112.0,4.62722247,LIMA,LIMA,SURQUILLO,0.0,0.0,19295.160450757405,12.544381349193015,124.0
150142,381790.0,0.0,381790.0,1.0,266.0,33.8326223,LIMA,LIMA,VILLA EL SALVADOR,0.0,0.0,11284.670653507104,6.967180910972,143.0
150143,378470.0,0.0,378470.0,1.0,174.0,66.20444369,LIMA,LIMA,VILLA MARIA DEL TRIUNFO,0.0,0.0,5716.68575257837,4.597458186910456,165.0
150201,61188.0,6725.0,53964.0,40.0,89.0,160.72006312,LIMA,BARRANCA,BARRANCA,0.10990717134078577,0.11806236516964108,380.7116473959732,14.54533568673596,189.0
150202,24009.0,2612.0,21018.0,48.0,13.0,413.43833558,LIMA,BARRANCA,PARAMONGA,0.10879253613228372,0.12457828314382102,58.071537963015714,5.414636178099879,42.0
150203,17108.0,4641.0,11398.0,36.0,9.0,281.84891512,LIMA,BARRANCA,PATIVILCA,0.2712765957446808,0.33376198269815294,60.699186983622404,5.260696750058453,165.0
150204,20537.0,5670.0,10967.0,46.0,11.0,519.12512363,LIMA,BARRANCA,SUPE,0.2760870623752252,0.4659882163899304,39.560790000673315,5.356186395286556,52.0
150205,11254.0,188.0,11066.0,9.0,3.0,15.44326225,LIMA,BARRANCA,SUPE PUERTO,0.016705171494579705,0.01670517149457973,728.7320397605758,2.665718855518038,25.0
150301,2754.0,621.0,1431.0,82.0,2.0,552.21801121,LIMA,CAJATAMBO,CAJATAMBO,0.22549019607843138,0.48039215686274506,4.987160766389231,7.262164124909223,3434.0
150302,990.0,48.0,481.0,6.0,2.0,205.39419824,LIMA,CAJATAMBO,COPA,0.048484848484848485,0.5141414141414141,4.819999827079828,20.2020202020202,3514.0
150303,2272.0,1757.0,515.0,127.0,1.0,336.12098624,LIMA,CAJATAMBO,GORGOR,0.7733274647887324,0.7733274647887324,6.75947082452545,4.401408450704225,2765.5
150304,1222.0,304.0,447.0,34.0,1.0,150.10497111,LIMA,CAJATAMBO,HUANCAPON,0.24877250409165302,0.6342062193126023,8.140969555928253,8.183306055646481,3159.0
150305,1078.0,537.0,213.0,57.0,2.0,282.69172093,LIMA,CAJATAMBO,MANAS,0.49814471243042674,0.8024118738404453,3.8133412483874403,18.55287569573284,2419.0
150401,3074.0,269.0,1772.0,54.0,3.0,134.17087502,LIMA,CANTA,CANTA,0.08750813272608979,0.42355237475601826,22.91108259927334,9.759271307742356,2838.0
150402,713.0,357.0,356.0,25.0,2.0,135.26634349,LIMA,CANTA,ARAHUAY,0.5007012622720898,0.5007012622720898,5.271082085934487,28.050490883590463,2354.0
150403,1238.0,271.0,595.0,17.0,3.0,493.30126211,LIMA,CANTA,HUAMANTANGA,0.21890145395799676,0.5193861066235864,2.509622608109082,24.232633279483036,3385.0
150404,920.0,228.0,341.0,48.0,2.0,327.38608923,LIMA,CANTA,HUAROS,0.24782608695652175,0.6293478260869565,2.810137725044476,21.73913043478261,3578.0
150405,985.0,169.0,766.0,11.0,2.0,128.38707441,LIMA,CANTA,LACHAQUI,0.1715736040609137,0.2223350253807107,7.672111889195591,20.304568527918782,3156.0
150406,515.0,265.0,134.0,22.0,3.0,107.56799065,LIMA,CANTA,SAN BUENAVENTURA,0.5145631067961165,0.7398058252427184,4.787669611452392,58.25242718446602,2704.0
150407,6213.0,5645.0,568.0,60.0,3.0,409.41590325,LIMA,CANTA,SANTA ROSA DE QUIVES,0.9085787864155802,0.9085787864155802,15.175277634992554,4.8285852245292125,911.5
150501,48338.0,10826.0,26730.0,67.0,29.0,519.35837416,LIMA,CANETE,SAN VICENTE DE CANETE,0.22396458272994332,0.44701890851917747,93.07253412093513,5.999420745583185,62.0
150502,6639.0,2857.0,890.0,35.0,4.0,282.28842538,LIMA,CANETE,ASIA,0.4303358939599337,0.8659436662147914,23.518498822836857,6.025003765627353,47.0
150503,2228.0,1577.0,651.0,38.0,1.0,526.98956131,LIMA,CANETE,CALANGO,0.7078096947935368,0.7078096947935368,4.227787727828229,4.488330341113106,282.0
150504,7132.0,1608.0,4287.0,32.0,3.0,120.39989632,LIMA,CANETE,CERRO AZUL,0.22546270330902973,0.3989063376332025,59.235931408483125,4.206393718452047,5.0
150505,14559.0,522.0,10174.0,36.0,7.0,483.25444146,LIMA,CANETE,CHILCA,0.03585411085926231,0.3011882684250292,30.126986429787586,4.80802252901985,19.0
150506,1032.0,669.0,363.0,28.0,1.0,600.42305573,LIMA,CANETE,COAYLLO,0.6482558139534884,0.6482558139534884,1.7187880947464362,9.689922480620154,237.5
150507,36465.0,2737.0,26867.0,30.0,16.0,52.30080202,LIMA,CANETE,IMPERIAL,0.07505827505827506,0.26321129850541614,697.2168416472019,4.387769093651446,101.5
150508,4904.0,916.0,2529.0,15.0,1.0,493.63657177,LIMA,CANETE,LUNAHUANA,0.1867862969004894,0.48429853181076676,9.934434117018624,2.039151712887439,404.0
150509,27931.0,2300.0,19332.0,34.0,12.0,130.9920655,LIMA,CANETE,MALA,0.0823457806738033,0.3078658121800151,213.22665531982165,4.296301600372346,28.0
150510,19033.0,3889.0,4823.0,28.0,8.0,320.27242076,LIMA,CANETE,NUEVO IMPERIAL,0.20432932275521462,0.7465980139757264,59.427533456783685,4.203225975936531,158.0
150511,1704.0,786.0,918.0,10.0,1.0,238.51961619,LIMA,CANETE,PACARAN,0.4612676056338028,0.46126760563380287,7.144066501610616,5.868544600938967,692.0
150512,13466.0,2259.0,7913.0,34.0,2.0,449.12229326,LIMA,CANETE,QUILMANA,0.16775582949650972,0.41237189959899,29.98292492286603,1.4852220406950838,161.0
150513,3640.0,525.0,3115.0,18.0,1.0,39.35226707,LIMA,CANETE,SAN ANTONIO,0.14423076923076922,0.14423076923076927,92.4978475452291,2.7472527472527473,43.0
150514,12058.0,1324.0,5375.0,37.0,6.0,37.46376584,LIMA,CANETE,SAN LUIS,0.10980262066677725,0.5542378503897827,321.85765978511677,4.975949577044286,48.0
150515,2583.0,998.0,1585.0,16.0,1.0,94.40670546,LIMA,CANETE,SANTA CRUZ DE FLORES,0.38637243515292297,0.38637243515292297,27.360344664229533,3.8714672861014323,135.5
150516,1643.0,978.0,665.0,11.0,1.0,129.34922579,LIMA,CANETE,ZUNIGA,0.5952525867315885,0.5952525867315885,12.702047422127057,6.086427267194157,855.0
150601,89994.0,10993.0,70862.0,75.0,81.0,645.27578658,LIMA,HUARAL,HUARAL,0.1221525879503078,0.21259195057448277,139.46594908972727,9.000600040002666,201.5
150602,976.0,175.0,489.0,20.0,5.0,345.15471342,LIMA,HUARAL,ATAVILLOS ALTO,0.17930327868852458,0.4989754098360656,2.8277174323630305,51.229508196721305,3839.0
150603,1430.0,107.0,590.0,21.0,4.0,176.57271178,LIMA,HUARAL,ATAVILLOS BAJO,0.07482517482517483,0.5874125874125874,8.098646645817517,27.972027972027973,2252.0
150604,15880.0,9988.0,2525.0,61.0,6.0,719.04636181,LIMA,HUARAL,AUCALLAMA,0.6289672544080604,0.8409949622166246,22.08480682667874,3.778337531486146,158.0
150605,49523.0,4661.0,32312.0,33.0,26.0,154.66995245,LIMA,HUARAL,CHANCAY,0.09411788461926782,0.3475354885608707,320.1850082420452,5.250085818710498,61.0
150606,2701.0,2061.0,426.0,64.0,6.0,474.12816649,LIMA,HUARAL,IHUARI,0.7630507219548316,0.8422806368011848,5.6967718665517575,22.213994816734544,2850.0
150607,519.0,77.0,329.0,16.0,2.0,147.94567058,LIMA,HUARAL,LAMPIAN,0.14836223506743737,0.36608863198458574,3.508044527192544,38.53564547206166,1930.0
150608,747.0,30.0,404.0,19.0,4.0,305.68867661,LIMA,HUARAL,PACARAOS,0.040160642570281124,0.4591700133868809,2.44366264489747,53.5475234270415,3333.0
150609,754.0,247.0,507.0,8.0,2.0,41.585607,LIMA,HUARAL,SAN MIGUEL DE ACOS,0.3275862068965517,0.3275862068965517,18.131273159004266,26.52519893899204,2124.0
150610,1200.0,161.0,430.0,11.0,3.0,216.28903958,LIMA,HUARAL,SANTA CRUZ DE ANDAMARCA,0.13416666666666666,0.6416666666666666,5.54813134465905,25.0,3512.0
150611,1171.0,409.0,442.0,15.0,4.0,236.85429637,LIMA,HUARAL,SUMBILCA,0.3492741246797609,0.6225448334756618,4.943967738591206,34.158838599487616,3026.0
150612,544.0,43.0,375.0,23.0,2.0,206.82180321,LIMA,HUARAL,VEINTISIETE DE NOVIEMBRE,0.07904411764705882,0.31066176470588236,2.630283613994219,36.76470588235294,2623.0
150701,4725.0,1330.0,2674.0,44.0,1.0,180.6004623,LIMA,HUAROCHIRI,MATUCANA,0.2814814814814815,0.43407407407407406,26.16272372631684,2.1164021164021163,2422.0
150702,1495.0,1158.0,337.0,35.0,2.0,417.53695902,LIMA,HUAROCHIRI,ANTIOQUIA,0.7745819397993311,0.7745819397993311,3.5805213591364726,13.377926421404682,1624.0
150703,2405.0,461.0,1944.0,9.0,1.0,50.5345446,LIMA,HUAROCHIRI,CALLAHUANCA,0.1916839916839917,0.19168399168399164,47.59120754003985,4.158004158004158,2609.0
150704,1161.0,60.0,1101.0,26.0,1.0,231.88994782,LIMA,HUAROCHIRI,CARAMPOMA,0.05167958656330749,0.05167958656330751,5.006685330324035,8.613264427217915,4048.5
150705,6885.0,2447.0,1192.0,21.0,5.0,235.13404755,LIMA,HUAROCHIRI,CHICLA,0.35541031227305736,0.8268700072621641,29.281169918771297,7.262164124909223,4014.5
150706,392.0,302.0,90.0,20.0,3.0,67.55423205,LIMA,HUAROCHIRI,CUENCA,0.7704081632653061,0.7704081632653061,5.802745262648575,76.53061224489795,2914.5
150707,1566.0,96.0,955.0,11.0,2.0,78.80775499,LIMA,HUAROCHIRI,HUACHUPAMPA,0.06130268199233716,0.3901660280970626,19.871140856616346,12.77139208173691,2663.0
150708,1855.0,396.0,1450.0,14.0,3.0,234.13252296,LIMA,HUAROCHIRI,HUANZA,0.21347708894878706,0.21832884097035044,7.92286341320003,16.172506738544474,4186.0
150709,1593.0,268.0,1325.0,39.0,2.0,240.47256099,LIMA,HUAROCHIRI,HUAROCHIRI,0.1682360326428123,0.16823603264281228,6.6244564179871,12.554927809165099,3191.0
150710,837.0,454.0,383.0,25.0,2.0,82.01448248,LIMA,HUAROCHIRI,LAHUAYTAMBO,0.5424133811230586,0.5424133811230585,10.20551461998325,23.894862604540023,2575.5
150711,1056.0,508.0,548.0,33.0,2.0,76.73546809,LIMA,HUAROCHIRI,LANGA,0.4810606060606061,0.4810606060606061,13.761563280769453,18.93939393939394,3145.5
150712,1234.0,26.0,1208.0,11.0,1.0,117.3742978,LIMA,HUAROCHIRI,LARAOS,0.02106969205834684,0.021069692058346856,10.513374930708212,8.103727714748784,4211.5
150713,1419.0,1151.0,268.0,38.0,3.0,168.54666431,LIMA,HUAROCHIRI,MARIATANA,0.8111346018322763,0.8111346018322763,8.419033422044471,21.141649048625794,3285.5
150714,5769.0,849.0,4920.0,7.0,1.0,35.16809271,LIMA,HUAROCHIRI,RICARDO PALMA,0.14716588663546543,0.14716588663546537,164.04074134960388,1.733402669440111,1090.0
150715,1429.0,724.0,705.0,24.0,1.0,96.53448066,LIMA,HUAROCHIRI,SAN ANDRES DE TUPICOCHA,0.5066480055983205,0.5066480055983205,14.80300085762123,6.997900629811056,3188.0
150716,4516.0,3193.0,1323.0,32.0,13.0,570.26462356,LIMA,HUAROCHIRI,SAN ANTONIO,0.7070416297608503,0.7070416297608504,7.919130546460861,28.78653675819309,2109.0
150717,1832.0,515.0,896.0,24.0,2.0,42.68230957,LIMA,HUAROCHIRI,SAN BARTOLOME,0.28111353711790393,0.5109170305676856,42.92176357034936,10.91703056768559,1836.0
150718,1489.0,343.0,818.0,32.0,2.0,333.57395863,LIMA,HUAROCHIRI,SAN DAMIAN,0.23035594358629952,0.45063801208865006,4.463777706495361,13.43183344526528,3436.0
150719,1013.0,15.0,998.0,5.0,1.0,128.395727,LIMA,HUAROCHIRI,SAN JUAN DE IRIS,0.014807502467917079,0.014807502467917066,7.889670658588194,9.871668311944719,4038.0
150720,484.0,9.0,319.0,6.0,2.0,138.90997976,LIMA,HUAROCHIRI,SAN JUAN DE TANTARANCHE,0.01859504132231405,0.34090909090909094,3.4842708985792457,41.32231404958678,3926.0
150721,1697.0,322.0,1036.0,64.0,2.0,450.13675405,LIMA,HUAROCHIRI,SAN LORENZO DE QUINTI,0.18974661166764878,0.38951090159104307,3.7699654265767903,11.785503830288745,2676.0
150722,5318.0,1146.0,4160.0,39.0,6.0,416.82249309,LIMA,HUAROCHIRI,SAN MATEO,0.21549454682211358,0.21775103422339226,12.7584285593046,11.282437006393382,3319.0
150723,1833.0,1719.0,114.0,30.0,4.0,134.53007297,LIMA,HUAROCHIRI,SAN MATEO DE OTAO,0.9378068739770867,0.9378068739770867,13.625206316573962,21.822149481723947,2290.0
150724,1195.0,190.0,1005.0,7.0,3.0,82.394871,LIMA,HUAROCHIRI,SAN PEDRO DE CASTA,0.1589958158995816,0.15899581589958156,14.503329946350666,25.10460251046025,2508.5
150725,262.0,19.0,243.0,5.0,1.0,39.40736456,LIMA,HUAROCHIRI,SAN PEDRO DE HUANCAYRE,0.07251908396946564,0.0725190839694656,6.648503469474337,38.167938931297705,3164.0
150726,726.0,575.0,151.0,26.0,4.0,92.61910398,LIMA,HUAROCHIRI,SANGALLAYA,0.7920110192837465,0.7920110192837466,7.838555641358516,55.09641873278237,3107.0
150727,2258.0,518.0,763.0,8.0,2.0,33.29385933,LIMA,HUAROCHIRI,SANTA CRUZ DE COCACHACRA,0.22940655447298494,0.662090345438441,67.82031417923938,8.857395925597874,1353.0
150728,10637.0,1084.0,7937.0,15.0,4.0,116.6864631,LIMA,HUAROCHIRI,SANTA EULALIA,0.10190843282880512,0.25383096737802013,91.15881754753435,3.7604587759706685,1151.0
150729,575.0,37.0,538.0,11.0,1.0,94.82213726,LIMA,HUAROCHIRI,SANTIAGO DE ANCHUCAYA,0.06434782608695652,0.06434782608695655,6.063984810038229,17.391304347826086,3794.5
150730,666.0,133.0,533.0,9.0,1.0,62.85780753,LIMA,HUAROCHIRI,SANTIAGO DE TUNA,0.1996996996996997,0.1996996996996997,10.59534250669083,15.015015015015015,2869.5
150731,2936.0,2845.0,91.0,45.0,5.0,577.8293828,LIMA,HUAROCHIRI,SANTO DOMINGO DE LOS OLLEROS,0.9690054495912807,0.9690054495912807,5.081084637428722,17.029972752043598,2217.0
150732,1834.0,865.0,969.0,33.0,1.0,106.84798241,LIMA,HUAROCHIRI,SURCO,0.47164667393675025,0.4716466739367503,17.16457305634958,5.452562704471101,1920.0
150801,55447.0,1449.0,53998.0,22.0,118.0,711.13067515,LIMA,HUAURA,HUACHO,0.026133064007069814,0.02613306400706983,77.97019863937732,21.2815842155572,49.5
150802,2825.0,2363.0,462.0,125.0,2.0,941.39201651,LIMA,HUAURA,AMBAR,0.8364601769911505,0.8364601769911504,3.000875246927475,7.079646017699115,1588.5
150803,6091.0,106.0,5985.0,2.0,2.0,3.29421417,LIMA,HUAURA,CALETA DE CARQUIN,0.017402725332457725,0.01740272533245768,1848.9993927747569,3.283533081595797,19.5
150804,1492.0,473.0,240.0,18.0,1.0,166.91344606,LIMA,HUAURA,CHECRAS,0.31702412868632707,0.839142091152815,8.938764582594946,6.702412868632708,3275.0
150805,26808.0,28.0,26780.0,4.0,17.0,6.05366403,LIMA,HUAURA,HUALMAY,0.0010444643390032826,0.0010444643390032926,4428.392435911247,6.341390629662787,42.0
150806,31425.0,4488.0,21685.0,45.0,25.0,481.29429578,LIMA,HUAURA,HUAURA,0.1428162291169451,0.3099443118536197,65.29269155179098,7.955449482895784,259.5
150807,2012.0,1685.0,187.0,37.0,4.0,294.75263218,LIMA,HUAURA,LEONCIO PRADO,0.8374751491053678,0.9070576540755467,6.826062875568517,19.880715705765404,3176.0
150808,2055.0,762.0,393.0,37.0,4.0,237.47021751,LIMA,HUAURA,PACCHO,0.3708029197080292,0.8087591240875912,8.653716754664037,19.464720194647203,3064.0
150809,1521.0,559.0,235.0,66.0,3.0,374.60416774,LIMA,HUAURA,SANTA LEONOR,0.36752136752136755,0.8454963839579224,4.06028584566009,19.723865877712033,3573.0
150810,27967.0,2773.0,25194.0,23.0,19.0,135.45449345,LIMA,HUAURA,SANTA MARIA,0.09915257267493832,0.09915257267493827,206.4678645033167,6.793721171380556,104.0
150811,22418.0,8594.0,4016.0,175.0,16.0,1313.52591639,LIMA,HUAURA,SAYAN,0.3833526630386297,0.8208582389151575,17.067040490234113,7.137121955571415,503.0
150812,19629.0,5848.0,4152.0,95.0,6.0,257.657204,LIMA,HUAURA,VEGUETA,0.29792653726628965,0.7884762341433593,76.1826166521624,3.056701818737582,58.0
150901,12894.0,3767.0,7706.0,167.0,10.0,876.70135155,LIMA,OYON,OYON,0.29215138824259346,0.40235768574530795,14.707402899748615,7.755545214828603,3626.0
150902,1069.0,448.0,621.0,22.0,1.0,152.97056748,LIMA,OYON,ANDAJES,0.41908325537885877,0.4190832553788587,6.988272434432627,9.354536950420954,3463.0
150903,926.0,514.0,412.0,18.0,1.0,104.4147395,LIMA,OYON,CAUJUL,0.5550755939524838,0.5550755939524838,8.868479722635328,10.799136069114471,2951.0
150904,1498.0,1074.0,424.0,26.0,3.0,258.46022301,LIMA,OYON,COCHAMARCA,0.7169559412550067,0.7169559412550066,5.795862831635959,20.026702269692926,3578.0
150905,1074.0,712.0,362.0,15.0,1.0,230.63491299,LIMA,OYON,NAVAN,0.6629422718808193,0.6629422718808193,4.6567104090028515,9.31098696461825,2997.5
150906,3335.0,973.0,1889.0,21.0,4.0,255.12780353,LIMA,OYON,PACHANGARA,0.29175412293853076,0.4335832083958021,13.071879872974502,11.994002998500749,3288.0
151001,2698.0,301.0,2080.0,31.0,2.0,332.40961289,LIMA,YAUYOS,YAUYOS,0.11156412157153447,0.22905856189770202,8.116492109067899,7.4128984432913265,2881.0
151002,1519.0,1321.0,198.0,20.0,2.0,140.73950172,LIMA,YAUYOS,ALIS,0.869651086240948,0.869651086240948,10.79298975366587,13.166556945358789,3923.5
151003,1773.0,1203.0,283.0,34.0,2.0,517.96196672,LIMA,YAUYOS,ALLAUCA,0.6785109983079526,0.8403835307388607,3.4230312531005755,11.280315848843768,2781.0
151004,752.0,18.0,734.0,10.0,1.0,244.84910149,LIMA,YAUYOS,AYAVIRI,0.023936170212765957,0.02393617021276595,3.0712793938135516,13.297872340425531,3281.0
151005,603.0,409.0,194.0,57.0,1.0,77.45185316,LIMA,YAUYOS,AZANGARO,0.6782752902155887,0.6782752902155887,7.785481888397466,16.58374792703151,3589.5
151006,544.0,365.0,179.0,16.0,2.0,209.9154328,LIMA,YAUYOS,CACRA,0.6709558823529411,0.6709558823529411,2.5915197979669458,36.76470588235294,3666.0
151007,330.0,97.0,233.0,7.0,1.0,122.08034934,LIMA,YAUYOS,CARANIA,0.29393939393939394,0.29393939393939394,2.703137743167274,30.303030303030305,3559.0
151008,1090.0,437.0,386.0,20.0,1.0,118.2982525,LIMA,YAUYOS,CATAHUASI,0.40091743119266054,0.6458715596330276,9.213999167062928,9.174311926605505,1250.0
151009,1074.0,746.0,328.0,35.0,1.0,212.27238102,LIMA,YAUYOS,CHOCOS,0.6945996275605214,0.6945996275605214,5.0595371608839175,9.31098696461825,1846.0
151010,293.0,31.0,262.0,12.0,1.0,38.10177442,LIMA,YAUYOS,COCHAS,0.10580204778156997,0.10580204778156999,7.689930573054923,34.129692832764505,3036.0
151011,1439.0,868.0,190.0,52.0,1.0,346.46138601,LIMA,YAUYOS,COLONIA,0.6031966643502432,0.8679638637943016,4.1534210105551725,6.949270326615705,2521.0
151012,435.0,64.0,371.0,10.0,1.0,121.05873631,LIMA,YAUYOS,HONGOS,0.1471264367816092,0.1471264367816092,3.5932970495089087,22.988505747126435,3568.5
151013,257.0,16.0,241.0,9.0,1.0,54.04013157,LIMA,YAUYOS,HUAMPARA,0.0622568093385214,0.0622568093385214,4.75572491282889,38.91050583657588,3127.5
151014,1004.0,375.0,629.0,8.0,1.0,277.94049102,LIMA,YAUYOS,HUANCAYA,0.37350597609561753,0.37350597609561753,3.6122840407868253,9.9601593625498,3694.0
151015,668.0,359.0,309.0,39.0,1.0,50.06220487,LIMA,YAUYOS,HUANGASCAR,0.5374251497005988,0.5374251497005988,13.343399511360754,14.970059880239521,2948.0
151016,926.0,54.0,549.0,28.0,1.0,513.31190052,LIMA,YAUYOS,HUANTAN,0.058315334773218146,0.40712742980561556,1.8039714237326951,10.799136069114471,3284.0
151017,467.0,11.0,456.0,5.0,1.0,42.34457762,LIMA,YAUYOS,HUANEC,0.023554603854389723,0.023554603854389677,11.028566731515316,21.413276231263385,3332.5
151018,960.0,430.0,530.0,14.0,1.0,409.60354554,LIMA,YAUYOS,LARAOS,0.4479166666666667,0.44791666666666663,2.3437297124329963,10.416666666666666,4175.0
151019,771.0,573.0,198.0,30.0,1.0,218.34657371,LIMA,YAUYOS,LINCHA,0.7431906614785992,0.7431906614785992,3.5310835746111326,12.970168612191959,3334.0
151020,822.0,564.0,258.0,49.0,1.0,208.66420965,LIMA,YAUYOS,MADEAN,0.6861313868613139,0.6861313868613139,3.939343509741178,12.165450121654501,3498.0
151021,441.0,119.0,322.0,11.0,1.0,201.92788146,LIMA,YAUYOS,MIRAFLORES,0.2698412698412698,0.2698412698412699,2.183948035365081,22.675736961451246,4132.5
151022,656.0,257.0,249.0,29.0,1.0,294.51454593,LIMA,YAUYOS,OMAS,0.39176829268292684,0.6204268292682926,2.2273942291322943,15.24390243902439,1545.0
151023,452.0,49.0,403.0,12.0,1.0,71.3929085,LIMA,YAUYOS,PUTINZA,0.1084070796460177,0.1084070796460177,6.331161028409425,22.123893805309734,1810.0
151024,1170.0,361.0,809.0,17.0,1.0,114.74786604,LIMA,YAUYOS,QUINCHES,0.30854700854700856,0.30854700854700856,10.196268047304246,8.547008547008547,2808.5
151025,607.0,126.0,227.0,28.0,2.0,157.46399965,LIMA,YAUYOS,QUINOCAY,0.20757825370675453,0.6260296540362438,3.8548493709622345,32.948929159802304,1615.0
151026,320.0,60.0,260.0,15.0,0.0,75.77569679,LIMA,YAUYOS,SAN JOAQUIN,0.1875,0.1875,4.222989870839827,0.0,3611.5
151027,418.0,101.0,317.0,8.0,1.0,100.37211675,LIMA,YAUYOS,SAN PEDRO DE PILAS,0.24162679425837322,0.2416267942583732,4.164503186090275,23.923444976076553,2510.5
151028,500.0,51.0,449.0,7.0,1.0,346.00378569,LIMA,YAUYOS,TANTA,0.102,0.10199999999999998,1.4450708942473016,20.0,4286.5
151029,573.0,193.0,380.0,27.0,1.0,530.56396297,LIMA,YAUYOS,TAURIPAMPA,0.3368237347294939,0.3368237347294939,1.0799828861207437,17.452006980802793,3578.5
151030,1077.0,719.0,358.0,9.0,2.0,291.59127399,LIMA,YAUYOS,TOMAS,0.6675951717734447,0.6675951717734447,3.6935261651106037,18.570102135561747,3734.5
151031,655.0,355.0,300.0,11.0,1.0,290.32477652,LIMA,YAUYOS,TUPE,0.5419847328244275,0.5419847328244275,2.256094046988367,15.267175572519085,2622.5
151032,1864.0,1301.0,266.0,64.0,2.0,157.00405278,LIMA,YAUYOS,VINAC,0.697961373390558,0.8572961373390557,11.872304994648177,10.729613733905579,3306.0
151033,525.0,22.0,503.0,10.0,1.0,104.53263377,LIMA,YAUYOS,VITIS,0.0419047619047619,0.04190476190476189,5.022355039433347,19.047619047619047,4070.0
160101,159023.0,3387.0,155029.0,19.0,124.0,366.53083802,LORETO,MAYNAS,IQUITOS,0.02129880583311848,0.025115863742980582,433.85981070253854,7.797614181596373,92.0
160102,2617.0,1763.0,854.0,20.0,4.0,14562.98956508,LORETO,MAYNAS,ALTO NANAY,0.6736721436759648,0.6736721436759648,0.17970211324432983,15.284677111196025,102.5
160103,19490.0,14852.0,4638.0,126.0,13.0,4567.90618204,LORETO,MAYNAS,FERNANDO LORES,0.7620318111852232,0.7620318111852232,4.266725108460061,6.670087224217547,102.5
160104,12291.0,8870.0,3421.0,56.0,7.0,3365.54296671,LORETO,MAYNAS,INDIANA,0.7216662598649418,0.7216662598649418,3.652011019195252,5.695224147750387,91.0
160105,10375.0,7812.0,924.0,71.0,4.0,6720.98718553,LORETO,MAYNAS,LAS AMAZONAS,0.7529638554216868,0.9109397590361445,1.543672040074252,3.855421686746988,94.0
160106,12995.0,9369.0,3626.0,75.0,8.0,10053.60896661,LORETO,MAYNAS,MAZAN,0.7209696036937283,0.7209696036937283,1.2925706622526234,6.1562139284340125,104.0
160107,15320.0,12635.0,2685.0,83.0,11.0,24171.91029525,LORETO,MAYNAS,NAPO,0.8247389033942559,0.8247389033942558,0.633793515401657,7.180156657963446,128.0
160108,78154.0,7826.0,69308.0,59.0,47.0,1602.95160266,LORETO,MAYNAS,PUNCHANA,0.10013562965427233,0.11318678506538371,48.75630672211702,6.013767689433682,95.0
160110,4895.0,4331.0,564.0,25.0,6.0,6920.17755011,LORETO,MAYNAS,TORRES CAUSANA,0.8847803881511747,0.8847803881511747,0.7073517932964294,12.257405515832481,176.5
160112,69798.0,11974.0,57824.0,67.0,22.0,653.31415846,LORETO,MAYNAS,BELEN,0.17155219347259235,0.17155219347259232,106.83680905451166,3.151952778016562,85.0
160113,102274.0,14080.0,78153.0,85.0,40.0,3200.68222516,LORETO,MAYNAS,SAN JUAN BAUTISTA,0.13766939789193736,0.23584684279484525,31.953812595340477,3.911062440111856,97.0
160201,63511.0,14424.0,45348.0,120.0,61.0,2235.50102803,LORETO,ALTO AMAZONAS,YURIMAGUAS,0.22711026436365353,0.2859819558816583,28.410185995739877,9.604635417486735,145.5
160202,13836.0,13187.0,649.0,79.0,20.0,3004.91144624,LORETO,ALTO AMAZONAS,BALSAPUERTO,0.9530933795894767,0.9530933795894767,4.604461811116856,14.455044810638912,200.0
160203,4431.0,638.0,0.0,10.0,0.0,,,,,0.1439855563078312,1.0,,0.0,136.5
160204,461.0,461.0,0.0,6.0,0.0,,,,,1.0,1.0,,0.0,140.0
160205,4198.0,2189.0,2009.0,26.0,7.0,4346.50047135,LORETO,ALTO AMAZONAS,JEBEROS,0.5214387803716055,0.5214387803716055,0.9658344748082182,16.674606955693186,185.5
160206,13351.0,5014.0,7396.0,53.0,15.0,6059.43784915,LORETO,ALTO AMAZONAS,LAGUNAS,0.3755523930791701,0.4460340049434499,2.203339704502925,11.235113474646093,128.0
160210,4094.0,3307.0,787.0,36.0,11.0,2271.42265539,LORETO,ALTO AMAZONAS,SANTA CRUZ,0.8077674645823156,0.8077674645823156,1.802394631525354,26.868588177821202,127.5
160211,5892.0,3979.0,1304.0,32.0,9.0,1320.55135711,LORETO,ALTO AMAZONAS,TENIENTE CESAR LOPEZ ROJAS,0.6753224711473184,0.778682959945689,4.461772704466809,15.274949083503055,151.0
160301,29080.0,12850.0,14646.0,88.0,19.0,6761.7101519,LORETO,LORETO,NAUTA,0.4418844566712517,0.4963548830811554,4.300687155575383,6.533700137551581,95.0
160302,7563.0,5800.0,237.0,29.0,6.0,13222.30745542,LORETO,LORETO,PARINARI,0.7668914451937062,0.9686632288774296,0.5719879094854828,7.933359777865927,103.0
160303,7304.0,5109.0,1688.0,43.0,10.0,20128.15656287,LORETO,LORETO,TIGRE,0.6994797371303395,0.768893756845564,0.3628747608945739,13.691128148959473,124.0
160304,7691.0,4271.0,3420.0,38.0,19.0,12572.35117839,LORETO,LORETO,TROMPETEROS,0.5553244051488753,0.5553244051488753,0.6117391958649456,24.704199713951372,121.5
160305,11138.0,8435.0,405.0,81.0,18.0,15776.71009054,LORETO,LORETO,URARINAS,0.7573172921529898,0.96363799604956,0.7059773511765641,16.16089064463997,113.5
160401,18984.0,11099.0,7885.0,71.0,13.0,6858.32164836,LORETO,MARISCAL RAMON CASTILLA,RAMON CASTILLA,0.5846502317741256,0.5846502317741256,2.7680241571259,6.84787189211968,76.0
160402,13719.0,9894.0,3825.0,69.0,9.0,11231.63265424,LORETO,MARISCAL RAMON CASTILLA,PEBAS,0.7211895910780669,0.7211895910780669,1.2214608883972897,6.56024491581019,101.0
160403,10255.0,7945.0,2310.0,55.0,8.0,14339.77774483,LORETO,MARISCAL RAMON CASTILLA,YAVARI,0.7747440273037542,0.7747440273037542,0.7151435804991673,7.80107264748903,76.0
160404,12307.0,9753.0,2554.0,39.0,5.0,5082.28210433,LORETO,MARISCAL RAMON CASTILLA,SAN PABLO,0.7924758267652555,0.7924758267652555,2.4215499547958363,4.0627285284797265,74.0
160501,25987.0,3932.0,22055.0,46.0,6.0,3074.2601766,LORETO,REQUENA,REQUENA,0.15130642244199022,0.15130642244199022,8.45309066480525,2.308846731057837,94.5
160502,1947.0,1162.0,785.0,14.0,2.0,9067.48481165,LORETO,REQUENA,ALTO TAPICHE,0.5968156137647663,0.5968156137647663,0.21472327116539242,10.272213662044171,122.0
160503,3941.0,1895.0,2046.0,13.0,2.0,801.06476751,LORETO,REQUENA,CAPELO,0.4808424257802588,0.4808424257802588,4.919702076337795,5.074854097944685,108.5
160504,6980.0,4738.0,1416.0,32.0,3.0,4641.00327119,LORETO,REQUENA,EMILIO SAN MARTIN,0.6787965616045846,0.7971346704871061,1.5039851497907386,4.2979942693409745,108.0
160505,7905.0,5101.0,128.0,45.0,9.0,4895.36616051,LORETO,REQUENA,MAQUIA,0.6452877925363694,0.9838077166350411,1.6147923854538506,11.385199240986717,119.0
160506,5298.0,3686.0,1612.0,18.0,4.0,6286.23839849,LORETO,REQUENA,PUINAHUA,0.6957342393355983,0.6957342393355983,0.8427933629231462,7.550018875047187,107.0
160507,4536.0,3384.0,1152.0,17.0,4.0,2595.53842146,LORETO,REQUENA,SAQUENA,0.746031746031746,0.746031746031746,1.7476142762889573,8.818342151675484,92.5
160508,613.0,392.0,221.0,7.0,2.0,4697.86106897,LORETO,REQUENA,SOPLIN,0.6394779771615008,0.6394779771615008,0.1304849145175763,32.62642740619902,119.0
160509,1189.0,669.0,520.0,9.0,2.0,2091.15021516,LORETO,REQUENA,TAPICHE,0.5626576955424727,0.5626576955424727,0.5685866043387162,16.82085786375105,109.0
160510,5116.0,1666.0,3450.0,14.0,1.0,1160.40990665,LORETO,REQUENA,JENARO HERRERA,0.3256450351837373,0.32564503518373733,4.408786904249582,1.9546520719311962,102.5
160511,2396.0,1724.0,672.0,18.0,3.0,11048.74508312,LORETO,REQUENA,YAQUERANA,0.7195325542570952,0.7195325542570952,0.21685720703797842,12.520868113522537,138.0
160601,24837.0,9801.0,15036.0,69.0,28.0,11010.49762845,LORETO,UCAYALI,CONTAMANA,0.3946128759512018,0.39461287595120187,2.255756355264428,11.27350324113218,149.0
160602,2143.0,953.0,1190.0,7.0,2.0,630.18143996,LORETO,UCAYALI,INAHUAYA,0.4447036864209053,0.4447036864209053,3.4006079267203178,9.332711152589827,139.5
160603,5560.0,3211.0,652.0,23.0,8.0,2436.82822139,LORETO,UCAYALI,PADRE MARQUEZ,0.5775179856115108,0.8827338129496403,2.2816544683763142,14.388489208633095,136.0
160604,7489.0,4246.0,2689.0,24.0,7.0,7476.49619925,LORETO,UCAYALI,PAMPA HERMOSA,0.5669648818266791,0.6409400453999199,1.001672414512998,9.347042328748833,131.0
160605,15388.0,9513.0,403.0,64.0,16.0,6249.31362981,LORETO,UCAYALI,SARAYACU,0.6182089940213154,0.9738107616324408,2.462350413427378,10.397712503249284,124.0
160606,8219.0,2027.0,6192.0,20.0,2.0,1898.24761692,LORETO,UCAYALI,VARGAS GUERRA,0.24662367684633166,0.24662367684633169,4.329782862225178,2.433386056697895,139.0
160701,11702.0,4616.0,6532.0,48.0,10.0,7386.46916389,LORETO,DATEM DEL MARANON,BARRANCA,0.3944624850452914,0.44180481968894203,1.584248135388854,8.545547769612032,145.0
160702,6822.0,5998.0,824.0,46.0,7.0,4784.4721848,LORETO,DATEM DEL MARANON,CAHUAPANAS,0.8792143066549399,0.8792143066549399,1.4258626106497414,10.260920551158017,190.5
160703,8963.0,6886.0,1555.0,46.0,14.0,3565.97845767,LORETO,DATEM DEL MARANON,MANSERICHE,0.7682695526051545,0.8265089813678456,2.513475643892812,15.619770166238983,160.5
160704,6293.0,5113.0,502.0,68.0,13.0,11033.63873372,LORETO,DATEM DEL MARANON,MORONA,0.8124900683298903,0.9202288256793263,0.5703467506841517,20.657873828062925,151.0
160705,6137.0,5124.0,1013.0,62.0,12.0,9099.72512039,LORETO,DATEM DEL MARANON,PASTAZA,0.8349356363043833,0.8349356363043833,0.6744159761758801,19.55352778230406,128.0
160706,9375.0,7957.0,471.0,67.0,11.0,11787.62848654,LORETO,DATEM DEL MARANON,ANDOAS,0.8487466666666666,0.94976,0.7953253710621335,11.733333333333333,193.5
160801,3860.0,958.0,2902.0,22.0,7.0,11068.10187492,LORETO,PUTUMAYO,PUTUMAYO,0.24818652849740933,0.2481865284974093,0.34874995221598465,18.134715025906736,114.5
160802,664.0,664.0,308.0,10.0,2.0,7164.4344211,LORETO,PUTUMAYO,ROSA PANDURO,1.0,0.536144578313253,0.09268003040748776,30.120481927710845,152.5
160803,3896.0,3429.0,467.0,37.0,7.0,9628.03247622,LORETO,PUTUMAYO,TENIENTE MANUEL CLAVERO,0.8801334702258727,0.8801334702258727,0.4046517302078715,17.967145790554415,167.5
160804,1114.0,1114.0,199.0,14.0,4.0,17961.1590532,LORETO,PUTUMAYO,YAGUAS,1.0,0.8213644524236984,0.06202272340556592,35.90664272890485,102.0
170101,61113.0,4731.0,56382.0,60.0,128.0,20714.40718603,MADRE DE DIOS,TAMBOPATA,TAMBOPATA,0.07741397084090128,0.07741397084090129,2.950265457812146,20.94480716050595,206.5
170102,8068.0,4482.0,3586.0,38.0,14.0,4849.08398577,MADRE DE DIOS,TAMBOPATA,INAMBARI,0.5555280118988597,0.5555280118988597,1.6638193984010485,17.352503718393653,296.5
170103,5490.0,2960.0,844.0,57.0,9.0,7741.48661835,MADRE DE DIOS,TAMBOPATA,LAS PIEDRAS,0.5391621129326047,0.8462659380692168,0.7091661163615269,16.39344262295082,248.0
170104,4880.0,1934.0,2946.0,33.0,7.0,2677.81937789,MADRE DE DIOS,TAMBOPATA,LABERINTO,0.3963114754098361,0.396311475409836,1.822378327788941,14.344262295081966,219.0
170201,2645.0,1794.0,851.0,26.0,8.0,8693.95463133,MADRE DE DIOS,MANU,MANU,0.6782608695652174,0.6782608695652175,0.30423439184606926,30.245746691871457,493.5
170202,1263.0,902.0,361.0,11.0,4.0,10656.76692497,MADRE DE DIOS,MANU,FITZCARRALD,0.714172604908947,0.714172604908947,0.11851624501992715,31.67062549485352,299.5
170203,9194.0,8026.0,1168.0,33.0,9.0,7845.488077,MADRE DE DIOS,MANU,MADRE DE DIOS,0.8729606264955405,0.8729606264955405,1.1718837514970326,9.788992821405266,287.0
170204,7011.0,2130.0,4056.0,28.0,5.0,1523.29382907,MADRE DE DIOS,MANU,HUEPETUHE,0.30380830124090713,0.42148053059477963,4.602526358476979,7.131650263871061,357.0
170301,1288.0,329.0,959.0,7.0,4.0,13817.71579122,MADRE DE DIOS,TAHUAMANU,INAPARI,0.2554347826086957,0.2554347826086957,0.0932136700060379,31.05590062111801,260.0
170302,6725.0,1329.0,5396.0,18.0,4.0,2584.4144601,MADRE DE DIOS,TAHUAMANU,IBERIA,0.19762081784386618,0.1976208178438662,2.6021368104169276,5.947955390334573,300.5
170303,2235.0,986.0,263.0,13.0,7.0,3512.47426691,MADRE DE DIOS,TAHUAMANU,TAHUAMANU,0.4411633109619687,0.8823266219239374,0.6363035940377659,31.319910514541387,258.0
180101,49396.0,2820.0,29312.0,100.0,37.0,3944.32470309,MOQUEGUA,MARISCAL NIETO,MOQUEGUA,0.05708964288606365,0.4065916268523767,12.523309747116654,7.490485059518989,1602.0
180102,5081.0,2314.0,923.0,267.0,4.0,2263.84314751,MOQUEGUA,MARISCAL NIETO,CARUMAS,0.4554221609919307,0.8183428458964771,2.244413446041343,7.87246604999016,3186.0
180103,2057.0,718.0,683.0,15.0,3.0,68.85544943,MOQUEGUA,MARISCAL NIETO,CUCHUMBAYA,0.34905201750121534,0.667963052989791,29.874178689243656,14.584346135148275,3142.0
180104,6528.0,674.0,5854.0,27.0,7.0,64.59528596,MOQUEGUA,MARISCAL NIETO,SAMEGUA,0.10324754901960784,0.10324754901960786,101.06000620606278,10.723039215686276,1696.0
180105,3518.0,588.0,1347.0,46.0,4.0,539.46356695,MOQUEGUA,MARISCAL NIETO,SAN CRISTOBAL,0.1671404206935759,0.6171119954519613,6.521293031686911,11.370096645821489,3468.0
180106,6590.0,3259.0,1048.0,113.0,8.0,1768.95002749,MOQUEGUA,MARISCAL NIETO,TORATA,0.4945371775417299,0.8409711684370258,3.7253737514285175,12.139605462822459,2200.0
180201,3898.0,2170.0,1323.0,35.0,4.0,255.33855115,MOQUEGUA,GENERAL SANCHEZ CERRO,OMATE,0.5566957414058491,0.6605951770138533,15.266006572231621,10.26167265264238,2180.0
180202,2210.0,1193.0,727.0,69.0,2.0,858.40015874,MOQUEGUA,GENERAL SANCHEZ CERRO,CHOJATA,0.5398190045248868,0.6710407239819005,2.5745568398355627,9.049773755656108,3615.0
180203,1307.0,942.0,365.0,28.0,2.0,244.59969166,MOQUEGUA,GENERAL SANCHEZ CERRO,COALAQUE,0.720734506503443,0.720734506503443,5.343424560881149,15.30221882172915,2425.5
180204,4077.0,2902.0,1175.0,164.0,5.0,998.91910023,MOQUEGUA,GENERAL SANCHEZ CERRO,ICHUNA,0.7117978906058376,0.7117978906058376,4.081411596856317,12.263919548687761,3844.0
180205,1731.0,1517.0,214.0,53.0,2.0,779.80456091,MOQUEGUA,GENERAL SANCHEZ CERRO,LA CAPILLA,0.876372039283651,0.876372039283651,2.2197869655699294,11.554015020219525,2107.0
180206,1376.0,392.0,466.0,27.0,1.0,255.27747211,MOQUEGUA,GENERAL SANCHEZ CERRO,LLOQUE,0.28488372093023256,0.6613372093023255,5.390213200666123,7.267441860465116,3368.0
180207,1033.0,684.0,349.0,30.0,2.0,562.3478224,MOQUEGUA,GENERAL SANCHEZ CERRO,MATALAQUE,0.6621490803484995,0.6621490803484995,1.83694140681712,19.36108422071636,2635.0
180208,3361.0,1837.0,910.0,38.0,4.0,593.81520743,MOQUEGUA,GENERAL SANCHEZ CERRO,PUQUINA,0.546563522761083,0.729247247842904,5.660009979444996,11.90121987503719,3273.0
180209,1013.0,489.0,524.0,27.0,1.0,194.61705982,MOQUEGUA,GENERAL SANCHEZ CERRO,QUINISTAQUILLAS,0.4827245804540967,0.4827245804540967,5.2050935356690555,9.871668311944719,1835.5
180210,3751.0,1996.0,498.0,77.0,5.0,879.70241824,MOQUEGUA,GENERAL SANCHEZ CERRO,UBINAS,0.5321247667288723,0.8672354038922954,4.263941899244221,13.329778725673155,3706.0
180211,1570.0,374.0,1196.0,14.0,1.0,110.73800811,MOQUEGUA,GENERAL SANCHEZ CERRO,YUNGA,0.23821656050955414,0.2382165605095541,14.17760737072734,6.369426751592356,3544.5
180301,59134.0,485.0,58649.0,5.0,21.0,292.88537912,MOQUEGUA,ILO,ILO,0.008201711367402848,0.008201711367402886,201.90150897143903,3.551256468359996,17.5
180302,244.0,206.0,38.0,36.0,1.0,734.02321825,MOQUEGUA,ILO,EL ALGARROBAL,0.8442622950819673,0.8442622950819672,0.332414553018807,40.98360655737705,95.5
180303,4589.0,23.0,4381.0,6.0,1.0,332.17720008,MOQUEGUA,ILO,PACOCHA,0.005011985181956853,0.04532577903682722,13.814915650125316,2.1791239921551537,48.0
190101,27880.0,40.0,27840.0,6.0,14.0,15.54622829,PASCO,PASCO,CHAUPIMARCA,0.0014347202295552368,0.0014347202295552641,1793.3610313656343,5.0215208034433285,4345.0
190102,4541.0,1794.0,1309.0,49.0,4.0,828.72402634,PASCO,PASCO,HUACHON,0.39506716582250606,0.7117375027526976,5.479508081906348,8.808632459810614,3049.0
190103,8098.0,994.0,6421.0,68.0,2.0,123.14972239,PASCO,PASCO,HUARIACA,0.1227463571252161,0.20708816991849843,65.75735489158987,2.469745616201531,3340.0
190104,11163.0,4023.0,6736.0,238.0,12.0,1017.84737036,PASCO,PASCO,HUAYLLAY,0.360386992743886,0.3965779808295261,10.967263191977187,10.749798441279225,4465.0
190105,3829.0,1796.0,2033.0,79.0,5.0,538.36553487,PASCO,PASCO,NINACACA,0.46905197179420216,0.4690519717942021,7.1122680632306725,13.058239749281796,4117.0
190106,4153.0,2509.0,1644.0,47.0,7.0,72.60816683,PASCO,PASCO,PALLANCHACRA,0.6041415843968215,0.6041415843968216,57.1974225671275,16.85528533590176,3675.0
190107,20993.0,8626.0,6934.0,132.0,10.0,793.63931004,PASCO,PASCO,PAUCARTAMBO,0.41089887105225553,0.6696994236173963,26.451562736908706,4.763492592769018,3243.0
190108,11200.0,7134.0,917.0,91.0,12.0,120.21163157,PASCO,PASCO,SAN FRANCISCO DE ASIS DE YARUSYACAN,0.6369642857142858,0.918125,93.16902078213762,10.714285714285715,3786.0
190109,14264.0,2110.0,913.0,206.0,12.0,691.06938896,PASCO,PASCO,SIMON BOLIVAR,0.14792484576556367,0.9359927089175547,20.64047435448717,8.412787436904093,4306.0
190110,7506.0,4544.0,2962.0,183.0,7.0,714.18657672,PASCO,PASCO,TICLACAYAN,0.6053823607780442,0.6053823607780442,10.509858690529214,9.325872635225153,3701.5
190111,5962.0,183.0,495.0,23.0,7.0,96.14357781,PASCO,PASCO,TINYAHUARCO,0.03069439785306944,0.9169741697416974,62.01142224790272,11.741026501174103,4240.0
190112,2986.0,867.0,1269.0,53.0,4.0,171.42410431,PASCO,PASCO,VICCO,0.29035498995311454,0.5750167448091092,17.418787235429715,13.395847287340924,4101.0
190113,30013.0,3147.0,24105.0,76.0,28.0,157.74132051,PASCO,PASCO,YANACANCHA,0.10485456302269017,0.19684803251924166,190.2672039448112,9.329290640722354,4348.0
190201,14319.0,5892.0,5393.0,407.0,27.0,741.11768032,PASCO,DANIEL ALCIDES CARRION,YANAHUANCA,0.411481248690551,0.6233675536001118,19.32081824551445,18.856065367693276,3548.0
190202,4033.0,939.0,1039.0,59.0,5.0,160.15825496,PASCO,DANIEL ALCIDES CARRION,CHACAYAN,0.23282915943466403,0.7423754029258616,25.181343297023645,12.397718819737168,3356.0
190203,2505.0,137.0,2368.0,7.0,1.0,19.31133981,PASCO,DANIEL ALCIDES CARRION,GOYLLARISQUIZGA,0.05469061876247505,0.05469061876247505,129.71653052797686,3.992015968063872,4199.5
190204,2367.0,510.0,702.0,37.0,5.0,107.48642862,PASCO,DANIEL ALCIDES CARRION,PAUCAR,0.21546261089987326,0.7034220532319392,22.02138474958663,21.123785382340515,3390.0
190205,1710.0,500.0,1210.0,44.0,2.0,76.5855711,PASCO,DANIEL ALCIDES CARRION,SAN PEDRO DE PILLAO,0.29239766081871343,0.29239766081871343,22.327965639470175,11.695906432748538,3604.5
190206,17110.0,10859.0,5202.0,126.0,16.0,285.30170756,PASCO,DANIEL ALCIDES CARRION,SANTA ANA DE TUSI,0.6346580946814728,0.6959672706019872,59.97160040271299,9.35125657510228,4004.0
190207,3976.0,451.0,2559.0,55.0,3.0,46.62731197,PASCO,DANIEL ALCIDES CARRION,TAPUC,0.11343058350100603,0.35638832997987924,85.27191107559787,7.5452716297786715,2902.0
190208,1907.0,672.0,1235.0,55.0,4.0,82.46617184,PASCO,DANIEL ALCIDES CARRION,VILCABAMBA,0.3523859465128474,0.3523859465128474,23.12463350063031,20.97535395909806,3751.0
190301,13841.0,4591.0,9250.0,63.0,16.0,402.19467056,PASCO,OXAPAMPA,OXAPAMPA,0.33169568672783756,0.33169568672783756,34.41368325624091,11.5598583917347,1819.0
190302,3347.0,2037.0,226.0,30.0,6.0,437.85426807,PASCO,OXAPAMPA,CHONTABAMBA,0.6086047206453541,0.9324768449357633,7.644095864939504,17.9265013444876,1801.0
190303,6497.0,5817.0,680.0,78.0,8.0,1134.80327386,PASCO,OXAPAMPA,HUANCABAMBA,0.8953363090657226,0.8953363090657227,5.725221410316032,12.31337540403263,1825.5
190304,9396.0,7639.0,1757.0,80.0,27.0,2789.75586733,PASCO,OXAPAMPA,PALCAZU,0.8130055342699021,0.8130055342699021,3.3680366479496495,28.735632183908045,333.0
190305,7800.0,6762.0,1038.0,81.0,14.0,716.6043128,PASCO,OXAPAMPA,POZUZO,0.8669230769230769,0.8669230769230769,10.88466795507123,17.94871794871795,1118.0
190306,13753.0,10510.0,3243.0,103.0,23.0,7678.09603561,PASCO,OXAPAMPA,PUERTO BERMUDEZ,0.7641969024940013,0.7641969024940013,1.791199268179949,16.72362393659565,258.0
190307,19420.0,8069.0,10761.0,108.0,19.0,822.56412211,PASCO,OXAPAMPA,VILLA RICA,0.4154994850669413,0.4458805355303811,23.609101683385845,9.783728115345005,1427.0
190308,9501.0,7325.0,2176.0,62.0,16.0,3053.07236464,PASCO,OXAPAMPA,CONSTITUCION,0.7709714766866645,0.7709714766866645,3.1119472011336686,16.840332596568782,251.0
200101,261316.0,5952.0,253384.0,39.0,272.0,194.56249462,PIURA,PIURA,PIURA,0.022777020924857262,0.030354054095424687,1343.0954434994076,10.408853648456276,38.0
200104,123715.0,1095.0,115060.0,18.0,92.0,651.33752932,PIURA,PIURA,CASTILLA,0.008850988158266985,0.06995918037424731,189.93992274506144,7.43644667178596,40.5
200105,70684.0,2042.0,44242.0,35.0,20.0,2268.19621011,PIURA,PIURA,CATACAOS,0.028889140399524643,0.37408748797464775,31.163088839025995,2.829494652255107,24.0
200107,17390.0,2717.0,7541.0,18.0,4.0,215.64167843,PIURA,PIURA,CURA MORI,0.1562392179413456,0.5663599769982749,80.6430376845959,2.3001725129384702,34.5
200108,4960.0,1248.0,1789.0,11.0,2.0,100.15865567,PIURA,PIURA,EL TALLAN,0.25161290322580643,0.6393145161290323,49.521431441153446,4.032258064516129,19.0
200109,34541.0,3047.0,14184.0,25.0,10.0,169.85496585,PIURA,PIURA,LA ARENA,0.08821400654294896,0.5893575750557309,203.35584436491175,2.8951101589415473,21.0
200110,36000.0,589.0,17226.0,17.0,8.0,318.30944315,PIURA,PIURA,LA UNION,0.01636111111111111,0.5215000000000001,113.09749294190865,2.2222222222222223,18.0
200111,27000.0,16065.0,8307.0,77.0,21.0,553.07652426,PIURA,PIURA,LAS LOMAS,0.595,0.6923333333333334,48.817837705415535,7.777777777777778,354.5
200114,98000.0,62855.0,20194.0,179.0,39.0,1484.4491902,PIURA,PIURA,TAMBO GRANDE,0.6413775510204082,0.7939387755102041,66.01775301369288,3.9795918367346936,86.5
200115,130000.0,0.0,130000.0,1.0,39.0,71.42750668,PIURA,PIURA,VEINTISEIS DE OCTUBRE,0.0,0.0,1820.0271301980158,2.9999999999999996,36.0
200201,38800.0,32753.0,6047.0,236.0,32.0,1543.23212831,PIURA,AYABACA,AYABACA,0.8441494845360825,0.8441494845360824,25.142037473319093,8.247422680412372,1857.0
200202,22866.0,20618.0,1803.0,121.0,9.0,560.56289773,PIURA,AYABACA,FRIAS,0.9016880958628531,0.9211493046444503,40.79114064201517,3.9359748097612175,1339.0
200203,2956.0,2605.0,351.0,21.0,3.0,97.56888173,PIURA,AYABACA,JILILI,0.8812584573748309,0.8812584573748309,30.29654483670385,10.148849797023004,1359.0
200204,6699.0,6453.0,246.0,55.0,6.0,190.43555606,PIURA,AYABACA,LAGUNAS,0.9632781012091357,0.9632781012091357,35.17725438777496,8.956560680698612,2133.0
200205,7378.0,6301.0,1077.0,47.0,4.0,129.73807342,PIURA,AYABACA,MONTERO,0.854025481160206,0.854025481160206,56.8684257867408,5.421523448088912,1357.5
200206,24689.0,23509.0,1180.0,123.0,9.0,970.28322672,PIURA,AYABACA,PACAIPAMPA,0.9522054356191016,0.9522054356191016,25.445147684826093,3.6453481307464863,2300.0
200207,9638.0,7841.0,1797.0,39.0,5.0,323.61814501,PIURA,AYABACA,PAIMAS,0.8135505291554265,0.8135505291554265,29.782013612685965,5.187798298402158,547.0
200208,11008.0,10187.0,821.0,67.0,5.0,275.36505639,PIURA,AYABACA,SAPILLICA,0.9254178779069767,0.9254178779069767,39.97602362592206,4.542151162790698,1189.0
200209,2690.0,1597.0,453.0,23.0,3.0,35.23925133,PIURA,AYABACA,SICCHEZ,0.5936802973977695,0.8315985130111524,76.3353334271872,11.152416356877323,1379.0
200210,12137.0,11152.0,985.0,103.0,11.0,1069.60808912,PIURA,AYABACA,SUYO,0.9188432067232429,0.9188432067232429,11.347146794659611,9.063195188267281,473.0
200301,30780.0,22660.0,6852.0,70.0,11.0,443.18488501,PIURA,HUANCABAMBA,HUANCABAMBA,0.7361923326835608,0.7773879142300195,69.45182708409715,3.5737491877842755,2642.0
200302,8922.0,7206.0,871.0,63.0,7.0,311.51412596,PIURA,HUANCABAMBA,CANCHAQUE,0.8076664425016813,0.9023761488455503,28.640755768313472,7.845774490024658,1187.0
200303,12549.0,12062.0,487.0,45.0,9.0,674.45911582,PIURA,HUANCABAMBA,EL CARMEN DE LA FRONTERA,0.9611921268626982,0.9611921268626982,18.606020299307637,7.171886206072197,2409.5
200304,37582.0,35396.0,2186.0,317.0,24.0,1941.03818483,PIURA,HUANCABAMBA,HUARMACA,0.9418338566334947,0.9418338566334947,19.361803540867232,6.386035868234793,2061.0
200305,5115.0,4547.0,568.0,49.0,5.0,145.87848501,PIURA,HUANCABAMBA,LALAQUIZ,0.8889540566959921,0.8889540566959921,35.063429673329594,9.775171065493646,1076.5
200306,9199.0,8216.0,983.0,45.0,9.0,207.63135137,PIURA,HUANCABAMBA,SAN MIGUEL DE EL FAIQUE,0.8931405587563865,0.8931405587563865,44.304484555453,9.783672138275898,1979.0
200307,8399.0,7412.0,987.0,28.0,5.0,340.64846696,PIURA,HUANCABAMBA,SONDOR,0.8824860102393142,0.8824860102393142,24.655916038472107,5.953089653530182,1863.0
200308,10716.0,10405.0,311.0,37.0,6.0,229.33016948,PIURA,HUANCABAMBA,SONDORILLO,0.9709779768570362,0.9709779768570362,46.72738883112607,5.599104143337066,2738.0
200401,76669.0,21486.0,36613.0,86.0,24.0,835.28624558,PIURA,MORROPON,CHULUCANAS,0.2802436447586378,0.5224536644536906,91.78769602121622,3.1303395114061745,100.0
200402,8778.0,3532.0,2899.0,23.0,5.0,247.55429542,PIURA,MORROPON,BUENOS AIRES,0.4023695602642971,0.6697425381635909,35.458887857741544,5.6960583276372745,138.0
200403,9758.0,8551.0,1207.0,53.0,8.0,149.06610899,PIURA,MORROPON,CHALACO,0.8763066202090593,0.8763066202090593,65.46088890436262,8.19840131174421,2233.0
200404,12888.0,4774.0,5828.0,30.0,6.0,1034.91708367,PIURA,MORROPON,LA MATANZA,0.37042209807572934,0.547796399751707,12.45317156645715,4.655493482309125,110.0
200405,14783.0,5362.0,8297.0,25.0,8.0,172.17439081,PIURA,MORROPON,MORROPON,0.3627139281607252,0.4387472096326862,85.8606203306595,5.411621457079077,132.0
200406,8516.0,3534.0,889.0,23.0,5.0,608.612526,PIURA,MORROPON,SALITRAL,0.4149835603569751,0.8956082667919211,13.992482303921559,5.871301080319399,204.0
200407,6965.0,3338.0,2302.0,34.0,4.0,250.37924892,PIURA,MORROPON,SAN JUAN DE BIGOTE,0.47925340990667625,0.6694903086862886,27.817800516788928,5.74300071787509,234.0
200408,4510.0,3236.0,301.0,34.0,5.0,80.39980299,PIURA,MORROPON,SANTA CATALINA DE MOSSA,0.7175166297117517,0.9332594235033259,56.094664816043725,11.086474501108647,884.0
200409,7957.0,6819.0,1138.0,51.0,5.0,189.57791091,PIURA,MORROPON,SANTO DOMINGO,0.8569812743496292,0.8569812743496292,41.97218949088165,6.283775292195551,1131.0
200410,9978.0,8372.0,973.0,63.0,8.0,218.51500851,PIURA,MORROPON,YAMANGO,0.8390459009821608,0.9024854680296652,45.66276736796032,8.017638805371819,1035.5
200501,72522.0,12.0,66584.0,5.0,29.0,700.60681056,PIURA,PAITA,PAITA,0.0001654670306941342,0.08187860235514743,103.51312448994416,3.998786575108243,11.0
200502,2305.0,166.0,1202.0,7.0,2.0,63.87219236,PIURA,PAITA,AMOTAPE,0.0720173535791757,0.4785249457700651,36.08769191776651,8.676789587852495,17.0
200503,1092.0,491.0,601.0,4.0,1.0,8.2907764,PIURA,PAITA,ARENAL,0.44963369963369965,0.4496336996336996,131.71263429562518,9.157509157509157,63.5
200504,12363.0,1020.0,9874.0,9.0,2.0,122.45246307,PIURA,PAITA,COLAN,0.08250424654210144,0.20132653886597107,100.96162780272282,1.61773032435493,6.0
200505,10867.0,1991.0,3548.0,16.0,6.0,574.88683197,PIURA,PAITA,LA HUACA,0.18321523879635593,0.6735069476396429,18.902850779798495,5.521303027514493,28.0
200506,4625.0,489.0,3022.0,7.0,1.0,64.80195152,PIURA,PAITA,TAMARINDO,0.10572972972972973,0.34659459459459463,71.37130736830625,2.1621621621621623,30.0
200507,5015.0,1005.0,2088.0,9.0,3.0,157.64768586,PIURA,PAITA,VICHAYAL,0.20039880358923232,0.5836490528414755,31.811440635123574,5.982053838484546,9.0
200601,156827.0,10945.0,128746.0,55.0,110.0,525.41558908,PIURA,SULLANA,SULLANA,0.06979027845970401,0.17905717765435802,298.48181755437304,7.0140983376586945,84.0
200602,36072.0,0.0,36072.0,1.0,4.0,1.99496772,PIURA,SULLANA,BELLAVISTA,0.0,0.0,18081.495574274253,1.1088933244621866,65.0
200603,17941.0,739.0,7577.0,22.0,6.0,187.83552108,PIURA,SULLANA,IGNACIO ESCUDERO,0.0411905690875648,0.5776712557828438,95.51441546755603,3.344295189788752,38.0
200604,13085.0,12739.0,346.0,155.0,17.0,2135.42413389,PIURA,SULLANA,LANCONES,0.9735575085976309,0.9735575085976309,6.127588328864524,12.991975544516624,125.0
200605,26098.0,1636.0,3011.0,59.0,10.0,1646.88944988,PIURA,SULLANA,MARCAVELICA,0.06268679592305924,0.8846271744961299,15.846843880080488,3.8317112422407846,58.0
200606,7446.0,210.0,3699.0,10.0,4.0,476.37794926,PIURA,SULLANA,MIGUEL CHECA,0.028203062046736505,0.5032232070910556,15.63044639569596,5.372011818426,67.0
200607,24452.0,2536.0,12714.0,22.0,10.0,277.05589798,PIURA,SULLANA,QUERECOTILLO,0.10371339767708163,0.4800425323081956,88.2565582551328,4.089645018812367,65.0
200608,6097.0,490.0,4976.0,8.0,2.0,31.25461567,PIURA,SULLANA,SALITRAL,0.08036739380022963,0.18386091520419878,195.075187113955,3.2803017877644742,60.0
200701,88331.0,709.0,83743.0,15.0,53.0,1119.03827815,PIURA,TALARA,PARINAS,0.008026627118452185,0.05194099466778368,78.93474398930238,6.000158494752692,85.0
200702,7137.0,0.0,6866.0,2.0,5.0,479.8427206,PIURA,TALARA,EL ALTO,0.0,0.037971136331792055,14.873623572065084,7.005744710662744,144.5
200703,12486.0,342.0,12144.0,8.0,4.0,824.19396573,PIURA,TALARA,LA BREA,0.02739067755886593,0.027390677558865928,15.149346536335022,3.2035880185808105,38.5
200704,1506.0,50.0,1456.0,2.0,1.0,237.23171264,PIURA,TALARA,LOBITOS,0.033200531208499334,0.033200531208499307,6.348223781891085,6.640106241699867,21.5
200705,9577.0,1198.0,8379.0,9.0,5.0,163.22280841,PIURA,TALARA,LOS ORGANOS,0.12509136472799415,0.1250913647279942,58.67439785709052,5.220841599665866,34.0
200706,10547.0,419.0,10128.0,3.0,2.0,97.75263544,PIURA,TALARA,MANCORA,0.03972693656964066,0.03972693656964066,107.89478925582202,1.8962738219398882,10.0
200801,33042.0,898.0,23250.0,39.0,16.0,5727.83743067,PIURA,SECHURA,SECHURA,0.027177531626414866,0.2963500998728891,5.768669310178901,4.842321893347861,12.5
200802,3954.0,610.0,1315.0,7.0,2.0,13.76914613,PIURA,SECHURA,BELLAVISTA DE LA UNION,0.1542741527567021,0.667425392008093,287.1637763641049,5.058168942842691,16.0
200803,6456.0,823.0,3425.0,15.0,3.0,71.16240394,PIURA,SECHURA,BERNAL,0.12747831474597274,0.4694857496902106,90.72206168643942,4.646840148698884,14.0
200804,3377.0,1159.0,1514.0,10.0,2.0,263.12030904,PIURA,SECHURA,CRISTO NOS VALGA,0.3432040272431152,0.5516730826177081,12.834433086222253,5.922416345869114,13.0
200805,12749.0,414.0,4849.0,10.0,9.0,258.90123512,PIURA,SECHURA,VICE,0.032473135147854736,0.6196564436426386,49.24271602679251,7.059377206055377,15.0
200806,2855.0,32.0,2823.0,7.0,1.0,19.86050711,PIURA,SECHURA,RINCONADA LLICUAR,0.011208406304728547,0.011208406304728524,143.75262344446753,3.502626970227671,10.0
210101,126730.0,6501.0,117277.0,156.0,77.0,460.07098863,PUNO,PUNO,PUNO,0.05129803519292985,0.07459165154264968,275.4574905437458,6.075909413714196,3847.0
210102,30369.0,26659.0,2725.0,230.0,21.0,1917.22247209,PUNO,PUNO,ACORA,0.8778359511343804,0.9102703414666271,15.840102253179927,6.91494616220488,3837.5
210103,4255.0,3856.0,399.0,23.0,2.0,13.84274709,PUNO,PUNO,AMANTANI,0.9062279670975323,0.9062279670975323,307.38118469807284,4.700352526439483,3923.0
210104,5279.0,4958.0,321.0,59.0,1.0,130.52103797,PUNO,PUNO,ATUNCOLLA,0.9391930289827619,0.9391930289827619,40.445587026463635,1.8942981625307822,3833.5
210105,11146.0,10454.0,537.0,80.0,6.0,103.81904404,PUNO,PUNO,CAPACHICA,0.9379149470662121,0.9518212811771039,107.35987894191749,5.383097075183922,3854.0
210106,7913.0,6767.0,1146.0,49.0,5.0,115.26084565,PUNO,PUNO,CHUCUITO,0.8551750284342222,0.8551750284342221,68.65297539138783,6.318716036901302,3882.0
210107,7495.0,5158.0,460.0,63.0,3.0,99.56674852,PUNO,PUNO,COATA,0.6881921280853902,0.9386257505003336,75.27613496883929,4.0026684456304205,3824.0
210108,6622.0,5799.0,823.0,72.0,1.0,128.61713906,PUNO,PUNO,HUATA,0.8757173059498641,0.8757173059498641,51.486139781968184,1.5101177891875566,3837.0
210109,5628.0,2963.0,2665.0,106.0,5.0,410.02172981,PUNO,PUNO,MANAZO,0.5264747690120825,0.5264747690120825,13.726101791258623,8.884150675195452,4011.5
210110,4948.0,4332.0,616.0,91.0,2.0,173.66668532,PUNO,PUNO,PAUCARCOLLA,0.8755052546483427,0.8755052546483427,28.49135970369196,4.042037186742117,3930.5
210111,5627.0,3784.0,1657.0,93.0,8.0,1637.52737426,PUNO,PUNO,PICHACANI,0.6724720099520171,0.7055269237604407,3.4362784332340373,14.217167229429537,3979.0
210112,8268.0,7714.0,554.0,70.0,8.0,244.47169544,PUNO,PUNO,PLATERIA,0.9329946782776971,0.9329946782776971,33.819866079462734,9.675858732462506,3827.0
210113,2570.0,2143.0,427.0,69.0,1.0,336.86724401,PUNO,PUNO,SAN ANTONIO,0.833852140077821,0.833852140077821,7.629118133918978,3.891050583657588,4248.0
210114,2053.0,1792.0,261.0,69.0,2.0,488.84668767,PUNO,PUNO,TIQUILLACA,0.8728689722357525,0.8728689722357525,4.199680701091085,9.74184120798831,3871.5
210115,3123.0,2392.0,731.0,49.0,3.0,194.60638848,PUNO,PUNO,VILQUE,0.7659301953250081,0.765930195325008,16.04777738486707,9.606147934678194,3867.0
210201,29100.0,13065.0,16035.0,150.0,7.0,719.92308632,PUNO,AZANGARO,AZANGARO,0.44896907216494847,0.4489690721649484,40.420984620383855,2.4054982817869415,4023.5
210202,4064.0,3947.0,117.0,46.0,1.0,126.40928817,PUNO,AZANGARO,ACHAYA,0.9712106299212598,0.9712106299212598,32.14953631045354,2.4606299212598426,3872.0
210203,8765.0,7858.0,907.0,82.0,3.0,335.98300246,PUNO,AZANGARO,ARAPA,0.8965202509982887,0.8965202509982887,26.087629242623677,3.422703936109526,3848.0
210204,16981.0,13755.0,2463.0,148.0,4.0,403.33648076,PUNO,AZANGARO,ASILLO,0.8100229668452977,0.8549555385430776,42.10132435331165,2.3555738766857077,3895.0
210205,3828.0,3715.0,113.0,31.0,2.0,117.8077881,PUNO,AZANGARO,CAMINACA,0.9704806687565308,0.9704806687565308,32.49360727111385,5.2246603970741905,3835.0
210206,13746.0,11975.0,1771.0,46.0,4.0,151.93061098,PUNO,AZANGARO,CHUPA,0.8711625200058198,0.8711625200058198,90.47551320523229,2.9099374363451185,3840.5
210207,5189.0,1857.0,3332.0,18.0,1.0,66.88446936,PUNO,AZANGARO,JOSE DOMINGO CHOQUEHUANCA,0.35787242243206785,0.35787242243206785,77.58153798112154,1.927153594141453,3896.5
210208,7610.0,5174.0,2436.0,47.0,2.0,783.65829772,PUNO,AZANGARO,MUNANI,0.6798948751642575,0.6798948751642575,9.710865082575879,2.628120893561104,4050.5
210209,6694.0,4153.0,420.0,78.0,2.0,621.78908381,PUNO,AZANGARO,POTONI,0.6204063340304751,0.9372572452942934,10.765708460146406,2.9877502240812666,4117.5
210210,14314.0,13907.0,407.0,41.0,7.0,203.50634096,PUNO,AZANGARO,SAMAN,0.9715662987285175,0.9715662987285175,70.336874676615,4.890317171999441,3828.5
210211,9480.0,6101.0,3379.0,76.0,3.0,515.29540016,PUNO,AZANGARO,SAN ANTON,0.6435654008438818,0.6435654008438818,18.39721448523788,3.1645569620253164,3981.0
210212,6031.0,3869.0,1142.0,76.0,2.0,397.00331669,PUNO,AZANGARO,SAN JOSE,0.6415188194329299,0.8106450008290499,15.191308854251476,3.31619963521804,4082.0
210213,4163.0,3982.0,181.0,65.0,1.0,104.55451704,PUNO,AZANGARO,SAN JUAN DE SALINAS,0.9565217391304348,0.9565217391304348,39.81654851322529,2.402113860196973,3843.5
210214,5982.0,5772.0,210.0,47.0,4.0,318.66502455,PUNO,AZANGARO,SANTIAGO DE PUPUJA,0.9648946840521565,0.9648946840521565,18.772063261248793,6.686726847208291,3917.0
210215,3129.0,2438.0,691.0,31.0,1.0,200.5821344,PUNO,AZANGARO,TIRAPATA,0.7791626717801214,0.7791626717801214,15.599594696505532,3.1959092361776924,3911.5
210301,11707.0,3062.0,8645.0,98.0,6.0,1016.39722048,PUNO,CARABAYA,MACUSANI,0.2615529170581703,0.2615529170581703,11.518134607325369,5.125138805842658,4555.5
210302,1972.0,842.0,1130.0,107.0,1.0,425.99282975,PUNO,CARABAYA,AJOYANI,0.42697768762677485,0.4269776876267748,4.62918589769996,5.070993914807302,4232.5
210303,8941.0,6653.0,2288.0,55.0,4.0,2049.98238639,PUNO,CARABAYA,AYAPATA,0.7441002125041941,0.7441002125041942,4.361500888671057,4.473772508667934,3499.0
210304,12097.0,6334.0,5763.0,93.0,6.0,3118.78652569,PUNO,CARABAYA,COASA,0.5236008927833347,0.5236008927833347,3.878752168625476,4.959907415061585,3145.5
210305,3604.0,2730.0,340.0,120.0,5.0,886.43324772,PUNO,CARABAYA,CORANI,0.7574916759156493,0.9056603773584906,4.065731976175159,13.873473917869035,4399.0
210306,8624.0,4054.0,4570.0,268.0,3.0,854.49548359,PUNO,CARABAYA,CRUCERO,0.4700834879406308,0.4700834879406308,10.092505069503593,3.4786641929499074,4157.5
210307,6136.0,5601.0,535.0,126.0,4.0,1257.77556775,PUNO,CARABAYA,ITUATA,0.9128096479791395,0.9128096479791395,4.8784538015605765,6.51890482398957,3234.5
210308,4919.0,3299.0,1620.0,39.0,6.0,709.86106876,PUNO,CARABAYA,OLLACHEA,0.6706647692620451,0.6706647692620451,6.92952496830487,12.197601138442774,3162.0
210309,4024.0,2736.0,1288.0,61.0,6.0,745.23177329,PUNO,CARABAYA,SAN GABAN,0.679920477137177,0.679920477137177,5.3996624194310865,14.910536779324055,723.0
210310,12008.0,8392.0,3616.0,131.0,2.0,656.19143896,PUNO,CARABAYA,USICAYOS,0.6988674217188541,0.6988674217188541,18.29953773708404,1.665556295802798,3859.0
210401,24039.0,15882.0,8157.0,124.0,16.0,772.29294715,PUNO,CHUCUITO,JULI,0.660676400848621,0.660676400848621,31.12678950223662,6.65585090893964,3927.0
210402,20009.0,5644.0,14365.0,33.0,5.0,174.55858643,PUNO,CHUCUITO,DESAGUADERO,0.2820730671197961,0.2820730671197961,114.62627195382245,2.49887550602229,3909.0
210403,14964.0,12085.0,2879.0,69.0,4.0,627.17774386,PUNO,CHUCUITO,HUACULLANI,0.807604918470997,0.807604918470997,23.85926501138774,2.6730820636193533,4112.5
210404,17582.0,14401.0,3181.0,79.0,4.0,491.99493047,PUNO,CHUCUITO,KELLUYO,0.8190763280627915,0.8190763280627915,35.73614058015601,2.275054032533273,3884.5
210405,11945.0,8918.0,3027.0,180.0,3.0,956.28916865,PUNO,CHUCUITO,PISACOMA,0.7465885307660108,0.746588530766011,12.490991628466146,2.511511092507325,4292.0
210406,20065.0,18288.0,1777.0,60.0,11.0,400.94090617,PUNO,CHUCUITO,POMATA,0.9114378270620483,0.9114378270620483,50.04478139103219,5.48218290555694,3845.0
210407,21824.0,19443.0,1742.0,167.0,12.0,523.25812844,PUNO,CHUCUITO,ZEPITA,0.890899926686217,0.9201796187683284,41.70790440478074,5.498533724340176,3882.0
210501,54448.0,32295.0,21127.0,231.0,28.0,890.17654517,PUNO,EL COLLAO,ILAVE,0.593134734058184,0.6119784014105201,61.16539499431754,5.14252130473112,3846.0
210502,1824.0,1678.0,146.0,51.0,8.0,1041.28881209,PUNO,EL COLLAO,CAPAZO,0.9199561403508771,0.9199561403508771,1.751675403425298,43.859649122807014,4416.0
210503,14151.0,12779.0,769.0,64.0,8.0,152.89256503,PUNO,EL COLLAO,PILCUYO,0.9030457211504487,0.9456575507031305,92.55518734493954,5.653310720090453,3824.0
210504,6681.0,5456.0,829.0,77.0,7.0,2694.17095197,PUNO,EL COLLAO,SANTA ROSA,0.8166442149378835,0.8759167789253106,2.479798097115849,10.477473432120942,4085.0
210505,4277.0,3797.0,480.0,52.0,2.0,844.41709593,PUNO,EL COLLAO,CONDURIRI,0.8877718026654197,0.8877718026654197,5.065032459213205,4.676174888940847,4051.0
210601,21110.0,13778.0,7332.0,138.0,12.0,387.16488627,PUNO,HUANCANE,HUANCANE,0.6526764566556135,0.6526764566556135,54.524572730178754,5.684509711037423,3836.5
210602,4354.0,3272.0,1082.0,71.0,3.0,879.20458539,PUNO,HUANCANE,COJATA,0.7514928801102434,0.7514928801102434,4.952203471582942,6.890215893431328,4352.5
210603,4344.0,2378.0,1966.0,45.0,1.0,106.14858338,PUNO,HUANCANE,HUATASANI,0.5474217311233885,0.5474217311233887,40.92376800215004,2.3020257826887662,3876.5
210604,3668.0,3401.0,267.0,90.0,2.0,296.54271911,PUNO,HUANCANE,INCHUPALLA,0.9272082878953108,0.9272082878953107,12.369212810243999,5.452562704471101,3905.5
210605,7141.0,6313.0,828.0,57.0,1.0,197.57458852,PUNO,HUANCANE,PUSI,0.8840498529617701,0.8840498529617701,36.14331201948642,1.400364094664613,3832.0
210606,5924.0,5446.0,478.0,121.0,5.0,305.19369471,PUNO,HUANCANE,ROSASPATA,0.9193112761647535,0.9193112761647535,19.410623819175168,8.440243079000675,3915.0
210607,15458.0,14071.0,1387.0,90.0,5.0,196.92984136,PUNO,HUANCANE,TARACO,0.9102729978004916,0.9102729978004916,78.49495989661523,3.234571095872687,3822.0
210608,9463.0,8952.0,511.0,158.0,9.0,508.12115729,PUNO,HUANCANE,VILQUE CHICO,0.9460002113494663,0.9460002113494663,18.623511074543156,9.510725985416887,3964.0
210701,11413.0,6464.0,4949.0,60.0,8.0,660.42500045,PUNO,LAMPA,LAMPA,0.5663716814159292,0.5663716814159292,17.281296123289422,7.009550512573382,3943.5
210702,5581.0,4686.0,895.0,102.0,3.0,384.75077465,PUNO,LAMPA,CABANILLA,0.8396344741085827,0.8396344741085827,14.505493861778247,5.375380756136893,4170.5
210703,1496.0,1121.0,375.0,31.0,1.0,137.91237463,PUNO,LAMPA,CALAPUJA,0.7493315508021391,0.749331550802139,10.847467488059452,6.684491978609625,4013.5
210704,2748.0,2069.0,433.0,28.0,2.0,133.19160109,PUNO,LAMPA,NICASIO,0.7529112081513828,0.8424308588064047,20.631931574597758,7.27802037845706,3858.0
210705,2630.0,1807.0,823.0,354.0,4.0,879.78102642,PUNO,LAMPA,OCUVIRI,0.6870722433460076,0.6870722433460076,2.989380221919517,15.20912547528517,4652.0
210706,3094.0,2125.0,969.0,33.0,1.0,494.8031683,PUNO,LAMPA,PALCA,0.6868131868131868,0.6868131868131868,6.252991488777417,3.2320620555914674,4141.0
210707,5257.0,3449.0,1050.0,15.0,2.0,747.31671297,PUNO,LAMPA,PARATIA,0.6560776108046414,0.800266311584554,7.034500779605922,3.804451207913259,4367.0
210708,6060.0,3934.0,1738.0,53.0,5.0,525.2798356,PUNO,LAMPA,PUCARA,0.6491749174917492,0.7132013201320132,11.536707844644324,8.250825082508252,3897.0
210709,7494.0,2449.0,4609.0,127.0,3.0,1589.24835712,PUNO,LAMPA,SANTA LUCIA,0.32679476914865224,0.38497464638377366,4.715436682017692,4.00320256204964,4326.0
210710,2380.0,1390.0,990.0,43.0,2.0,161.05803376,PUNO,LAMPA,VILAVILA,0.5840336134453782,0.5840336134453781,14.777282104080246,8.403361344537815,4441.0
210801,22780.0,3899.0,18881.0,185.0,8.0,1016.90661121,PUNO,MELGAR,AYAVIRI,0.17115891132572433,0.17115891132572436,22.4012704302261,3.511852502194908,3915.5
210802,5045.0,2833.0,1607.0,112.0,8.0,654.88366728,PUNO,MELGAR,ANTAUTA,0.5615460852329038,0.6814667988107037,7.70365830156362,15.857284440039642,4142.0
210803,2765.0,2448.0,317.0,86.0,2.0,216.6382203,PUNO,MELGAR,CUPI,0.8853526220614828,0.8853526220614828,12.763214155706393,7.233273056057866,4080.5
210804,3911.0,1905.0,2006.0,79.0,1.0,228.80624202,PUNO,MELGAR,LLALLI,0.4870877013551521,0.4870877013551521,17.093065143118512,2.5568908207619536,4177.0
210805,7948.0,5552.0,1838.0,157.0,7.0,691.38388691,PUNO,MELGAR,MACARI,0.6985405133366884,0.7687468545546049,11.495784253118732,8.807247106190236,4045.0
210806,11156.0,6081.0,5075.0,198.0,6.0,2200.7993252,PUNO,MELGAR,NUNOA,0.5450878451057727,0.5450878451057727,5.069067348512653,5.378271782000717,4018.0
210807,10643.0,9484.0,1159.0,160.0,7.0,397.25100497,PUNO,MELGAR,ORURILLO,0.8911021328572771,0.8911021328572771,26.791625110687256,6.577092924927182,3899.0
210808,6915.0,4059.0,2856.0,78.0,5.0,803.74620412,PUNO,MELGAR,SANTA ROSA,0.5869848156182212,0.5869848156182212,8.603462093573489,7.230657989877079,3986.5
210809,4148.0,3514.0,634.0,74.0,3.0,331.65847054,PUNO,MELGAR,UMACHIRI,0.8471552555448408,0.847155255544841,12.506841731635275,7.232401157184186,3929.0
210901,17279.0,12559.0,4262.0,173.0,10.0,504.60401658,PUNO,MOHO,MOHO,0.726836043752532,0.7533422073036634,34.24269215514773,5.787371954395509,3899.0
210902,3911.0,3108.0,803.0,47.0,2.0,67.36535409,PUNO,MOHO,CONIMA,0.7946816670928152,0.7946816670928152,58.056549287559754,5.113781641523907,3869.5
210903,4154.0,2384.0,1476.0,37.0,2.0,403.08322745,PUNO,MOHO,HUAYRAPATA,0.5739046701974001,0.6446798266730862,10.30556400542684,4.814636494944631,3910.0
210904,3291.0,2634.0,657.0,41.0,2.0,51.91402499,PUNO,MOHO,TILALI,0.8003646308113036,0.8003646308113035,63.39327379516292,6.077180188392585,3888.5
211001,20828.0,6510.0,14318.0,47.0,4.0,1035.93408384,PUNO,SAN ANTONIO DE PUTINA,PUTINA,0.3125600153639332,0.3125600153639332,20.105526331168463,1.9204916458613404,3881.0
211002,20690.0,3783.0,1833.0,106.0,3.0,964.66912566,PUNO,SAN ANTONIO DE PUTINA,ANANEA,0.18284195263412276,0.911406476558724,21.447768410587905,1.4499758337361044,4834.0
211003,2624.0,2286.0,338.0,55.0,1.0,142.70418149,PUNO,SAN ANTONIO DE PUTINA,PEDRO VILCA APAZA,0.8711890243902439,0.8711890243902439,18.387688241524142,3.8109756097560976,3872.5
211004,5131.0,3392.0,1739.0,33.0,2.0,523.79262169,PUNO,SAN ANTONIO DE PUTINA,QUILCAPUNCU,0.6610797115572014,0.6610797115572014,9.795861544297805,3.8978756577665172,3896.5
211005,1472.0,1109.0,363.0,25.0,1.0,466.89458671,PUNO,SAN ANTONIO DE PUTINA,SINA,0.7533967391304348,0.7533967391304348,3.152745912889104,6.793478260869565,3274.5
211101,225221.0,8505.0,216716.0,53.0,71.0,394.52691105,PUNO,SAN ROMAN,JULIACA,0.037762908432162186,0.037762908432162234,570.8634663237378,3.152459140133469,3832.0
211102,4511.0,3687.0,824.0,91.0,3.0,192.87362769,PUNO,SAN ROMAN,CABANA,0.8173354023498116,0.8173354023498116,23.388371204643878,6.650410108623365,3888.0
211103,5180.0,2892.0,2288.0,37.0,5.0,1268.43166155,PUNO,SAN ROMAN,CABANILLAS,0.5583011583011583,0.5583011583011583,4.083783271122495,9.652509652509652,3901.0
211104,6798.0,6016.0,782.0,100.0,3.0,277.38379584,PUNO,SAN ROMAN,CARACOTO,0.8849661665195646,0.8849661665195646,24.507559929424318,4.41306266548985,3825.5
211201,11374.0,7699.0,3675.0,49.0,4.0,700.8188382,PUNO,SANDIA,SANDIA,0.6768946720590822,0.676894672059082,16.229586563644972,3.516792685071215,2324.0
211202,5355.0,4025.0,1065.0,45.0,4.0,511.66057393,PUNO,SANDIA,CUYOCUYO,0.7516339869281046,0.8011204481792717,10.46592266992339,7.469654528478057,3872.0
211203,3734.0,2029.0,1705.0,71.0,3.0,2392.46223744,PUNO,SANDIA,LIMBANI,0.5433851098018211,0.5433851098018211,1.5607351880276623,8.034279592929833,3584.0
211204,4167.0,3712.0,455.0,30.0,5.0,471.63388711,PUNO,SANDIA,PATAMBUCO,0.8908087353011759,0.8908087353011759,8.835243000739096,11.999040076793857,3765.5
211205,4847.0,3600.0,1247.0,83.0,3.0,432.37963286,PUNO,SANDIA,PHARA,0.7427274602847121,0.7427274602847123,11.210056236782568,6.1893955023726015,3626.0
211206,2232.0,1863.0,369.0,32.0,3.0,413.05273939,PUNO,SANDIA,QUIACA,0.8346774193548387,0.8346774193548387,5.403668314356752,13.440860215053764,3400.5
211207,13842.0,9009.0,2484.0,46.0,4.0,201.69812362,PUNO,SANDIA,SAN JUAN DEL ORO,0.6508452535760728,0.8205461638491547,68.62731170508249,2.8897558156335785,1314.0
211208,2389.0,1124.0,1265.0,19.0,1.0,646.22756668,PUNO,SANDIA,YANAHUAYA,0.47048974466303894,0.47048974466303894,3.696840127501074,4.185851820845542,1846.0
211209,7418.0,6310.0,1108.0,76.0,6.0,1360.49029768,PUNO,SANDIA,ALTO INAMBARI,0.8506335939606363,0.8506335939606363,5.452446087009717,8.088433540037746,1377.0
211210,10605.0,9059.0,1546.0,56.0,6.0,5538.42215383,PUNO,SANDIA,SAN PEDRO DE PUTINA PUNCO,0.8542197076850542,0.8542197076850542,1.9148052830653757,5.657708628005658,973.0
211301,29250.0,17316.0,11934.0,120.0,11.0,174.72076747,PUNO,YUNGUYO,YUNGUYO,0.592,0.5920000000000001,167.40997892550067,3.7606837606837606,3872.0
211302,2294.0,761.0,1533.0,15.0,1.0,120.25957517,PUNO,YUNGUYO,ANAPIA,0.3317349607672188,0.33173496076721887,19.075404156028167,4.3591979075850045,3849.5
211303,5370.0,4825.0,545.0,29.0,1.0,58.86295533,PUNO,YUNGUYO,COPANI,0.8985102420856611,0.8985102420856611,91.22885471676504,1.86219739292365,3841.0
211304,2492.0,1844.0,648.0,18.0,1.0,23.71147223,PUNO,YUNGUYO,CUTURAPI,0.7399678972712681,0.739967897271268,105.09680612944379,4.012841091492777,3861.0
211305,4644.0,4235.0,409.0,35.0,1.0,27.12816093,PUNO,YUNGUYO,OLLARAYA,0.9119293712316968,0.9119293712316968,171.1874244620975,2.153316106804479,3839.5
211306,1490.0,508.0,982.0,3.0,1.0,4.04627879,PUNO,YUNGUYO,TINICACHI,0.3409395973154362,0.3409395973154362,368.2395794581421,6.711409395973154,3853.0
211307,3869.0,2577.0,1292.0,19.0,1.0,8.01342812,PUNO,YUNGUYO,UNICACHI,0.6660635823210131,0.6660635823210133,482.81458847103255,2.5846471956577926,3857.0
220101,64900.0,22210.0,39250.0,119.0,99.0,2696.68080575,SAN MARTIN,MOYOBAMBA,MOYOBAMBA,0.34221879815100154,0.39522342064714944,24.066622887520435,15.254237288135593,881.0
220102,3884.0,1186.0,2698.0,6.0,2.0,115.87361212,SAN MARTIN,MOYOBAMBA,CALZADA,0.30535530381050463,0.3053553038105047,33.5192795748672,5.1493305870236865,829.0
220103,1726.0,516.0,1210.0,9.0,1.0,68.79104181,SAN MARTIN,MOYOBAMBA,HABANA,0.2989571263035921,0.29895712630359217,25.090476239147396,5.793742757821553,838.5
220104,19548.0,12832.0,3032.0,61.0,11.0,386.07012278,SAN MARTIN,MOYOBAMBA,JEPELACIO,0.6564354409658277,0.8448946183752813,50.633288738427765,5.627174135461429,1130.0
220105,23357.0,9853.0,11974.0,53.0,6.0,583.41274049,SAN MARTIN,MOYOBAMBA,SORITOR,0.4218435586761999,0.4873485464742904,40.035121585419596,2.56882305090551,922.5
220106,2779.0,1191.0,1588.0,7.0,1.0,69.6165736,SAN MARTIN,MOYOBAMBA,YANTALO,0.42857142857142855,0.4285714285714286,39.918655232408625,3.598416696653472,827.5
220201,14276.0,2243.0,8876.0,53.0,11.0,259.37568329,SAN MARTIN,BELLAVISTA,BELLAVISTA,0.15711683945082655,0.3782572149061362,55.03985500459749,7.705239562902774,278.0
220202,5996.0,3548.0,795.0,48.0,7.0,5959.04330015,SAN MARTIN,BELLAVISTA,ALTO BIAVO,0.5917278185456971,0.8674116077384924,1.0062017840764927,11.674449633088727,328.0
220203,12053.0,10102.0,1319.0,65.0,10.0,1122.27648102,SAN MARTIN,BELLAVISTA,BAJO BIAVO,0.8381315854973865,0.8905666639011035,10.73977776763657,8.296689620841283,260.5
220204,2931.0,2009.0,922.0,53.0,2.0,257.80824074,SAN MARTIN,BELLAVISTA,HUALLAGA,0.6854315933128625,0.6854315933128625,11.368915095913936,6.823609689525759,299.5
220205,9028.0,3203.0,979.0,69.0,7.0,347.95635919,SAN MARTIN,BELLAVISTA,SAN PABLO,0.3547851129818343,0.8915595923792645,25.945782456788788,7.753655294638901,275.0
220206,5695.0,1693.0,1116.0,51.0,5.0,107.28045653,SAN MARTIN,BELLAVISTA,SAN RAFAEL,0.29727831431079893,0.8040386303775242,53.08515813788922,8.779631255487269,239.0
220301,14326.0,6238.0,6546.0,30.0,6.0,308.6284654,SAN MARTIN,EL DORADO,SAN JOSE DE SISA,0.43543208153008517,0.5430685466983107,46.41827182542185,4.188189306156638,406.0
220302,2568.0,1197.0,1371.0,28.0,2.0,152.51718396,SAN MARTIN,EL DORADO,AGUA BLANCA,0.4661214953271028,0.4661214953271028,16.837446990061775,7.78816199376947,343.0
220303,9491.0,7353.0,2138.0,43.0,5.0,520.60817919,SAN MARTIN,EL DORADO,SAN MARTIN,0.7747339584869877,0.7747339584869877,18.230601015079685,5.268148772521336,822.0
220304,5996.0,5736.0,260.0,40.0,7.0,249.38909921,SAN MARTIN,EL DORADO,SANTA ROSA,0.9566377585056705,0.9566377585056705,24.042750942177396,11.674449633088727,497.0
220305,3015.0,1785.0,1230.0,12.0,2.0,61.86637904,SAN MARTIN,EL DORADO,SHATOJA,0.5920398009950248,0.592039800995025,48.734062778276346,6.633499170812604,471.5
220401,12023.0,5060.0,6620.0,52.0,13.0,525.37848167,SAN MARTIN,HUALLAGA,SAPOSOA,0.42086001829826164,0.4493886717125509,22.884454577932008,10.812609165765615,350.0
220402,2643.0,1415.0,1228.0,14.0,4.0,1378.1767771,SAN MARTIN,HUALLAGA,ALTO SAPOSOA,0.5353764661369655,0.5353764661369655,1.9177510780304092,15.13431706394249,428.5
220403,2804.0,1454.0,1350.0,49.0,2.0,124.64624616,SAN MARTIN,HUALLAGA,EL ESLABON,0.5185449358059915,0.5185449358059915,22.495663418541252,7.132667617689016,370.0
220404,3718.0,1933.0,1785.0,18.0,2.0,179.74101427,SAN MARTIN,HUALLAGA,PISCOYACU,0.5199031737493276,0.5199031737493276,20.68531778960012,5.3792361484669176,318.0
220405,2730.0,1450.0,1280.0,30.0,2.0,161.70727313,SAN MARTIN,HUALLAGA,SACANCHE,0.5311355311355311,0.5311355311355311,16.882357528874373,7.326007326007326,333.0
220406,776.0,101.0,675.0,10.0,1.0,46.66254113,SAN MARTIN,HUALLAGA,TINGO DE SAPOSOA,0.13015463917525774,0.1301546391752577,16.630041596708043,12.88659793814433,268.5
220501,13173.0,2406.0,8883.0,23.0,7.0,129.62800709,SAN MARTIN,LAMAS,LAMAS,0.18264632202231837,0.3256661352767023,101.62155768432095,5.313899643209595,750.0
220502,14920.0,9212.0,2431.0,54.0,5.0,296.20091989,SAN MARTIN,LAMAS,ALONSO DE ALVARADO,0.617426273458445,0.8370643431635388,50.371214260714765,3.351206434316354,1007.5
220503,5285.0,3439.0,1087.0,31.0,7.0,1057.48142029,SAN MARTIN,LAMAS,BARRANQUITA,0.6507095553453169,0.7943235572374645,4.9977237411421,13.245033112582782,159.0
220504,8933.0,4073.0,1921.0,32.0,9.0,1271.68889405,SAN MARTIN,LAMAS,CAYNARACHI,0.45594984887495804,0.7849546624874062,7.024516799506447,10.075002798611889,176.0
220505,4461.0,3378.0,1083.0,16.0,6.0,181.995684,SAN MARTIN,LAMAS,CUNUMBUQUI,0.7572293207800942,0.7572293207800942,24.511570285370063,13.449899125756557,398.5
220506,9542.0,7561.0,977.0,46.0,8.0,558.96530271,SAN MARTIN,LAMAS,PINTO RECODO,0.7923915321735485,0.8976105638230979,17.070827032980507,8.383986585621463,894.5
220507,2648.0,1493.0,646.0,27.0,5.0,33.24909538,SAN MARTIN,LAMAS,RUMISAPA,0.5638217522658611,0.7560422960725075,79.6412645137054,18.882175226586103,329.0
220508,2822.0,1007.0,647.0,8.0,5.0,652.26743625,SAN MARTIN,LAMAS,SAN ROQUE DE CUMBAZA,0.3568391211906449,0.7707299787384834,4.326446244540696,17.71793054571226,750.0
220509,2492.0,1479.0,1013.0,21.0,1.0,24.39549653,SAN MARTIN,LAMAS,SHANAO,0.5934991974317817,0.5934991974317817,102.15000120762043,4.012841091492777,321.0
220510,12738.0,3584.0,7282.0,57.0,4.0,361.98319189,SAN MARTIN,LAMAS,TABALOSOS,0.28136285131103783,0.4283246977547496,35.18947919513026,3.140210394096404,548.0
220511,4991.0,4225.0,766.0,22.0,11.0,174.50167528,SAN MARTIN,LAMAS,ZAPATERO,0.8465237427369264,0.8465237427369264,28.601444610727064,22.039671408535366,530.5
220601,27306.0,3066.0,23441.0,75.0,18.0,447.62724428,SAN MARTIN,MARISCAL CACERES,JUANJUI,0.11228301472203911,0.14154398300739768,61.00164891420134,6.591957811470006,307.0
220602,8331.0,6277.0,2054.0,62.0,7.0,1809.49234857,SAN MARTIN,MARISCAL CACERES,CAMPANILLA,0.7534509662705557,0.7534509662705557,4.604053731746252,8.402352658744448,349.0
220603,6211.0,3353.0,2858.0,31.0,7.0,9742.30910304,SAN MARTIN,MARISCAL CACERES,HUICUNGO,0.5398486556110127,0.5398486556110127,0.6375285298699785,11.270326839478344,325.5
220604,4501.0,2784.0,1016.0,59.0,6.0,1799.93802149,SAN MARTIN,MARISCAL CACERES,PACHIZA,0.6185292157298378,0.7742723839146857,2.5006416589133686,13.330371028660297,320.0
220605,5297.0,4385.0,912.0,75.0,5.0,453.09019994,SAN MARTIN,MARISCAL CACERES,PAJARILLO,0.8278270719275062,0.8278270719275062,11.690828891689668,9.43930526713234,283.0
220701,8342.0,1648.0,5860.0,59.0,10.0,217.29833432,SAN MARTIN,PICOTA,PICOTA,0.197554543274994,0.29753056820906254,38.38961778563531,11.987532965715657,245.0
220702,3259.0,2047.0,780.0,42.0,4.0,311.24347064,SAN MARTIN,PICOTA,BUENOS AIRES,0.6281067812212335,0.7606627799938631,10.47090238808423,12.2737035900583,366.0
220703,1958.0,451.0,1507.0,20.0,1.0,76.02654377,SAN MARTIN,PICOTA,CASPISAPA,0.2303370786516854,0.2303370786516854,25.754162992381417,5.107252298263535,228.5
220704,904.0,63.0,486.0,12.0,2.0,68.36954184,SAN MARTIN,PICOTA,PILLUANA,0.06969026548672566,0.46238938053097345,13.222262072715976,22.123893805309734,220.0
220705,2910.0,913.0,1101.0,30.0,2.0,202.94622881,SAN MARTIN,PICOTA,PUCACACA,0.31374570446735395,0.6216494845360825,14.3387734626218,6.872852233676976,218.0
220706,1286.0,98.0,1188.0,16.0,1.0,30.08428482,SAN MARTIN,PICOTA,SAN CRISTOBAL,0.07620528771384137,0.07620528771384139,42.746570433513135,7.776049766718507,230.0
220707,4721.0,1623.0,3098.0,29.0,3.0,103.88643489,SAN MARTIN,PICOTA,SAN HILARION,0.3437830968015251,0.3437830968015251,45.443854195197126,6.354585892819318,244.0
220708,7065.0,4494.0,1730.0,36.0,5.0,392.47067003,SAN MARTIN,PICOTA,SHAMBOYACU,0.6360934182590233,0.7551309271054494,18.001345169207063,7.077140835102619,354.0
220709,4012.0,1646.0,421.0,81.0,5.0,335.32240499,SAN MARTIN,PICOTA,TINGO DE PONASA,0.4102691924227318,0.8950648055832502,11.964604632129028,12.46261216350947,238.0
220710,4085.0,2077.0,2008.0,34.0,1.0,370.52113805,SAN MARTIN,PICOTA,TRES UNIDOS,0.5084455324357405,0.5084455324357405,11.025012018204341,2.4479804161566707,590.5
220801,22394.0,2579.0,18757.0,24.0,23.0,208.94069148,SAN MARTIN,RIOJA,RIOJA,0.11516477627936055,0.1624095739930338,107.17873977239888,10.27060819862463,834.0
220802,6773.0,4477.0,1131.0,18.0,4.0,506.38139611,SAN MARTIN,RIOJA,AWAJUN,0.6610069393178798,0.8330134357005758,13.375293903034141,5.905802450908018,855.0
220803,9767.0,3355.0,6412.0,13.0,8.0,169.32922018,SAN MARTIN,RIOJA,ELIAS SOPLIN VARGAS,0.3435036346882359,0.34350363468823586,57.68053493435748,8.190846728780588,1146.0
220804,35773.0,6899.0,19834.0,46.0,28.0,334.00380686,SAN MARTIN,RIOJA,NUEVA CAJAMARCA,0.1928549464680066,0.4455595001817013,107.10356967576271,7.827132194671959,871.0
220805,17088.0,7961.0,5260.0,49.0,9.0,1165.48445846,SAN MARTIN,RIOJA,PARDO MIGUEL,0.4658824906367041,0.6921816479400749,14.661714170413768,5.26685393258427,934.5
220806,1398.0,317.0,1081.0,7.0,1.0,52.56155911,SAN MARTIN,RIOJA,POSIC,0.22675250357653792,0.22675250357653787,26.597384546266746,7.15307582260372,819.0
220807,3910.0,1945.0,1965.0,11.0,2.0,69.11776981,SAN MARTIN,RIOJA,SAN FERNANDO,0.49744245524296676,0.4974424552429667,56.57011229888235,5.115089514066495,821.5
220808,3128.0,920.0,2208.0,8.0,2.0,81.75592684,SAN MARTIN,RIOJA,YORONGOS,0.29411764705882354,0.2941176470588235,38.26022309210237,6.3938618925831205,917.0
220809,4267.0,794.0,3473.0,9.0,1.0,62.05757677,SAN MARTIN,RIOJA,YURACYACU,0.18607921256151863,0.1860792125615186,68.75872733178912,2.343566908835247,822.0
220901,68328.0,497.0,67362.0,10.0,103.0,58.39313362,SAN MARTIN,SAN MARTIN,TARAPOTO,0.007273738438122,0.014137688795223036,1170.1375789258423,15.074347266128088,236.0
220902,912.0,469.0,443.0,25.0,2.0,51.7890271,SAN MARTIN,SAN MARTIN,ALBERTO LEVEAU,0.5142543859649122,0.5142543859649122,17.609907949014165,21.929824561403507,241.5
220903,3085.0,655.0,2430.0,35.0,1.0,52.44901012,SAN MARTIN,SAN MARTIN,CACATACHI,0.21231766612641814,0.21231766612641811,58.8190319119792,3.2414910858995136,283.5
220904,8559.0,2872.0,4127.0,55.0,8.0,952.09766416,SAN MARTIN,SAN MARTIN,CHAZUTA,0.33555321883397593,0.5178175020446314,8.989623987315717,9.346886318495152,182.0
220905,1871.0,411.0,498.0,9.0,3.0,306.04906533,SAN MARTIN,SAN MARTIN,CHIPURANA,0.21966862640299306,0.7338321753073223,6.1133988368256515,16.034206306787816,143.0
220906,2062.0,1021.0,1041.0,13.0,2.0,489.57514812,SAN MARTIN,SAN MARTIN,EL PORVENIR,0.49515033947623666,0.49515033947623666,4.211815097065716,9.699321047526674,144.5
220907,4351.0,2141.0,1235.0,18.0,9.0,1713.8812792,SAN MARTIN,SAN MARTIN,HUIMBAYOC,0.4920707883245231,0.7161572052401747,2.538682260436934,20.68490002298322,154.0
220908,3238.0,189.0,3049.0,22.0,2.0,192.15977895,SAN MARTIN,SAN MARTIN,JUAN GUERRA,0.05836936380481779,0.05836936380481783,16.85056059958587,6.176652254478073,240.5
220909,29040.0,2561.0,24932.0,27.0,14.0,267.43803983,SAN MARTIN,SAN MARTIN,LA BANDA DE SHILCAYO,0.08818870523415978,0.14146005509641868,108.58589906828365,4.820936639118457,294.0
220910,23561.0,687.0,22874.0,31.0,14.0,50.66401035,SAN MARTIN,SAN MARTIN,MORALES,0.029158354908535293,0.029158354908535244,465.0441178508089,5.9420228343448915,266.0
220911,2548.0,1338.0,1210.0,11.0,6.0,990.41142343,SAN MARTIN,SAN MARTIN,PAPAPLAYA,0.5251177394034537,0.5251177394034536,2.572668226276862,23.54788069073783,148.5
220912,1573.0,186.0,852.0,14.0,3.0,78.31040867,SAN MARTIN,SAN MARTIN,SAN ANTONIO,0.1182453909726637,0.45835982199618563,20.086729551222504,19.071837253655435,507.0
220913,10718.0,2256.0,7971.0,30.0,4.0,100.8321887,SAN MARTIN,SAN MARTIN,SAUCE,0.2104870311625303,0.2562978167568576,106.29542151354688,3.732039559619332,613.0
220914,1690.0,144.0,1546.0,7.0,1.0,237.36951573,SAN MARTIN,SAN MARTIN,SHAPAJA,0.08520710059171598,0.08520710059171599,7.119701090523854,5.9171597633136095,246.5
221001,29509.0,11292.0,15505.0,78.0,14.0,1110.56732857,SAN MARTIN,TOCACHE,TOCACHE,0.38266291639838695,0.47456708122945546,26.5711040122139,4.744315293639229,501.0
221002,11106.0,8134.0,2972.0,49.0,8.0,826.01665767,SAN MARTIN,TOCACHE,NUEVO PROGRESO,0.7323969025751846,0.7323969025751846,13.445249435195933,7.203313524221143,537.0
221003,10751.0,7699.0,776.0,75.0,8.0,2263.30209472,SAN MARTIN,TOCACHE,POLVORA,0.7161194307506279,0.9278206678448516,4.7501391993056234,7.441168263417357,523.0
221004,1140.0,858.0,282.0,15.0,1.0,1060.13572041,SAN MARTIN,TOCACHE,SHUNTE,0.7526315789473684,0.7526315789473684,1.0753340143647958,8.771929824561404,1087.5
221005,22885.0,10898.0,6841.0,83.0,14.0,767.69875191,SAN MARTIN,TOCACHE,UCHIZA,0.4762071225693686,0.701070570242517,29.809870008337445,6.1175442429539,515.0
230101,94393.0,6035.0,86095.0,50.0,189.0,1911.3153863,TACNA,TACNA,TACNA,0.06393482567563273,0.08790906105325602,49.3864072233153,20.02267117265051,460.0
230102,35439.0,622.0,34817.0,18.0,10.0,374.0356644,TACNA,TACNA,ALTO DE LA ALIANZA,0.01755128530714749,0.017551285307147446,94.74764941693086,2.8217500493806256,773.0
230103,3004.0,2604.0,400.0,27.0,1.0,110.00651019,TACNA,TACNA,CALANA,0.8668442077230359,0.8668442077230359,27.307474755917443,3.3288948069241013,947.0
230104,34231.0,6.0,34225.0,2.0,11.0,178.46719174,TACNA,TACNA,CIUDAD NUEVA,0.00017527971721538956,0.00017527971721542634,191.80556194255269,3.213461482282142,786.5
230105,4103.0,3277.0,826.0,26.0,2.0,1434.35497724,TACNA,TACNA,INCLAN,0.7986838898367048,0.7986838898367048,2.860519233457141,4.874482086278333,581.5
230106,1963.0,1583.0,380.0,21.0,5.0,611.32107088,TACNA,TACNA,PACHIA,0.8064187468160978,0.8064187468160978,3.2110785862071642,25.471217524197655,1215.0
230107,1510.0,1321.0,189.0,73.0,9.0,1452.99229541,TACNA,TACNA,PALCA,0.8748344370860928,0.8748344370860928,1.0392346915878956,59.60264900662252,3629.5
230108,17421.0,1228.0,16193.0,11.0,4.0,269.132461,TACNA,TACNA,POCOLLAY,0.07048963894150738,0.0704896389415074,64.73020733088009,2.2960794443487744,667.5
230109,2332.0,648.0,585.0,25.0,4.0,1134.51813091,TACNA,TACNA,SAMA,0.27787307032590053,0.7491423670668953,2.055498221195898,17.152658662092623,217.0
230110,68989.0,131.0,68858.0,14.0,25.0,187.31444711,TACNA,TACNA,CORONEL GREGORIO ALBARRACIN LANCHIPA,0.0018988534404035427,0.001898853440403525,368.3058144441275,3.6237661076403485,463.0
230201,3168.0,1237.0,1248.0,73.0,4.0,1381.43178295,TACNA,CANDARAVE,CANDARAVE,0.3904671717171717,0.6060606060606061,2.2932728485766014,12.626262626262628,3434.0
230202,1355.0,492.0,604.0,12.0,2.0,176.38106495,TACNA,CANDARAVE,CAIRANI,0.36309963099631,0.5542435424354244,7.682230518248155,14.760147601476014,3395.0
230203,1727.0,625.0,274.0,27.0,1.0,493.19902305,TACNA,CANDARAVE,CAMILACA,0.36189924724956574,0.8413433700057904,3.5016289961809566,5.790387955993051,3438.0
230204,203.0,68.0,135.0,6.0,1.0,112.13458386,TACNA,CANDARAVE,CURIBAYA,0.33497536945812806,0.3349753694581281,1.8103246385918321,49.26108374384236,2123.0
230205,823.0,73.0,750.0,10.0,1.0,90.85605807,TACNA,CANDARAVE,HUANUARA,0.08869987849331713,0.08869987849331717,9.058284251842844,12.15066828675577,3566.0
230206,1125.0,470.0,655.0,13.0,2.0,55.13585252,TACNA,CANDARAVE,QUILAHUANI,0.4177777777777778,0.4177777777777778,20.40414627835703,17.77777777777778,3248.5
230301,2181.0,1188.0,993.0,27.0,4.0,845.90816743,TACNA,JORGE BASADRE,LOCUMBA,0.5447042640990372,0.5447042640990372,2.578294055992172,18.34021091242549,674.0
230302,4438.0,843.0,425.0,38.0,6.0,1057.99346886,TACNA,JORGE BASADRE,ILABAYA,0.18995042812077512,0.9042361424064894,4.194732888835312,13.519603424966201,2349.5
230303,3308.0,1694.0,998.0,19.0,3.0,825.22699287,TACNA,JORGE BASADRE,ITE,0.5120918984280532,0.6983071342200726,4.008594033618962,9.068923821039903,197.0
230401,3614.0,732.0,2882.0,75.0,6.0,880.15494387,TACNA,TARATA,TARATA,0.20254565578306585,0.20254565578306583,4.106095211042514,16.602102933038186,3684.0
230402,559.0,298.0,261.0,12.0,2.0,378.08400297,TACNA,TARATA,HEROES ALBARRACIN,0.5330948121645797,0.5330948121645795,1.478507410016909,35.77817531305904,2443.5
230403,551.0,289.0,262.0,6.0,1.0,295.10690962,TACNA,TARATA,ESTIQUE,0.5245009074410163,0.5245009074410163,1.8671199556442293,18.148820326678766,3298.0
230404,412.0,10.0,402.0,6.0,1.0,147.55481628,TACNA,TARATA,ESTIQUE-PAMPA,0.024271844660194174,0.024271844660194164,2.792182663954451,24.271844660194173,3000.5
230405,560.0,109.0,451.0,3.0,1.0,233.00905156,TACNA,TARATA,SITAJARA,0.19464285714285715,0.19464285714285712,2.4033401116857456,17.857142857142858,3231.0
230406,848.0,190.0,420.0,51.0,2.0,359.12855241,TACNA,TARATA,SUSAPAYA,0.2240566037735849,0.5047169811320755,2.361271456444596,23.58490566037736,3401.0
230407,434.0,18.0,416.0,11.0,1.0,106.72411322,TACNA,TARATA,TARUCACHI,0.041474654377880185,0.04147465437788023,4.066559907650456,23.04147465437788,3546.5
230408,815.0,74.0,741.0,20.0,1.0,355.43504607,TACNA,TARATA,TICACO,0.09079754601226994,0.09079754601226997,2.292964661226717,12.269938650306749,3902.0
240101,95230.0,479.0,91365.0,11.0,37.0,151.51253942,TUMBES,TUMBES,TUMBES,0.005029927543841226,0.04058594980573349,628.528835729021,3.885330253071511,11.0
240102,23811.0,4057.0,16196.0,16.0,7.0,128.30531267,TUMBES,TUMBES,CORRALES,0.17038343622695393,0.31981017176935034,185.5807799731696,2.9398177313006597,15.5
240103,8090.0,353.0,7737.0,6.0,3.0,64.45997425,TUMBES,TUMBES,LA CRUZ,0.043634116192830655,0.04363411619283064,125.50423877961757,3.7082818294190356,9.5
240104,6330.0,3848.0,2482.0,20.0,4.0,725.71958337,TUMBES,TUMBES,PAMPAS DE HOSPITAL,0.6078988941548183,0.6078988941548183,8.722377272231773,6.31911532385466,42.5
240105,7979.0,4102.0,2399.0,25.0,6.0,585.81000254,TUMBES,TUMBES,SAN JACINTO,0.5140995112169445,0.6993357563604461,13.620457085751418,7.519739315703722,26.0
240106,3848.0,1344.0,1232.0,7.0,3.0,115.10217037,TUMBES,TUMBES,SAN JUAN DE LA VIRGEN,0.3492723492723493,0.6798336798336798,33.4311680451417,7.796257796257796,18.0
240201,10303.0,836.0,6388.0,28.0,5.0,647.3712928,TUMBES,CONTRALMIRANTE VILLAR,ZORRITOS,0.08114141512180918,0.37998641172474035,15.91513265198651,4.85295544986897,6.0
240202,2242.0,1891.0,351.0,28.0,3.0,855.60820081,TUMBES,CONTRALMIRANTE VILLAR,CASITAS,0.843443354148082,0.8434433541480821,2.6203582409302646,13.380909901873327,134.5
240203,4429.0,1003.0,3426.0,21.0,4.0,623.73060967,TUMBES,CONTRALMIRANTE VILLAR,CANOAS DE PUNTA SAL,0.2264619552946489,0.22646195529464885,7.100821943536283,9.031384059607134,74.0
240301,18463.0,125.0,18338.0,3.0,4.0,112.42357835,TUMBES,ZARUMILLA,ZARUMILLA,0.006770297351459676,0.006770297351459731,164.22711561911424,2.166495152467096,9.5
240302,16058.0,1422.0,2683.0,10.0,4.0,47.51105264,TUMBES,ZARUMILLA,AGUAS VERDES,0.08855399177979822,0.8329181716278491,337.9845132389388,2.490970232905717,11.0
240303,1568.0,1225.0,343.0,10.0,1.0,390.04720394,TUMBES,ZARUMILLA,MATAPALO,0.78125,0.78125,4.020026253645961,6.377551020408163,76.0
240304,4965.0,935.0,736.0,13.0,6.0,202.43235209,TUMBES,ZARUMILLA,PAPAYAL,0.18831822759315206,0.8517623363544814,24.526712003981437,12.084592145015106,48.0
250101,140954.0,13971.0,126983.0,115.0,64.0,11652.42007463,UCAYALI,CORONEL PORTILLO,CALLERIA,0.09911744256991643,0.09911744256991639,12.096542958221125,4.54048838628205,151.5
250102,16498.0,11573.0,4256.0,77.0,26.0,1325.62405293,UCAYALI,CORONEL PORTILLO,CAMPOVERDE,0.701478967147533,0.7420293368893199,12.445459150756056,15.759485998302825,192.0
250103,10774.0,10312.0,462.0,60.0,17.0,7372.38796418,UCAYALI,CORONEL PORTILLO,IPARIA,0.9571189901614999,0.9571189901614999,1.4613989459517471,15.77872656395025,164.0
250104,11651.0,9034.0,2227.0,82.0,22.0,14707.5309026,UCAYALI,CORONEL PORTILLO,MASISEA,0.7753840872028153,0.8088576087889452,0.7921791956214985,18.88249935627843,157.5
250105,88174.0,8591.0,75953.0,70.0,30.0,661.80545246,UCAYALI,CORONEL PORTILLO,YARINACOCHA,0.09743234967223899,0.13860094812529766,133.2325076383823,3.40236350851725,153.5
250106,5122.0,3127.0,1995.0,31.0,10.0,2061.58019456,UCAYALI,CORONEL PORTILLO,NUEVA REQUENA,0.6105037094884811,0.6105037094884811,2.484501943468263,19.52362358453729,151.0
250107,70563.0,2719.0,67844.0,24.0,15.0,644.91018544,UCAYALI,CORONEL PORTILLO,MANANTAY,0.03853294219350084,0.038532942193500896,109.41523578489817,2.125759959185409,152.5
250201,28063.0,17136.0,9103.0,136.0,27.0,14539.07048593,UCAYALI,ATALAYA,RAYMONDI,0.6106260912945872,0.6756227060542351,1.9301784132044486,9.621209421658412,636.5
250202,6674.0,3599.0,3075.0,38.0,5.0,7732.02568278,UCAYALI,ATALAYA,SEPAHUA,0.5392568175007492,0.5392568175007492,0.8631631960126142,7.491759065028469,310.5
250203,7284.0,6096.0,1188.0,64.0,9.0,7674.81473448,UCAYALI,ATALAYA,TAHUANIA,0.8369028006589786,0.8369028006589786,0.9490782842321628,12.355848434925864,184.0
250204,1631.0,1393.0,238.0,23.0,5.0,9026.98280702,UCAYALI,ATALAYA,YURUA,0.8540772532188842,0.8540772532188841,0.18068052580443852,30.656039239730227,252.0
250301,25442.0,9745.0,13363.0,89.0,10.0,4716.16157244,UCAYALI,PADRE ABAD,PADRE ABAD,0.38302806383145976,0.474766134737835,5.394641300814695,3.9305086078138514,293.5
250302,19370.0,10263.0,3594.0,68.0,11.0,1877.31812864,UCAYALI,PADRE ABAD,IRAZOLA,0.5298399586990191,0.8144553433144037,10.317910270238725,5.678884873515746,195.0
250303,6047.0,4129.0,1918.0,35.0,9.0,1879.091981,UCAYALI,PADRE ABAD,CURIMANA,0.6828179262444187,0.6828179262444187,3.2180436408344186,14.883413262774928,169.5
250401,3746.0,2495.0,1251.0,51.0,9.0,18422.03576613,UCAYALI,PURUS,PURUS,0.6660437800320341,0.6660437800320342,0.20334343324244555,24.025627335824883,237.0
030220,,0.0,0.0,,2.0,175.22260006,APURIMAC,ANDAHUAYLAS,JOSE MARIA ARGUEDAS,,,,,
030609,,0.0,0.0,,4.0,55.11236022,APURIMAC,CHINCHEROS,ROCCHACC,,,,,
030610,,0.0,0.0,,3.0,59.881949,APURIMAC,CHINCHEROS,EL PORVENIR,,,,,
030611,,0.0,0.0,,3.0,144.60039362,APURIMAC,CHINCHEROS,LOS CHANKAS,,,,,
030612,,0.0,0.0,,1.0,,,,,,,,,
050411,,0.0,0.0,,6.0,716.31261128,AYACUCHO,HUANTA,PUCACOLPA,,,,,
050412,,0.0,0.0,,2.0,105.94451928,AYACUCHO,HUANTA,CHACA,,,,,
050413,,0.0,0.0,,1.0,,,,,,,,,
050511,,0.0,0.0,,1.0,553.73775151,AYACUCHO,LA MAR,ORONCCOY,,,,,
050512,,0.0,0.0,,1.0,,,,,,,,,
050513,,0.0,0.0,,1.0,,,,,,,,,
050514,,0.0,0.0,,1.0,,,,,,,,,
050515,,0.0,0.0,,2.0,,,,,,,,,
080913,,0.0,0.0,,2.0,198.82337013,CUSCO,LA CONVENCION,VILLA KINTIARINA,,,,,
080914,,0.0,0.0,,21.0,10707.68615774,CUSCO,LA CONVENCION,MEGANTONI,,,,,
080916,,0.0,0.0,,1.0,,,,,,,,,
080917,,0.0,0.0,,3.0,,,,,,,,,
080918,,0.0,0.0,,2.0,,,,,,,,,
090721,,0.0,0.0,,1.0,184.62622306,HUANCAVELICA,TAYACAJA,ROBLE,,,,,
090722,,0.0,0.0,,2.0,143.51748958,HUANCAVELICA,TAYACAJA,PICHOS,,,,,
090723,,0.0,0.0,,1.0,34.02227682,HUANCAVELICA,TAYACAJA,SANTIAGO DE TUCUMA,,,,,
090724,,0.0,0.0,,3.0,,,,,,,,,
090725,,0.0,0.0,,1.0,,,,,,,,,
100113,,0.0,0.0,,7.0,592.8420893,HUANUCO,HUANUCO,SAN PABLO DE PILLAO,,,,,
100607,,0.0,0.0,,4.0,760.5336035,HUANUCO,LEONCIO PRADO,PUCAYACU,,,,,
100608,,0.0,0.0,,3.0,105.06095331,HUANUCO,LEONCIO PRADO,CASTILLO GRANDE,,,,,
100609,,0.0,0.0,,1.0,320.37386116,HUANUCO,LEONCIO PRADO,PUEBLO NUEVO,,,,,
100610,,0.0,0.0,,1.0,280.7553432,HUANUCO,LEONCIO PRADO,SANTO DOMINGO DE ANDA,,,,,
100704,,0.0,0.0,,2.0,910.97192682,HUANUCO,MARANON,LA MORADA,,,,,
100705,,0.0,0.0,,3.0,1042.59948882,HUANUCO,MARANON,SANTA ROSA DE ALTO YANAJANCA,,,,,
120609,,0.0,0.0,,6.0,607.49704454,JUNIN,SATIPO,VIZCATAN DEL ENE,,,,,
130112,,0.0,0.0,,2.0,,,,,,,,,
160109,,0.0,0.0,,2.0,,,,,,,,,
180107,,0.0,0.0,,4.0,,,,,,,,,
211105,,0.0,0.0,,8.0,120.83607194,PUNO,SAN ROMAN,SAN MIGUEL,,,,,
221006,,0.0,0.0,,3.0,,,,,,,,,
230111,,0.0,0.0,,5.0,538.76782862,TACNA,TACNA,LA YARADA LOS PALOS,,,,,
250304,,0.0,0.0,,10.0,623.88153906,UCAYALI,PADRE ABAD,NESHUYA,,,,,
250305,,0.0,0.0,,2.0,205.41116389,UCAYALI,PADRE ABAD,ALEXANDER VON HUMBOLDT,,,,,
250306,,0.0,0.0,,4.0,,,,,,,,,
250307,,0.0,0.0,,5.0,,,,,,,,,
