department,province,district,ubigeo,poblacion,n_puntos,poblacion_sin_ruta,t_medio_min,t_mediano_min,t_p90_min,km_medio_red,gini_tiempo,pob_hasta_30min,share_hasta_30min,share_banda_0_30min,pob_hasta_60min,share_hasta_60min,share_banda_30_60min,pob_hasta_120min,share_hasta_120min,share_banda_60_120min,share_mas_120min,pob_mas_120min
AMAZONAS,BAGUA,ARAMANGO,010202,11886.0,4,0.0,41.855840695821016,33.12786106924308,51.44092238080347,46.76700412330454,0.15778412276558917,1526.0,0.12838633686690223,0.12838633686690223,11886.0,1.0,0.8716136631330977,11886.0,1.0,0.0,0.0,0.0
AMAZONAS,BAGUA,BAGUA,010201,24725.0,3,0.0,4.611437070246774,0.6683333516120911,10.353752140217281,3.9972033132412315,0.738639982131706,24725.0,1.0,1.0,24725.0,1.0,0.0,24725.0,1.0,0.0,0.0,0.0
AMAZONAS,BAGUA,COPALLIN,010203,6347.0,2,0.0,19.50288234426409,19.303333282470703,19.752140409594844,14.124484700632223,0.007236557154674972,6347.0,1.0,1.0,6347.0,1.0,0.0,6347.0,1.0,0.0,0.0,0.0
AMAZONAS,BAGUA,EL PARCO,010204,1292.0,2,0.0,8.650783190417217,7.161387598825856,9.544277794423374,7.640184761939034,0.08674033139102744,1292.0,1.0,1.0,1292.0,1.0,0.0,1292.0,1.0,0.0,0.0,0.0
AMAZONAS,BAGUA,IMAZA,010205,22858.0,7,0.0,71.35887826493494,74.97190570165723,84.58333587646484,94.43026415512561,0.11185798635233368,0.0,0.0,0.0,4012.0,0.17551841805932278,0.17551841805932278,22858.0,1.0,0.8244815819406772,0.0,0.0
AMAZONAS,BAGUA,LA PECA,010206,7379.0,3,0.0,20.77599289740694,16.434090086042314,24.483459097644005,19.086020325431818,0.13296473525867714,7379.0,1.0,1.0,7379.0,1.0,0.0,7379.0,1.0,0.0,0.0,0.0
AMAZONAS,BONGARA,CHISQUILLA,010302,346.0,2,0.0,107.64635961455417,102.72373025394181,110.32341426367898,112.82770392798275,0.02531455959465545,0.0,0.0,0.0,0.0,0.0,0.0,346.0,1.0,1.0,0.0,0.0
AMAZONAS,BONGARA,CHURUJA,010303,272.0,2,0.0,55.243479784797216,55.035644039031,55.233795067571826,40.37903841804056,0.0006577535548708546,0.0,0.0,0.0,272.0,1.0,1.0,272.0,1.0,0.0,0.0,0.0
AMAZONAS,BONGARA,COROSHA,010304,721.0,2,0.0,109.36608662387039,108.51333618164062,110.22872044372558,127.38824191999501,0.006715766943343193,0.0,0.0,0.0,0.0,0.0,0.0,721.0,1.0,1.0,0.0,0.0
AMAZONAS,BONGARA,CUISPES,010305,782.0,2,0.0,76.61032077174663,76.34500122070312,76.79254493713378,81.93837045342721,0.0018511921573187706,0.0,0.0,0.0,0.0,0.0,0.0,782.0,1.0,1.0,0.0,0.0
AMAZONAS,BONGARA,FLORIDA,010306,6293.0,2,0.0,85.46161419080282,84.62858444662655,85.93771640104406,102.61247448608263,0.00533289728709152,0.0,0.0,0.0,0.0,0.0,0.0,6293.0,1.0,1.0,0.0,0.0
AMAZONAS,BONGARA,JAZAN,010307,8659.0,3,0.0,66.80322914903303,64.41122543296828,69.32930550031631,65.49377173906056,0.03006199142035415,0.0,0.0,0.0,0.0,0.0,0.0,8659.0,1.0,1.0,0.0,0.0
AMAZONAS,BONGARA,JUMBILLA,010301,1573.0,2,0.0,100.07007384497273,98.01000213623047,100.82471266401575,105.40009730315406,0.01812588283649086,0.0,0.0,0.0,0.0,0.0,0.0,1573.0,1.0,1.0,0.0,0.0
AMAZONAS,BONGARA,RECTA,010308,245.0,2,0.0,93.10782467589087,90.79000091552734,95.71447100639344,99.22464580925144,0.0167653293828961,0.0,0.0,0.0,0.0,0.0,0.0,245.0,1.0,1.0,0.0,0.0
AMAZONAS,BONGARA,SAN CARLOS,010309,367.0,2,0.0,73.38300832805582,67.13083904718948,74.4368367547504,73.20121937681608,0.03155021799061497,0.0,0.0,0.0,0.0,0.0,0.0,367.0,1.0,1.0,0.0,0.0
AMAZONAS,BONGARA,SHIPASBAMBA,010310,1350.0,2,0.0,93.07971117938007,53.958085665242926,114.84628021898608,77.85135323983651,0.23195595323609264,0.0,0.0,0.0,562.0,0.4162962962962963,0.4162962962962963,562.0,0.4162962962962963,0.0,0.5837037037037037,788.0
AMAZONAS,BONGARA,VALERA,010311,1262.0,2,0.0,58.801308300906996,58.76584294424103,58.81717005369195,40.08614814867119,0.00032325400625587974,0.0,0.0,0.0,1262.0,1.0,1.0,1262.0,1.0,0.0,0.0,0.0
AMAZONAS,BONGARA,YAMBRASBAMBA,010312,6083.0,3,0.0,134.62949563107483,120.85085892770222,146.1848324300717,134.01384632136308,0.086635502688171,0.0,0.0,0.0,0.0,0.0,0.0,2234.0,0.36725300016439255,0.36725300016439255,0.6327469998356074,3849.0
AMAZONAS,CHACHAPOYAS,ASUNCION,010102,289.0,2,0.0,78.20222264590147,70.84500122070312,82.96128364947202,86.03061290595771,0.04883015991234507,0.0,0.0,0.0,0.0,0.0,0.0,289.0,1.0,1.0,0.0,0.0
AMAZONAS,CHACHAPOYAS,BALSAS,010103,1404.0,2,0.0,146.87509937232036,114.08652451694272,151.60663595807605,106.05018945568987,0.07835475714982287,0.0,0.0,0.0,0.0,0.0,0.0,259.0,0.18447293447293447,0.18447293447293447,0.8155270655270656,1145.0
AMAZONAS,CHACHAPOYAS,CHACHAPOYAS,010101,24217.0,2,0.0,1.2556961008434908,0.3799999952316284,0.3799999952316284,0.5684051296612221,0.6681499701017578,24217.0,1.0,1.0,24217.0,1.0,0.0,24217.0,1.0,0.0,0.0,0.0
AMAZONAS,CHACHAPOYAS,CHETO,010104,582.0,2,0.0,31.201718477858712,30.49794922177754,31.531590576777383,34.65721940502678,0.01224549046507839,0.0,0.0,0.0,582.0,1.0,1.0,582.0,1.0,0.0,0.0,0.0
AMAZONAS,CHACHAPOYAS,CHILIQUIN,010105,851.0,3,0.0,90.77659544177116,79.04019509770131,95.48193427341516,83.36372980640022,0.05017599949630658,0.0,0.0,0.0,0.0,0.0,0.0,851.0,1.0,1.0,0.0,0.0
AMAZONAS,CHACHAPOYAS,CHUQUIBAMBA,010106,2074.0,2,0.0,142.20635826677344,140.4428470540589,142.87656989909303,96.51623798911113,0.006290551584154369,0.0,0.0,0.0,0.0,0.0,0.0,0.0,0.0,0.0,1.0,2074.0
AMAZONAS,CHACHAPOYAS,GRANADA,010107,426.0,2,0.0,65.22331061385607,61.96260824304587,66.6711898614998,72.21078675677519,0.026736674184820397,0.0,0.0,0.0,0.0,0.0,0.0,426.0,1.0,1.0,0.0,0.0
AMAZONAS,CHACHAPOYAS,HUANCAS,010108,1138.0,2,0.0,11.208560287428657,10.00111868491357,11.653557019453416,7.3199472460889226,0.05402124009689713,1138.0,1.0,1.0,1138.0,1.0,0.0,1138.0,1.0,0.0,0.0,0.0
AMAZONAS,CHACHAPOYAS,LA JALCA,010109,5506.0,2,0.0,82.08280803210684,81.3587170318265,82.49307519347468,69.6842547609639,0.004843739057980301,0.0,0.0,0.0,0.0,0.0,0.0,5506.0,1.0,1.0,0.0,0.0
AMAZONAS,CHACHAPOYAS,LEIMEBAMBA,010110,3918.0,3,0.0,92.66588411433408,92.1241138796966,93.44215676031432,79.92745504335458,0.0072393393814849105,0.0,0.0,0.0,0.0,0.0,0.0,3918.0,1.0,1.0,0.0,0.0
AMAZONAS,CHACHAPOYAS,LEVANTO,010111,1022.0,2,0.0,24.603028465390437,24.436865378580503,24.702039823762977,19.32429026064341,0.0035303741221741625,1022.0,1.0,1.0,1022.0,1.0,0.0,1022.0,1.0,0.0,0.0,0.0
AMAZONAS,CHACHAPOYAS,MAGDALENA,010112,900.0,2,0.0,48.09616552564833,40.38833236694336,59.35095329655027,40.78438456217448,0.12357733150470185,0.0,0.0,0.0,694.0,0.7711111111111111,0.7711111111111111,900.0,1.0,0.22888888888888892,0.0,0.0
AMAZONAS,CHACHAPOYAS,MARISCAL CASTILLA,010113,1132.0,3,0.0,75.19459853829427,72.79669218047108,76.89400640484422,67.57380068344278,0.01936200732104898,0.0,0.0,0.0,0.0,0.0,0.0,1132.0,1.0,1.0,0.0,0.0
AMAZONAS,CHACHAPOYAS,MOLINOPAMPA,010114,2731.0,2,0.0,30.987239971740568,30.499842134927473,31.11463517503237,39.15839945270395,0.006885658076004608,0.0,0.0,0.0,2731.0,1.0,1.0,2731.0,1.0,0.0,0.0,0.0
AMAZONAS,CHACHAPOYAS,MONTEVIDEO,010115,691.0,2,0.0,73.79171052924458,73.16166687011719,73.40521326065063,67.5785243562955,0.0076484893997729175,0.0,0.0,0.0,0.0,0.0,0.0,691.0,1.0,1.0,0.0,0.0
AMAZONAS,CHACHAPOYAS,OLLEROS,010116,355.0,2,0.0,98.59176784031828,82.13644238962121,104.61129116347112,88.51733488700759,0.08346258969617781,0.0,0.0,0.0,0.0,0.0,0.0,355.0,1.0,1.0,0.0,0.0
AMAZONAS,CHACHAPOYAS,QUINJALCA,010117,934.0,2,0.0,46.020361808433776,41.540000915527344,51.69008115755095,43.292854333587584,0.08245036381895299,0.0,0.0,0.0,791.0,0.8468950749464668,0.8468950749464668,934.0,1.0,0.15310492505353324,0.0,0.0
AMAZONAS,CHACHAPOYAS,SAN FRANCISCO DE DAGUAS,010118,299.0,3,0.0,21.414258810190056,20.22620330767685,22.799460224151613,27.908336875430717,0.04085162408264187,299.0,1.0,1.0,299.0,1.0,0.0,299.0,1.0,0.0,0.0,0.0
AMAZONAS,CHACHAPOYAS,SAN ISIDRO DE MAINO,010119,686.0,2,0.0,39.885056887701715,33.9716682434082,46.882925218035915,29.569170798921725,0.102226438889643,0.0,0.0,0.0,686.0,1.0,1.0,686.0,1.0,0.0,0.0,0.0
AMAZONAS,CHACHAPOYAS,SOLOCO,010120,1413.0,2,0.0,29.851628157068294,26.72128637253971,30.474924388765753,29.86821701605946,0.04128230019847701,298.0,0.21089879688605803,0.21089879688605803,1413.0,1.0,0.7891012031139419,1413.0,1.0,0.0,0.0,0.0
AMAZONAS,CHACHAPOYAS,SONCHE,010121,234.0,2,0.0,34.61743687360715,21.869242884896018,41.93651642365889,32.28512558570275,0.20101753000671096,102.0,0.4358974358974359,0.4358974358974359,234.0,1.0,0.5641025641025641,234.0,1.0,0.0,0.0,0.0
AMAZONAS,CONDORCANQUI,EL CENEPA,010402,8723.0,3,4905.5,39.60499954223633,39.60499954223633,39.60499954223633,42.82939910888672,,0.0,0.0,0.0,3817.4999999999995,0.4376361343574458,0.4376361343574458,3817.4999999999995,0.4376361343574458,0.0,0.5623638656425543,4905.500000000001
AMAZONAS,CONDORCANQUI,NIEVA,010401,22115.0,6,0.0,17.70792119069631,16.203573600209047,28.225372344619238,15.354097467864392,0.3587999062904679,17404.5,0.7869997739091115,0.7869997739091115,22115.0,1.0,0.21300022609088853,22115.0,1.0,0.0,0.0,0.0
AMAZONAS,CONDORCANQUI,RIO SANTIAGO,010403,12696.0,4,12696.0,,,,,,0.0,0.0,0.0,0.0,0.0,0.0,0.0,0.0,0.0,1.0,12696.0
AMAZONAS,LUYA,CAMPORREDONDO,010502,6076.0,3,0.0,141.9498919950966,137.88732826008516,147.32079363497073,130.4366204711934,0.023468562610226895,0.0,0.0,0.0,0.0,0.0,0.0,0.0,0.0,0.0,1.0,6076.0
AMAZONAS,LUYA,COCABAMBA,010503,2242.0,2,0.0,145.155645596779,137.9949951171875,153.19836928423712,89.63779430066126,0.042223857828628586,0.0,0.0,0.0,0.0,0.0,0.0,0.0,0.0,0.0,1.0,2242.0
AMAZONAS,LUYA,COLCAMAR,010504,2853.0,2,0.0,43.51843371359541,43.08474965321029,43.778284159157685,32.29569916268879,0.005090997325016944,0.0,0.0,0.0,2853.0,1.0,1.0,2853.0,1.0,0.0,0.0,0.0
AMAZONAS,LUYA,CONILA,010505,2033.0,2,0.0,98.70230549870016,93.28590374200762,101.69851375621403,74.14195222193187,0.03031736872531865,0.0,0.0,0.0,0.0,0.0,0.0,2033.0,1.0,1.0,0.0,0.0
AMAZONAS,LUYA,INGUILPATA,010506,694.0,2,0.0,36.3342314068797,35.42166519165039,37.10673110854458,24.860395508472102,0.014837912129727071,0.0,0.0,0.0,694.0,1.0,1.0,694.0,1.0,0.0,0.0,0.0
AMAZONAS,LUYA,LAMUD,010501,2319.0,2,0.0,51.90056162016204,49.85166549682617,53.6883678510351,33.84505182342727,0.03421709945446949,0.0,0.0,0.0,2010.0,0.8667529107373868,0.8667529107373868,2319.0,1.0,0.1332470892626132,0.0,0.0
AMAZONAS,LUYA,LONGUITA,010507,946.0,2,0.0,63.26399426127589,61.4716682434082,65.9436322953966,49.14574538829715,0.022401178279623846,0.0,0.0,0.0,0.0,0.0,0.0,946.0,1.0,1.0,0.0,0.0
AMAZONAS,LUYA,LONYA CHICO,010508,1054.0,2,0.0,57.7201072142744,43.71350288122093,63.736035537181685,41.88115407303117,0.1284463072281763,0.0,0.0,0.0,345.0,0.32732447817836813,0.32732447817836813,1054.0,1.0,0.6726755218216318,0.0,0.0
AMAZONAS,LUYA,LUYA,010509,4153.0,2,0.0,49.79419474116067,46.19499969482422,52.171874868851674,34.615381461753636,0.03790727913633696,0.0,0.0,0.0,4153.0,1.0,1.0,4153.0,1.0,0.0,0.0,0.0
AMAZONAS,LUYA,LUYA VIEJO,010510,482.0,2,0.0,94.48278368558132,83.05267891872305,95.1692027759321,53.81328304971402,0.03369561983151215,0.0,0.0,0.0,0.0,0.0,0.0,482.0,1.0,1.0,0.0,0.0
AMAZONAS,LUYA,MARIA,010511,857.0,2,0.0,80.39057966875501,77.4566650390625,82.4048155132093,59.55012016340899,0.01950414731690131,0.0,0.0,0.0,0.0,0.0,0.0,857.0,1.0,1.0,0.0,0.0
AMAZONAS,LUYA,OCALLI,010512,3622.0,2,0.0,160.41850705412722,158.17166137695312,162.52712377078652,145.08340234193005,0.008681338159675978,0.0,0.0,0.0,0.0,0.0,0.0,0.0,0.0,0.0,1.0,3622.0
AMAZONAS,LUYA,OCUMAL,010513,3781.0,2,0.0,131.12142239308048,126.05833435058594,138.18856686148675,89.80568202113828,0.03220024091849938,0.0,0.0,0.0,0.0,0.0,0.0,0.0,0.0,0.0,1.0,3781.0
AMAZONAS,LUYA,PISUQUIA,010514,5432.0,2,0.0,173.57856353287843,173.25833129882812,173.25833129882812,105.53751682006207,0.0017616735826239127,0.0,0.0,0.0,0.0,0.0,0.0,0.0,0.0,0.0,1.0,5432.0
AMAZONAS,LUYA,PROVIDENCIA,010515,1448.0,2,0.0,184.30182744653186,183.81166076660156,185.02651750672538,165.49577660323507,0.002172852905719669,0.0,0.0,0.0,0.0,0.0,0.0,0.0,0.0,0.0,1.0,1448.0
AMAZONAS,LUYA,SAN CRISTOBAL,010516,707.0,2,0.0,58.85670539715671,57.185001373291016,60.92704123538077,39.90382531474975,0.020006603662686917,0.0,0.0,0.0,498.0,0.7043847241867044,0.7043847241867044,707.0,1.0,0.2956152758132956,0.0,0.0
AMAZONAS,LUYA,SAN FRANCISCO DEL YESO,010517,793.0,2,0.0,90.35779953483976,88.76413859688276,91.30349300257967,77.9847512455636,0.0093084405564835,0.0,0.0,0.0,0.0,0.0,0.0,793.0,1.0,1.0,0.0,0.0
AMAZONAS,LUYA,SAN JERONIMO,010518,971.0,2,0.0,76.67865602314534,73.97900116797722,78.04780218672045,58.35003983863964,0.01942282472723622,0.0,0.0,0.0,0.0,0.0,0.0,971.0,1.0,1.0,0.0,0.0
AMAZONAS,LUYA,SAN JUAN DE LOPECANCHA,010519,553.0,2,0.0,73.31121831690425,63.550121339769625,73.99802475623517,63.79842158726284,0.03832472027871214,0.0,0.0,0.0,82.0,0.14828209764918626,0.14828209764918626,553.0,1.0,0.8517179023508137,0.0,0.0
AMAZONAS,LUYA,SANTA CATALINA,010520,1705.0,2,0.0,78.23230825295546,71.69999694824219,87.41707841949824,62.24496501575817,0.06278333348471088,0.0,0.0,0.0,0.0,0.0,0.0,1705.0,1.0,1.0,0.0,0.0
AMAZONAS,LUYA,SANTO TOMAS,010521,3725.0,2,0.0,81.49602176743066,79.6066665649414,83.8268347114163,72.54806431303088,0.016299955772223762,0.0,0.0,0.0,0.0,0.0,0.0,3725.0,1.0,1.0,0.0,0.0
AMAZONAS,LUYA,TINGO,010522,1260.0,3,0.0,50.5992605481829,40.154998779296875,57.34033203125,38.882434245518276,0.11124386938984632,0.0,0.0,0.0,630.0,0.5,0.5,1260.0,1.0,0.5,0.0,0.0
AMAZONAS,LUYA,TRITA,010523,1299.0,2,0.0,62.13580908125598,60.93187062749603,62.79304221631952,39.837870855529644,0.010722589765336243,0.0,0.0,0.0,0.0,0.0,0.0,1299.0,1.0,1.0,0.0,0.0
AMAZONAS,RODRIGUEZ DE MENDOZA,CHIRIMOTO,010602,1842.0,2,0.0,33.676666259765625,33.676666259765625,33.676666259765625,28.05470085144043,0.0,0.0,0.0,0.0,1842.0,1.0,1.0,1842.0,1.0,0.0,0.0,0.0
AMAZONAS,RODRIGUEZ DE MENDOZA,COCHAMAL,010603,545.0,3,0.0,18.163727674571746,17.338333129882812,19.416748430047715,14.722065265900499,0.029191496634026648,545.0,1.0,1.0,545.0,1.0,0.0,545.0,1.0,0.0,0.0,0.0
AMAZONAS,RODRIGUEZ DE MENDOZA,HUAMBO,010604,3291.0,2,0.0,6.520176405314072,4.300000190734863,9.844736161091749,5.54834301201488,0.2701513171239115,3291.0,1.0,1.0,3291.0,1.0,0.0,3291.0,1.0,0.0,0.0,0.0
AMAZONAS,RODRIGUEZ DE MENDOZA,LIMABAMBA,010605,2629.0,2,0.0,51.342421077874825,38.78565256691627,53.97713173408638,40.95694024284424,0.09821917633611821,568.0,0.21605173069608216,0.21605173069608216,2629.0,1.0,0.7839482693039178,2629.0,1.0,0.0,0.0,0.0
AMAZONAS,RODRIGUEZ DE MENDOZA,LONGAR,010606,1767.0,2,0.0,18.990005943285386,10.40333366394043,25.048721856011284,15.393603538616809,0.24489232558662077,1767.0,1.0,1.0,1767.0,1.0,0.0,1767.0,1.0,0.0,0.0,0.0
AMAZONAS,RODRIGUEZ DE MENDOZA,MARISCAL BENAVIDES,010607,1713.0,2,0.0,5.925083605782442,2.9616665840148926,8.017199517572003,7.810507494319062,0.2709498416582703,1713.0,1.0,1.0,1713.0,1.0,0.0,1713.0,1.0,0.0,0.0,0.0
AMAZONAS,RODRIGUEZ DE MENDOZA,MILPUC,010608,1032.0,2,0.0,28.033575885979705,25.795000076293945,30.179865808437526,23.365135122639263,0.04998574029083103,646.0,0.625968992248062,0.625968992248062,1032.0,1.0,0.374031007751938,1032.0,1.0,0.0,0.0,0.0
AMAZONAS,RODRIGUEZ DE MENDOZA,OMIA,010609,7261.0,3,0.0,26.30594189156187,26.180969097028004,27.683332443237305,28.074135615500253,0.0480048772283489,7261.0,1.0,1.0,7261.0,1.0,0.0,7261.0,1.0,0.0,0.0,0.0
AMAZONAS,RODRIGUEZ DE MENDOZA,SAN NICOLAS,010601,4914.0,2,0.0,1.6768233937658232,0.9333333373069763,2.538710162781935,1.8152233296698266,0.30281308678671937,4914.0,1.0,1.0,4914.0,1.0,0.0,4914.0,1.0,0.0,0.0,0.0
AMAZONAS,RODRIGUEZ DE MENDOZA,SANTA ROSA,010610,540.0,2,0.0,15.56507435551396,14.71500015258789,16.66210571088289,14.26886750680429,0.039241319570110234,540.0,1.0,1.0,540.0,1.0,0.0,540.0,1.0,0.0,0.0,0.0
AMAZONAS,RODRIGUEZ DE MENDOZA,TOTORA,010611,490.0,2,0.0,25.77771429334368,24.71709202785118,26.120751474417894,22.895669991629465,0.019613594338429463,490.0,1.0,1.0,490.0,1.0,0.0,490.0,1.0,0.0,0.0,0.0
AMAZONAS,RODRIGUEZ DE MENDOZA,VISTA ALEGRE,010612,1371.0,2,0.0,50.05335940939071,46.698333740234375,55.05794233735075,42.95503900974533,0.05280182298632241,0.0,0.0,0.0,1080.0,0.787746170678337,0.787746170678337,1371.0,1.0,0.21225382932166303,0.0,0.0
AMAZONAS,UTCUBAMBA,BAGUA GRANDE,010701,47295.0,6,0.0,13.74224828470962,1.0766667127609253,40.772279522890216,9.741087854383663,0.6164315911493768,34824.0,0.736314620995877,0.736314620995877,47295.0,1.0,0.26368537900412303,47295.0,1.0,0.0,0.0,0.0
AMAZONAS,UTCUBAMBA,CAJARURO,010702,26388.0,7,0.0,46.57466484543698,43.47417941361138,62.10499954223633,35.53538069490846,0.17580358948253294,1516.0,0.05745035622252539,0.05745035622252539,17283.0,0.654956798544793,0.5975064423222677,26388.0,1.0,0.34504320145520695,0.0,0.0
AMAZONAS,UTCUBAMBA,CUMBA,010703,9012.0,3,0.0,63.71414506652331,57.88317358688106,67.29263203182934,71.78260041045127,0.06689754452601537,0.0,0.0,0.0,2754.0,0.3055925432756325,0.3055925432756325,9012.0,1.0,0.6944074567243674,0.0,0.0
AMAZONAS,UTCUBAMBA,EL MILAGRO,010704,5651.0,2,0.0,6.622064098681502,5.173564607684966,7.1013797153602365,6.089162170391255,0.1052171115468481,5651.0,1.0,1.0,5651.0,1.0,0.0,5651.0,1.0,0.0,0.0,0.0
AMAZONAS,UTCUBAMBA,JAMALCA,010705,7554.0,3,0.0,55.711734067266946,48.1989975890767,56.753422043779175,39.60137282612149,0.036974355510962065,0.0,0.0,0.0,7047.0,0.9328832406671962,0.9328832406671962,7554.0,1.0,0.06711675933280381,0.0,0.0
AMAZONAS,UTCUBAMBA,LONYA GRANDE,010706,9458.0,3,0.0,95.15546939306971,89.64172391484927,98.27101446070424,88.10761312612597,0.03873308396910191,0.0,0.0,0.0,0.0,0.0,0.0,9458.0,1.0,1.0,0.0,0.0
AMAZONAS,UTCUBAMBA,YAMON,010707,3020.0,3,0.0,71.33477400722883,63.37333297729492,90.65589232838482,82.1304125754249,0.09316047391816318,0.0,0.0,0.0,0.0,0.0,0.0,3020.0,1.0,1.0,0.0,0.0
ANCASH,AIJA,AIJA,020201,2064.0,3,0.0,64.50035853718602,63.29126868016072,64.82146234296566,40.27477671379267,0.013520255855334562,0.0,0.0,0.0,0.0,0.0,0.0,2064.0,1.0,1.0,0.0,0.0
ANCASH,AIJA,CORIS,020202,2145.0,2,0.0,83.7111229849862,76.586669921875,94.34780861052457,66.898997550911,0.06713382988960981,0.0,0.0,0.0,0.0,0.0,0.0,2145.0,1.0,1.0,0.0,0.0
ANCASH,AIJA,HUACLLAN,020203,556.0,2,0.0,102.72067150966727,100.85333251953125,104.33786091123308,55.09739641148409,0.010854969504312306,0.0,0.0,0.0,0.0,0.0,0.0,556.0,1.0,1.0,0.0,0.0
ANCASH,AIJA,LA MERCED,020204,2371.0,2,0.0,65.57156616301036,63.89500045776367,66.84317069162375,55.32267988567762,0.022257847392758046,0.0,0.0,0.0,0.0,0.0,0.0,2371.0,1.0,1.0,0.0,0.0
ANCASH,AIJA,SUCCHA,020205,905.0,2,0.0,90.8865390250696,84.4433364868164,96.30492576476067,53.33433717337761,0.041752342596605097,0.0,0.0,0.0,0.0,0.0,0.0,905.0,1.0,1.0,0.0,0.0
ANCASH,ANTONIO RAYMONDI,ACZO,020302,2378.0,2,0.0,53.70134018688667,46.848331451416016,63.9701454639435,39.83916668775605,0.1027131963575868,0.0,0.0,0.0,1914.0000000000002,0.8048780487804879,0.8048780487804879,2378.0,1.0,0.19512195121951215,0.0,0.0
ANCASH,ANTONIO RAYMONDI,CHACCHO,020303,1951.0,2,0.0,134.34290985154348,129.91183768502117,136.0050359940355,74.05983982447903,0.0166500686790928,0.0,0.0,0.0,0.0,0.0,0.0,0.0,0.0,0.0,1.0,1951.0
ANCASH,ANTONIO RAYMONDI,CHINGAS,020304,2088.0,2,0.0,102.55058499040275,96.7177728311905,105.2715574959256,70.48529792654104,0.03084147487732647,0.0,0.0,0.0,0.0,0.0,0.0,2088.0,1.0,1.0,0.0,0.0
ANCASH,ANTONIO RAYMONDI,LLAMELLIN,020301,3849.0,2,0.0,101.12738411145942,95.65333557128906,104.82969437489935,71.176087640855,0.028717570598679965,0.0,0.0,0.0,0.0,0.0,0.0,3849.0,1.0,1.0,0.0,0.0
ANCASH,ANTONIO RAYMONDI,MIRGAS,020305,5235.0,2,0.0,133.8469045032403,128.46341980120366,133.97534997586573,66.50505428368861,0.009848807706561713,0.0,0.0,0.0,0.0,0.0,0.0,0.0,0.0,0.0,1.0,5235.0
ANCASH,ANTONIO RAYMONDI,SAN JUAN DE RONTOY,020306,1596.0,2,0.0,89.78696099379307,89.15333557128906,90.41532889626244,61.858424576302816,0.006084219426046977,0.0,0.0,0.0,0.0,0.0,0.0,1596.0,1.0,1.0,0.0,0.0
ANCASH,ASUNCION,ACOCHACA,020402,3763.0,2,0.0,112.96895753047963,107.63900625049614,112.43046848642736,75.33921196598212,0.00549555157045134,0.0,0.0,0.0,0.0,0.0,0.0,3763.0,1.0,1.0,0.0,0.0
ANCASH,ASUNCION,CHACAS,020401,5431.0,2,0.0,115.7661463892541,115.33438639215086,115.98954573546142,78.29628042278314,0.0020624193881519925,0.0,0.0,0.0,0.0,0.0,0.0,5431.0,1.0,1.0,0.0,0.0
ANCASH,BOLOGNESI,ABELARDO PARDO LEZAMETA,020502,678.0,2,0.0,110.44956413201527,110.14982293224922,110.5526330434811,102.5747827513028,0.0013251912936602661,0.0,0.0,0.0,0.0,0.0,0.0,678.0,1.0,1.0,0.0,0.0
ANCASH,BOLOGNESI,ANTONIO RAYMONDI,020503,1273.0,2,0.0,69.52679061589987,69.1816635131836,69.9975864548281,91.43749511550939,0.0036693412465439446,0.0,0.0,0.0,0.0,0.0,0.0,1273.0,1.0,1.0,0.0,0.0
ANCASH,BOLOGNESI,AQUIA,020504,2743.0,3,0.0,90.42402848908817,71.48808241892509,105.38295646359407,86.9509903910905,0.1272700551641679,0.0,0.0,0.0,0.0,0.0,0.0,2743.0,1.0,1.0,0.0,0.0
ANCASH,BOLOGNESI,CAJACAY,020505,1686.0,2,0.0,57.73542496487764,53.6349983215332,61.623422064871164,79.11855910766167,0.044230149645942074,0.0,0.0,0.0,1050.0,0.6227758007117438,0.6227758007117438,1686.0,1.0,0.37722419928825623,0.0,0.0
ANCASH,BOLOGNESI,CANIS,020506,691.0,2,0.0,119.8352112611365,117.18836914016401,119.49100634756405,109.10711199571358,0.0018503799564562051,0.0,0.0,0.0,0.0,0.0,0.0,29.0,0.041968162083936326,0.041968162083936326,0.9580318379160637,662.0
ANCASH,BOLOGNESI,CHIQUIAN,020501,4172.0,3,0.0,64.44849314739926,54.380122004701086,65.59590504918246,83.76359531406246,0.049671410143384165,0.0,0.0,0.0,454.0,0.10882070949185044,0.10882070949185044,4172.0,1.0,0.8911792905081496,0.0,0.0
ANCASH,BOLOGNESI,COLQUIOC,020507,3096.0,2,0.0,51.222962231599084,48.97999954223633,52.6287318140229,63.726218144714984,0.022374991877622707,0.0,0.0,0.0,3096.0,1.0,1.0,3096.0,1.0,0.0,0.0,0.0
ANCASH,BOLOGNESI,HUALLANCA,020508,8295.0,3,0.0,105.70523139627099,101.09485147130457,108.71324733001128,144.23317532806672,0.020299240430239784,0.0,0.0,0.0,0.0,0.0,0.0,8295.0,1.0,1.0,0.0,0.0
ANCASH,BOLOGNESI,HUASTA,020509,2454.0,3,0.0,98.76032009295749,94.74779989285669,105.63409641862481,108.0168235828552,0.048715578360020495,0.0,0.0,0.0,0.0,0.0,0.0,2454.0,1.0,1.0,0.0,0.0
ANCASH,BOLOGNESI,HUAYLLACAYAN,020510,1279.0,2,0.0,98.91997644396105,98.02333068847656,100.26478208497514,91.88224470960246,0.007235892236260089,0.0,0.0,0.0,0.0,0.0,0.0,1279.0,1.0,1.0,0.0,0.0
ANCASH,BOLOGNESI,LA PRIMAVERA,020511,657.0,2,0.0,218.35219465978614,172.71531364440918,230.09506468200686,141.07169885504734,0.09092528254436216,0.0,0.0,0.0,0.0,0.0,0.0,0.0,0.0,0.0,1.0,657.0
ANCASH,BOLOGNESI,MANGAS,020512,568.0,2,0.0,228.58978964577258,225.89332580566406,232.6344024122807,139.25595076654997,0.009428558280006327,0.0,0.0,0.0,0.0,0.0,0.0,0.0,0.0,0.0,1.0,568.0
ANCASH,BOLOGNESI,PACLLON,020513,1522.0,3,0.0,116.61234056871291,111.90599184934334,120.7018517329775,116.4278802007006,0.033661058453418935,0.0,0.0,0.0,0.0,0.0,0.0,1319.0,0.866622864651774,0.866622864651774,0.13337713534822604,203.00000000000003
ANCASH,BOLOGNESI,SAN MIGUEL DE CORPANQUI,020514,777.0,2,0.0,92.49067349231382,92.26575987542694,92.54515026610102,90.91902841104043,0.0010327890927425143,0.0,0.0,0.0,0.0,0.0,0.0,777.0,1.0,1.0,0.0,0.0
ANCASH,BOLOGNESI,TICLLOS,020515,978.0,3,0.0,76.77544931985118,76.99061947242886,77.61279064253264,80.2864066281933,0.010654471567446366,0.0,0.0,0.0,0.0,0.0,0.0,978.0,1.0,1.0,0.0,0.0
ANCASH,CARHUAZ,ACOPAMPA,020602,2488.0,2,0.0,3.9720907337795883,3.948333263397217,3.997012084453781,3.689650309047515,0.0039016578315421713,2488.0,1.0,1.0,2488.0,1.0,0.0,2488.0,1.0,0.0,0.0,0.0
ANCASH,CARHUAZ,AMASHCA,020603,1647.0,2,0.0,18.447177804739603,11.66676380954106,22.377353006048835,10.909225824028344,0.19943628289503734,1647.0,1.0,1.0,1647.0,1.0,0.0,1647.0,1.0,0.0,0.0,0.0
ANCASH,CARHUAZ,ANTA,020604,2314.0,2,0.0,18.742202014477993,14.640255461861106,20.01871729110269,14.926588580231266,0.10274332938408837,2314.0,1.0,1.0,2314.0,1.0,0.0,2314.0,1.0,0.0,0.0,0.0
ANCASH,CARHUAZ,ATAQUERO,020605,1498.0,2,0.0,17.14688643848944,13.102112599308143,17.723089756189754,12.436288736850143,0.0824401411240111,1498.0,1.0,1.0,1498.0,1.0,0.0,1498.0,1.0,0.0,0.0,0.0
ANCASH,CARHUAZ,CARHUAZ,020601,13826.0,4,0.0,14.69841708023676,14.31790147657789,27.366623049064756,6.94814745724227,0.4737908714968072,10533.5,0.7618617098220744,0.7618617098220744,13826.0,1.0,0.23813829017792565,13826.0,1.0,0.0,0.0,0.0
ANCASH,CARHUAZ,MARCARA,020606,8604.0,3,0.0,21.77212118127079,16.82155321660402,27.34460197951172,16.19790146933883,0.19555835075321515,8604.0,1.0,1.0,8604.0,1.0,0.0,8604.0,1.0,0.0,0.0,0.0
ANCASH,CARHUAZ,PARIAHUANCA,020607,1501.0,2,0.0,17.019745029345263,15.217643923174567,17.8888626469396,14.617631217148366,0.05787529820314696,1501.0,1.0,1.0,1501.0,1.0,0.0,1501.0,1.0,0.0,0.0,0.0
ANCASH,CARHUAZ,SAN MIGUEL DE ACO,020608,2552.0,2,0.0,29.91405675104793,25.603999552705364,30.02746647548248,22.145763741017884,0.03561648586775368,322.0,0.12617554858934169,0.12617554858934169,2552.0,1.0,0.8738244514106583,2552.0,1.0,0.0,0.0,0.0
ANCASH,CARHUAZ,SHILLA,020609,3280.0,3,0.0,13.91053004032228,14.612645397513473,15.441195919102304,11.438770647165253,0.08515672653537365,3280.0,1.0,1.0,3280.0,1.0,0.0,3280.0,1.0,0.0,0.0,0.0
ANCASH,CARHUAZ,TINCO,020610,2939.0,3,0.0,4.244416982716304,4.439035479624851,4.689140332619306,5.307422890067709,0.09106405304242371,2939.0,1.0,1.0,2939.0,1.0,0.0,2939.0,1.0,0.0,0.0,0.0
ANCASH,CARHUAZ,YUNGAR,020611,3159.0,2,0.0,15.474339745700567,15.351738374802325,15.493014606112808,15.472826406449297,0.002832051272827041,3159.0,1.0,1.0,3159.0,1.0,0.0,3159.0,1.0,0.0,0.0,0.0
ANCASH,CARLOS FERMIN FITZCARRALD,SAN LUIS,020701,12235.0,4,0.0,114.8637510454796,106.84207706291134,122.9367271604992,71.05504858331092,0.05849608584847754,0.0,0.0,0.0,0.0,0.0,0.0,6617.0,0.5408255006129955,0.5408255006129955,0.4591744993870045,5618.0
ANCASH,CARLOS FERMIN FITZCARRALD,SAN NICOLAS,020702,3885.0,2,0.0,185.53764137061867,182.72166442871094,189.10292151955997,87.9154414958782,0.012852923948108441,0.0,0.0,0.0,0.0,0.0,0.0,0.0,0.0,0.0,1.0,3885.0
ANCASH,CARLOS FERMIN FITZCARRALD,YAUYA,020703,5702.0,2,0.0,160.0531524583274,153.94155465829635,159.90164100978427,105.76776868458256,0.007528379164405408,0.0,0.0,0.0,0.0,0.0,0.0,0.0,0.0,0.0,1.0,5702.0
ANCASH,CASMA,BUENA VISTA ALTA,020802,3937.0,3,0.0,15.94323653244627,11.904999732971191,23.40960074637434,14.438808658203559,0.2026870983219352,3242.0,0.8234696469392939,0.8234696469392939,3937.0,1.0,0.17653035306070608,3937.0,1.0,0.0,0.0,0.0
ANCASH,CASMA,CASMA,020801,29188.0,3,0.0,1.847928518095261,0.753333330154419,4.584385179255451,0.8783404298072582,0.45284930408646296,29188.0,1.0,1.0,29188.0,1.0,0.0,29188.0,1.0,0.0,0.0,0.0
ANCASH,CASMA,COMANDANTE NOEL,020803,2029.0,3,0.0,10.696020199666181,9.401122339339484,12.207980755964916,7.09074700812861,0.08820508460050502,2029.0,1.0,1.0,2029.0,1.0,0.0,2029.0,1.0,0.0,0.0,0.0
ANCASH,CASMA,YAUTAN,020804,7727.0,3,0.0,33.45111306092865,32.27353349587521,33.8905444082822,41.58577084803591,0.01093085751386591,705.0,0.09123851430050472,0.09123851430050472,7727.0,1.0,0.9087614856994952,7727.0,1.0,0.0,0.0,0.0
ANCASH,CORONGO,ACO,020902,543.0,2,0.0,105.8240605840806,101.6433334350586,108.57072870556452,95.97405858329647,0.020662644953488907,0.0,0.0,0.0,0.0,0.0,0.0,543.0,1.0,1.0,0.0,0.0
ANCASH,CORONGO,BAMBAS,020903,500.0,2,0.0,127.36197111511231,122.6909769007887,129.29019733328275,159.07503884887694,0.019159701621820457,0.0,0.0,0.0,0.0,0.0,0.0,159.0,0.318,0.318,0.6819999999999999,340.99999999999994
ANCASH,CORONGO,CORONGO,020901,1824.0,2,0.0,102.75057253921241,94.04670116664606,105.66000551653234,126.75149727704232,0.04090892178256689,0.0,0.0,0.0,0.0,0.0,0.0,1824.0,1.0,1.0,0.0,0.0
ANCASH,CORONGO,CUSCA,020904,2792.0,2,0.0,51.169883591397785,41.11000061035156,65.83229206409533,59.07031170481597,0.16181288845112463,0.0,0.0,0.0,2298.0,0.8230659025787965,0.8230659025787965,2792.0,1.0,0.17693409742120347,0.0,0.0
ANCASH,CORONGO,LA PAMPA,020905,1173.0,2,0.0,69.36108049163428,64.79295886606153,70.81992600172794,94.95301295912175,0.031237600921617203,0.0,0.0,0.0,0.0,0.0,0.0,1173.0,1.0,1.0,0.0,0.0
ANCASH,CORONGO,YANAC,020906,747.0,2,0.0,49.36793397548527,48.97971842704563,49.58394417369038,68.35472569599688,0.004339761325865443,0.0,0.0,0.0,747.0,1.0,1.0,747.0,1.0,0.0,0.0,0.0
ANCASH,CORONGO,YUPAN,020907,759.0,2,0.0,105.12623057409395,104.30833435058594,104.30833435058594,134.21609591558203,0.007062599126629987,0.0,0.0,0.0,0.0,0.0,0.0,759.0,1.0,1.0,0.0,0.0
ANCASH,HUARAZ,COCHABAMBA,020102,2060.0,2,0.0,79.60133735878954,72.63595547466159,81.23786004024481,87.07797226396579,0.036720172255453765,0.0,0.0,0.0,0.0,0.0,0.0,2060.0,1.0,1.0,0.0,0.0
ANCASH,HUARAZ,COLCABAMBA,020103,653.0,2,0.0,66.44287281124004,50.03036272691817,76.03273880514926,77.76530958938014,0.13313778452192992,0.0,0.0,0.0,294.0,0.450229709035222,0.450229709035222,653.0,1.0,0.5497702909647779,0.0,0.0
ANCASH,HUARAZ,HUANCHAY,020104,2517.0,2,0.0,88.3250915139357,83.13833618164062,95.19583310074545,61.05870309101479,0.04943783084128339,0.0,0.0,0.0,0.0,0.0,0.0,2517.0,1.0,1.0,0.0,0.0
ANCASH,HUARAZ,HUARAZ,020101,56261.0,3,0.0,4.209371364683888,2.240000009536743,6.5255025348802755,3.0592916957373615,0.41482787261646425,56261.0,1.0,1.0,56261.0,1.0,0.0,56261.0,1.0,0.0,0.0,0.0
ANCASH,HUARAZ,INDEPENDENCIA,020105,62936.99999999999,5,0.0,5.401280042137201,2.246666669845581,14.33829113408763,2.9586241490985716,0.4642872583655059,62936.99999999999,1.0,1.0,62936.99999999999,1.0,0.0,62936.99999999999,1.0,0.0,0.0,0.0
ANCASH,HUARAZ,JANGAS,020106,4403.0,3,0.0,22.050896569433306,21.331105136112445,23.851554279175616,19.840593062068777,0.06890622912959776,4403.0,1.0,1.0,4403.0,1.0,0.0,4403.0,1.0,0.0,0.0,0.0
ANCASH,HUARAZ,LA LIBERTAD,020107,1294.0,2,0.0,83.61016879899793,80.30321976923592,84.62197818236281,78.64930069464988,0.018442196991065307,0.0,0.0,0.0,0.0,0.0,0.0,1294.0,1.0,1.0,0.0,0.0
ANCASH,HUARAZ,OLLEROS,020108,2581.0,3,0.0,13.883895572882574,11.56730832323695,15.685822545204843,12.978025029584078,0.09515697590475691,2581.0,1.0,1.0,2581.0,1.0,0.0,2581.0,1.0,0.0,0.0,0.0
ANCASH,HUARAZ,PAMPAS,020109,1320.0,2,0.0,113.01444514881481,108.14803448647655,114.97093990510781,104.78652054757782,0.02229063917827301,0.0,0.0,0.0,0.0,0.0,0.0,1320.0,1.0,1.0,0.0,0.0
ANCASH,HUARAZ,PARIACOTO,020110,4461.0,2,0.0,41.78768103316717,40.14500045776367,43.87474751055241,54.39485494514881,0.028030851876978624,0.0,0.0,0.0,4461.0,1.0,1.0,4461.0,1.0,0.0,0.0,0.0
ANCASH,HUARAZ,PIRA,020111,3853.0,2,0.0,50.44599756537367,49.275543850765516,50.491107305309356,61.679461539828125,0.006002564439231306,0.0,0.0,0.0,3853.0,1.0,1.0,3853.0,1.0,0.0,0.0,0.0
ANCASH,HUARAZ,TARICA,020112,5344.0,3,0.0,16.137977834947094,15.885000228881836,16.670296357623837,11.621397362497753,0.01128124231726857,5344.0,1.0,1.0,5344.0,1.0,0.0,5344.0,1.0,0.0,0.0,0.0
ANCASH,HUARI,ANRA,021002,1800.0,2,0.0,78.90604268391927,77.41999816894531,81.06778680361234,56.875303514268666,0.014480552782690892,0.0,0.0,0.0,0.0,0.0,0.0,1800.0,1.0,1.0,0.0,0.0
ANCASH,HUARI,CAJAY,021003,3018.0,2,0.0,15.831804490389612,14.156502019152427,16.16596684670158,11.86909585381439,0.04168602804880084,3018.0,1.0,1.0,3018.0,1.0,0.0,3018.0,1.0,0.0,0.0,0.0
ANCASH,HUARI,CHAVIN DE HUANTAR,021004,9088.0,3,0.0,42.671098274244386,40.539809778657016,45.949361138272806,44.936859619449564,0.05550036566799288,0.0,0.0,0.0,9088.0,1.0,1.0,9088.0,1.0,0.0,0.0,0.0
ANCASH,HUARI,HUACACHI,021005,2115.0,2,0.0,69.15212250116588,66.58999633789062,71.45898523089106,50.29659335449796,0.022528153345092727,0.0,0.0,0.0,0.0,0.0,0.0,2115.0,1.0,1.0,0.0,0.0
ANCASH,HUARI,HUACCHIS,021006,2055.0,3,0.0,133.9361528456936,132.15320123102248,136.45851370389343,93.34397201352456,0.013590784020414248,0.0,0.0,0.0,0.0,0.0,0.0,0.0,0.0,0.0,1.0,2055.0
ANCASH,HUARI,HUACHIS,021007,3758.0,3,0.0,72.39654785245578,54.989286047714934,84.11252395758987,60.38025100590258,0.17862120597178255,734.0,0.19531665779670038,0.19531665779670038,1276.0,0.339542309739223,0.14422565194252263,3758.0,1.0,0.660457690260777,0.0,0.0
ANCASH,HUARI,HUANTAR,021008,3010.0,2,0.0,36.744051477679385,34.361869544220326,37.58037256607063,30.539724608513207,0.031914010741133425,0.0,0.0,0.0,3010.0,1.0,1.0,3010.0,1.0,0.0,0.0,0.0
ANCASH,HUARI,HUARI,021001,9751.0,3,0.0,16.300928169831828,13.465413126685966,25.695749861665316,9.616378353040849,0.39849122868928744,9751.0,1.0,1.0,9751.0,1.0,0.0,9751.0,1.0,0.0,0.0,0.0
ANCASH,HUARI,MASIN,021009,1948.0,3,0.0,29.44971069124445,24.31731225518524,32.91146354966986,23.827923203885433,0.11722830225824021,771.0,0.3957905544147844,0.3957905544147844,1948.0,1.0,0.6042094455852156,1948.0,1.0,0.0,0.0,0.0
ANCASH,HUARI,PAUCAS,021010,2048.0,3,0.0,108.96266335994005,101.00136161337093,118.66788957980393,76.35845424607396,0.054715225136234835,0.0,0.0,0.0,0.0,0.0,0.0,1309.0,0.63916015625,0.63916015625,0.36083984375,739.0
ANCASH,HUARI,PONTO,021011,3476.0,2,0.0,46.30968418055492,45.50166702270508,47.50445274771349,35.07214852608526,0.013603112406235796,0.0,0.0,0.0,3476.0,1.0,1.0,3476.0,1.0,0.0,0.0,0.0
ANCASH,HUARI,RAHUAPAMPA,021012,739.0,2,0.0,25.475825757554485,23.323333740234375,27.712609620259997,21.249374301894914,0.05487949149840898,739.0,1.0,1.0,739.0,1.0,0.0,739.0,1.0,0.0,0.0,0.0
ANCASH,HUARI,RAPAYAN,021013,1752.0,2,0.0,146.3642215467479,141.71240840875765,149.10114867393904,101.43343483911802,0.017000696959701855,0.0,0.0,0.0,0.0,0.0,0.0,0.0,0.0,0.0,1.0,1752.0
ANCASH,HUARI,SAN MARCOS,021014,13916.0,4,0.0,45.49762198341821,26.584788536859882,70.15953627998564,43.32268213005921,0.3012471818598734,7390.5,0.5310793331417074,0.5310793331417074,8829.5,0.6344854843345789,0.10340615119287144,13916.0,1.0,0.36551451566542115,0.0,0.0
ANCASH,HUARI,SAN PEDRO DE CHANA,021015,2690.0,3,0.0,72.15554458873423,66.88002885396345,76.4586717864177,59.99607073560523,0.06184913627112221,0.0,0.0,0.0,591.0,0.21970260223048327,0.21970260223048327,2690.0,1.0,0.7802973977695167,0.0,0.0
ANCASH,HUARI,UCO,021016,1786.0,2,0.0,84.3809492745565,78.93333435058594,88.10907528660879,60.63542610587091,0.03444874781249263,0.0,0.0,0.0,0.0,0.0,0.0,1786.0,1.0,1.0,0.0,0.0
ANCASH,HUARMEY,COCHAPETI,021102,879.0,2,0.0,127.62725809247014,120.19000244140625,136.98955343807444,89.52130319640905,0.041368043922696995,0.0,0.0,0.0,0.0,0.0,0.0,0.0,0.0,0.0,1.0,879.0
ANCASH,HUARMEY,CULEBRAS,021103,3145.0,3,0.0,27.691903955796185,19.831738221571413,34.92022295609414,27.630165884263565,0.1609499878784414,1417.0,0.4505564387917329,0.4505564387917329,3145.0,1.0,0.5494435612082671,3145.0,1.0,0.0,0.0,0.0
ANCASH,HUARMEY,HUARMEY,021101,21868.0,3,0.0,7.233705067015314,2.238333225250244,16.93521306272039,5.685373263260837,0.5742247072424165,18361.0,0.839628681177977,0.839628681177977,21868.0,1.0,0.16037131882202305,21868.0,1.0,0.0,0.0,0.0
ANCASH,HUARMEY,HUAYAN,021104,1085.0,2,0.0,80.01136033721784,44.084999084472656,112.07206441754492,53.81546174502043,0.2718924885428158,0.0,0.0,0.0,657.0,0.6055299539170507,0.6055299539170507,657.0,0.6055299539170507,0.0,0.39447004608294933,428.0
ANCASH,HUARMEY,MALVAS,021105,1045.0,2,0.0,98.08640811317845,81.538330078125,115.5183745537015,66.05899819187,0.11026638640345232,0.0,0.0,0.0,0.0,0.0,0.0,683.0,0.6535885167464115,0.6535885167464115,0.3464114832535885,362.0
ANCASH,HUAYLAS,CARAZ,021201,23648.0,3,0.0,4.559891379331219,2.734999895095825,7.16907206481916,2.3455381311516557,0.28868259748641145,23648.0,1.0,1.0,23648.0,1.0,0.0,23648.0,1.0,0.0,0.0,0.0
ANCASH,HUAYLAS,HUALLANCA,021202,955.0,2,0.0,74.39889925811927,56.94518680400677,84.15436939205135,53.47970459224042,0.12933761145667289,0.0,0.0,0.0,400.0,0.418848167539267,0.418848167539267,955.0,1.0,0.581151832460733,0.0,0.0
ANCASH,HUAYLAS,HUATA,021203,1646.0,2,0.0,29.49745201398217,26.192946602158216,29.665255580197268,16.542283235459543,0.030253225511901682,228.00000000000003,0.1385176184690158,0.1385176184690158,1646.0,1.0,0.8614823815309842,1646.0,1.0,0.0,0.0,0.0
ANCASH,HUAYLAS,HUAYLAS,021204,1894.0,2,0.0,57.06633504768863,51.51551878759821,59.2151032692384,38.927758157442085,0.049675322493080154,0.0,0.0,0.0,576.0,0.3041182682154171,0.3041182682154171,1894.0,1.0,0.6958817317845829,0.0,0.0
ANCASH,HUAYLAS,MATO,021205,2224.0,3,0.0,36.31890665369926,28.42802641089827,45.224206620441635,21.623917368676164,0.15688314743751985,626.0000000000001,0.2814748201438849,0.2814748201438849,2224.0,1.0,0.7185251798561151,2224.0,1.0,0.0,0.0,0.0
ANCASH,HUAYLAS,PAMPAROMAS,021206,8618.0,3,0.0,88.37097093914578,73.9464826345647,98.03475425444117,74.6836506628221,0.08720387626694259,0.0,0.0,0.0,0.0,0.0,0.0,8618.0,1.0,1.0,0.0,0.0
ANCASH,HUAYLAS,PUEBLO LIBRE,021207,6939.0,4,0.0,40.44880048897789,34.44383277241975,45.40692570264003,33.55117404246162,0.10042321115839303,377.0,0.054330595186626314,0.054330595186626314,6939.0,1.0,0.9456694048133737,6939.0,1.0,0.0,0.0,0.0
ANCASH,HUAYLAS,SANTA CRUZ,021208,4862.0,2,0.0,83.84586889093572,59.183686324813934,81.7807375091034,80.15961022182827,0.03983651726810333,0.0,0.0,0.0,331.0,0.06807897984368573,0.06807897984368573,4862.0,1.0,0.9319210201563143,0.0,0.0
ANCASH,HUAYLAS,SANTO TORIBIO,021209,1403.0,2,0.0,74.84889386504018,63.20656434372343,77.5653118921822,50.960865809249604,0.06509496777744717,0.0,0.0,0.0,319.0,0.22736992159657876,0.22736992159657876,1403.0,1.0,0.7726300784034212,0.0,0.0
ANCASH,HUAYLAS,YURACMARCA,021210,1835.0,2,0.0,83.03648911146117,76.49087588935649,85.0741761544338,76.11206034314729,0.0370105786856173,0.0,0.0,0.0,0.0,0.0,0.0,1835.0,1.0,1.0,0.0,0.0
ANCASH,MARISCAL LUZURIAGA,CASCA,021302,4792.0,2,0.0,11.882015558634457,11.234999656677246,11.234999656677246,7.825910625155263,0.052044340134433265,4792.0,1.0,1.0,4792.0,1.0,0.0,4792.0,1.0,0.0,0.0,0.0
ANCASH,MARISCAL LUZURIAGA,ELEAZAR GUZMAN BARRON,021303,1333.0,2,0.0,128.95218071790896,119.37151283284433,129.71829670719387,86.50152944463228,0.022021368195418,0.0,0.0,0.0,0.0,0.0,0.0,204.0,0.15303825956489123,0.15303825956489123,0.8469617404351087,1129.0
ANCASH,MARISCAL LUZURIAGA,FIDEL OLIVAS ESCUDERO,021304,2320.0,2,0.0,89.30852682508271,89.27999877929688,89.27999877929688,60.14688929853768,0.0002895545442127556,0.0,0.0,0.0,0.0,0.0,0.0,2320.0,1.0,1.0,0.0,0.0
ANCASH,MARISCAL LUZURIAGA,LLAMA,021305,1392.0,2,0.0,66.8816186532207,66.19666290283203,67.3112363194057,45.17950050858246,0.008953793699019608,0.0,0.0,0.0,0.0,0.0,0.0,1392.0,1.0,1.0,0.0,0.0
ANCASH,MARISCAL LUZURIAGA,LLUMPA,021306,6066.0,2,0.0,93.13526639551603,86.27930645842652,92.4251972291853,55.74376450565991,0.008367035726704275,0.0,0.0,0.0,0.0,0.0,0.0,6066.0,1.0,1.0,0.0,0.0
ANCASH,MARISCAL LUZURIAGA,LUCMA,021307,3197.0,2,0.0,45.85060512672785,41.598087704013665,45.32495201345898,30.487116902255625,0.008451774088420683,0.0,0.0,0.0,3197.0,1.0,1.0,3197.0,1.0,0.0,0.0,0.0
ANCASH,MARISCAL LUZURIAGA,MUSGA,021308,1109.0,2,0.0,52.28352366964273,51.56666564941406,53.35875880493712,35.059755640055705,0.010953942954322282,0.0,0.0,0.0,1109.0,1.0,1.0,1109.0,1.0,0.0,0.0,0.0
ANCASH,MARISCAL LUZURIAGA,PISCOBAMBA,021301,3694.0,2,0.0,35.803816559383144,34.96327838100944,36.216654699639385,24.50873347263305,0.012880935472279753,0.0,0.0,0.0,3694.0,1.0,1.0,3694.0,1.0,0.0,0.0,0.0
ANCASH,OCROS,ACAS,021402,812.0,2,0.0,126.79788184518297,91.5487424175033,147.32174799521943,101.54336951871224,0.15030840914639498,0.0,0.0,0.0,0.0,0.0,0.0,363.0,0.44704433497536944,0.44704433497536944,0.5529556650246306,449.0
ANCASH,OCROS,CAJAMARQUILLA,021403,429.0,2,0.0,121.21008878765684,102.8309084151533,118.09284794279628,109.94465043216874,0.005653185935923455,0.0,0.0,0.0,0.0,0.0,0.0,8.0,0.018648018648018648,0.018648018648018648,0.9813519813519813,421.0
ANCASH,OCROS,CARHUAPAMPA,021404,752.0,3,0.0,144.1229499248748,137.43195792020222,150.12965476606146,92.50489295797145,0.029877694386445053,0.0,0.0,0.0,0.0,0.0,0.0,0.0,0.0,0.0,1.0,752.0
ANCASH,OCROS,COCHAS,021405,1328.0,3,0.0,59.059839162481836,51.65666580200195,92.28215542497306,36.38419755682888,0.1030332004370198,0.0,0.0,0.0,1090.0,0.8207831325301205,0.8207831325301205,1328.0,1.0,0.17921686746987953,0.0,0.0
ANCASH,OCROS,CONGAS,021406,1215.0,3,0.0,122.16716436064293,117.97311894072732,126.91170717107839,108.81529561109504,0.02479815007633368,0.0,0.0,0.0,0.0,0.0,0.0,376.0,0.3094650205761317,0.3094650205761317,0.6905349794238683,839.0
ANCASH,OCROS,LLIPA,021407,843.0,2,0.0,150.774712179055,150.30667114257812,151.42042643229166,129.1993504860223,0.0023088482545512434,0.0,0.0,0.0,0.0,0.0,0.0,0.0,0.0,0.0,1.0,843.0
ANCASH,OCROS,OCROS,021401,1375.0,2,0.0,120.19186062899503,119.63999938964844,120.69380901015808,109.01071219704367,0.002804990673019536,0.0,0.0,0.0,0.0,0.0,0.0,840.0000000000001,0.610909090909091,0.610909090909091,0.38909090909090904,534.9999999999999
ANCASH,OCROS,SAN CRISTOBAL DE RAJAN,021408,572.0,2,0.0,147.9723239711948,139.75332641601562,160.2003713220116,127.53680820064945,0.04360021881209819,0.0,0.0,0.0,0.0,0.0,0.0,0.0,0.0,0.0,1.0,572.0
ANCASH,OCROS,SAN PEDRO,021409,1472.0,2,0.0,69.436985777772,46.05500030517578,95.13811163814879,50.41357277009798,0.22441491817154358,0.0,0.0,0.0,981.0,0.6664402173913043,0.6664402173913043,1472.0,1.0,0.3335597826086957,0.0,0.0
ANCASH,OCROS,SANTIAGO DE CHILCAS,021410,423.0,2,0.0,137.58820409752235,134.79864379882812,137.92239965820312,120.74499706511801,0.006706157317330486,0.0,0.0,0.0,0.0,0.0,0.0,0.0,0.0,0.0,1.0,423.0
ANCASH,PALLASCA,BOLOGNESI,021502,1465.0,2,0.0,144.48830228942245,142.15167236328125,147.16476959877826,140.0803335665029,0.010983549266969095,0.0,0.0,0.0,0.0,0.0,0.0,0.0,0.0,0.0,1.0,1465.0
ANCASH,PALLASCA,CABANA,021501,2810.0,2,0.0,141.2823623820132,134.45333862304688,148.80012217138568,171.95241436398325,0.03223546521237719,0.0,0.0,0.0,0.0,0.0,0.0,0.0,0.0,0.0,1.0,2810.0
ANCASH,PALLASCA,CONCHUCOS,021503,8054.0,3,0.0,129.06917768771578,110.08627834288437,154.26681164385948,115.41511400278195,0.11755886710182106,0.0,0.0,0.0,0.0,0.0,0.0,6721.0,0.834492177799851,0.834492177799851,0.16550782220014904,1333.0000000000002
ANCASH,PALLASCA,HUACASCHUQUE,021504,689.0,2,0.0,102.81352257140315,102.42833709716797,103.2127693806798,113.84153300203675,0.0024305690484384135,0.0,0.0,0.0,0.0,0.0,0.0,689.0,1.0,1.0,0.0,0.0
ANCASH,PALLASCA,HUANDOVAL,021505,1144.0,2,0.0,118.51587867736816,110.16000366210938,126.35582450077452,127.85629908021514,0.04369538852530863,0.0,0.0,0.0,0.0,0.0,0.0,709.0,0.6197552447552448,0.6197552447552448,0.3802447552447552,434.99999999999994
ANCASH,PALLASCA,LACABAMBA,021506,656.0,2,0.0,108.04309391393895,103.97833251953125,111.30664226065437,105.36442291445849,0.02167833910551309,0.0,0.0,0.0,0.0,0.0,0.0,656.0,1.0,1.0,0.0,0.0
ANCASH,PALLASCA,LLAPO,021507,688.0,2,0.0,136.9584466357564,136.9550018310547,136.9550018310547,149.0001713065214,2.482316303231702e-05,0.0,0.0,0.0,0.0,0.0,0.0,0.0,0.0,0.0,1.0,688.0
ANCASH,PALLASCA,PALLASCA,021508,2688.0,2,0.0,91.38238593510219,88.36000061035156,94.0206536423197,99.47511110135487,0.019822280383361313,0.0,0.0,0.0,0.0,0.0,0.0,2688.0,1.0,1.0,0.0,0.0
ANCASH,PALLASCA,PAMPAS,021509,7079.0,3,0.0,148.07186015485152,115.99700291414065,174.7154040007969,108.7091034297671,0.14443403516530195,0.0,0.0,0.0,0.0,0.0,0.0,3530.0,0.498658002542732,0.498658002542732,0.5013419974572679,3548.9999999999995
ANCASH,PALLASCA,SANTA ROSA,021510,1166.0,2,0.0,117.13214468587938,113.56224653132392,118.65644955040541,132.46058421846524,0.016101754461217532,0.0,0.0,0.0,0.0,0.0,0.0,1166.0,1.0,1.0,0.0,0.0
ANCASH,PALLASCA,TAUCA,021511,3326.0,2,0.0,105.2218005695905,91.93499755859375,115.37590822852134,127.52696231697527,0.0710719721238664,0.0,0.0,0.0,0.0,0.0,0.0,1872.0,0.5628382441371016,0.5628382441371016,0.4371617558628984,1454.0
ANCASH,POMABAMBA,HUAYLLAN,021602,3702.0,2,0.0,18.63747676187821,14.372079377714027,18.751748944390464,12.402066907774493,0.056677525389757566,3702.0,1.0,1.0,3702.0,1.0,0.0,3702.0,1.0,0.0,0.0,0.0
ANCASH,POMABAMBA,PAROBAMBA,021603,6854.0,3,0.0,62.19497452917619,60.7066650390625,63.05033309524124,46.68920374709731,0.021593424838196595,0.0,0.0,0.0,0.0,0.0,0.0,6854.0,1.0,1.0,0.0,0.0
ANCASH,POMABAMBA,POMABAMBA,021601,14865.0,3,0.0,13.804422211494664,5.197412385660059,23.554687802196124,8.989526901508155,0.44759595154136067,9680.0,0.6511940800538177,0.6511940800538177,14865.0,1.0,0.34880591994618226,14865.0,1.0,0.0,0.0,0.0
ANCASH,POMABAMBA,QUINUABAMBA,021604,2536.0,2,0.0,76.93389222900198,73.16590762369434,76.8771817688795,42.67718383416016,0.01013516780068413,0.0,0.0,0.0,0.0,0.0,0.0,2536.0,1.0,1.0,0.0,0.0
ANCASH,RECUAY,CATAC,021702,4102.0,2,0.0,9.189708950111541,8.389804129888015,9.63262772661237,9.83621095529944,0.048080920960138274,4102.0,1.0,1.0,4102.0,1.0,0.0,4102.0,1.0,0.0,0.0,0.0
ANCASH,RECUAY,COTAPARACO,021703,603.0,2,0.0,99.72692389037479,73.12828370589244,111.95232300094412,77.89510059514845,0.1440568430159439,0.0,0.0,0.0,208.0,0.3449419568822554,0.3449419568822554,208.0,0.3449419568822554,0.0,0.6550580431177446,395.0
ANCASH,RECUAY,HUAYLLAPAMPA,021704,1151.0,2,0.0,105.91128869475125,100.2370199953509,109.03140668461705,97.1251521901811,0.02962503623325563,0.0,0.0,0.0,0.0,0.0,0.0,1151.0,1.0,1.0,0.0,0.0
ANCASH,RECUAY,LLACLLIN,021705,1418.0,2,0.0,95.38973911861102,89.35811237213852,99.00495377325583,100.22393058486314,0.03221485588445128,0.0,0.0,0.0,0.0,0.0,0.0,1418.0,1.0,1.0,0.0,0.0
ANCASH,RECUAY,MARCA,021706,1054.0,2,0.0,78.38902854557507,74.17684738279327,80.64470175194928,93.71360660820804,0.029763541103739355,0.0,0.0,0.0,0.0,0.0,0.0,1054.0,1.0,1.0,0.0,0.0
ANCASH,RECUAY,PAMPAS CHICO,021707,1591.0,3,0.0,60.090346290209546,56.27601480546178,64.45105264263769,78.68939664062654,0.046697257852570506,0.0,0.0,0.0,576.0,0.3620364550597109,0.3620364550597109,1591.0,1.0,0.6379635449402892,0.0,0.0
ANCASH,RECUAY,PARARIN,021708,1266.0,2,0.0,83.23375846537368,73.5999984741211,95.39673644519243,63.33607294887163,0.082282053217549,0.0,0.0,0.0,0.0,0.0,0.0,1266.0,1.0,1.0,0.0,0.0
ANCASH,RECUAY,RECUAY,021701,5069.0,3,0.0,10.338634564999317,3.8334435178061663,17.05813554509667,5.313421745087696,0.401248199110951,5069.0,1.0,1.0,5069.0,1.0,0.0,5069.0,1.0,0.0,0.0,0.0
ANCASH,RECUAY,TAPACOCHA,021709,525.0,2,0.0,83.6669542149135,81.0433349609375,85.91610529724981,67.2487309047154,0.01863554681765811,0.0,0.0,0.0,0.0,0.0,0.0,525.0,1.0,1.0,0.0,0.0
ANCASH,RECUAY,TICAPAMPA,021710,2517.0,2,0.0,9.511164204677419,5.333333492279053,13.119263538647827,6.768146643526837,0.26194772761008756,2517.0,1.0,1.0,2517.0,1.0,0.0,2517.0,1.0,0.0,0.0,0.0
ANCASH,SANTA,CACERES DEL PERU,021802,5145.0,3,0.0,112.69751647711959,93.96464329740427,117.27189616739315,70.81668699540712,0.06729919773399362,0.0,0.0,0.0,0.0,0.0,0.0,1095.0,0.21282798833819241,0.21282798833819241,0.7871720116618076,4050.0
ANCASH,SANTA,CHIMBOTE,021801,215843.0,7,0.0,4.6393076439184995,2.8366665840148926,5.323328578710365,3.1689598244519184,0.356047561289911,212259.5,0.9833976547768517,0.9833976547768517,215843.0,1.0,0.016602345223148296,215843.0,1.0,0.0,0.0,0.0
ANCASH,SANTA,COISHCO,021803,14832.0,1,0.0,11.056666374206543,11.056666374206543,11.056666374206543,7.478700160980225,,14832.0,1.0,1.0,14832.0,1.0,0.0,14832.0,1.0,0.0,0.0,0.0
ANCASH,SANTA,MACATE,021804,3903.0,2,0.0,125.8024954418326,120.43599314346186,125.49253310134863,128.3402964528206,0.006960889470357445,0.0,0.0,0.0,0.0,0.0,0.0,321.0,0.08224442736356649,0.08224442736356649,0.9177555726364335,3582.0
ANCASH,SANTA,MORO,021805,7661.0,3,0.0,55.441306127765564,55.57270940744238,58.011874645160354,44.37348496716291,0.03388877784949984,0.0,0.0,0.0,7661.0,1.0,1.0,7661.0,1.0,0.0,0.0,0.0
ANCASH,SANTA,NEPENA,021806,13881.0,4,0.0,37.48015609569727,37.37387319981573,40.14810838019752,27.24531087180773,0.06069172366509279,1829.0,0.1317628412938549,0.1317628412938549,13881.0,1.0,0.868237158706145,13881.0,1.0,0.0,0.0,0.0
ANCASH,SANTA,NUEVO CHIMBOTE,021809,113496.0,2,0.0,14.152938659611099,14.119999885559082,14.119999885559082,9.741493973930634,0.0023018768030657055,113496.0,1.0,1.0,113496.0,1.0,0.0,113496.0,1.0,0.0,0.0,0.0
ANCASH,SANTA,SAMANCO,021807,4218.0,3,0.0,33.228022611101636,32.515541837991165,35.37774381632715,35.555939631419136,0.051267389952941556,832.0,0.19724988146040778,0.19724988146040778,4218.0,1.0,0.8027501185395922,4218.0,1.0,0.0,0.0,0.0
ANCASH,SANTA,SANTA,021808,18053.0,2,0.0,16.019785845701644,15.556666374206543,16.337624247751325,12.045403333302714,0.025227707899158847,18053.0,1.0,1.0,18053.0,1.0,0.0,18053.0,1.0,0.0,0.0,0.0
ANCASH,SIHUAS,ACOBAMBA,021902,2007.0,2,0.0,114.99281132749853,112.59475144333796,115.07894784726135,76.33161188799407,0.0053439432560118405,0.0,0.0,0.0,0.0,0.0,0.0,2007.0,1.0,1.0,0.0,0.0
ANCASH,SIHUAS,ALFONSO UGARTE,021903,874.0,2,0.0,154.2208318994029,153.61666870117188,154.97000370469203,103.39056555357351,0.002761089633142033,0.0,0.0,0.0,0.0,0.0,0.0,0.0,0.0,0.0,1.0,874.0
ANCASH,SIHUAS,CASHAPAMPA,021904,3072.0,2,0.0,9.87436344102025,9.65999984741211,9.65999984741211,7.333590949885547,0.020585489296345183,3072.0,1.0,1.0,3072.0,1.0,0.0,3072.0,1.0,0.0,0.0,0.0
ANCASH,SIHUAS,CHINGALPO,021905,1155.0,2,0.0,90.44955752814487,79.7300033569336,97.70542846482618,60.53501075975823,0.06289972793246379,0.0,0.0,0.0,0.0,0.0,0.0,1155.0,1.0,1.0,0.0,0.0
ANCASH,SIHUAS,HUAYLLABAMBA,021906,4301.0,3,0.0,60.93961690775435,50.95312328581598,67.04737786571874,41.53610857174414,0.06788059021609394,0.0,0.0,0.0,3552.0,0.8258544524529179,0.8258544524529179,4301.0,1.0,0.1741455475470821,0.0,0.0
ANCASH,SIHUAS,QUICHES,021907,2779.0,2,0.0,127.50894073892644,126.6226187106845,127.71252423041815,85.60057163410112,0.0028911768465751386,0.0,0.0,0.0,0.0,0.0,0.0,0.0,0.0,0.0,1.0,2779.0
ANCASH,SIHUAS,RAGASH,021908,2777.0,2,0.0,7.207878905403816,5.298333168029785,9.38949749168037,5.252539744255222,0.22647872850852413,2777.0,1.0,1.0,2777.0,1.0,0.0,2777.0,1.0,0.0,0.0,0.0
ANCASH,SIHUAS,SAN JUAN,021909,6380.0,2,0.0,26.770605954256926,25.62867907758029,26.611069067469185,18.768527429754084,0.003097842987716537,6380.0,1.0,1.0,6380.0,1.0,0.0,6380.0,1.0,0.0,0.0,0.0
ANCASH,SIHUAS,SICSIBAMBA,021910,1897.0,2,0.0,29.932164811057422,27.891666412353516,32.66858942516566,20.3813464044582,0.05728212446673098,1594.0,0.8402741170268846,0.8402741170268846,1897.0,1.0,0.1597258829731154,1897.0,1.0,0.0,0.0,0.0
ANCASH,SIHUAS,SIHUAS,021901,5562.0,2,0.0,6.066575878453486,1.3116666078567505,12.304118161238804,2.9862949539864077,0.5677601191862784,5562.0,1.0,1.0,5562.0,1.0,0.0,5562.0,1.0,0.0,0.0,0.0
ANCASH,YUNGAY,CASCAPARA,022002,2069.0,2,0.0,32.04845546742693,23.93077982413962,31.491490437484174,25.33091710119676,0.038423109578356485,158.0,0.0763653939101015,0.0763653939101015,2069.0,1.0,0.9236346060898986,2069.0,1.0,0.0,0.0,0.0
ANCASH,YUNGAY,MANCOS,022003,7478.0,3,0.0,9.34990761253916,8.252418000172272,9.76515034808133,10.827149744370494,0.060236435890646534,7478.0,1.0,1.0,7478.0,1.0,0.0,7478.0,1.0,0.0,0.0,0.0
ANCASH,YUNGAY,MATACOTO,022004,1482.0,2,0.0,11.001794537069344,10.708333015441895,11.347099033845673,7.231849458697032,0.022750267385070688,1482.0,1.0,1.0,1482.0,1.0,0.0,1482.0,1.0,0.0,0.0,0.0
ANCASH,YUNGAY,QUILLO,022005,12003.000000000002,4,0.0,95.40859310551967,80.91234834018405,115.98662477588428,59.05593759639025,0.13282468460873254,0.0,0.0,0.0,596.0,0.04965425310339081,0.04965425310339081,8200.666666666668,0.683218084367797,0.6335638312644062,0.31678191563220304,3802.3333333333335
ANCASH,YUNGAY,RANRAHIRCA,022006,2953.0,2,0.0,6.391969316174449,5.6939733659624165,6.678794825780374,5.6852626526028756,0.05695870870267372,2953.0,1.0,1.0,2953.0,1.0,0.0,2953.0,1.0,0.0,0.0,0.0
ANCASH,YUNGAY,SHUPLUY,022007,2299.0,2,0.0,18.44203045161821,14.31050449435933,18.150101387153114,16.53829899680464,0.03349443182366252,2299.0,1.0,1.0,2299.0,1.0,0.0,2299.0,1.0,0.0,0.0,0.0
ANCASH,YUNGAY,YANAMA,022008,6979.0,2,0.0,106.68371614171127,105.16166687011719,105.16166687011719,63.8212833084782,0.013130319687468806,0.0,0.0,0.0,0.0,0.0,0.0,6423.0,0.9203324258489755,0.9203324258489755,0.07966757415102454,556.0000000000003
ANCASH,YUNGAY,YUNGAY,022001,19973.0,5,0.0,11.576889783775169,3.3565973836860072,26.1453341803175,5.946503729349852,0.544307628984027,16131.666666666668,0.8076736928186385,0.8076736928186385,19973.0,1.0,0.19232630718136146,19973.0,1.0,0.0,0.0,0.0
APURIMAC,ABANCAY,ABANCAY,030101,51384.0,2,0.0,2.4584975021011304,1.0433332920074463,1.9540115249675218,1.0632489410197272,0.5137846026781321,51384.0,1.0,1.0,51384.0,1.0,0.0,51384.0,1.0,0.0,0.0,0.0
APURIMAC,ABANCAY,CHACOCHE,030102,1213.0,3,0.0,72.65102909776856,56.88666534423828,91.62203769400848,47.29552544942103,0.12153810878219684,0.0,0.0,0.0,660.0,0.5441055234954658,0.5441055234954658,1213.0,1.0,0.4558944765045342,0.0,0.0
APURIMAC,ABANCAY,CIRCA,030103,2503.0,3,0.0,57.651277640415486,54.4183349609375,66.78160547528952,38.283536600866555,0.049397396425960305,0.0,0.0,0.0,2162.0,0.8637634838194167,0.8637634838194167,2503.0,1.0,0.1362365161805833,0.0,0.0
APURIMAC,ABANCAY,CURAHUASI,030104,17044.0,4,0.0,27.055036444502853,7.102748245841436,52.3589837768005,20.574505605878922,0.48833225994009744,8606.0,0.5049284205585544,0.5049284205585544,12825.0,0.7524642102792771,0.24753578972072277,17044.0,1.0,0.24753578972072288,0.0,0.0
APURIMAC,ABANCAY,HUANIPACA,030105,4515.0,2,0.0,59.97981933475465,59.483333587646484,60.72447451077975,42.73889917181444,0.006609203841207223,0.0,0.0,0.0,3605.0,0.7984496124031008,0.7984496124031008,4515.0,1.0,0.20155038759689925,0.0,0.0
APURIMAC,ABANCAY,LAMBRAMA,030106,5089.0,3,0.0,34.32574241684659,27.281665802001953,50.42365168880772,25.531371748735545,0.1439084913012767,3550.9999999999995,0.6977795244645313,0.6977795244645313,5089.0,1.0,0.3022204755354687,5089.0,1.0,0.0,0.0,0.0
APURIMAC,ABANCAY,PICHIRHUA,030107,4132.0,3,0.0,63.08327240957757,47.92328864445695,63.244563448098425,38.217161173972826,0.04533247280800079,0.0,0.0,0.0,363.0,0.08785091965150048,0.08785091965150048,4132.0,1.0,0.9121490803484995,0.0,0.0
APURIMAC,ABANCAY,SAN PEDRO DE CACHORA,030108,3676.0,2,0.0,38.12164054472117,37.06370946099558,38.35007404551943,32.171277191485885,0.011268555777011913,0.0,0.0,0.0,3676.0,1.0,1.0,3676.0,1.0,0.0,0.0,0.0
APURIMAC,ABANCAY,TAMBURCO,030109,7614.0,2,0.0,8.025965558721664,6.03000020980835,10.72126663029194,3.8110978783726974,0.18284190072384754,7614.0,1.0,1.0,7614.0,1.0,0.0,7614.0,1.0,0.0,0.0,0.0
APURIMAC,ANDAHUAYLAS,ANDAHUAYLAS,030201,37260.0,4,0.0,8.758449713824195,1.318333387374878,27.412717934187175,7.2209097222813465,0.6179525516203381,37260.0,1.0,1.0,37260.0,1.0,0.0,37260.0,1.0,0.0,0.0,0.0
APURIMAC,ANDAHUAYLAS,ANDARAPA,030202,6441.0,3,0.0,75.13653146856007,67.69913736621437,75.00515950449288,45.73308783876028,0.020726527346628276,0.0,0.0,0.0,149.0,0.02313305387362211,0.02313305387362211,6441.0,1.0,0.9768669461263779,0.0,0.0
APURIMAC,ANDAHUAYLAS,CHIARA,030203,1342.0,3,0.0,92.76066410843555,86.90173132259517,98.15079702502099,81.20233551684862,0.040243986070223725,0.0,0.0,0.0,0.0,0.0,0.0,1342.0,1.0,1.0,0.0,0.0
APURIMAC,ANDAHUAYLAS,HUANCARAMA,030204,7078.0,3,0.0,73.8640525410424,70.2699966430664,78.11095409574963,52.03239646420098,0.027891776001624957,0.0,0.0,0.0,0.0,0.0,0.0,7078.0,1.0,1.0,0.0,0.0
APURIMAC,ANDAHUAYLAS,HUANCARAY,030205,4387.0,2,0.0,28.148985995555048,27.434999465942383,27.434999465942383,26.744789402659347,0.022999818437034136,3978.0,0.906770002279462,0.906770002279462,4387.0,1.0,0.09322999772053797,4387.0,1.0,0.0,0.0,0.0
APURIMAC,ANDAHUAYLAS,HUAYANA,030206,1072.0,2,0.0,75.67853047954502,67.49988199209238,80.5853096503716,90.01739387369868,0.05433449343569707,0.0,0.0,0.0,0.0,0.0,0.0,1072.0,1.0,1.0,0.0,0.0
APURIMAC,ANDAHUAYLAS,KAQUIABAMBA,030219,2410.0,3,0.0,53.9053800385028,50.07124694567409,57.511855835835284,34.97762388569686,0.05031076147032476,0.0,0.0,0.0,2410.0,1.0,1.0,2410.0,1.0,0.0,0.0,0.0
APURIMAC,ANDAHUAYLAS,KISHUARA,030207,8033.0,4,0.0,80.70316930234499,77.74583999368339,86.2373863825581,52.52333501794189,0.045672584159033525,0.0,0.0,0.0,508.00000000000006,0.06323913855346695,0.06323913855346695,8033.0,1.0,0.936760861446533,0.0,0.0
APURIMAC,ANDAHUAYLAS,PACOBAMBA,030208,4961.0,2,0.0,112.07082420000023,101.95398417325673,111.3547982994951,67.73150140800392,0.013485308241423466,0.0,0.0,0.0,0.0,0.0,0.0,4961.0,1.0,1.0,0.0,0.0
APURIMAC,ANDAHUAYLAS,PACUCHA,030209,9888.0,3,0.0,30.98184584356049,28.705086197101792,33.92579502216499,18.971321594175013,0.07690287293273645,1142.0,0.11549352750809061,0.11549352750809061,9888.0,1.0,0.8845064724919094,9888.0,1.0,0.0,0.0,0.0
APURIMAC,ANDAHUAYLAS,PAMPACHIRI,030210,2628.0,2,0.0,69.39044612727753,64.29065560261162,70.9487988451317,78.61154035455016,0.03425106001729705,0.0,0.0,0.0,0.0,0.0,0.0,2628.0,1.0,1.0,0.0,0.0
APURIMAC,ANDAHUAYLAS,POMACOCHA,030211,972.0,2,0.0,80.37431997134362,79.00735013219278,80.86413482136044,107.52378848354512,0.008438162086643497,0.0,0.0,0.0,0.0,0.0,0.0,972.0,1.0,1.0,0.0,0.0
APURIMAC,ANDAHUAYLAS,SAN ANTONIO DE CACHI,030212,3196.0,3,0.0,60.06790929562756,55.67499923706055,65.46317678474921,60.2312908124864,0.04463900297720058,0.0,0.0,0.0,1865.9999999999998,0.5838548185231539,0.5838548185231539,3196.0,1.0,0.4161451814768461,0.0,0.0
APURIMAC,ANDAHUAYLAS,SAN JERONIMO,030213,21358.0,5,0.0,13.638859508769634,9.050370907618367,22.91717618048826,7.898999027706218,0.370709625315335,21358.0,1.0,1.0,21358.0,1.0,0.0,21358.0,1.0,0.0,0.0,0.0
APURIMAC,ANDAHUAYLAS,SAN MIGUEL DE CHACCRAMPA,030214,1850.0,2,0.0,94.87048515113625,93.05055347597589,95.79010947449206,98.80304922155432,0.010577275995174995,0.0,0.0,0.0,0.0,0.0,0.0,1850.0,1.0,1.0,0.0,0.0
APURIMAC,ANDAHUAYLAS,SANTA MARIA DE CHICMO,030215,9796.0,3,0.0,31.582858497632092,19.513334274291992,42.1043781476735,22.507942220735373,0.2264058711430642,5830.0,0.5951408738260514,0.5951408738260514,9796.0,1.0,0.4048591261739486,9796.0,1.0,0.0,0.0,0.0
APURIMAC,ANDAHUAYLAS,TALAVERA,030216,17771.0,3,0.0,15.113441213639236,4.160926202170078,27.72072111420438,9.892580698246318,0.4376436798119009,13174.5,0.7413482640256598,0.7413482640256598,17771.0,1.0,0.2586517359743402,17771.0,1.0,0.0,0.0,0.0
APURIMAC,ANDAHUAYLAS,TUMAY HUARACA,030217,2144.0,2,0.0,67.5069031217205,62.099998474121094,73.31606767628291,83.21877575632351,0.052823254367505235,0.0,0.0,0.0,0.0,0.0,0.0,2144.0,1.0,1.0,0.0,0.0
APURIMAC,ANDAHUAYLAS,TURPO,030218,4127.0,3,0.0,51.44333245859962,48.55210028709958,53.34508802616992,35.66490048925438,0.0437698726041027,0.0,0.0,0.0,4127.0,1.0,1.0,4127.0,1.0,0.0,0.0,0.0
APURIMAC,ANTABAMBA,ANTABAMBA,030301,3167.0,2,0.0,109.68609354870155,105.52666473388672,113.8089699908807,118.78967791534126,0.024103373924576954,0.0,0.0,0.0,0.0,0.0,0.0,3167.0,1.0,1.0,0.0,0.0
APURIMAC,ANTABAMBA,EL ORO,030302,516.0,2,0.0,81.21707321876703,77.25459195856462,82.98691692686917,93.94861700368482,0.02613820934681166,0.0,0.0,0.0,0.0,0.0,0.0,516.0,1.0,1.0,0.0,0.0
APURIMAC,ANTABAMBA,HUAQUIRCA,030303,1463.0,3,0.0,137.57702027618762,122.73419417462577,152.61448243518484,134.97637265688414,0.06427473913103843,0.0,0.0,0.0,0.0,0.0,0.0,180.0,0.12303485987696514,0.12303485987696514,0.8769651401230348,1283.0
APURIMAC,ANTABAMBA,JUAN ESPINOZA MEDRANO,030304,1974.0,3,0.0,79.81316593328629,73.62000274658203,87.3150958975566,85.29007937770484,0.06145521658986519,0.0,0.0,0.0,0.0,0.0,0.0,1974.0,1.0,1.0,0.0,0.0
APURIMAC,ANTABAMBA,OROPESA,030305,2506.0,2,0.0,137.00619288853235,134.73312377929688,138.29729614257812,142.74713788713728,0.009101346020974455,0.0,0.0,0.0,0.0,0.0,0.0,0.0,0.0,0.0,1.0,2506.0
APURIMAC,ANTABAMBA,PACHACONAS,030306,1174.0,3,0.0,107.45006129120237,96.13379664968488,118.70144944287506,111.80157717001296,0.06545818751649235,0.0,0.0,0.0,0.0,0.0,0.0,927.0,0.7896081771720613,0.7896081771720613,0.21039182282793867,247.0
APURIMAC,ANTABAMBA,SABAINO,030307,1455.0,3,0.0,112.16086506007873,110.1050033569336,114.47864123753139,119.13118610709803,0.010551911690392934,0.0,0.0,0.0,0.0,0.0,0.0,1455.0,1.0,1.0,0.0,0.0
APURIMAC,AYMARAES,CAPAYA,030402,729.0,2,0.0,28.76299772537294,26.80500030517578,30.61067272476528,32.52042726430383,0.04230080595238894,452.99999999999994,0.6213991769547325,0.6213991769547325,729.0,1.0,0.37860082304526754,729.0,1.0,0.0,0.0,0.0
APURIMAC,AYMARAES,CARAYBAMBA,030403,1295.0,3,0.0,16.531695011683873,14.49311362502864,17.19994434530999,19.738442224333184,0.07871287608393607,1295.0,1.0,1.0,1295.0,1.0,0.0,1295.0,1.0,0.0,0.0,0.0
APURIMAC,AYMARAES,CHALHUANCA,030401,4560.0,2,0.0,2.8510982641656146,0.30000001192092896,6.6773756165239835,1.3754092769746324,0.7144483470807801,4560.0,1.0,1.0,4560.0,1.0,0.0,4560.0,1.0,0.0,0.0,0.0
APURIMAC,AYMARAES,CHAPIMARCA,030404,2221.0,3,0.0,56.947163169204735,38.41483131306096,76.41665861391118,62.54774122654667,0.1822469648830095,0.0,0.0,0.0,1060.0,0.47726249437190454,0.47726249437190454,2221.0,1.0,0.5227375056280954,0.0,0.0
APURIMAC,AYMARAES,COLCABAMBA,030405,819.0,2,0.0,47.23027155949519,45.61523005836889,47.987047476517525,52.84285149207482,0.01856326122539631,0.0,0.0,0.0,819.0,1.0,1.0,819.0,1.0,0.0,0.0,0.0
APURIMAC,AYMARAES,COTARUSE,030406,4045.0,3,0.0,26.442022825790424,19.0374109795753,22.135708395140135,33.86303167354928,0.19907306896376276,3782.0,0.9349814585908529,0.9349814585908529,3782.0,0.9349814585908529,0.0,4045.0,1.0,0.06501854140914709,0.0,0.0
APURIMAC,AYMARAES,HUAYLLO,030407,660.0,2,0.0,30.724651122815683,30.22166633605957,31.395149338111448,33.08334179502545,0.011955589422186663,0.0,0.0,0.0,660.0,1.0,1.0,660.0,1.0,0.0,0.0,0.0
APURIMAC,AYMARAES,JUSTO APU SAHUARAURA,030408,1037.0,2,0.0,60.31522376741945,57.44333267211914,63.13247294088048,72.49678238194612,0.03012077255110912,0.0,0.0,0.0,656.0,0.6325940212150434,0.6325940212150434,1037.0,1.0,0.3674059787849566,0.0,0.0
APURIMAC,AYMARAES,LUCRE,030409,2070.0,3,0.0,69.87738085207732,66.29366192949809,71.04146115641949,73.97549982485563,0.012094868768067979,0.0,0.0,0.0,0.0,0.0,0.0,2070.0,1.0,1.0,0.0,0.0
APURIMAC,AYMARAES,POCOHUANCA,030410,1158.0,3,0.0,88.57487773730553,84.44474188103733,93.62904583450651,94.26469716548097,0.030043298217558245,0.0,0.0,0.0,0.0,0.0,0.0,1158.0,1.0,1.0,0.0,0.0
APURIMAC,AYMARAES,SAN JUAN DE CHACNA,030411,908.0,2,0.0,64.2993690053797,64.00333404541016,64.61069007994637,70.25782292739936,0.003006804111880146,0.0,0.0,0.0,0.0,0.0,0.0,908.0,1.0,1.0,0.0,0.0
APURIMAC,AYMARAES,SANAYCA,030412,1299.0,2,0.0,22.83760888802262,21.861665725708008,23.62226686789773,23.677820346647266,0.024640332344690097,1299.0,1.0,1.0,1299.0,1.0,0.0,1299.0,1.0,0.0,0.0,0.0
APURIMAC,AYMARAES,SORAYA,030413,771.0,2,0.0,14.539377346113035,11.668333053588867,18.828724693765444,18.504186815788774,0.1598174864901527,771.0,1.0,1.0,771.0,1.0,0.0,771.0,1.0,0.0,0.0,0.0
APURIMAC,AYMARAES,TAPAIRIHUA,030414,2131.0,2,0.0,53.16649488953009,52.4033317565918,53.76903372977277,67.48032739317959,0.012481630514678987,0.0,0.0,0.0,2131.0,1.0,1.0,2131.0,1.0,0.0,0.0,0.0
APURIMAC,AYMARAES,TINTAY,030415,3091.0,2,0.0,79.82845143244437,64.10980065109273,83.88729216146854,76.66675904791396,0.08578146789300123,0.0,0.0,0.0,740.0,0.23940472339048852,0.23940472339048852,3091.0,1.0,0.7605952766095114,0.0,0.0
APURIMAC,AYMARAES,TORAYA,030416,1690.0,2,0.0,40.26805694850944,38.606666564941406,42.14303897510875,45.22804163193562,0.02783102266187809,0.0,0.0,0.0,1690.0,1.0,1.0,1690.0,1.0,0.0,0.0,0.0
APURIMAC,AYMARAES,YANACA,030417,1182.0,2,0.0,69.48714354074546,67.14167022705078,71.18416943496533,62.80681153118308,0.018504764657804817,0.0,0.0,0.0,0.0,0.0,0.0,1182.0,1.0,1.0,0.0,0.0
APURIMAC,CHINCHEROS,ANCO_HUALLO,030602,11122.0,3,0.0,14.114543276582555,12.123332977294922,16.14472627957303,7.679722798597339,0.07265228525290479,11122.0,1.0,1.0,11122.0,1.0,0.0,11122.0,1.0,0.0,0.0,0.0
APURIMAC,CHINCHEROS,CHINCHEROS,030601,5706.0,3,0.0,2.2310544085678115,1.647714189001877,2.491749867692927,1.0226817851604766,0.15652550495728768,5706.0,1.0,1.0,5706.0,1.0,0.0,5706.0,1.0,0.0,0.0,0.0
APURIMAC,CHINCHEROS,COCHARCAS,030603,2254.0,2,0.0,62.98817833102479,58.308488566080726,64.15102876790365,36.43851346385722,0.03187533849703783,0.0,0.0,0.0,529.0,0.23469387755102042,0.23469387755102042,2254.0,1.0,0.7653061224489796,0.0,0.0
APURIMAC,CHINCHEROS,HUACCANA,030604,9194.0,4,0.0,54.8743726224362,62.519969867623374,74.17711864580984,36.06478922528393,0.21288236704743368,3325.5,0.3617032847509245,0.3617032847509245,4212.5,0.45817924733521864,0.09647596258429414,9194.0,1.0,0.5418207526647814,0.0,0.0
APURIMAC,CHINCHEROS,OCOBAMBA,030605,8020.0,3,0.0,43.40395052712457,32.01477724774257,54.29993278617101,31.015243191612033,0.14931255779501162,3624.0,0.45187032418952616,0.45187032418952616,8020.0,1.0,0.5481296758104739,8020.0,1.0,0.0,0.0,0.0
APURIMAC,CHINCHEROS,ONGOY,030606,8054.0,4,0.0,68.43272917283093,64.06804720386761,78.24490783747339,38.42641175992145,0.09035486844254481,0.0,0.0,0.0,3546.5,0.44034020362552767,0.44034020362552767,8054.0,1.0,0.5596597963744723,0.0,0.0
APURIMAC,CHINCHEROS,RANRACANCHA,030608,4642.0,2,0.0,35.91061576077364,34.05248252778592,36.36782987958062,21.360961967478122,0.02211358075600056,0.0,0.0,0.0,4642.0,1.0,1.0,4642.0,1.0,0.0,0.0,0.0
APURIMAC,CHINCHEROS,URANMARCA,030607,3040.0,3,0.0,57.436778721056484,54.45274467580569,60.7935301250574,38.261216124735384,0.03279904877562845,0.0,0.0,0.0,2351.0,0.7733552631578947,0.7733552631578947,3040.0,1.0,0.2266447368421053,0.0,0.0
APURIMAC,COTABAMBAS,CHALLHUAHUACHO,030506,7417.0,2,0.0,68.77852442066224,48.524761438784395,73.39428334244438,62.94372412321685,0.1221071354288541,0.0,0.0,0.0,1667.0,0.22475394364298235,0.22475394364298235,7417.0,1.0,0.7752460563570176,0.0,0.0
APURIMAC,COTABAMBAS,COTABAMBAS,030502,4229.0,2,0.0,79.59739325147454,76.40778510583996,80.98422425749612,77.8210939473648,0.021293090726064334,0.0,0.0,0.0,0.0,0.0,0.0,4229.0,1.0,1.0,0.0,0.0
APURIMAC,COTABAMBAS,COYLLURQUI,030503,7547.0,3,0.0,112.69798779313858,104.95015224069586,120.75830695771008,96.92294215233544,0.04300606689296782,0.0,0.0,0.0,0.0,0.0,0.0,6522.0,0.8641844441499934,0.8641844441499934,0.1358155558500066,1024.9999999999998
APURIMAC,COTABAMBAS,HAQUIRA,030504,11402.0,4,0.0,55.128544175944775,46.83585478614894,66.53990529324275,61.00170042020901,0.09410298870032108,0.0,0.0,0.0,6507.0,0.5706893527451324,0.5706893527451324,11402.0,1.0,0.42931064725486756,0.0,0.0
APURIMAC,COTABAMBAS,MARA,030505,6141.0,2,0.0,41.19942425912802,39.31788756434652,41.44891076482243,42.735015906411725,0.01559193529503422,0.0,0.0,0.0,6141.0,1.0,1.0,6141.0,1.0,0.0,0.0,0.0
APURIMAC,COTABAMBAS,TAMBOBAMBA,030501,10315.0,3,0.0,15.827996595889344,5.61691706830805,27.83062788435008,8.533575322404973,0.48201389084527135,6734.5,0.6528841492971401,0.6528841492971401,10315.0,1.0,0.3471158507028599,10315.0,1.0,0.0,0.0,0.0
APURIMAC,GRAU,CHUQUIBAMBILLA,030701,5495.0,2,0.0,104.9306173406155,97.21880868520746,109.52776442258838,115.38151031993974,0.038372346528250056,0.0,0.0,0.0,0.0,0.0,0.0,5495.0,1.0,1.0,0.0,0.0
APURIMAC,GRAU,CURASCO,030714,1469.0,2,0.0,78.42962040910922,76.10333251953125,81.23591816195973,100.62674064973814,0.020635378855897835,0.0,0.0,0.0,0.0,0.0,0.0,1469.0,1.0,1.0,0.0,0.0
APURIMAC,GRAU,CURPAHUASI,030702,2346.0,2,0.0,123.3444208989058,117.75358575191756,124.10804747264913,108.92895873347004,0.015623842998085169,0.0,0.0,0.0,0.0,0.0,0.0,424.0,0.18073316283034954,0.18073316283034954,0.8192668371696504,1922.0
APURIMAC,GRAU,GAMARRA,030703,3965.0,2,0.0,115.1451119036873,114.85333251953125,115.02467416533342,113.13874724726058,0.0022636770212840496,0.0,0.0,0.0,0.0,0.0,0.0,3965.0,1.0,1.0,0.0,0.0
APURIMAC,GRAU,HUAYLLATI,030704,1830.0,2,0.0,93.3250733464142,91.22684530976154,94.04536906195231,106.6675567001593,0.010971571389235879,0.0,0.0,0.0,0.0,0.0,0.0,1830.0,1.0,1.0,0.0,0.0
APURIMAC,GRAU,MAMARA,030705,938.0,2,0.0,127.27614446286199,124.00937981699028,128.4725424673043,155.80922189806063,0.01284064819198738,0.0,0.0,0.0,0.0,0.0,0.0,0.0,0.0,0.0,1.0,938.0
APURIMAC,GRAU,MICAELA BASTIDAS,030706,1255.0,2,0.0,100.6702501942912,95.8438055468801,103.40876355078227,131.55772182874946,0.026311001470773476,0.0,0.0,0.0,0.0,0.0,0.0,1255.0,1.0,1.0,0.0,0.0
APURIMAC,GRAU,PATAYPAMPA,030707,1049.0,3,0.0,143.59524277213418,138.40167236328125,150.45638141702463,148.2814199413085,0.02552542520602652,0.0,0.0,0.0,0.0,0.0,0.0,0.0,0.0,0.0,1.0,1049.0
APURIMAC,GRAU,PROGRESO,030708,2723.0,2,0.0,47.553008404191345,42.516666412353516,54.43687620701763,59.41199916765351,0.07837266679649513,0.0,0.0,0.0,2015.0000000000002,0.7399926551597503,0.7399926551597503,2723.0,1.0,0.2600073448402497,0.0,0.0
APURIMAC,GRAU,SAN ANTONIO,030709,361.0,2,0.0,110.48769093352341,109.70999908447266,111.09530449725213,140.54352888704338,0.006122320993273811,0.0,0.0,0.0,0.0,0.0,0.0,361.0,1.0,1.0,0.0,0.0
APURIMAC,GRAU,SANTA ROSA,030710,873.0,2,0.0,125.30512607220521,124.5052923294011,125.71439464752085,136.2678260409955,0.0035254784183041954,0.0,0.0,0.0,0.0,0.0,0.0,0.0,0.0,0.0,1.0,873.0
APURIMAC,GRAU,TURPAY,030711,849.0,2,0.0,155.34459322332916,153.1699981689453,158.0848611226896,171.20108210155905,0.009942414745613859,0.0,0.0,0.0,0.0,0.0,0.0,0.0,0.0,0.0,1.0,849.0
APURIMAC,GRAU,VILCABAMBA,030712,1213.0,2,0.0,105.19373276876401,103.81500244140625,107.23214935783868,139.57738221271512,0.010707850920449569,0.0,0.0,0.0,0.0,0.0,0.0,1213.0,1.0,1.0,0.0,0.0
APURIMAC,GRAU,VIRUNDO,030713,998.0,2,0.0,168.0985854766173,167.97500610351562,167.97747274780272,164.5918797739522,0.0006614967643587821,0.0,0.0,0.0,0.0,0.0,0.0,0.0,0.0,0.0,1.0,998.0
AREQUIPA,AREQUIPA,ALTO SELVA ALEGRE,040102,72696.0,1,0.0,5.086666584014893,5.086666584014893,5.086666584014893,2.9482998847961426,,72696.0,1.0,1.0,72696.0,1.0,0.0,72696.0,1.0,0.0,0.0,0.0
AREQUIPA,AREQUIPA,AREQUIPA,040101,61519.0,1,0.0,1.7483333349227905,1.7483333349227905,1.7483333349227905,0.8432999849319458,,61519.0,1.0,1.0,61519.0,1.0,0.0,61519.0,1.0,0.0,0.0,0.0
AREQUIPA,AREQUIPA,CAYMA,040103,75359.0,2,0.0,1.9707360825316982,1.4783333539962769,1.4783333539962769,0.9385368715187241,0.24789113854732991,74766.0,0.9921309996151754,0.9921309996151754,74766.0,0.9921309996151754,0.0,75359.0,1.0,0.007869000384824631,0.0,0.0
AREQUIPA,AREQUIPA,CERRO COLORADO,040104,113171.0,3,0.0,5.828625188331545,1.5049999952316284,9.37385171044955,3.250451126387547,0.4287280726260513,113171.0,1.0,1.0,113171.0,1.0,0.0,113171.0,1.0,0.0,0.0,0.0
AREQUIPA,AREQUIPA,CHARACATO,040105,7307.0,2,0.0,12.047246020029814,11.925000190734863,12.22853374085603,6.301061821845287,0.008272461688815236,7307.0,1.0,1.0,7307.0,1.0,0.0,7307.0,1.0,0.0,0.0,0.0
AREQUIPA,AREQUIPA,CHIGUATA,040106,2689.0,3,0.0,17.4020317222337,13.430000305175781,21.873772228175195,11.976408197694482,0.12567639582772916,2689.0,1.0,1.0,2689.0,1.0,0.0,2689.0,1.0,0.0,0.0,0.0
AREQUIPA,AREQUIPA,JACOBO HUNTER,040107,46092.0,1,0.0,9.796667098999023,9.796667098999023,9.796667098999023,6.398499965667725,,46092.0,1.0,1.0,46092.0,1.0,0.0,46092.0,1.0,0.0,0.0,0.0
AREQUIPA,AREQUIPA,JOSE LUIS BUSTAMANTE Y RIVERO,040129,76410.0,1,0.0,2.5183334350585938,2.5183334350585938,2.5183334350585938,0.9761999845504761,,76410.0,1.0,1.0,76410.0,1.0,0.0,76410.0,1.0,0.0,0.0,0.0
AREQUIPA,AREQUIPA,LA JOYA,040108,25094.0,5,0.0,61.186920167383775,59.27347344088267,64.30636406339606,50.80481705924396,0.023083393590981438,0.0,0.0,0.0,14774.0,0.5887463138598868,0.5887463138598868,25094.0,1.0,0.41125368614011315,0.0,0.0
AREQUIPA,AREQUIPA,MARIANO MELGAR,040109,52144.0,1,0.0,2.9783332347869873,2.9783332347869873,2.9783332347869873,1.5492000579833984,,52144.0,1.0,1.0,52144.0,1.0,0.0,52144.0,1.0,0.0,0.0,0.0
AREQUIPA,AREQUIPA,MIRAFLORES,040110,50704.0,1,0.0,1.8033332824707031,1.8033332824707031,1.8033332824707031,0.9437000155448914,,50704.0,1.0,1.0,50704.0,1.0,0.0,50704.0,1.0,0.0,0.0,0.0
AREQUIPA,AREQUIPA,MOLLEBAYA,040111,1410.0,2,0.0,18.743581203704185,17.818231245366537,19.0983126919444,10.98445207311752,0.02512276856636242,1410.0,1.0,1.0,1410.0,1.0,0.0,1410.0,1.0,0.0,0.0,0.0
AREQUIPA,AREQUIPA,PAUCARPATA,040112,120446.0,1,0.0,2.450000047683716,2.450000047683716,2.450000047683716,0.9855999946594238,,120446.0,1.0,1.0,120446.0,1.0,0.0,120446.0,1.0,0.0,0.0,0.0
AREQUIPA,AREQUIPA,POCSI,040113,613.0,3,0.0,40.81918925523369,40.383334159851074,44.74772732538335,28.620175173387636,0.06603606612759294,0.0,0.0,0.0,613.0,1.0,1.0,613.0,1.0,0.0,0.0,0.0
AREQUIPA,AREQUIPA,POLOBAYA,040114,1445.0,3,0.0,40.97193536197438,39.35333251953125,43.15464262177672,29.386500488598042,0.02844167428268285,0.0,0.0,0.0,1445.0,1.0,1.0,1445.0,1.0,0.0,0.0,0.0
AREQUIPA,AREQUIPA,QUEQUENA,040115,1262.0,2,0.0,25.532422629475782,24.929185431757016,25.72317076555062,17.78724248737994,0.011162026326336227,1262.0,1.0,1.0,1262.0,1.0,0.0,1262.0,1.0,0.0,0.0,0.0
AREQUIPA,AREQUIPA,SABANDIA,040116,3752.0,3,0.0,8.698555435453143,7.684999942779541,9.785292638608112,4.547066679387204,0.1009794336402553,3752.0,1.0,1.0,3752.0,1.0,0.0,3752.0,1.0,0.0,0.0,0.0
AREQUIPA,AREQUIPA,SACHACA,040117,17537.0,2,0.0,6.52087638649639,6.434999942779541,6.434999942779541,4.212252706093861,0.01283829323186847,17537.0,1.0,1.0,17537.0,1.0,0.0,17537.0,1.0,0.0,0.0,0.0
AREQUIPA,AREQUIPA,SAN JUAN DE SIGUAS,040118,1298.0,2,0.0,17.74831259746581,16.40120386857591,18.336240529574557,16.265540155313783,0.040379037767033665,1298.0,1.0,1.0,1298.0,1.0,0.0,1298.0,1.0,0.0,0.0,0.0
AREQUIPA,AREQUIPA,SAN JUAN DE TARUCANI,040119,2103.0,3,0.0,134.53043911834587,138.02135712007131,141.94560443182678,93.30052605165055,0.04955600603588861,0.0,0.0,0.0,0.0,0.0,0.0,359.0,0.17070851165002376,0.17070851165002376,0.8292914883499762,1744.0
AREQUIPA,AREQUIPA,SANTA ISABEL DE SIGUAS,040120,1268.0,2,0.0,18.340560520484996,18.05666732788086,18.05666732788086,15.488064832115775,0.014514596781361133,1268.0,1.0,1.0,1268.0,1.0,0.0,1268.0,1.0,0.0,0.0,0.0
AREQUIPA,AREQUIPA,SANTA RITA DE SIGUAS,040121,4459.0,2,0.0,40.48011308915146,39.87666702270508,39.87666702270508,37.00999075544605,0.01341950941545822,0.0,0.0,0.0,4459.0,1.0,1.0,4459.0,1.0,0.0,0.0,0.0
AREQUIPA,AREQUIPA,SOCABAYA,040122,60641.0,4,0.0,8.470126813749307,7.351666450500488,14.242449788528507,5.046804295313378,0.11170488743301599,60641.0,1.0,1.0,60641.0,1.0,0.0,60641.0,1.0,0.0,0.0,0.0
AREQUIPA,AREQUIPA,TIABAYA,040123,15131.0,4,0.0,12.192750865930481,11.461504489137315,12.758967310180978,7.5748389524364415,0.04944336648518055,15131.0,1.0,1.0,15131.0,1.0,0.0,15131.0,1.0,0.0,0.0,0.0
AREQUIPA,AREQUIPA,UCHUMAYO,040124,12216.0,5,0.0,18.316701556313795,17.827158396988846,19.164640330228625,12.273899917752429,0.023838341789633177,12216.0,1.0,1.0,12216.0,1.0,0.0,12216.0,1.0,0.0,0.0,0.0
AREQUIPA,AREQUIPA,VITOR,040125,3003.0,2,0.0,44.633304354591125,44.457410435991235,44.738149567667,42.93395846579974,0.002058042426469564,0.0,0.0,0.0,3003.0,1.0,1.0,3003.0,1.0,0.0,0.0,0.0
AREQUIPA,AREQUIPA,YANAHUARA,040126,22920.0,2,0.0,2.2284881232296607,2.1066665649414062,2.1066665649414062,0.9189086435508977,0.054594011392131714,22890.0,0.9986910994764397,0.9986910994764397,22890.0,0.9986910994764397,0.0,22920.0,1.0,0.0013089005235602524,0.0,0.0
AREQUIPA,AREQUIPA,YARABAMBA,040127,1031.0,3,0.0,26.218575620974995,24.00088051130187,28.892016771356147,18.149428914289356,0.0626255651190687,694.0,0.6731328806983511,0.6731328806983511,1031.0,1.0,0.3268671193016489,1031.0,1.0,0.0,0.0,0.0
AREQUIPA,AREQUIPA,YURA,040128,16020.0,3,0.0,20.922710610031338,18.209999084472656,18.209999084472656,14.597009630000844,0.11874431008737463,14542.0,0.9077403245942571,0.9077403245942571,16020.0,1.0,0.09225967540574287,16020.0,1.0,0.0,0.0,0.0
AREQUIPA,CAMANA,CAMANA,040201,15215.0,2,0.0,72.65090607973137,72.63333129882812,72.63333129882812,84.48854820008268,0.0002327969737234703,0.0,0.0,0.0,0.0,0.0,0.0,15215.0,1.0,1.0,0.0,0.0
AREQUIPA,CAMANA,JOSE MARIA QUIMPER,040202,3919.0,3,0.0,81.0801149111799,81.31396803797644,81.89212710368903,91.64218246136797,0.009280652616270868,0.0,0.0,0.0,0.0,0.0,0.0,3919.0,1.0,1.0,0.0,0.0
AREQUIPA,CAMANA,MARIANO NICOLAS VALCARCEL,040203,4397.0,3,0.0,191.6714304615374,185.8386494086699,189.4847361806787,199.02137875030982,0.013856551442561926,0.0,0.0,0.0,0.0,0.0,0.0,0.0,0.0,0.0,1.0,4397.0
AREQUIPA,CAMANA,MARISCAL CACERES,040204,5983.0,4,0.0,86.50544133569691,82.5982666015625,92.67459029852877,96.79318588743955,0.03975767795192331,0.0,0.0,0.0,0.0,0.0,0.0,5983.0,1.0,1.0,0.0,0.0
AREQUIPA,CAMANA,NICOLAS DE PIEROLA,040205,6065.0,3,0.0,74.20487055515123,75.30842380040518,76.74968524836228,84.61650631771732,0.030552881579958613,0.0,0.0,0.0,703.0,0.11591096455070074,0.11591096455070074,6065.0,1.0,0.8840890354492993,0.0,0.0
AREQUIPA,CAMANA,OCONA,040206,4686.0,3,0.0,125.82384855015584,123.55214901556334,129.08470695897154,141.91558246555564,0.013736775363175524,0.0,0.0,0.0,0.0,0.0,0.0,0.0,0.0,0.0,1.0,4686.0
AREQUIPA,CAMANA,QUILCA,040207,846.0,2,0.0,68.36744584428503,67.91399147141148,68.4894633333448,72.82481993005631,0.0029374854180951315,0.0,0.0,0.0,0.0,0.0,0.0,846.0,1.0,1.0,0.0,0.0
AREQUIPA,CAMANA,SAMUEL PASTOR,040208,14023.0,4,0.0,70.80373853781266,69.56798813934458,71.93279951189106,83.68610561076784,0.008157266530046337,0.0,0.0,0.0,0.0,0.0,0.0,14023.0,1.0,1.0,0.0,0.0
AREQUIPA,CARAVELI,ACARI,040302,4020.0,2,0.0,65.1179753773248,64.48971829138958,65.12860772077792,66.12269454120997,0.002298517817943879,0.0,0.0,0.0,0.0,0.0,0.0,4020.0,1.0,1.0,0.0,0.0
AREQUIPA,CARAVELI,ATICO,040303,4164.0,3,0.0,147.83583245107923,146.02333068847656,150.59936138832407,167.3223855076331,0.009667916490124218,0.0,0.0,0.0,0.0,0.0,0.0,0.0,0.0,0.0,1.0,4164.0
AREQUIPA,CARAVELI,ATIQUIPA,040304,781.0,2,0.0,59.49625454364146,59.24833297729492,59.85596338815063,57.6925964697375,0.0034360503096957373,0.0,0.0,0.0,644.0,0.8245838668373879,0.8245838668373879,781.0,1.0,0.17541613316261206,0.0,0.0
AREQUIPA,CARAVELI,BELLA UNION,040305,4529.0,3,0.0,77.55698307009558,80.87364882780689,81.88139480462388,78.99134812509811,0.04236769836469145,0.0,0.0,0.0,0.0,0.0,0.0,4529.0,1.0,1.0,0.0,0.0
AREQUIPA,CARAVELI,CAHUACHO,040306,881.0,2,0.0,87.4632408237349,86.91500091552734,88.1615931768266,106.4835691506151,0.004475275931013156,0.0,0.0,0.0,0.0,0.0,0.0,881.0,1.0,1.0,0.0,0.0
AREQUIPA,CARAVELI,CARAVELI,040301,3929.0,2,0.0,156.5526623180969,156.48666381835938,156.48666381835938,160.18970079972988,0.0003978609382374598,0.0,0.0,0.0,0.0,0.0,0.0,0.0,0.0,0.0,1.0,3929.0
AREQUIPA,CARAVELI,CHALA,040307,5237.0,2,0.0,82.30601787002618,82.30000305175781,82.30000305175781,76.95914710093847,6.664578138160238e-05,0.0,0.0,0.0,0.0,0.0,0.0,5237.0,1.0,1.0,0.0,0.0
AREQUIPA,CARAVELI,CHAPARRA,040308,3876.0,3,0.0,133.66611432881547,126.91554981206087,137.7764449233497,159.92976360498199,0.02993484810329694,0.0,0.0,0.0,0.0,0.0,0.0,0.0,0.0,0.0,1.0,3876.0
AREQUIPA,CARAVELI,HUANUHUANU,040309,2539.0,2,0.0,119.72626084293518,116.35347511098276,119.2520304714153,110.92906779724578,0.0020165467997964592,0.0,0.0,0.0,0.0,0.0,0.0,2539.0,1.0,1.0,0.0,0.0
AREQUIPA,CARAVELI,JAQUI,040310,1741.0,2,0.0,5.20577262202465,1.0950000286102295,11.364362490985956,3.7811620384711495,0.6358980597639707,1741.0,1.0,1.0,1741.0,1.0,0.0,1741.0,1.0,0.0,0.0,0.0
AREQUIPA,CARAVELI,LOMAS,040311,1183.0,2,0.0,58.70329689032328,53.55197726385677,58.62506220081823,90.36557338969342,0.01814717473806393,0.0,0.0,0.0,1183.0,1.0,1.0,1183.0,1.0,0.0,0.0,0.0
AREQUIPA,CARAVELI,QUICACHA,040312,1885.0,2,0.0,109.72497884816137,109.60166931152344,109.89656321207683,141.8917224752492,0.0009377963284026292,0.0,0.0,0.0,0.0,0.0,0.0,1885.0,1.0,1.0,0.0,0.0
AREQUIPA,CARAVELI,YAUCA,040313,1708.0,2,0.0,34.87530048557969,34.71333312988281,35.08554398386102,27.5442361675325,0.003920910488084406,0.0,0.0,0.0,1708.0,1.0,1.0,1708.0,1.0,0.0,0.0,0.0
AREQUIPA,CASTILLA,ANDAGUA,040402,1340.0,2,0.0,128.2941976120223,120.53056346107279,132.03677675471457,137.03519457916715,0.03307367261198624,0.0,0.0,0.0,0.0,0.0,0.0,481.0,0.35895522388059703,0.35895522388059703,0.6410447761194029,858.9999999999999
AREQUIPA,CASTILLA,APLAO,040401,9277.0,3,0.0,13.552815481726435,5.870921415628683,20.987540532267126,12.612917582870777,0.42074990504873877,9277.0,1.0,1.0,9277.0,1.0,0.0,9277.0,1.0,0.0,0.0,0.0
AREQUIPA,CASTILLA,AYO,040403,360.0,2,0.0,169.4490704006619,169.02667236328125,170.00833877252072,180.02576666937935,0.0018141846647827808,0.0,0.0,0.0,0.0,0.0,0.0,0.0,0.0,0.0,1.0,360.0
AREQUIPA,CASTILLA,CHACHAS,040404,2280.0,2,0.0,163.22853513349565,162.1818199268801,163.51502609475102,143.06643440514281,0.0028594709176064104,0.0,0.0,0.0,0.0,0.0,0.0,0.0,0.0,0.0,1.0,2280.0
AREQUIPA,CASTILLA,CHILCAYMARCA,040405,842.0,2,0.0,181.8371685689532,176.5066680908203,185.9666749802681,163.25375784830922,0.01660701637598261,0.0,0.0,0.0,0.0,0.0,0.0,0.0,0.0,0.0,1.0,842.0
AREQUIPA,CASTILLA,CHOCO,040406,1120.0,3,0.0,265.13888124738423,259.9217238987573,271.831000053189,171.31019236700877,0.02626584144486277,0.0,0.0,0.0,0.0,0.0,0.0,0.0,0.0,0.0,1.0,1120.0
AREQUIPA,CASTILLA,HUANCARQUI,040407,1445.0,2,0.0,7.415339069300457,5.758333206176758,9.822191709608543,4.196443120006046,0.18417765766954497,1445.0,1.0,1.0,1445.0,1.0,0.0,1445.0,1.0,0.0,0.0,0.0
AREQUIPA,CASTILLA,MACHAGUAY,040408,921.0,2,0.0,79.05797230640788,78.55162148726613,79.3316560845626,79.0154506753762,0.0035467798639002845,0.0,0.0,0.0,0.0,0.0,0.0,921.0,1.0,1.0,0.0,0.0
AREQUIPA,CASTILLA,ORCOPAMPA,040409,8355.0,2,0.0,173.41298022176034,168.6728173741435,174.16123583810995,143.4006632998345,0.009891542939918563,0.0,0.0,0.0,0.0,0.0,0.0,0.0,0.0,0.0,1.0,8355.0
AREQUIPA,CASTILLA,PAMPACOLCA,040410,3188.0,2,0.0,86.28723402513913,81.38500213623047,90.08924706947278,77.94626698799085,0.03220231862713108,0.0,0.0,0.0,0.0,0.0,0.0,3188.0,1.0,1.0,0.0,0.0
AREQUIPA,CASTILLA,TIPAN,040411,591.0,2,0.0,56.52885486712512,54.04617384997281,57.251901395971124,57.20297830520346,0.02007780756637423,0.0,0.0,0.0,591.0,1.0,1.0,591.0,1.0,0.0,0.0,0.0
AREQUIPA,CASTILLA,UNON,040412,366.0,2,0.0,77.46082545629616,69.66500091552734,87.52316344918557,66.20998313778736,0.07231936403321082,0.0,0.0,0.0,0.0,0.0,0.0,366.0,1.0,1.0,0.0,0.0
AREQUIPA,CASTILLA,URACA,040413,7201.0,3,0.0,23.17631474237875,24.859045717719894,25.358476013661168,22.99328378551024,0.06786253215911908,7201.0,1.0,1.0,7201.0,1.0,0.0,7201.0,1.0,0.0,0.0,0.0
AREQUIPA,CASTILLA,VIRACO,040414,2096.0,2,0.0,68.64024496988486,63.41364948310303,71.2520658341206,73.03289271856993,0.041910832434391865,0.0,0.0,0.0,0.0,0.0,0.0,2096.0,1.0,1.0,0.0,0.0
AREQUIPA,CAYLLOMA,ACHOMA,040502,1139.0,2,0.0,201.29522679624483,193.937185411709,200.88610651593555,156.40580256514846,0.006047520414879881,0.0,0.0,0.0,0.0,0.0,0.0,0.0,0.0,0.0,1.0,1139.0
AREQUIPA,CAYLLOMA,CABANACONDE,040503,2842.0,3,0.0,215.68812143861368,212.2550048828125,223.09349887037524,161.7708812125714,0.01234219249662516,0.0,0.0,0.0,0.0,0.0,0.0,0.0,0.0,0.0,1.0,2842.0
AREQUIPA,CAYLLOMA,CALLALLI,040504,2478.0,2,0.0,176.08586887855313,163.25133197142347,183.3849343630347,141.73711270262294,0.0399644216553835,0.0,0.0,0.0,0.0,0.0,0.0,0.0,0.0,0.0,1.0,2478.0
AREQUIPA,CAYLLOMA,CAYLLOMA,040505,4476.0,3,0.0,125.2068947850859,114.20948489703102,135.03656250674996,89.62196595206444,0.06971875406747796,0.0,0.0,0.0,0.0,0.0,0.0,2125.0,0.4747542448614835,0.4747542448614835,0.5252457551385166,2351.0
AREQUIPA,CAYLLOMA,CHIVAY,040501,6543.0,2,0.0,182.96424849864522,182.8733367919922,182.8733367919922,145.86917267708571,0.0004772136203686772,0.0,0.0,0.0,0.0,0.0,0.0,0.0,0.0,0.0,1.0,6543.0
AREQUIPA,CAYLLOMA,COPORAQUE,040506,1393.0,2,0.0,193.29058954002014,191.52737770048483,193.40813667290948,155.23644763209884,0.0025953920365179295,0.0,0.0,0.0,0.0,0.0,0.0,0.0,0.0,0.0,1.0,1393.0
AREQUIPA,CAYLLOMA,HUAMBO,040507,895.0,2,0.0,160.42703826733808,155.43666076660156,164.6728390837369,116.35534139452034,0.01842080765735199,0.0,0.0,0.0,0.0,0.0,0.0,0.0,0.0,0.0,1.0,895.0
AREQUIPA,CAYLLOMA,HUANCA,040508,1841.0,2,0.0,115.05077767773597,112.27333068847656,116.74821291722749,92.42685633570781,0.012181987389056403,0.0,0.0,0.0,0.0,0.0,0.0,1841.0,1.0,1.0,0.0,0.0
AREQUIPA,CAYLLOMA,ICHUPAMPA,040509,757.0,2,0.0,196.9304189543428,196.5399932861328,196.5399932861328,155.56019860372203,0.0018594650789395262,0.0,0.0,0.0,0.0,0.0,0.0,0.0,0.0,0.0,1.0,757.0
AREQUIPA,CAYLLOMA,LARI,040510,1373.0,2,0.0,213.42357673839504,213.30166625976562,213.30166625976562,162.68902154465445,0.000520873705412872,0.0,0.0,0.0,0.0,0.0,0.0,0.0,0.0,0.0,1.0,1373.0
AREQUIPA,CAYLLOMA,LLUTA,040511,1446.0,3,0.0,116.64136451309648,110.74951743645114,119.58932067871095,76.4231578357322,0.03723695182061859,0.0,0.0,0.0,0.0,0.0,0.0,1276.0,0.8824343015214384,0.8824343015214384,0.11756569847856158,170.00000000000003
AREQUIPA,CAYLLOMA,MACA,040512,916.0,2,0.0,213.46083308723817,213.3733367919922,213.3733367919922,166.15210487332408,0.00040631404931656956,0.0,0.0,0.0,0.0,0.0,0.0,0.0,0.0,0.0,1.0,916.0
AREQUIPA,CAYLLOMA,MADRIGAL,040513,705.0,2,0.0,223.52028185255983,223.0449981689453,223.0449981689453,172.8309137871925,0.002081114344339663,0.0,0.0,0.0,0.0,0.0,0.0,0.0,0.0,0.0,1.0,705.0
AREQUIPA,CAYLLOMA,MAJES,040520,38534.0,6,0.0,11.164792805150629,9.430702531812484,16.131621658445074,8.129830248615605,0.1153379915975512,38534.0,1.0,1.0,38534.0,1.0,0.0,38534.0,1.0,0.0,0.0,0.0
AREQUIPA,CAYLLOMA,SAN ANTONIO DE CHUCA,040514,1423.0,2,0.0,150.1454632692746,140.602539969822,154.1271730330269,146.2091530580715,0.03332394247220938,0.0,0.0,0.0,0.0,0.0,0.0,0.0,0.0,0.0,1.0,1423.0
AREQUIPA,CAYLLOMA,SIBAYO,040515,801.0,2,0.0,153.856193628204,141.45392721563408,159.49745048218932,123.32285197397296,0.04341308151896195,0.0,0.0,0.0,0.0,0.0,0.0,0.0,0.0,0.0,1.0,801.0
AREQUIPA,CAYLLOMA,TAPAY,040516,671.0,2,0.0,247.05234364994237,241.7083282470703,254.90937125466087,176.0145618876473,0.01773041465400582,0.0,0.0,0.0,0.0,0.0,0.0,0.0,0.0,0.0,1.0,671.0
AREQUIPA,CAYLLOMA,TISCO,040517,1811.0,3,0.0,129.98607422751263,124.20423548380533,129.4471217246511,76.77692998489051,0.03567068964961717,0.0,0.0,0.0,0.0,0.0,0.0,0.0,0.0,0.0,1.0,1811.0
AREQUIPA,CAYLLOMA,TUTI,040518,889.0,2,0.0,189.88196092569117,177.43499755859375,206.57455855893417,157.1326710515403,0.05508058499844237,0.0,0.0,0.0,0.0,0.0,0.0,0.0,0.0,0.0,1.0,889.0
AREQUIPA,CAYLLOMA,YANQUE,040519,2324.0,3,0.0,172.69858374406877,154.78892924440999,183.079123739507,138.92536927254392,0.05937344249537202,0.0,0.0,0.0,0.0,0.0,0.0,0.0,0.0,0.0,1.0,2324.0
AREQUIPA,CONDESUYOS,ANDARAY,040602,719.0,2,0.0,103.7348397776215,81.3949966430664,117.78269728962172,99.18390014605993,0.11022355322524968,0.0,0.0,0.0,0.0,0.0,0.0,368.0,0.5118219749652295,0.5118219749652295,0.4881780250347705,351.0
AREQUIPA,CONDESUYOS,CAYARANI,040603,3691.0,2,0.0,34.288795833954545,33.880001068115234,34.5150480358032,40.96849779900546,0.010445976950324676,0.0,0.0,0.0,3691.0,1.0,1.0,3691.0,1.0,0.0,0.0,0.0
AREQUIPA,CONDESUYOS,CHICHAS,040604,832.0,2,0.0,234.7079598903656,234.09246474771632,234.84516531282452,146.3481094470391,0.001078064494753006,0.0,0.0,0.0,0.0,0.0,0.0,0.0,0.0,0.0,1.0,832.0
AREQUIPA,CONDESUYOS,CHUQUIBAMBA,040601,3618.0,2,0.0,48.61376104149257,46.70833206176758,51.40364245950741,49.01307768054665,0.03029020054916709,0.0,0.0,0.0,3618.0,1.0,1.0,3618.0,1.0,0.0,0.0,0.0
AREQUIPA,CONDESUYOS,IRAY,040605,716.0,2,0.0,39.98873730345145,39.75581756183411,40.12049639810901,41.234705999576846,0.0032000539056051824,0.0,0.0,0.0,716.0,1.0,1.0,716.0,1.0,0.0,0.0,0.0
AREQUIPA,CONDESUYOS,RIO GRANDE,040606,3581.0,3,0.0,179.77090291755889,172.63999938964844,190.26263551372784,171.37849450131364,0.026138765114657292,0.0,0.0,0.0,0.0,0.0,0.0,0.0,0.0,0.0,1.0,3581.0
AREQUIPA,CONDESUYOS,SALAMANCA,040607,1060.0,2,0.0,200.75715209673035,199.58999633789062,201.50334607695046,132.21637748862213,0.003000124323763287,0.0,0.0,0.0,0.0,0.0,0.0,0.0,0.0,0.0,1.0,1060.0
AREQUIPA,CONDESUYOS,YANAQUIHUA,040608,4964.0,2,0.0,136.98057907190562,123.93765482307832,136.95286299586567,124.30414434981672,0.02092299035719669,0.0,0.0,0.0,0.0,0.0,0.0,554.0,0.11160354552780016,0.11160354552780016,0.8883964544721998,4410.0
AREQUIPA,ISLAY,COCACHACRA,040702,9346.0,3,0.0,38.340813210044715,33.935001373291016,44.672186282282105,40.93372983501882,0.08149664151792979,0.0,0.0,0.0,9346.0,1.0,1.0,9346.0,1.0,0.0,0.0,0.0
AREQUIPA,ISLAY,DEAN VALDIVIA,040703,6596.0,4,0.0,28.59049126247408,27.590208746810895,29.944037369662936,28.07298508378648,0.024459556463752752,4415.0,0.6693450576106731,0.6693450576106731,6596.0,1.0,0.3306549423893269,6596.0,1.0,0.0,0.0,0.0
AREQUIPA,ISLAY,ISLAY,040704,4838.0,2,0.0,12.197476844346046,12.1899995803833,12.1899995803833,12.838767552582771,0.0006111166382540834,4838.0,1.0,1.0,4838.0,1.0,0.0,4838.0,1.0,0.0,0.0,0.0
AREQUIPA,ISLAY,MEJIA,040705,1139.0,2,0.0,16.907944214563813,16.59166717529297,17.184339676823534,16.6640311350835,0.011216925566147173,1139.0,1.0,1.0,1139.0,1.0,0.0,1139.0,1.0,0.0,0.0,0.0
AREQUIPA,ISLAY,MOLLENDO,040701,24033.0,2,0.0,1.6116538986812314,1.5116666555404663,1.5116666555404663,0.9902014088770554,0.058828813993287654,24033.0,1.0,1.0,24033.0,1.0,0.0,24033.0,1.0,0.0,0.0,0.0
AREQUIPA,ISLAY,PUNTA DE BOMBON,040706,6621.0,3,0.0,35.195107868369156,34.88833236694336,35.09958079778231,34.45616058812835,0.008170934442874422,0.0,0.0,0.0,6621.0,1.0,1.0,6621.0,1.0,0.0,0.0,0.0
AREQUIPA,LA UNION,ALCA,040802,2373.0,3,0.0,229.3849427632727,223.48952235104883,236.65869543315088,248.34864860499303,0.02297513920808858,0.0,0.0,0.0,0.0,0.0,0.0,0.0,0.0,0.0,1.0,2373.0
AREQUIPA,LA UNION,CHARCANA,040803,647.0,2,0.0,244.62376891995507,240.2066650390625,248.05486140659877,231.8759735909275,0.010242376677740639,0.0,0.0,0.0,0.0,0.0,0.0,0.0,0.0,0.0,1.0,647.0
AREQUIPA,LA UNION,COTAHUASI,040801,3030.0,2,0.0,213.9187798830542,211.69411730692482,214.99615988716621,191.56374149133663,0.00568952569791481,0.0,0.0,0.0,0.0,0.0,0.0,0.0,0.0,0.0,1.0,3030.0
AREQUIPA,LA UNION,HUAYNACOTAS,040804,2476.0,3,0.0,235.9767080316251,230.7443217291348,240.8253293849554,223.96964384088224,0.013593257860264107,0.0,0.0,0.0,0.0,0.0,0.0,0.0,0.0,0.0,1.0,2476.0
AREQUIPA,LA UNION,PAMPAMARCA,040805,1430.0,3,0.0,232.20839751983857,231.5165585066921,232.6595924412279,203.53920059737627,0.0015195638277567536,0.0,0.0,0.0,0.0,0.0,0.0,0.0,0.0,0.0,1.0,1430.0
AREQUIPA,LA UNION,PUYCA,040806,2878.0,3,0.0,183.0666707127023,174.90167236328125,198.55094072240345,206.70766161082932,0.03049841046269608,0.0,0.0,0.0,0.0,0.0,0.0,0.0,0.0,0.0,1.0,2878.0
AREQUIPA,LA UNION,QUECHUALLA,040807,278.0,2,0.0,271.1366862564636,268.4659577112764,271.6758575578803,250.52512299242636,0.0038980648531389273,0.0,0.0,0.0,0.0,0.0,0.0,0.0,0.0,0.0,1.0,278.0
AREQUIPA,LA UNION,SAYLA,040808,533.0,2,0.0,266.4350050019055,252.96347300211588,270.70736745198565,260.6558216374095,0.023915600791467706,0.0,0.0,0.0,0.0,0.0,0.0,0.0,0.0,0.0,1.0,533.0
AREQUIPA,LA UNION,TAURIA,040809,343.0,2,0.0,262.0161911322146,258.99334716796875,264.0613250732422,259.8761509486607,0.006121598878732537,0.0,0.0,0.0,0.0,0.0,0.0,0.0,0.0,0.0,1.0,343.0
AREQUIPA,LA UNION,TOMEPAMPA,040810,903.0,2,0.0,235.99634995571404,227.48858319796048,240.52971126849835,210.84196223769078,0.01996825587767781,0.0,0.0,0.0,0.0,0.0,0.0,0.0,0.0,0.0,1.0,903.0
AREQUIPA,LA UNION,TORO,040811,1005.0,2,0.0,213.2695578200307,210.80667114257812,215.72920082427643,182.10531379358093,0.007365589800553907,0.0,0.0,0.0,0.0,0.0,0.0,0.0,0.0,0.0,1.0,1005.0
AYACUCHO,CANGALLO,CANGALLO,050201,6771.0,3,0.0,5.321892607777214,5.217727963847709,7.175545562251964,3.7312451657543257,0.28867348873365817,6771.0,1.0,1.0,6771.0,1.0,0.0,6771.0,1.0,0.0,0.0,0.0
AYACUCHO,CANGALLO,CHUSCHI,050202,8265.0,3,0.0,86.12861695609811,67.11832844104478,97.33566519992772,61.16546407654584,0.12035582274113399,0.0,0.0,0.0,0.0,0.0,0.0,8265.0,1.0,1.0,0.0,0.0
AYACUCHO,CANGALLO,LOS MOROCHUCOS,050203,8301.0,3,0.0,19.434366205516685,16.968334197998047,20.462306907401654,19.615098017839735,0.09948563710531211,7721.0,0.9301289001325141,0.9301289001325141,8301.0,1.0,0.06987109986748585,8301.0,1.0,0.0,0.0,0.0
AYACUCHO,CANGALLO,MARIA PARADO DE BELLIDO,050204,2831.0,2,0.0,45.43652209339526,38.36954399139162,46.02057627874707,33.471997101034894,0.04646918794233845,0.0,0.0,0.0,2831.0,1.0,1.0,2831.0,1.0,0.0,0.0,0.0
AYACUCHO,CANGALLO,PARAS,050205,4956.0,3,0.0,152.10387286724247,148.69359617025157,151.68543039030533,136.6430254452069,0.010742492991718589,0.0,0.0,0.0,0.0,0.0,0.0,0.0,0.0,0.0,1.0,4956.0
AYACUCHO,CANGALLO,TOTOS,050206,4034.0,3,0.0,142.1609308850842,139.1432079285043,145.83350337350606,112.36737798521527,0.015529231422025003,0.0,0.0,0.0,0.0,0.0,0.0,0.0,0.0,0.0,1.0,4034.0
AYACUCHO,HUAMANGA,ACOCRO,050102,8953.0,4,0.0,68.88336123821523,54.940179719450725,80.75475242762796,49.06081980076047,0.11406916945955259,0.0,0.0,0.0,4442.0,0.4961465430581928,0.4961465430581928,8953.0,1.0,0.5038534569418072,0.0,0.0
AYACUCHO,HUAMANGA,ACOS VINCHOS,050103,5125.0,2,0.0,45.76214064137529,42.419088216211364,45.819816178398526,33.70500919472299,0.017427014331643953,0.0,0.0,0.0,5125.0,1.0,1.0,5125.0,1.0,0.0,0.0,0.0
AYACUCHO,HUAMANGA,ANDRES AVELINO CACERES DORREGARAY,050116,35000.0,1,0.0,2.881666660308838,2.881666660308838,2.881666660308838,2.4059998989105225,,35000.0,1.0,1.0,35000.0,1.0,0.0,35000.0,1.0,0.0,0.0,0.0
AYACUCHO,HUAMANGA,AYACUCHO,050101,102417.0,3,0.0,3.6465488494252067,3.508333444595337,3.508333444595337,1.4258781069465747,0.03674068558427024,102417.0,1.0,1.0,102417.0,1.0,0.0,102417.0,1.0,0.0,0.0,0.0
AYACUCHO,HUAMANGA,CARMEN ALTO,050104,8510.0,2,0.0,6.690921209393601,5.21999979019165,5.21999979019165,3.7878650819092603,0.1998178649752641,8510.0,1.0,1.0,8510.0,1.0,0.0,8510.0,1.0,0.0,0.0,0.0
AYACUCHO,HUAMANGA,CHIARA,050105,6449.0,3,0.0,36.95134839096223,31.511909212413048,39.686457405984406,24.74726818106603,0.04606924311753502,328.0,0.05086059854240967,0.05086059854240967,6449.0,1.0,0.9491394014575903,6449.0,1.0,0.0,0.0,0.0
AYACUCHO,HUAMANGA,JESUS NAZARENO,050115,15610.0,2,0.0,2.421728229217236,2.196666717529297,2.196666717529297,1.4832769305945817,0.08523041714816759,15610.0,1.0,1.0,15610.0,1.0,0.0,15610.0,1.0,0.0,0.0,0.0
AYACUCHO,HUAMANGA,OCROS,050106,6432.0,3,0.0,94.42860640340777,82.59096093494738,96.21152714792697,68.44007992625829,0.04618387811404401,0.0,0.0,0.0,0.0,0.0,0.0,6432.0,1.0,1.0,0.0,0.0
AYACUCHO,HUAMANGA,PACAYCASA,050107,3863.0,3,0.0,33.36031424996151,26.014073186779616,37.31614776723873,25.68327846719661,0.1373750816432714,1287.0,0.3331607558892053,0.3331607558892053,3863.0,1.0,0.6668392441107946,3863.0,1.0,0.0,0.0,0.0
AYACUCHO,HUAMANGA,QUINUA,050108,6659.0,2,0.0,35.91104255615546,34.52951673060331,36.560569483815975,28.43514994369074,0.020902027728704198,0.0,0.0,0.0,6659.0,1.0,1.0,6659.0,1.0,0.0,0.0,0.0
AYACUCHO,HUAMANGA,SAN JOSE DE TICLLAS,050109,2527.0,2,0.0,22.779490173122465,21.356666564941406,21.356666564941406,21.841737347909664,0.05828349968920277,2358.0,0.9331222793826672,0.9331222793826672,2527.0,1.0,0.06687772061733277,2527.0,1.0,0.0,0.0,0.0
AYACUCHO,HUAMANGA,SAN JUAN BAUTISTA,050110,38522.0,2,0.0,3.588111654693764,3.5799999237060547,3.5799999237060547,2.5172506242481436,0.0022116035751678087,38522.0,1.0,1.0,38522.0,1.0,0.0,38522.0,1.0,0.0,0.0,0.0
AYACUCHO,HUAMANGA,SANTIAGO DE PISCHA,050111,1473.0,3,0.0,61.49331640695441,49.05501006260391,69.52686832837821,44.76394695533188,0.10265991849540324,0.0,0.0,0.0,367.0,0.24915139171758316,0.24915139171758316,1473.0,1.0,0.7508486082824168,0.0,0.0
AYACUCHO,HUAMANGA,SOCOS,050112,7023.0,3,0.0,39.35728519987758,36.122741402045285,40.24054864661999,27.60317132616593,0.04147651757730564,758.0,0.10793108358251459,0.10793108358251459,7023.0,1.0,0.8920689164174854,7023.0,1.0,0.0,0.0,0.0
AYACUCHO,HUAMANGA,TAMBILLO,050113,5068.0,2,0.0,38.461514314141155,30.235522328878254,37.333771335892834,26.77394938299575,0.016180191732620974,192.00000000000003,0.037884767166535126,0.037884767166535126,5068.0,1.0,0.9621152328334649,5068.0,1.0,0.0,0.0,0.0
AYACUCHO,HUAMANGA,VINCHOS,050114,15740.0,4,0.0,65.63284937904227,63.30204399199502,77.51859982146114,42.85721507034076,0.11654556403372296,0.0,0.0,0.0,5692.666666666667,0.3616687844133842,0.3616687844133842,15740.0,1.0,0.6383312155866159,0.0,0.0
AYACUCHO,HUANCA SANCOS,CARAPO,050302,2618.0,3,0.0,94.91187262480454,86.47017785894181,104.96603264210087,70.4231748529934,0.09097203534462095,0.0,0.0,0.0,0.0,0.0,0.0,2618.0,1.0,1.0,0.0,0.0
AYACUCHO,HUANCA SANCOS,SACSAMARCA,050303,1797.0,2,0.0,117.33973691724842,116.19666290283203,118.15270513022818,130.68217830838398,0.005296338432642433,0.0,0.0,0.0,0.0,0.0,0.0,1797.0,1.0,1.0,0.0,0.0
AYACUCHO,HUANCA SANCOS,SANCOS,050301,3771.0,2,0.0,126.1647806949054,114.04666900634766,144.32127526419504,106.66596396119232,0.07732893849887745,0.0,0.0,0.0,0.0,0.0,0.0,3036.0,0.8050914876690533,0.8050914876690533,0.19490851233094675,735.0000000000002
AYACUCHO,HUANCA SANCOS,SANTIAGO DE LUCANAMARCA,050304,2675.0,3,0.0,107.96973381826811,106.63500213623047,109.73483977668803,102.86113677408093,0.00756047577711394,0.0,0.0,0.0,0.0,0.0,0.0,2675.0,1.0,1.0,0.0,0.0
AYACUCHO,HUANTA,AYAHUANCO,050402,8646.0,4,0.0,264.7692359308388,244.84240656120832,297.0985199684321,185.78103338378793,0.09987873722389773,0.0,0.0,0.0,0.0,0.0,0.0,338.0,0.03909322229932917,0.03909322229932917,0.9609067777006708,8308.0
AYACUCHO,HUANTA,CANAYRE,050409,2593.0,3,0.0,64.21982635957046,56.02888818141193,73.37814364500721,47.39763670780463,0.09993112944569582,0.0,0.0,0.0,1603.0,0.6182028538372542,0.6182028538372542,2593.0,1.0,0.38179714616274585,0.0,0.0
AYACUCHO,HUANTA,HUAMANGUILLA,050403,5200.0,2,0.0,23.526725544562705,22.636667251586914,24.70307820611138,22.036601048983062,0.027508081258540318,5200.0,1.0,1.0,5200.0,1.0,0.0,5200.0,1.0,0.0,0.0,0.0
AYACUCHO,HUANTA,HUANTA,050401,36299.0,4,0.0,1.599302703921974,0.7350000143051147,4.348320384384705,1.0717187503595424,0.40534327355079236,36299.0,1.0,1.0,36299.0,1.0,0.0,36299.0,1.0,0.0,0.0,0.0
AYACUCHO,HUANTA,IGUAIN,050404,2697.0,2,0.0,11.023195287232758,10.524999618530273,11.739588664836639,11.037117560969753,0.03738617804130884,2697.0,1.0,1.0,2697.0,1.0,0.0,2697.0,1.0,0.0,0.0,0.0
AYACUCHO,HUANTA,LLOCHEGUA,050408,10944.0,4,0.0,39.54849919903348,22.926172047456937,60.25203378739816,30.51652566217191,0.30451038890174686,7599.5,0.6943987573099415,0.6943987573099415,7599.5,0.6943987573099415,0.0,10944.0,1.0,0.3056012426900585,0.0,0.0
AYACUCHO,HUANTA,LURICOCHA,050405,5060.0,3,0.0,12.22746294685032,9.16862548471921,13.29372494435595,9.741974869829864,0.1253753513984689,5060.0,1.0,1.0,5060.0,1.0,0.0,5060.0,1.0,0.0,0.0,0.0
AYACUCHO,HUANTA,SANTILLANA,050406,7215.0,3,0.0,70.61059396893137,56.71204056689157,81.26772227135342,72.6632887191931,0.11723171187089065,0.0,0.0,0.0,3920.0,0.5433125433125433,0.5433125433125433,7215.0,1.0,0.4566874566874567,0.0,0.0
AYACUCHO,HUANTA,SIVIA,050407,11956.0,4,0.0,11.103099917539907,8.306485584056462,17.61646355206502,8.129964957033044,0.32844219882596215,11956.0,1.0,1.0,11956.0,1.0,0.0,11956.0,1.0,0.0,0.0,0.0
AYACUCHO,HUANTA,UCHURACCAY,050410,3925.0,3,0.0,50.91362201763566,47.364174917742766,50.70142084824599,67.34308887457392,0.0270140466722123,0.0,0.0,0.0,3691.0,0.9403821656050956,0.9403821656050956,3925.0,1.0,0.05961783439490442,0.0,0.0
AYACUCHO,LA MAR,ANCHIHUAY,050510,5159.0,2,0.0,66.00057944504645,63.78067275037537,67.26813406179383,68.7128458690403,0.018409855692179455,0.0,0.0,0.0,0.0,0.0,0.0,5159.0,1.0,1.0,0.0,0.0
AYACUCHO,LA MAR,ANCO,050502,10485.0,4,0.0,81.01662300848426,80.83696416369209,82.0039351485804,82.61324449574657,0.008071664228910813,0.0,0.0,0.0,0.0,0.0,0.0,10485.0,1.0,1.0,0.0,0.0
AYACUCHO,LA MAR,AYNA,050503,10231.0,3,0.0,9.037020610255261,2.052460874605896,17.1421106893233,9.854118812236836,0.47381236425800766,10231.0,1.0,1.0,10231.0,1.0,0.0,10231.0,1.0,0.0,0.0,0.0
AYACUCHO,LA MAR,CHILCAS,050504,2617.0,2,0.0,58.908407437969906,48.974347404496115,58.59620309906329,41.323531633667876,0.0321124343158109,0.0,0.0,0.0,252.0,0.09629346580053497,0.09629346580053497,2617.0,1.0,0.903706534199465,0.0,0.0
AYACUCHO,LA MAR,CHUNGUI,050505,6254.0,2,0.0,150.54453273562146,130.06621055997675,149.58523918230784,152.50257032154695,0.023747501995693754,0.0,0.0,0.0,0.0,0.0,0.0,551.0,0.08810361368724016,0.08810361368724016,0.9118963863127598,5703.0
AYACUCHO,LA MAR,LUIS CARRANZA,050506,1209.0,2,0.0,48.45464805180224,47.01499938964844,47.673271131140055,36.77303053585333,0.026590226360708846,0.0,0.0,0.0,1082.0,0.8949545078577337,0.8949545078577337,1209.0,1.0,0.10504549214226633,0.0,0.0
AYACUCHO,LA MAR,SAMUGARI,050509,8572.0,3,0.0,56.88647218268996,43.9953525748985,66.20843163724716,53.20072242872102,0.13128265072824408,0.0,0.0,0.0,4398.0,0.5130657956136258,0.5130657956136258,8572.0,1.0,0.48693420438637425,0.0,0.0
AYACUCHO,LA MAR,SAN MIGUEL,050501,10880.0,4,0.0,10.292950358581455,9.486064023313288,15.919606979683476,7.22741667753195,0.3568960957688285,10880.0,1.0,1.0,10880.0,1.0,0.0,10880.0,1.0,0.0,0.0,0.0
AYACUCHO,LA MAR,SANTA ROSA,050507,14354.0,4,0.0,35.651948269220455,34.992848098172175,45.06940680584357,33.695933805861415,0.17252936382469652,4702.0,0.32757419534624493,0.32757419534624493,14354.0,1.0,0.672425804653755,14354.0,1.0,0.0,0.0,0.0
AYACUCHO,LA MAR,TAMBO,050508,18260.0,4,0.0,18.54504409436981,14.484220369172535,25.4923463701931,16.388274349988748,0.2022294392667976,18260.0,1.0,1.0,18260.0,1.0,0.0,18260.0,1.0,0.0,0.0,0.0
AYACUCHO,LUCANAS,AUCARA,050602,4400.0,3,0.0,91.50090935620395,73.02106905081433,112.44246065455346,107.50668331319636,0.1258806206668397,0.0,0.0,0.0,0.0,0.0,0.0,4400.0,1.0,1.0,0.0,0.0
AYACUCHO,LUCANAS,CABANA,050603,3252.0,3,0.0,67.40284910823733,64.25499725341797,74.0305698138665,91.87941839304943,0.03660878758539721,0.0,0.0,0.0,0.0,0.0,0.0,3252.0,1.0,1.0,0.0,0.0
AYACUCHO,LUCANAS,CARMEN SALCEDO,050604,3427.0,2,0.0,50.51796384799714,46.86616344747917,50.678567162152085,71.39115384260211,0.019067253091791247,0.0,0.0,0.0,3427.0,1.0,1.0,3427.0,1.0,0.0,0.0,0.0
AYACUCHO,LUCANAS,CHAVINA,050605,2391.0,2,0.0,11.083135917165796,9.94397346335912,11.606127914107372,14.84183525051945,0.055497727811612774,2391.0,1.0,1.0,2391.0,1.0,0.0,2391.0,1.0,0.0,0.0,0.0
AYACUCHO,LUCANAS,CHIPAO,050606,3965.0,3,0.0,94.61152219640051,91.11242718131919,99.40521681793336,101.02431567698379,0.04148117672102136,0.0,0.0,0.0,0.0,0.0,0.0,3965.0,1.0,1.0,0.0,0.0
AYACUCHO,LUCANAS,HUAC-HUAS,050607,2692.0,2,0.0,74.43683735931079,71.09166717529297,78.98757854272289,75.86913179961569,0.033170583867785375,0.0,0.0,0.0,0.0,0.0,0.0,2692.0,1.0,1.0,0.0,0.0
AYACUCHO,LUCANAS,LARAMATE,050608,2117.0,2,0.0,131.38937242424146,116.00785252515693,139.32290839565638,97.08401016069574,0.06471689410845438,0.0,0.0,0.0,0.0,0.0,0.0,809.0,0.382144544166273,0.382144544166273,0.617855455833727,1308.0000000000002
AYACUCHO,LUCANAS,LEONCIO PRADO,050609,1592.0,2,0.0,49.674409799240344,47.1783332824707,53.39754113643127,34.34199687344345,0.03958035195747689,0.0,0.0,0.0,1592.0,1.0,1.0,1592.0,1.0,0.0,0.0,0.0
AYACUCHO,LUCANAS,LLAUTA,050610,1429.0,3,0.0,49.013316438113,35.323333740234375,74.55679860402304,35.898209397654334,0.20546057452566913,0.0,0.0,0.0,996.0000000000001,0.6969909027291813,0.6969909027291813,1429.0,1.0,0.3030090972708187,0.0,0.0
AYACUCHO,LUCANAS,LUCANAS,050611,3786.0,3,0.0,28.73658524224573,25.90999937057495,34.437179772694904,34.718716565478246,0.1344045091586754,1985.9999999999998,0.5245641838351822,0.5245641838351822,3786.0,1.0,0.4754358161648178,3786.0,1.0,0.0,0.0,0.0
AYACUCHO,LUCANAS,OCANA,050612,3452.0,3,0.0,116.64142238665566,119.12217181406909,124.57776688234507,82.04274761690601,0.06254602009549215,0.0,0.0,0.0,0.0,0.0,0.0,1110.0,0.32155272305909616,0.32155272305909616,0.6784472769409038,2342.0
AYACUCHO,LUCANAS,OTOCA,050613,3013.0,2,0.0,72.52141363407898,65.67166900634766,80.73257082590949,69.9480978873652,0.0655171917092866,0.0,0.0,0.0,0.0,0.0,0.0,3013.0,1.0,1.0,0.0,0.0
AYACUCHO,LUCANAS,PUQUIO,050601,13991.0,3,0.0,4.234776220791301,1.9883333444595337,10.969840654796052,4.149856602759624,0.4610552723437258,13991.0,1.0,1.0,13991.0,1.0,0.0,13991.0,1.0,0.0,0.0,0.0
AYACUCHO,LUCANAS,SAISA,050614,875.0,2,0.0,102.94058088902065,96.87166595458984,107.78897222908594,103.40854148646764,0.03389099876181134,0.0,0.0,0.0,0.0,0.0,0.0,875.0,1.0,1.0,0.0,0.0
AYACUCHO,LUCANAS,SAN CRISTOBAL,050615,1944.0,2,0.0,72.67691336737738,70.11000061035156,74.72170927628227,79.86214249222367,0.020276013329976972,0.0,0.0,0.0,0.0,0.0,0.0,1944.0,1.0,1.0,0.0,0.0
AYACUCHO,LUCANAS,SAN JUAN,050616,1286.0,3,0.0,27.475720196452517,25.06359044889386,29.346644901983517,28.456323297361195,0.05277246197529606,1286.0,1.0,1.0,1286.0,1.0,0.0,1286.0,1.0,0.0,0.0,0.0
AYACUCHO,LUCANAS,SAN PEDRO,050617,3418.0,3,0.0,39.30814615252982,39.25803566497024,40.39427375897061,28.87763523929924,0.024015779305204377,0.0,0.0,0.0,3418.0,1.0,1.0,3418.0,1.0,0.0,0.0,0.0
AYACUCHO,LUCANAS,SAN PEDRO DE PALCO,050618,1550.0,2,0.0,106.73646136868385,106.41000366210938,106.99284955770662,101.09260966639366,0.0026599429299187793,0.0,0.0,0.0,0.0,0.0,0.0,1550.0,1.0,1.0,0.0,0.0
AYACUCHO,LUCANAS,SANCOS,050619,5556.0,3,0.0,36.8687606891168,32.45833206176758,52.462884156133114,28.305262915087397,0.10063919027382773,0.0,0.0,0.0,5030.0,0.9053275737940965,0.9053275737940965,5556.0,1.0,0.09467242620590355,0.0,0.0
AYACUCHO,LUCANAS,SANTA ANA DE HUAYCAHUACHO,050620,745.0,2,0.0,77.13122113119036,77.09833526611328,77.09833526611328,108.0859931075333,0.00041777808120846416,0.0,0.0,0.0,0.0,0.0,0.0,745.0,1.0,1.0,0.0,0.0
AYACUCHO,LUCANAS,SANTA LUCIA,050621,1090.0,2,0.0,102.56628669948753,96.99166870117188,110.81532768249512,94.25109016348462,0.044378639970535816,0.0,0.0,0.0,0.0,0.0,0.0,890.0,0.8165137614678899,0.8165137614678899,0.1834862385321101,200.0
AYACUCHO,PARINACOCHAS,CHUMPI,050702,2981.0,3,0.0,17.875754890006807,15.54761422239244,21.39383858312078,20.656169469706047,0.11361203047763724,2981.0,1.0,1.0,2981.0,1.0,0.0,2981.0,1.0,0.0,0.0,0.0
AYACUCHO,PARINACOCHAS,CORACORA,050701,14749.0,2,0.0,21.418424929644797,0.70333331823349,45.73310815668845,24.763476962450845,0.6643379584374026,10131.0,0.6868940267136755,0.6868940267136755,10131.0,0.6868940267136755,0.0,14749.0,1.0,0.3131059732863245,0.0,0.0
AYACUCHO,PARINACOCHAS,CORONEL CASTANEDA,050703,1290.0,2,0.0,107.98519489377044,103.16269391203579,108.35254000311028,116.81439475126045,0.013086514470961763,0.0,0.0,0.0,0.0,0.0,0.0,1290.0,1.0,1.0,0.0,0.0
AYACUCHO,PARINACOCHAS,PACAPAUSA,050704,1607.0,2,0.0,89.69663313537484,89.46112342701116,89.7962224881366,95.82048314301657,0.0013827761479312528,0.0,0.0,0.0,0.0,0.0,0.0,1607.0,1.0,1.0,0.0,0.0
AYACUCHO,PARINACOCHAS,PULLO,050705,4475.0,3,0.0,113.94188275470414,99.55056346874093,125.21666679282332,106.93968793730497,0.08153111945560843,0.0,0.0,0.0,567.0,0.12670391061452513,0.12670391061452513,567.0,0.12670391061452513,0.0,0.8732960893854749,3908.0
AYACUCHO,PARINACOCHAS,PUYUSCA,050706,2364.0,3,0.0,51.17459857120934,47.485631029171486,56.249125107201486,66.31600656202804,0.0843427313574856,0.0,0.0,0.0,2364.0,1.0,1.0,2364.0,1.0,0.0,0.0,0.0
AYACUCHO,PARINACOCHAS,SAN FRANCISCO DE RAVACAYCO,050707,680.0,2,0.0,118.22242229686064,106.54654636307667,121.6319777296466,119.19744307574103,0.0451982304683588,0.0,0.0,0.0,0.0,0.0,0.0,174.0,0.25588235294117645,0.25588235294117645,0.7441176470588236,506.0
AYACUCHO,PARINACOCHAS,UPAHUACHO,050708,1882.0,2,0.0,83.59604534915353,82.23335599983888,83.5666724206709,66.27304836439403,0.0032670007092812092,0.0,0.0,0.0,0.0,0.0,0.0,1882.0,1.0,1.0,0.0,0.0
AYACUCHO,PAUCAR DEL SARA SARA,COLTA,050802,797.0,2,0.0,160.7983157781316,142.15404839545928,170.9774771595606,167.81208766808024,0.06416474648950399,0.0,0.0,0.0,0.0,0.0,0.0,0.0,0.0,0.0,1.0,797.0
AYACUCHO,PAUCAR DEL SARA SARA,CORCULLA,050803,566.0,2,0.0,202.48485532834758,197.80486315233085,205.25563815780993,208.88472289499882,0.012250127912310615,0.0,0.0,0.0,0.0,0.0,0.0,0.0,0.0,0.0,1.0,566.0
AYACUCHO,PAUCAR DEL SARA SARA,LAMPA,050804,2473.0,3,0.0,98.25689349885995,86.54780552405438,106.09788790478585,115.5402749351196,0.062131482871445876,0.0,0.0,0.0,0.0,0.0,0.0,2473.0,1.0,1.0,0.0,0.0
AYACUCHO,PAUCAR DEL SARA SARA,MARCABAMBA,050805,788.0,3,0.0,114.17508258916399,113.82833099365234,114.65144268613874,132.00405890566444,0.0020124184479242135,0.0,0.0,0.0,0.0,0.0,0.0,788.0,1.0,1.0,0.0,0.0
AYACUCHO,PAUCAR DEL SARA SARA,OYOLO,050806,1172.0,2,0.0,164.42012031737448,155.8877430514124,169.48821755559499,163.72825208540254,0.027333782320059563,0.0,0.0,0.0,0.0,0.0,0.0,0.0,0.0,0.0,1.0,1172.0
AYACUCHO,PAUCAR DEL SARA SARA,PARARCA,050807,678.0,2,0.0,82.00153058257426,79.8183364868164,84.25472937548011,95.93959686819431,0.01723872794457526,0.0,0.0,0.0,0.0,0.0,0.0,678.0,1.0,1.0,0.0,0.0
AYACUCHO,PAUCAR DEL SARA SARA,PAUSA,050801,3050.0,3,0.0,92.08125889262215,90.30634537905001,92.22243464104483,113.47618739143746,0.013599805006740295,0.0,0.0,0.0,0.0,0.0,0.0,3050.0,1.0,1.0,0.0,0.0
AYACUCHO,PAUCAR DEL SARA SARA,SAN JAVIER DE ALPABAMBA,050808,523.0,2,0.0,115.35310540281336,115.29166412353516,115.43074317932128,121.53040780528781,0.0004511625019479881,0.0,0.0,0.0,0.0,0.0,0.0,523.0,1.0,1.0,0.0,0.0
AYACUCHO,PAUCAR DEL SARA SARA,SAN JOSE DE USHUA,050809,190.0,2,0.0,193.48481292724608,193.13499450683594,193.87182544526598,202.8730647839998,0.001208497934607422,0.0,0.0,0.0,0.0,0.0,0.0,0.0,0.0,0.0,1.0,190.0
AYACUCHO,PAUCAR DEL SARA SARA,SARA SARA,050810,800.0,2,0.0,68.98026175498963,65.6688948109791,69.37644863993019,89.12825630187989,0.015871856931209516,0.0,0.0,0.0,0.0,0.0,0.0,800.0,1.0,1.0,0.0,0.0
AYACUCHO,SUCRE,BELEN,050902,640.0,2,0.0,174.43325366973878,171.62832641601562,178.62658554760378,178.58562092781068,0.01271343372504885,0.0,0.0,0.0,0.0,0.0,0.0,0.0,0.0,0.0,1.0,640.0
AYACUCHO,SUCRE,CHALCOS,050903,721.0,2,0.0,169.28002419650306,165.18251406025684,171.20316540970762,173.34353726581463,0.013145714855391066,0.0,0.0,0.0,0.0,0.0,0.0,0.0,0.0,0.0,1.0,721.0
AYACUCHO,SUCRE,CHILCAYOC,050904,668.0,2,0.0,157.71349732176273,153.8287499283945,160.01241746614767,160.99354425304665,0.01306518723334571,0.0,0.0,0.0,0.0,0.0,0.0,0.0,0.0,0.0,1.0,668.0
AYACUCHO,SUCRE,HUACANA,050905,642.0,2,0.0,110.55862858139466,91.91500091552734,127.77809321600418,127.28848463872511,0.10375280471397608,0.0,0.0,0.0,0.0,0.0,0.0,395.0,0.6152647975077882,0.6152647975077882,0.3847352024922118,247.0
AYACUCHO,SUCRE,MORCOLLA,050906,1603.0,3,0.0,125.35665915924092,111.67934307645324,140.82072097157814,150.64221426522963,0.07605763269167598,0.0,0.0,0.0,0.0,0.0,0.0,1062.0,0.662507797878977,0.662507797878977,0.33749220212102304,540.9999999999999
AYACUCHO,SUCRE,PAICO,050907,1284.0,3,0.0,115.96188421041423,103.05041758219402,131.462968089793,120.81860750857915,0.07895453076611747,0.0,0.0,0.0,0.0,0.0,0.0,880.0,0.6853582554517134,0.6853582554517134,0.31464174454828664,404.00000000000006
AYACUCHO,SUCRE,QUEROBAMBA,050901,2745.0,2,0.0,117.13681895771964,116.69666290283203,117.51251717604157,118.94184545298091,0.002228565004184002,0.0,0.0,0.0,0.0,0.0,0.0,2745.0,1.0,1.0,0.0,0.0
AYACUCHO,SUCRE,SAN PEDRO DE LARCAY,050908,970.0,2,0.0,72.50536300816486,67.21333312988281,76.6598540381562,82.6999676891209,0.04161075092295685,0.0,0.0,0.0,0.0,0.0,0.0,970.0,1.0,1.0,0.0,0.0
AYACUCHO,SUCRE,SAN SALVADOR DE QUIJE,050909,1600.0,2,0.0,154.77636036872863,154.69833374023438,154.89150420712753,157.2888922214508,0.0003922722446273452,0.0,0.0,0.0,0.0,0.0,0.0,0.0,0.0,0.0,1.0,1600.0
AYACUCHO,SUCRE,SANTIAGO DE PAUCARAY,050910,921.0,3,0.0,92.85562321831685,88.01033920288086,98.88009766457297,102.74250785173216,0.035334716984932846,0.0,0.0,0.0,0.0,0.0,0.0,921.0,1.0,1.0,0.0,0.0
AYACUCHO,SUCRE,SORAS,050911,1236.0,2,0.0,82.0175324720858,77.00499725341797,87.48549379868942,89.34807458278817,0.05241289305878005,0.0,0.0,0.0,0.0,0.0,0.0,1236.0,1.0,1.0,0.0,0.0
AYACUCHO,VICTOR FAJARDO,ALCAMENCA,051002,2551.0,3,0.0,39.75879886766267,33.07025019605341,44.52604955092943,22.488111039882828,0.11527866349441196,572.0,0.22422579380635044,0.22422579380635044,2551.0,1.0,0.7757742061936496,2551.0,1.0,0.0,0.0,0.0
AYACUCHO,VICTOR FAJARDO,APONGO,051003,1256.0,2,0.0,133.61348226267822,121.94000244140625,148.52643379765516,127.52350236200223,0.06246500101634933,0.0,0.0,0.0,0.0,0.0,0.0,0.0,0.0,0.0,1.0,1256.0
AYACUCHO,VICTOR FAJARDO,ASQUIPATA,051004,488.0,2,0.0,163.23268565193553,150.85030419134324,169.31139384608116,145.5288314819336,0.041617322696143155,0.0,0.0,0.0,0.0,0.0,0.0,0.0,0.0,0.0,1.0,488.0
AYACUCHO,VICTOR FAJARDO,CANARIA,051005,4106.0,3,0.0,70.6531751951356,65.80507490590871,75.50797073624351,83.32870148753051,0.04636665635166837,0.0,0.0,0.0,0.0,0.0,0.0,4106.0,1.0,1.0,0.0,0.0
AYACUCHO,VICTOR FAJARDO,CAYARA,051006,1335.0,2,0.0,35.310327542765755,32.724998474121094,38.359154710402855,46.65598931187547,0.05040206485296306,0.0,0.0,0.0,1335.0,1.0,1.0,1335.0,1.0,0.0,0.0,0.0
AYACUCHO,VICTOR FAJARDO,COLCA,051007,1220.0,2,0.0,25.095531882614385,17.21592380085579,29.467183783608657,19.098623629085353,0.17337712954277207,506.0,0.41475409836065574,0.41475409836065574,1220.0,1.0,0.5852459016393443,1220.0,1.0,0.0,0.0,0.0
AYACUCHO,VICTOR FAJARDO,HUAMANQUIQUIA,051008,1271.0,2,0.0,97.15851893151115,94.56918574076091,98.57517137666781,62.917929270434435,0.01474523067343636,0.0,0.0,0.0,0.0,0.0,0.0,1271.0,1.0,1.0,0.0,0.0
AYACUCHO,VICTOR FAJARDO,HUANCAPI,051001,2400.0,2,0.0,15.969975810050965,10.266722886921972,15.88534530980627,21.574748306274415,0.07397772441570083,2400.0,1.0,1.0,2400.0,1.0,0.0,2400.0,1.0,0.0,0.0,0.0
AYACUCHO,VICTOR FAJARDO,HUANCARAYLLA,051009,1791.0,3,0.0,29.868003187067746,31.82474389414149,32.11828129835955,30.927416029886984,0.05267008943343443,573.0,0.31993299832495814,0.31993299832495814,1791.0,1.0,0.6800670016750419,1791.0,1.0,0.0,0.0,0.0
AYACUCHO,VICTOR FAJARDO,HUAYA,051010,3191.0,3,0.0,46.15353967851324,39.41666793823242,45.71115325874382,59.76129130067888,0.12413857149749052,0.0,0.0,0.0,2937.0,0.9204011281729865,0.9204011281729865,3191.0,1.0,0.07959887182701353,0.0,0.0
AYACUCHO,VICTOR FAJARDO,SARHUA,051011,3003.0,3,0.0,116.56512669408635,83.33533032880014,146.29827502490554,68.8581524498654,0.18119317030978077,0.0,0.0,0.0,0.0,0.0,0.0,1699.0000000000002,0.5657675657675658,0.5657675657675658,0.4342324342324342,1303.9999999999998
AYACUCHO,VICTOR FAJARDO,VILCANCHOS,051012,2900.0,3,0.0,156.61751760022395,153.08844643549727,158.5537616877266,137.4539461911958,0.00932262222014324,0.0,0.0,0.0,0.0,0.0,0.0,0.0,0.0,0.0,1.0,2900.0
AYACUCHO,VILCAS HUAMAN,ACCOMARCA,051102,1357.0,3,0.0,81.2790042199716,75.23402887020471,88.38243341445923,77.33740385051325,0.046794624156609066,0.0,0.0,0.0,0.0,0.0,0.0,1357.0,1.0,1.0,0.0,0.0
AYACUCHO,VILCAS HUAMAN,CARHUANCA,051103,1149.0,3,0.0,134.022461601503,129.0395890387936,138.52154177014376,100.6520755724662,0.023955406883809816,0.0,0.0,0.0,0.0,0.0,0.0,0.0,0.0,0.0,1.0,1149.0
AYACUCHO,VILCAS HUAMAN,CONCEPCION,051104,2992.0,2,0.0,102.22498816474874,92.74291257999857,102.39658056287472,76.90063923820455,0.022202584944373327,0.0,0.0,0.0,0.0,0.0,0.0,2992.0,1.0,1.0,0.0,0.0
AYACUCHO,VILCAS HUAMAN,HUAMBALPA,051105,2212.0,2,0.0,107.94856303596151,107.69157528032943,107.99164757559714,82.76010160118503,0.000879900304423642,0.0,0.0,0.0,0.0,0.0,0.0,2212.0,1.0,1.0,0.0,0.0
AYACUCHO,VILCAS HUAMAN,INDEPENDENCIA,051106,1815.0,2,0.0,124.77580193974099,108.49727329871466,132.01545807771168,105.63959767995787,0.06980515211938432,0.0,0.0,0.0,0.0,0.0,0.0,610.0,0.33608815426997246,0.33608815426997246,0.6639118457300275,1204.9999999999998
AYACUCHO,VILCAS HUAMAN,SAURAMA,051107,1464.0,2,0.0,109.86461524754925,108.6050033569336,111.7213729671174,84.88771070678378,0.008912100963374026,0.0,0.0,0.0,0.0,0.0,0.0,1464.0,1.0,1.0,0.0,0.0
AYACUCHO,VILCAS HUAMAN,VILCAS HUAMAN,051101,8629.0,2,0.0,76.69396497333211,72.19653446420959,78.71797510573255,62.68799555300285,0.031486044503835076,0.0,0.0,0.0,0.0,0.0,0.0,8629.0,1.0,1.0,0.0,0.0
AYACUCHO,VILCAS HUAMAN,VISCHONGO,051108,4418.0,3,0.0,56.64303277854522,55.666697774614605,57.706673295157294,44.1020262352532,0.02156752838533338,0.0,0.0,0.0,4418.0,1.0,1.0,4418.0,1.0,0.0,0.0,0.0
CAJAMARCA,CAJABAMBA,CACHACHI,060202,23843.0,7,0.0,74.15575020051774,80.24078713752891,93.84354264737422,48.694075781962155,0.15699464493820325,0.0,0.0,0.0,9182.4,0.3851193222329405,0.3851193222329405,23843.0,1.0,0.6148806777670595,0.0,0.0
CAJAMARCA,CAJABAMBA,CAJABAMBA,060201,28216.000000000004,4,0.0,9.993136762231996,3.359999895095825,21.731668559909913,5.130568829773392,0.43449011398064474,28216.000000000004,1.0,1.0,28216.000000000004,1.0,0.0,28216.000000000004,1.0,0.0,0.0,0.0
CAJAMARCA,CAJABAMBA,CONDEBAMBA,060203,13330.0,4,0.0,20.750887213304182,18.084563202340675,24.024899282344997,17.769242721451732,0.09439060587398185,13330.0,1.0,1.0,13330.0,1.0,0.0,13330.0,1.0,0.0,0.0,0.0
CAJAMARCA,CAJABAMBA,SITACOCHA,060204,8700.0,4,0.0,104.99615384288218,87.21724124360499,130.99555447116862,65.61440823434413,0.17277429964633761,0.0,0.0,0.0,1883.0,0.2164367816091954,0.2164367816091954,5421.0,0.6231034482758621,0.4066666666666666,0.37689655172413794,3279.0
CAJAMARCA,CAJAMARCA,ASUNCION,060102,11810.000000000002,4,0.0,58.42378257258342,56.395715164282834,65.39707371940717,66.56863104217038,0.0746615585129381,0.0,0.0,0.0,4563.333333333334,0.3863957098504093,0.3863957098504093,11810.000000000002,1.0,0.6136042901495907,0.0,0.0
CAJAMARCA,CAJAMARCA,CAJAMARCA,060101,189479.0,10,0.0,5.03703136367437,1.4533333778381348,20.057004220730875,3.378754641782061,0.5979989166241966,189479.0,1.0,1.0,189479.0,1.0,0.0,189479.0,1.0,0.0,0.0,0.0
CAJAMARCA,CAJAMARCA,CHETILLA,060103,4005.0,2,0.0,48.796235116680016,48.459999084472656,48.49694353739421,26.5822736975852,0.006193810546434864,0.0,0.0,0.0,4005.0,1.0,1.0,4005.0,1.0,0.0,0.0,0.0
CAJAMARCA,CAJAMARCA,COSPAN,060104,8012.0,3,0.0,87.63637965426585,83.69218502042082,87.55260417933559,76.81830456086652,0.032925507354450434,0.0,0.0,0.0,0.0,0.0,0.0,8012.0,1.0,1.0,0.0,0.0
CAJAMARCA,CAJAMARCA,ENCANADA,060105,23152.0,6,0.0,45.30259578855761,42.43817220409177,52.116126400260846,35.35889861685865,0.08480067363724153,0.0,0.0,0.0,18765.0,0.8105131306150657,0.8105131306150657,23152.0,1.0,0.1894868693849343,0.0,0.0
CAJAMARCA,CAJAMARCA,JESUS,060106,14242.999999999998,4,0.0,28.630308051255394,22.87903397271613,40.18607009137578,20.061242210262126,0.23479427888809734,10276.333333333332,0.7215006201876946,0.7215006201876946,14242.999999999998,1.0,0.27849937981230544,14242.999999999998,1.0,0.0,0.0,0.0
CAJAMARCA,CAJAMARCA,LLACANORA,060107,5101.0,2,0.0,9.5134219087542,9.12192599360605,9.52438519872121,11.356774095693446,0.010238575607170897,5101.0,1.0,1.0,5101.0,1.0,0.0,5101.0,1.0,0.0,0.0,0.0
CAJAMARCA,CAJAMARCA,LOS BANOS DEL INCA,060108,34899.0,7,0.0,12.538021012129164,6.260602124639801,26.39645486625601,7.364469887926851,0.3975243675458626,34899.0,1.0,1.0,34899.0,1.0,0.0,34899.0,1.0,0.0,0.0,0.0
CAJAMARCA,CAJAMARCA,MAGDALENA,060109,9148.0,3,0.0,33.684854096703305,28.8700008392334,42.30214962262786,28.641107576926515,0.10101674845572417,6110.0,0.6679055531263665,0.6679055531263665,9148.0,1.0,0.33209444687363354,9148.0,1.0,0.0,0.0,0.0
CAJAMARCA,CAJAMARCA,MATARA,060110,3786.0,2,0.0,27.360258223830364,26.799999237060547,28.200565769100564,34.750753433944936,0.016350316999264147,3786.0,1.0,1.0,3786.0,1.0,0.0,3786.0,1.0,0.0,0.0,0.0
CAJAMARCA,CAJAMARCA,NAMORA,060111,9750.0,3,0.0,28.361046681037315,20.314884894564074,34.95191241030967,31.60685522617438,0.16774298090348816,5612.499999999999,0.5756410256410256,0.5756410256410256,9750.0,1.0,0.4243589743589744,9750.0,1.0,0.0,0.0,0.0
CAJAMARCA,CAJAMARCA,SAN JUAN,060112,4789.0,2,0.0,28.631494113860786,28.172774638751218,28.702554195328368,31.19328554399976,0.005760097239780881,4789.0,1.0,1.0,4789.0,1.0,0.0,4789.0,1.0,0.0,0.0,0.0
CAJAMARCA,CELENDIN,CELENDIN,060301,24931.0,3,0.0,10.313131593968397,0.0,30.590323072426504,5.18901897956163,0.6885011830802276,20826.0,0.8353455537282901,0.8353455537282901,24931.0,1.0,0.1646544462717099,24931.0,1.0,0.0,0.0,0.0
CAJAMARCA,CELENDIN,CHUMUCH,060302,3123.0,2,0.0,151.35445746312797,134.18806929399963,150.16161288223742,81.77797194745654,0.01709901569813388,0.0,0.0,0.0,0.0,0.0,0.0,236.99999999999997,0.07588856868395773,0.07588856868395773,0.9241114313160422,2886.0
CAJAMARCA,CELENDIN,CORTEGANA,060303,8099.0,3,0.0,90.17528856529219,85.85076790019211,91.1793802672208,59.45313645421848,0.03148732138233523,0.0,0.0,0.0,0.0,0.0,0.0,8099.0,1.0,1.0,0.0,0.0
CAJAMARCA,CELENDIN,HUASMIN,060304,13480.0,4,0.0,64.01265807033882,52.774655660760416,88.7966560115285,35.098930100800374,0.2473051500760023,4421.333333333333,0.32799208704253213,0.32799208704253213,4637.333333333333,0.3440158259149357,0.016023738872403548,13480.0,1.0,0.6559841740850643,0.0,0.0
CAJAMARCA,CELENDIN,JORGE CHAVEZ,060305,620.0,2,0.0,17.78114000751126,15.948333740234375,19.71992214595046,11.748026361773091,0.0674980620278165,620.0,1.0,1.0,620.0,1.0,0.0,620.0,1.0,0.0,0.0,0.0
CAJAMARCA,CELENDIN,JOSE GALVEZ,060306,2910.0,2,0.0,14.473233699798584,12.702072741549578,15.165747952850932,12.310148889010714,0.06272335247245941,2910.0,1.0,1.0,2910.0,1.0,0.0,2910.0,1.0,0.0,0.0,0.0
CAJAMARCA,CELENDIN,LA LIBERTAD DE PALLAN,060312,7624.0,3,0.0,78.69604343782567,77.61089010780462,80.05938447248592,55.297290908827485,0.014581551475212784,0.0,0.0,0.0,0.0,0.0,0.0,7624.0,1.0,1.0,0.0,0.0
CAJAMARCA,CELENDIN,MIGUEL IGLESIAS,060307,4863.0,2,0.0,81.0275592133265,79.3116683959961,80.80212697592809,53.994239470607184,0.01883383387783144,0.0,0.0,0.0,0.0,0.0,0.0,4863.0,1.0,1.0,0.0,0.0
CAJAMARCA,CELENDIN,OXAMARCA,060308,6325.0,2,0.0,71.47564996289641,68.38656082049448,71.23331191995827,54.9654383271108,0.0061004197457332765,0.0,0.0,0.0,0.0,0.0,0.0,6325.0,1.0,1.0,0.0,0.0
CAJAMARCA,CELENDIN,SOROCHUCO,060309,9969.0,3,0.0,68.78932056317944,63.031939611624516,73.31442351996539,44.322591507443214,0.05236199569634237,0.0,0.0,0.0,713.0,0.07152171732370348,0.07152171732370348,9969.0,1.0,0.9284782826762965,0.0,0.0
CAJAMARCA,CELENDIN,SUCRE,060310,5860.0,2,0.0,40.69632733218092,27.22006618689766,42.83601458015297,36.94605559326276,0.12007242384301486,1122.0,0.19146757679180887,0.19146757679180887,5860.0,1.0,0.8085324232081912,5860.0,1.0,0.0,0.0,0.0
CAJAMARCA,CELENDIN,UTCO,060311,1402.0,2,0.0,41.86028252790726,39.38862378730716,41.60439101722706,40.020852180078265,0.00671383780099899,0.0,0.0,0.0,1402.0,1.0,1.0,1402.0,1.0,0.0,0.0,0.0
CAJAMARCA,CHOTA,ANGUIA,060402,4244.0,2,0.0,69.7407874818347,66.50535935171129,69.53973764182663,51.637114549110116,0.007355946012703507,0.0,0.0,0.0,0.0,0.0,0.0,4244.0,1.0,1.0,0.0,0.0
CAJAMARCA,CHOTA,CHADIN,060403,3841.0,2,0.0,60.91045723567249,54.61137816094501,60.88227624254056,47.00845083362328,0.022485408614351776,0.0,0.0,0.0,424.0,0.11038791981254882,0.11038791981254882,3841.0,1.0,0.8896120801874512,0.0,0.0
CAJAMARCA,CHOTA,CHALAMARCA,060419,10539.0,3,0.0,63.39922600306464,49.84250068664551,73.13270745473258,41.55407499006955,0.1175977731902379,0.0,0.0,0.0,5657.5,0.5368156371572256,0.5368156371572256,10539.0,1.0,0.4631843628427744,0.0,0.0
CAJAMARCA,CHOTA,CHIGUIRIP,060404,4678.0,2,0.0,35.526157864753685,31.64388238070304,35.33011009430467,23.82449169819454,0.01866253172907284,403.0,0.08614792646430099,0.08614792646430099,4678.0,1.0,0.913852073535699,4678.0,1.0,0.0,0.0,0.0
CAJAMARCA,CHOTA,CHIMBAN,060405,3495.0,2,0.0,137.87929433405142,135.7987180886241,138.2810815083498,81.06411139797926,0.005872612722778836,0.0,0.0,0.0,0.0,0.0,0.0,0.0,0.0,0.0,1.0,3495.0
CAJAMARCA,CHOTA,CHOROPAMPA,060406,3166.0,2,0.0,83.61496905232259,83.38967085655356,83.6099349037326,64.40923510302642,0.0005378815260107528,0.0,0.0,0.0,0.0,0.0,0.0,3166.0,1.0,1.0,0.0,0.0
CAJAMARCA,CHOTA,CHOTA,060401,47155.0,8,0.0,12.109418808819646,12.379267266068839,21.59849184907218,7.694670821848007,0.3737750568146865,47155.0,1.0,1.0,47155.0,1.0,0.0,47155.0,1.0,0.0,0.0,0.0
CAJAMARCA,CHOTA,COCHABAMBA,060407,6674.0,2,0.0,20.60628296037902,19.941667556762695,21.599421825438878,19.607224768780647,0.02609626182035718,6674.0,1.0,1.0,6674.0,1.0,0.0,6674.0,1.0,0.0,0.0,0.0
CAJAMARCA,CHOTA,CONCHAN,060408,6343.0,2,0.0,31.361327421960254,30.766871314206533,31.30937401870068,27.676709785984645,0.0024917672189406215,0.0,0.0,0.0,6343.0,1.0,1.0,6343.0,1.0,0.0,0.0,0.0
CAJAMARCA,CHOTA,HUAMBOS,060409,9553.0,3,0.0,54.843952412956185,40.25768441531723,66.13802581940965,58.458791137602674,0.15375590837338293,0.0,0.0,0.0,5338.0,0.5587773474301266,0.5587773474301266,9553.0,1.0,0.44122265256987336,0.0,0.0
CAJAMARCA,CHOTA,LAJAS,060410,13054.000000000002,4,0.0,18.68536347954724,19.633894352309806,22.181861721625427,15.011401958152893,0.13584074965882476,13054.000000000002,1.0,1.0,13054.000000000002,1.0,0.0,13054.000000000002,1.0,0.0,0.0,0.0
CAJAMARCA,CHOTA,LLAMA,060411,8104.0,3,0.0,59.59660285128775,57.97524940165704,60.723969164761634,70.86107908137812,0.01994648087616091,0.0,0.0,0.0,7136.0,0.8805528134254689,0.8805528134254689,8104.0,1.0,0.11944718657453113,0.0,0.0
CAJAMARCA,CHOTA,MIRACOSTA,060412,3741.0,2,0.0,170.93785599354467,150.71906569753259,168.52514858872527,135.65853889177777,0.011353335579730395,0.0,0.0,0.0,0.0,0.0,0.0,0.0,0.0,0.0,1.0,3741.0
CAJAMARCA,CHOTA,PACCHA,060413,5165.0,2,0.0,44.507651004994365,43.62804597527405,44.65227545482043,34.60441475320763,0.0072543200734420665,0.0,0.0,0.0,5165.0,1.0,1.0,5165.0,1.0,0.0,0.0,0.0
CAJAMARCA,CHOTA,PION,060414,1625.0,3,0.0,111.62436946458082,93.17411693240933,125.11578054838283,86.2690998065655,0.09261262329684117,0.0,0.0,0.0,0.0,0.0,0.0,881.0000000000001,0.5421538461538462,0.5421538461538462,0.4578461538461538,743.9999999999999
CAJAMARCA,CHOTA,QUEROCOTO,060415,9266.0,4,0.0,81.18373858993007,80.92640544286843,82.05126384909757,87.85682449242016,0.008993162185481407,0.0,0.0,0.0,0.0,0.0,0.0,9266.0,1.0,1.0,0.0,0.0
CAJAMARCA,CHOTA,SAN JUAN DE LICUPIS,060416,1101.0,2,0.0,107.24244203489548,105.1500015258789,110.27720261410728,101.8066184990629,0.016091071106217103,0.0,0.0,0.0,0.0,0.0,0.0,1101.0,1.0,1.0,0.0,0.0
CAJAMARCA,CHOTA,TACABAMBA,060417,19026.0,5,0.0,56.541743123317055,46.54354350443319,72.6760693858343,39.1828196195101,0.1422428109906374,0.0,0.0,0.0,15142.250000000002,0.7958714390833597,0.7958714390833597,19026.0,1.0,0.20412856091664033,0.0,0.0
CAJAMARCA,CHOTA,TOCMOCHE,060418,998.0,2,0.0,103.183037002961,102.55555702571844,103.31911311412806,90.82273535260218,0.002473432443671042,0.0,0.0,0.0,0.0,0.0,0.0,998.0,1.0,1.0,0.0,0.0
CAJAMARCA,CONTUMAZA,CHILETE,060502,3200.0,2,0.0,64.32126368045807,63.64357497006728,64.4927164588572,86.37806854248046,0.004552773988223402,0.0,0.0,0.0,0.0,0.0,0.0,3200.0,1.0,1.0,0.0,0.0
CAJAMARCA,CONTUMAZA,CONTUMAZA,060501,9026.0,2,0.0,72.19862772254598,51.689998626708984,93.05555580586835,82.82757440554761,0.18268991876787433,0.0,0.0,0.0,5805.0,0.6431420341236428,0.6431420341236428,9026.0,1.0,0.3568579658763572,0.0,0.0
CAJAMARCA,CONTUMAZA,CUPISNIQUE,060503,1519.0,2,0.0,103.86071271061348,94.68970381824262,104.60060555857041,97.40361257004376,0.026228075022240893,0.0,0.0,0.0,0.0,0.0,0.0,1519.0,1.0,1.0,0.0,0.0
CAJAMARCA,CONTUMAZA,GUZMANGO,060504,2990.0,2,0.0,142.58023401470885,125.48418431750612,141.34083100412622,120.3752263046826,0.017691457603488447,0.0,0.0,0.0,0.0,0.0,0.0,222.0,0.07424749163879599,0.07424749163879599,0.925752508361204,2768.0
CAJAMARCA,CONTUMAZA,SAN BENITO,060505,3580.0,2,0.0,83.80540625716056,78.03158058865571,84.26098530718427,66.29207272449685,0.020355849727020314,0.0,0.0,0.0,0.0,0.0,0.0,3580.0,1.0,1.0,0.0,0.0
CAJAMARCA,CONTUMAZA,SANTA CRUZ DE TOLED,060506,1236.0,2,0.0,114.61238356778537,113.48833465576172,113.48833465576172,124.23042891789409,0.008863155470251294,0.0,0.0,0.0,0.0,0.0,0.0,1117.0,0.9037216828478964,0.9037216828478964,0.09627831715210355,119.0
CAJAMARCA,CONTUMAZA,TANTARICA,060507,2552.0,3,0.0,98.69041059009707,78.14109924628873,119.26176740429071,102.41352687584569,0.13002791796843072,0.0,0.0,0.0,0.0,0.0,0.0,2236.0,0.8761755485893417,0.8761755485893417,0.12382445141065834,316.0000000000001
CAJAMARCA,CONTUMAZA,YONAN,060508,7784.0,3,0.0,40.527249913053915,34.66526613657987,45.56588692046567,47.804628355530035,0.09909997358596456,0.0,0.0,0.0,7784.0,1.0,1.0,7784.0,1.0,0.0,0.0,0.0
CAJAMARCA,CUTERVO,CALLAYUC,060602,10474.0,3,0.0,65.10975463631182,62.249168395996094,75.803456268786,74.99891439812635,0.0927184671568615,0.0,0.0,0.0,4974.5,0.4749379415696009,0.4749379415696009,10474.0,1.0,0.5250620584303991,0.0,0.0
CAJAMARCA,CUTERVO,CHOROS,060603,3494.0,2,0.0,33.24090945631965,30.31999969482422,31.653587391201086,30.73000401255057,0.07864121656285161,0.0,0.0,0.0,3494.0,1.0,1.0,3494.0,1.0,0.0,0.0,0.0
CAJAMARCA,CUTERVO,CUJILLO,060604,2916.0,2,0.0,88.64906290365671,83.87669306065197,88.48733812384914,91.17502052401319,0.010116342880507334,0.0,0.0,0.0,0.0,0.0,0.0,2916.0,1.0,1.0,0.0,0.0
CAJAMARCA,CUTERVO,CUTERVO,060601,53064.0,9,0.0,15.23687611436046,10.20298530875928,32.12180859907143,11.777117494353877,0.5052014839122755,43980.0,0.8288104929895974,0.8288104929895974,53064.0,1.0,0.1711895070104026,53064.0,1.0,0.0,0.0,0.0
CAJAMARCA,CUTERVO,LA RAMADA,060605,4705.0,2,0.0,94.17420212586552,82.27853366418927,94.37970575627536,67.31591192361019,0.030135850481962878,0.0,0.0,0.0,0.0,0.0,0.0,4705.0,1.0,1.0,0.0,0.0
CAJAMARCA,CUTERVO,PIMPINGOS,060606,6201.0,2,0.0,88.69567997327563,76.54505552987185,87.95034411378687,95.4239398382341,0.02183708736354184,0.0,0.0,0.0,0.0,0.0,0.0,6201.0,1.0,1.0,0.0,0.0
CAJAMARCA,CUTERVO,QUEROCOTILLO,060607,16549.0,5,0.0,95.17081511532822,92.08585660930548,119.99057406969598,86.0500737890476,0.15735101876854196,0.0,0.0,0.0,3912.0,0.23638890567405885,0.23638890567405885,12637.0,0.7636110943259411,0.5272221886518822,0.2363889056740589,3912.000000000001
CAJAMARCA,CUTERVO,SAN ANDRES DE CUTERVO,060608,5323.0,2,0.0,46.63254789129899,45.64833450317383,48.0950034127455,45.786511998281384,0.016541997736076453,0.0,0.0,0.0,5323.0,1.0,1.0,5323.0,1.0,0.0,0.0,0.0
CAJAMARCA,CUTERVO,SAN JUAN DE CUTERVO,060609,2370.0,2,0.0,101.45100025547205,101.31697747934372,101.47406444118124,81.21585256198287,0.0004928512405172336,0.0,0.0,0.0,0.0,0.0,0.0,2370.0,1.0,1.0,0.0,0.0
CAJAMARCA,CUTERVO,SAN LUIS DE LUCMA,060610,3951.0,2,0.0,66.079212075757,57.409345600363075,66.27920188374449,49.84415234194258,0.03202852020524205,0.0,0.0,0.0,492.0,0.12452543659832954,0.12452543659832954,3951.0,1.0,0.8754745634016705,0.0,0.0
CAJAMARCA,CUTERVO,SANTA CRUZ,060611,3271.0,2,0.0,80.46414063633563,69.06895346273767,79.76712321207879,80.66324736531887,0.022600440080719708,0.0,0.0,0.0,263.0,0.08040354631611128,0.08040354631611128,3271.0,1.0,0.9195964536838888,0.0,0.0
CAJAMARCA,CUTERVO,SANTO DOMINGO DE LA CAPILLA,060612,5483.0,2,0.0,68.05116037093613,63.113788606363414,68.36409072908518,37.658047473106684,0.02042748964804142,0.0,0.0,0.0,794.0000000000001,0.14481123472551524,0.14481123472551524,5483.0,1.0,0.8551887652744847,0.0,0.0
CAJAMARCA,CUTERVO,SANTO TOMAS,060613,8365.0,3,0.0,84.03665734819502,83.17038987995046,84.86078302885976,100.21788106759864,0.007324989616554589,0.0,0.0,0.0,0.0,0.0,0.0,8365.0,1.0,1.0,0.0,0.0
CAJAMARCA,CUTERVO,SOCOTA,060614,10856.0,3,0.0,34.16050078030799,29.320900375850222,39.563975086640525,31.98913942476187,0.11287030111893559,2218.0,0.20431098010316875,0.20431098010316875,10856.0,1.0,0.7956890198968313,10856.0,1.0,0.0,0.0,0.0
CAJAMARCA,CUTERVO,TORIBIO CASANOVA,060615,1494.0,2,0.0,88.83510045226478,84.73270343763257,90.07053971096401,85.95340542620923,0.02139651410862098,0.0,0.0,0.0,0.0,0.0,0.0,1494.0,1.0,1.0,0.0,0.0
CAJAMARCA,HUALGAYOC,BAMBAMARCA,060701,69566.0,14,0.0,15.496784052059049,9.033733896626224,35.57927582797135,10.238217249769002,0.4670078740296869,56615.25,0.8138350631055401,0.8138350631055401,69566.0,1.0,0.1861649368944599,69566.0,1.0,0.0,0.0,0.0
CAJAMARCA,HUALGAYOC,CHUGUR,060702,3668.0,2,0.0,73.87224310539021,73.704511354743,73.85689958540172,65.51535320385982,0.00028836238371632295,0.0,0.0,0.0,0.0,0.0,0.0,3668.0,1.0,1.0,0.0,0.0
CAJAMARCA,HUALGAYOC,HUALGAYOC,060703,17042.0,4,0.0,24.00175875865326,22.026184200368974,27.263684598755262,17.8985013404055,0.08049381582878778,17042.0,1.0,1.0,17042.0,1.0,0.0,17042.0,1.0,0.0,0.0,0.0
CAJAMARCA,JAEN,BELLAVISTA,060802,15571.0,4,0.0,38.045185354555066,38.163320983032534,43.75770891689466,25.73762962291576,0.10210932241281012,2855.0,0.18335367028450325,0.18335367028450325,15571.0,1.0,0.8166463297154968,15571.0,1.0,0.0,0.0,0.0
CAJAMARCA,JAEN,CHONTALI,060803,10118.0,3,0.0,156.05882180163596,126.22689951933536,180.75378859540638,135.8492089415002,0.11643622302472822,0.0,0.0,0.0,0.0,0.0,0.0,1401.0,0.13846610001976675,0.13846610001976675,0.8615338999802332,8717.0
CAJAMARCA,JAEN,COLASAY,060804,11452.0,4,0.0,69.90690031944352,67.55001030946389,77.60425381716342,64.29102859670284,0.06191831287653804,0.0,0.0,0.0,0.0,0.0,0.0,11452.0,1.0,1.0,0.0,0.0
CAJAMARCA,JAEN,HUABAL,060805,7732.0,3,0.0,75.65719978068076,70.51763618905204,80.94044344918387,40.51496671902597,0.056301699291125384,0.0,0.0,0.0,732.0,0.09467149508535955,0.09467149508535955,7732.0,1.0,0.9053285049146405,0.0,0.0
CAJAMARCA,JAEN,JAEN,060801,85998.0,6,0.0,4.539887901466861,0.9816666841506958,13.108722683913086,2.63173510619836,0.6621590514835599,85998.0,1.0,1.0,85998.0,1.0,0.0,85998.0,1.0,0.0,0.0,0.0
CAJAMARCA,JAEN,LAS PIRIAS,060806,4344.0,2,0.0,28.3802311451176,27.888612074325142,28.445721682443153,19.169895864981974,0.005922943008933146,4344.0,1.0,1.0,4344.0,1.0,0.0,4344.0,1.0,0.0,0.0,0.0
CAJAMARCA,JAEN,POMAHUACA,060807,8750.0,4,0.0,88.63697641557965,79.45129574396591,99.3441666837886,108.94050160522461,0.06448232646672925,0.0,0.0,0.0,0.0,0.0,0.0,8750.0,1.0,1.0,0.0,0.0
CAJAMARCA,JAEN,PUCARA,060808,7110.0,2,0.0,58.154217284641184,56.94499969482422,58.94662592520562,81.41707973560703,0.01086164338882234,0.0,0.0,0.0,7110.0,1.0,1.0,7110.0,1.0,0.0,0.0,0.0
CAJAMARCA,JAEN,SALLIQUE,060809,7718.0,3,0.0,159.40684003946106,136.36583709716797,183.1486258557086,170.094580399987,0.10240873875508294,0.0,0.0,0.0,0.0,0.0,0.0,0.0,0.0,0.0,1.0,7718.0
CAJAMARCA,JAEN,SAN FELIPE,060810,5584.0,2,0.0,99.0048338253382,98.21333312988281,98.21333312988281,134.3076078475034,0.007447659962664277,0.0,0.0,0.0,0.0,0.0,0.0,5584.0,1.0,1.0,0.0,0.0
CAJAMARCA,JAEN,SAN JOSE DEL ALTO,060811,6936.0,3,0.0,113.15087621242255,97.47892766471583,111.94580507753419,84.56094611914787,0.016225212236701925,0.0,0.0,0.0,0.0,0.0,0.0,6761.0,0.9747693194925029,0.9747693194925029,0.025230680507497105,174.99999999999991
CAJAMARCA,JAEN,SANTA ROSA,060812,12263.0,4,0.0,90.07105882127182,80.33172302433395,100.10848553762108,59.58796053353466,0.062165756991529264,0.0,0.0,0.0,0.0,0.0,0.0,12263.0,1.0,1.0,0.0,0.0
CAJAMARCA,SAN IGNACIO,CHIRINOS,060902,13433.999999999998,5,0.0,102.35656020131503,103.06559306061213,121.17762271132227,69.8909120198592,0.11106487013198407,0.0,0.0,0.0,0.0,0.0,0.0,9817.333333333332,0.7307825914346683,0.7307825914346683,0.2692174085653317,3616.6666666666656
CAJAMARCA,SAN IGNACIO,HUARANGO,060903,20503.0,6,0.0,123.81641551779984,115.98026281891786,138.60342382765782,78.37885952623787,0.06225467887790781,0.0,0.0,0.0,0.0,0.0,0.0,11357.999999999998,0.5539677120421401,0.5539677120421401,0.4460322879578599,9145.000000000002
CAJAMARCA,SAN IGNACIO,LA COIPA,060904,18648.0,6,0.0,113.23236929506051,107.83526375663214,122.91354384165926,75.1236144644362,0.047875047256950465,0.0,0.0,0.0,0.0,0.0,0.0,14379.5,0.7711014586014586,0.7711014586014586,0.22889854139854138,4268.5
CAJAMARCA,SAN IGNACIO,NAMBALLE,060905,10200.0,3,0.0,247.14588365442611,234.4944639301399,261.5183665677519,202.18438424054315,0.044566384105385826,0.0,0.0,0.0,0.0,0.0,0.0,0.0,0.0,0.0,1.0,10200.0
CAJAMARCA,SAN IGNACIO,SAN IGNACIO,060901,32313.0,6,0.0,158.94446908690318,150.3950465697538,184.3450342866085,107.75618100994915,0.07242688991494672,0.0,0.0,0.0,0.0,0.0,0.0,0.0,0.0,0.0,1.0,32313.0
CAJAMARCA,SAN IGNACIO,SAN JOSE DE LOURDES,060906,18171.0,5,0.0,181.70820764209196,150.4625015258789,222.87452303103063,113.3923893668683,0.11158348998738377,0.0,0.0,0.0,0.0,0.0,0.0,0.0,0.0,0.0,1.0,18171.0
CAJAMARCA,SAN IGNACIO,TABACONAS,060907,17672.0,5,0.0,140.7563336565787,138.33365200724006,147.8369056437295,106.3519594092993,0.02931542521414876,0.0,0.0,0.0,0.0,0.0,0.0,0.0,0.0,0.0,1.0,17672.0
CAJAMARCA,SAN MARCOS,CHANCAY,061002,3515.0,2,0.0,67.09641868189762,59.44145234098792,67.55095526311946,81.09426230895909,0.0317074192946718,0.0,0.0,0.0,502.0,0.14281650071123755,0.14281650071123755,3515.0,1.0,0.8571834992887625,0.0,0.0
CAJAMARCA,SAN MARCOS,EDUARDO VILLANUEVA,061003,2111.0,2,0.0,46.17758022761921,45.278374210832084,46.435673621463295,37.61846161250083,0.008850260979626268,0.0,0.0,0.0,2111.0,1.0,1.0,2111.0,1.0,0.0,0.0,0.0
CAJAMARCA,SAN MARCOS,GREGORIO PITA,061004,7188.0,3,0.0,56.69260444731333,46.71333312988281,67.51359244116595,57.29171961416585,0.13068638934713583,0.0,0.0,0.0,3794.5,0.5278937117417919,0.5278937117417919,7188.0,1.0,0.4721062882582081,0.0,0.0
CAJAMARCA,SAN MARCOS,ICHOCAN,061005,2168.0,2,0.0,61.044900042544434,55.39425571677611,63.014849678511474,75.11729763354762,0.045442870467260144,0.0,0.0,0.0,616.0,0.28413284132841327,0.28413284132841327,2168.0,1.0,0.7158671586715868,0.0,0.0
CAJAMARCA,SAN MARCOS,JOSE MANUEL QUIROZ,061006,4192.0,2,0.0,81.70545427307827,80.31666564941406,83.38893502817368,89.18302494878988,0.014459230006300117,0.0,0.0,0.0,0.0,0.0,0.0,4192.0,1.0,1.0,0.0,0.0
CAJAMARCA,SAN MARCOS,JOSE SABOGAL,061007,12985.0,4,0.0,158.84419992765405,141.51065251960424,192.12272211790648,132.2045230427261,0.13289389698389076,0.0,0.0,0.0,0.0,0.0,0.0,4511.666666666667,0.34745218842253883,0.34745218842253883,0.6525478115774612,8473.333333333334
CAJAMARCA,SAN MARCOS,PEDRO GALVEZ,061001,19288.0,4,0.0,59.31199758194236,47.43325018041698,74.3107939772866,66.6405175953473,0.13938665127458927,0.0,0.0,0.0,8686.0,0.45033181252592286,0.45033181252592286,19288.0,1.0,0.5496681874740772,0.0,0.0
CAJAMARCA,SAN MIGUEL,BOLIVAR,061102,1810.0,2,0.0,76.09129161940095,74.33833312988281,78.1336024296054,56.24354903289626,0.01576991699354524,0.0,0.0,0.0,0.0,0.0,0.0,1810.0,1.0,1.0,0.0,0.0
CAJAMARCA,SAN MIGUEL,CALQUIS,061103,3822.0,2,0.0,95.82566088921483,95.73666381835938,95.73666381835938,81.97660258725824,0.0009051686087627742,0.0,0.0,0.0,0.0,0.0,0.0,3822.0,1.0,1.0,0.0,0.0
CAJAMARCA,SAN MIGUEL,CATILLUC,061104,3529.0,2,0.0,63.66064285468569,61.25462184918078,63.62292144014866,62.49240120195674,0.007797424621572957,0.0,0.0,0.0,369.0,0.10456219892320771,0.10456219892320771,3529.0,1.0,0.8954378010767923,0.0,0.0
CAJAMARCA,SAN MIGUEL,EL PRADO,061105,1953.0,2,0.0,120.85117608073791,120.19135038517723,120.87693584851982,86.42547164424774,0.0014150460528633557,0.0,0.0,0.0,0.0,0.0,0.0,259.0,0.13261648745519714,0.13261648745519714,0.8673835125448028,1694.0
CAJAMARCA,SAN MIGUEL,LA FLORIDA,061106,2531.0,2,0.0,120.21640105984136,115.1731779030637,121.46130184037837,94.68897504742463,0.017951397710400774,0.0,0.0,0.0,0.0,0.0,0.0,592.0,0.23389964440932437,0.23389964440932437,0.7661003555906756,1938.9999999999998
CAJAMARCA,SAN MIGUEL,LLAPA,061107,5466.0,2,0.0,65.21131920840685,62.723331451416016,67.42882772664557,64.243223334772,0.03304333544404536,0.0,0.0,0.0,0.0,0.0,0.0,5466.0,1.0,1.0,0.0,0.0
CAJAMARCA,SAN MIGUEL,NANCHOC,061108,1404.0,2,0.0,72.55672559167584,68.68197519402754,73.14439674778988,52.006875225621414,0.019060980373958314,0.0,0.0,0.0,0.0,0.0,0.0,1404.0,1.0,1.0,0.0,0.0
CAJAMARCA,SAN MIGUEL,NIEPOS,061109,4452.0,2,0.0,160.83036714401314,144.62318765273193,161.80863411257764,122.26803452113889,0.02809631501857368,0.0,0.0,0.0,0.0,0.0,0.0,0.0,0.0,0.0,1.0,4452.0
CAJAMARCA,SAN MIGUEL,SAN GREGORIO,061110,2513.0,2,0.0,44.57909025654487,41.50166702270508,41.50166702270508,34.204413135071654,0.06384099718514558,0.0,0.0,0.0,2324.0,0.924791086350975,0.924791086350975,2513.0,1.0,0.07520891364902504,0.0,0.0
CAJAMARCA,SAN MIGUEL,SAN MIGUEL,061101,16088.0,5,0.0,90.01651799317203,88.84064190670887,94.45848618344036,92.75470169879263,0.031332518246065866,0.0,0.0,0.0,0.0,0.0,0.0,16088.0,1.0,1.0,0.0,0.0
CAJAMARCA,SAN MIGUEL,SAN SILVESTRE DE COCHAN,061111,4642.0,2,0.0,64.81835138566635,64.29666900634766,64.29666900634766,65.35057103043228,0.007599316308790627,0.0,0.0,0.0,0.0,0.0,0.0,4642.0,1.0,1.0,0.0,0.0
CAJAMARCA,SAN MIGUEL,TONGOD,061112,4385.0,2,0.0,91.2117022993899,83.3871192571401,93.05208815806864,75.69968223441286,0.03601437659596041,0.0,0.0,0.0,0.0,0.0,0.0,4385.0,1.0,1.0,0.0,0.0
CAJAMARCA,SAN MIGUEL,UNION AGUA BLANCA,061113,3704.0,2,0.0,94.92334234019336,94.2750015258789,95.33220942419486,68.81554647655776,0.005970850630642843,0.0,0.0,0.0,0.0,0.0,0.0,3704.0,1.0,1.0,0.0,0.0
CAJAMARCA,SAN PABLO,SAN BERNARDINO,061202,4710.0,2,0.0,79.33278689050371,73.49479785078121,78.53362753890625,88.3502876767687,0.005584642938999185,0.0,0.0,0.0,0.0,0.0,0.0,4710.0,1.0,1.0,0.0,0.0
CAJAMARCA,SAN PABLO,SAN LUIS,061203,1288.0,2,0.0,65.40457636673258,65.18333435058594,65.18333435058594,74.55086261441248,0.0031305443649473075,0.0,0.0,0.0,0.0,0.0,0.0,1288.0,1.0,1.0,0.0,0.0
CAJAMARCA,SAN PABLO,SAN PABLO,061201,13347.0,3,0.0,46.04757536092644,42.184204073783754,51.44936991225981,43.30827387504438,0.0640287030952682,0.0,0.0,0.0,13347.0,1.0,1.0,13347.0,1.0,0.0,0.0,0.0
CAJAMARCA,SAN PABLO,TUMBADEN,061204,3524.0,2,0.0,40.956311895952865,40.651668548583984,40.651668548583984,34.93818599817837,0.007155412173696085,0.0,0.0,0.0,3524.0,1.0,1.0,3524.0,1.0,0.0,0.0,0.0
CAJAMARCA,SANTA CRUZ,ANDABAMBA,061302,1752.0,2,0.0,77.76308321843953,76.45500183105469,79.24052915309258,56.438550015018414,0.014392254352087797,0.0,0.0,0.0,0.0,0.0,0.0,1752.0,1.0,1.0,0.0,0.0
CAJAMARCA,SANTA CRUZ,CATACHE,061303,9557.0,4,0.0,132.3229098079019,131.554735966895,140.14699862143263,128.4315991570813,0.045367732187762355,0.0,0.0,0.0,0.0,0.0,0.0,717.0,0.07502354295280945,0.07502354295280945,0.9249764570471906,8840.0
CAJAMARCA,SANTA CRUZ,CHANCAYBANOS,061304,3880.0,2,0.0,43.497499952119654,37.41046546770971,43.15142597928413,46.152282365818614,0.02296815464639601,0.0,0.0,0.0,3880.0,1.0,1.0,3880.0,1.0,0.0,0.0,0.0
CAJAMARCA,SANTA CRUZ,LA ESPERANZA,061305,2889.0,2,0.0,51.5563665002471,50.18556254833827,51.42644661611297,52.959483580095785,0.003280483835087722,0.0,0.0,0.0,2889.0,1.0,1.0,2889.0,1.0,0.0,0.0,0.0
CAJAMARCA,SANTA CRUZ,NINABAMBA,061306,3021.0,2,0.0,82.3093107363042,73.82899875532291,82.55913471200208,46.26979473686029,0.02577557835855726,0.0,0.0,0.0,0.0,0.0,0.0,3021.0,1.0,1.0,0.0,0.0
CAJAMARCA,SANTA CRUZ,PULAN,061307,4877.0,2,0.0,96.4658486118125,93.99480233551814,96.35229298663488,88.27854970588238,0.0044955766760701454,0.0,0.0,0.0,0.0,0.0,0.0,4877.0,1.0,1.0,0.0,0.0
CAJAMARCA,SANTA CRUZ,SANTA CRUZ,061301,10351.0,2,0.0,51.9982753757716,51.09208145268959,52.52774856592854,58.252264448299854,0.009393360353362912,0.0,0.0,0.0,10351.0,1.0,1.0,10351.0,1.0,0.0,0.0,0.0
CAJAMARCA,SANTA CRUZ,SAUCEPAMPA,061308,2031.0,2,0.0,67.69024424926216,67.1433334350586,68.25148800691531,72.18347608227262,0.006953795819521935,0.0,0.0,0.0,0.0,0.0,0.0,2031.0,1.0,1.0,0.0,0.0
CAJAMARCA,SANTA CRUZ,SEXI,061309,515.0,2,0.0,79.47809605274385,67.12666320800781,88.19823514000845,88.68287712023096,0.0841912312543226,0.0,0.0,0.0,0.0,0.0,0.0,515.0,1.0,1.0,0.0,0.0
CAJAMARCA,SANTA CRUZ,UTICYACU,061310,1735.0,2,0.0,58.18349349931613,50.53769357201329,58.230204119676095,45.85577462935654,0.02993344171319634,0.0,0.0,0.0,201.0,0.11585014409221903,0.11585014409221903,1735.0,1.0,0.884149855907781,0.0,0.0
CAJAMARCA,SANTA CRUZ,YAUYUCAN,061311,3425.0,2,0.0,86.39109213724623,84.10419692004223,86.9568379191647,60.43725860261569,0.011337241193270065,0.0,0.0,0.0,0.0,0.0,0.0,3425.0,1.0,1.0,0.0,0.0
CALLAO,CALLAO,BELLAVISTA,070102,75163.0,1,0.0,1.4383333921432495,1.4383333921432495,1.4383333921432495,0.579800009727478,,75163.0,1.0,1.0,75163.0,1.0,0.0,75163.0,1.0,0.0,0.0,0.0
CALLAO,CALLAO,CALLAO,070101,415888.0,1,0.0,2.863333225250244,2.863333225250244,2.863333225250244,1.4537999629974365,,415888.0,1.0,1.0,415888.0,1.0,0.0,415888.0,1.0,0.0,0.0,0.0
CALLAO,CALLAO,CARMEN DE LA LEGUA REYNOSO,070103,41863.0,1,0.0,1.4516667127609253,1.4516667127609253,1.4516667127609253,0.8478999733924866,,41863.0,1.0,1.0,41863.0,1.0,0.0,41863.0,1.0,0.0,0.0,0.0
CALLAO,CALLAO,LA PERLA,070104,61698.0,1,0.0,2.638333320617676,2.638333320617676,2.638333320617676,1.4567999839782715,,61698.0,1.0,1.0,61698.0,1.0,0.0,61698.0,1.0,0.0,0.0,0.0
CALLAO,CALLAO,LA PUNTA,070105,4370.0,1,0.0,7.545000076293945,7.545000076293945,7.545000076293945,4.035299777984619,,4370.0,1.0,1.0,4370.0,1.0,0.0,4370.0,1.0,0.0,0.0,0.0
CALLAO,CALLAO,MI PERU,070107,51522.0,1,0.0,3.7816667556762695,3.7816667556762695,3.7816667556762695,2.6552999019622803,,51522.0,1.0,1.0,51522.0,1.0,0.0,51522.0,1.0,0.0,0.0,0.0
CALLAO,CALLAO,VENTANILLA,070106,277895.0,1,0.0,1.809999942779541,1.809999942779541,1.809999942779541,0.8853999972343445,,277895.0,1.0,1.0,277895.0,1.0,0.0,277895.0,1.0,0.0,0.0,0.0
CUSCO,ACOMAYO,ACOMAYO,080201,5463.0,2,0.0,87.78922854093062,86.72333526611328,88.74104429048415,82.86882322375294,0.007354244359679352,0.0,0.0,0.0,0.0,0.0,0.0,5463.0,1.0,1.0,0.0,0.0
CUSCO,ACOMAYO,ACOPIA,080202,2587.0,2,0.0,58.90342568779803,58.26499938964844,59.3983240997015,48.24671918930213,0.006141970931966778,0.0,0.0,0.0,2587.0,1.0,1.0,2587.0,1.0,0.0,0.0,0.0
CUSCO,ACOMAYO,ACOS,080203,2545.0,3,0.0,98.01179404567876,95.0289380270816,101.91310076352929,91.42287500527613,0.022421320862904714,0.0,0.0,0.0,0.0,0.0,0.0,2545.0,1.0,1.0,0.0,0.0
CUSCO,ACOMAYO,MOSOC LLACTA,080204,1864.0,2,0.0,41.85959534379034,38.5716667175293,45.484788124330585,36.59607863528534,0.05242058074766298,0.0,0.0,0.0,1864.0,1.0,1.0,1864.0,1.0,0.0,0.0,0.0
CUSCO,ACOMAYO,POMACANCHI,080205,8778.0,3,0.0,73.83892786891239,72.72703779685631,74.81640518650865,65.0319789383237,0.010505148765758587,0.0,0.0,0.0,0.0,0.0,0.0,8778.0,1.0,1.0,0.0,0.0
CUSCO,ACOMAYO,RONDOCAN,080206,2919.0,3,0.0,60.73995757878909,58.651195986865766,62.61016593014145,54.348224132834495,0.02118530539971153,0.0,0.0,0.0,1119.0,0.38335046248715315,0.38335046248715315,2919.0,1.0,0.6166495375128469,0.0,0.0
CUSCO,ACOMAYO,SANGARARA,080207,3753.0,3,0.0,66.82829313941426,64.00261613490802,71.27043257376727,59.829323318078934,0.04543442626549965,0.0,0.0,0.0,1066.0,0.2840394351185718,0.2840394351185718,3753.0,1.0,0.7159605648814282,0.0,0.0
CUSCO,ANTA,ANCAHUASI,080302,6827.0,2,0.0,48.981501284675154,48.53262752500706,49.09585961144673,42.569676784919366,0.003970989068266206,0.0,0.0,0.0,6827.0,1.0,1.0,6827.0,1.0,0.0,0.0,0.0
CUSCO,ANTA,ANTA,080301,16211.0,4,0.0,32.040924410413794,31.59324206031557,42.20956165627086,28.00339857194037,0.1810919586821932,6652.0,0.41033865893529087,0.41033865893529087,16211.0,1.0,0.5896613410647091,16211.0,1.0,0.0,0.0,0.0
CUSCO,ANTA,CACHIMAYO,080303,2170.0,2,0.0,23.396123615387946,16.748332977294922,31.63463633592341,17.56402283066429,0.20020788501405318,1529.0,0.7046082949308756,0.7046082949308756,2170.0,1.0,0.2953917050691244,2170.0,1.0,0.0,0.0,0.0
CUSCO,ANTA,CHINCHAYPUJIO,080304,4756.0,2,0.0,76.5723575065876,74.18172044651483,76.98567880609984,67.6965033432533,0.011667003162614376,0.0,0.0,0.0,0.0,0.0,0.0,4756.0,1.0,1.0,0.0,0.0
CUSCO,ANTA,HUAROCONDO,080305,5719.0,2,0.0,42.471405612940885,40.750404132775095,43.37941432264877,33.01384260121249,0.022438760940212243,0.0,0.0,0.0,5719.0,1.0,1.0,5719.0,1.0,0.0,0.0,0.0
CUSCO,ANTA,LIMATAMBO,080306,9510.0,3,0.0,77.28422542455695,73.7440467967972,80.88494034590563,50.27233276808425,0.03311953617891272,0.0,0.0,0.0,0.0,0.0,0.0,9510.0,1.0,1.0,0.0,0.0
CUSCO,ANTA,MOLLEPATA,080307,3102.0,2,0.0,88.5286849985424,74.98043941615784,95.3747560961222,60.647046119301336,0.08438191195594946,0.0,0.0,0.0,0.0,0.0,0.0,3102.0,1.0,1.0,0.0,0.0
CUSCO,ANTA,PUCYURA,080308,3545.0,2,0.0,24.551828506534292,22.0800636610934,25.929345862101492,20.915908728466384,0.05554129584022971,3545.0,1.0,1.0,3545.0,1.0,0.0,3545.0,1.0,0.0,0.0,0.0
CUSCO,ANTA,ZURITE,080309,3705.0,2,0.0,43.482552990417894,40.685001373291016,45.935133056382874,34.72386445883315,0.03863713154026027,0.0,0.0,0.0,3705.0,1.0,1.0,3705.0,1.0,0.0,0.0,0.0
CUSCO,CALCA,CALCA,080401,19637.0,3,0.0,60.562802480414106,53.92166519165039,68.1693514733757,49.34011690404257,0.05949023856288116,0.0,0.0,0.0,10413.0,0.5302744818454957,0.5302744818454957,19637.0,1.0,0.46972551815450425,0.0,0.0
CUSCO,CALCA,COYA,080402,3948.0,2,0.0,34.369820319410515,32.40999984741211,36.61575406693734,29.027361530663395,0.038736524961064944,0.0,0.0,0.0,3948.0,1.0,1.0,3948.0,1.0,0.0,0.0,0.0
CUSCO,CALCA,LAMAY,080403,5367.0,2,0.0,61.534881593929185,50.51361814598611,66.45472558232223,46.309240566144915,0.09593847187364746,0.0,0.0,0.0,1809.0000000000002,0.3370598099496926,0.3370598099496926,5367.0,1.0,0.6629401900503074,0.0,0.0
CUSCO,CALCA,LARES,080404,7138.0,3,0.0,118.20597600041735,116.03180709277429,119.33681030380517,103.93873399524469,0.006291532029067959,0.0,0.0,0.0,0.0,0.0,0.0,5713.0,0.8003642476884282,0.8003642476884282,0.19963575231157182,1424.9999999999998
CUSCO,CALCA,PISAC,080405,9699.0,2,0.0,44.484126605745665,33.93409498007183,49.46815139347531,38.09688764730057,0.12900994885737493,3422.0000000000005,0.352819878337973,0.352819878337973,9699.0,1.0,0.647180121662027,9699.0,1.0,0.0,0.0,0.0
CUSCO,CALCA,SAN SALVADOR,080406,5219.0,2,0.0,48.40328414487208,41.47513122957045,50.051026001773465,48.84107705646375,0.06035422763055709,0.0,0.0,0.0,5219.0,1.0,1.0,5219.0,1.0,0.0,0.0,0.0
CUSCO,CALCA,TARAY,080407,4275.0,2,0.0,23.655316815292625,22.641666412353516,23.756170623872908,19.726929447107146,0.037949313066686696,3786.0,0.8856140350877193,0.8856140350877193,4275.0,1.0,0.1143859649122807,4275.0,1.0,0.0,0.0,0.0
CUSCO,CALCA,YANATILE,080408,11079.0,3,0.0,149.3014776520979,119.53385777297424,179.92804371923273,120.0734984074832,0.1393432028450976,0.0,0.0,0.0,0.0,0.0,0.0,2573.0,0.23224117700153443,0.23224117700153443,0.7677588229984655,8506.0
CUSCO,CANAS,CHECCA,080502,7616.0,3,0.0,47.76322391654263,42.732500076293945,53.17599896221184,48.86097161284014,0.07779355928792808,0.0,0.0,0.0,7616.0,1.0,1.0,7616.0,1.0,0.0,0.0,0.0
CUSCO,CANAS,KUNTURKANKI,080503,7011.0,2,0.0,46.84393148023687,46.07833480834961,47.88722726996516,43.41940717706665,0.01369539629381844,0.0,0.0,0.0,7011.0,1.0,1.0,7011.0,1.0,0.0,0.0,0.0
CUSCO,CANAS,LANGUI,080504,3458.0,2,0.0,48.4190656288019,47.369998931884766,47.369998931884766,25.353756989544703,0.019529832088228005,0.0,0.0,0.0,3458.0,1.0,1.0,3458.0,1.0,0.0,0.0,0.0
CUSCO,CANAS,LAYO,080505,6603.0,2,0.0,58.388674544652595,57.848331451416016,57.848331451416016,39.052323961987305,0.008423142784986348,0.0,0.0,0.0,6010.0,0.9101923368165985,0.9101923368165985,6603.0,1.0,0.0898076631834015,0.0,0.0
CUSCO,CANAS,PAMPAMARCA,080506,2047.0,3,0.0,50.31228669189394,49.4270697736464,52.54808180140897,42.35358464735336,0.042863266223783,0.0,0.0,0.0,2047.0,1.0,1.0,2047.0,1.0,0.0,0.0,0.0
CUSCO,CANAS,QUEHUE,080507,3285.0,2,0.0,98.93283066190722,83.32478531947066,97.91562234709725,96.5329013725757,0.024508601100089233,0.0,0.0,0.0,0.0,0.0,0.0,3285.0,1.0,1.0,0.0,0.0
CUSCO,CANAS,TUPAC AMARU,080508,2965.0,2,0.0,61.88992616675957,58.71413129608166,62.10549410589602,50.262359840431664,0.014655625279391016,0.0,0.0,0.0,436.0,0.14704890387858346,0.14704890387858346,2965.0,1.0,0.8529510961214165,0.0,0.0
CUSCO,CANAS,YANAOCA,080501,9701.0,3,0.0,62.6331750849893,56.989999771118164,68.26292294512965,46.64900626778394,0.05912564708398571,0.0,0.0,0.0,6004.5,0.6189568085764354,0.6189568085764354,9701.0,1.0,0.3810431914235646,0.0,0.0
CUSCO,CANCHIS,CHECACUPE,080602,4901.0,3,0.0,49.993767024400015,50.500701139722764,52.72814010587424,43.24575883576978,0.037299504407989126,0.0,0.0,0.0,4901.0,1.0,1.0,4901.0,1.0,0.0,0.0,0.0
CUSCO,CANCHIS,COMBAPATA,080603,5796.0,2,0.0,71.29094944368813,46.92869443736521,82.26173986403555,51.76732063293457,0.1835171449128622,0.0,0.0,0.0,1967.0,0.3393719806763285,0.3393719806763285,5796.0,1.0,0.6606280193236715,0.0,0.0
CUSCO,CANCHIS,MARANGANI,080604,13045.0,4,0.0,20.282929338080162,14.196532230023985,28.016204402177216,12.819353075930332,0.24637410627786083,7888.0,0.6046761211192028,0.6046761211192028,13045.0,1.0,0.39532387888079723,13045.0,1.0,0.0,0.0,0.0
CUSCO,CANCHIS,PITUMARCA,080605,7007.0,3,0.0,61.6353233699981,55.068211958555274,64.07883323370969,52.917572337787945,0.0659430050330101,0.0,0.0,0.0,2996.0,0.4275724275724276,0.4275724275724276,6907.0,0.9857285571571286,0.5581561295847011,0.014271442842871407,99.99999999999994
CUSCO,CANCHIS,SAN PABLO,080606,4979.0,2,0.0,19.73669002362106,19.011617489832446,20.03565632267352,12.097873132663167,0.019184624729143174,4979.0,1.0,1.0,4979.0,1.0,0.0,4979.0,1.0,0.0,0.0,0.0
CUSCO,CANCHIS,SAN PEDRO,080607,2974.0,3,0.0,23.085305708402263,21.634863539587094,24.77187958629456,17.47989899020269,0.05449744682140911,2974.0,1.0,1.0,2974.0,1.0,0.0,2974.0,1.0,0.0,0.0,0.0
CUSCO,CANCHIS,SICUANI,080601,57546.00000000001,5,0.0,6.584962288223739,2.0866665840148926,7.459868815265374,3.428544239337509,0.5867580103590533,52547.66666666667,0.9131419502079495,0.9131419502079495,57546.00000000001,1.0,0.08685804979205047,57546.00000000001,1.0,0.0,0.0,0.0
CUSCO,CANCHIS,TINTA,080608,6395.0,2,0.0,28.329661591972013,28.0972999946137,28.455460059957897,23.241337038149023,0.004541682330120089,6395.0,1.0,1.0,6395.0,1.0,0.0,6395.0,1.0,0.0,0.0,0.0
CUSCO,CHUMBIVILCAS,CAPACMARCA,080702,4592.0,2,0.0,64.73540903549991,63.65069270903064,64.78480773125925,82.45612744587224,0.004444035235963262,0.0,0.0,0.0,0.0,0.0,0.0,4592.0,1.0,1.0,0.0,0.0
CUSCO,CHUMBIVILCAS,CHAMACA,080703,7730.0,4,0.0,61.93622951902363,64.20083360436692,81.9976014627461,53.54790939612345,0.17817001247886344,0.0,0.0,0.0,3302.5,0.42723156532988354,0.42723156532988354,7730.0,1.0,0.5727684346701165,0.0,0.0
CUSCO,CHUMBIVILCAS,COLQUEMARCA,080704,9046.0,3,0.0,35.51759621423877,28.003334045410156,48.4186691286122,34.7337062826416,0.22831720959465085,3928.0,0.4342250718549635,0.4342250718549635,9046.0,1.0,0.5657749281450365,9046.0,1.0,0.0,0.0,0.0
CUSCO,CHUMBIVILCAS,LIVITACA,080705,11457.0,3,0.0,105.59759933919175,95.20750045776367,118.74533741063743,76.6785998617863,0.08227089351704997,0.0,0.0,0.0,0.0,0.0,0.0,6202.5,0.5413720869337523,0.5413720869337523,0.4586279130662477,5254.5
CUSCO,CHUMBIVILCAS,LLUSCO,080706,6274.0,2,0.0,29.567134045475335,24.72978840086315,29.964623756832786,27.21614516917634,0.048811809950688234,967.0,0.15412814791201784,0.15412814791201784,6274.0,1.0,0.8458718520879822,6274.0,1.0,0.0,0.0,0.0
CUSCO,CHUMBIVILCAS,QUINOTA,080707,4317.0,2,0.0,47.572817032994955,37.20164837434876,48.72166207233069,48.260217005217385,0.07044585104488621,726.0,0.16817234190410008,0.16817234190410008,4317.0,1.0,0.8318276580958999,4317.0,1.0,0.0,0.0,0.0
CUSCO,CHUMBIVILCAS,SANTO TOMAS,080701,25302.0,6,0.0,21.286869105751094,15.91885713281598,41.508792421697684,22.026911195916163,0.43929796927446496,15258.0,0.603035333175243,0.603035333175243,25302.0,1.0,0.39696466682475695,25302.0,1.0,0.0,0.0,0.0
CUSCO,CHUMBIVILCAS,VELILLE,080708,8047.0,2,0.0,43.81811525902571,43.665914715615465,43.85984920288872,51.73975062948051,0.0015500034996415168,0.0,0.0,0.0,8047.0,1.0,1.0,8047.0,1.0,0.0,0.0,0.0
CUSCO,CUSCO,CCORCA,080102,2365.0,3,0.0,33.00552341227299,30.05755348359385,34.26198102243291,25.76547835432702,0.0339270497074573,311.0,0.13150105708245244,0.13150105708245244,2365.0,1.0,0.8684989429175476,2365.0,1.0,0.0,0.0,0.0
CUSCO,CUSCO,CUSCO,080101,108991.0,2,0.0,3.539355694754914,3.5333333015441895,3.5333333015441895,1.6332134809636731,0.001661100421191719,108991.0,1.0,1.0,108991.0,1.0,0.0,108991.0,1.0,0.0,0.0,0.0
CUSCO,CUSCO,POROY,080103,4526.0,2,0.0,17.574749443629017,15.727217724012291,17.948110781130584,12.788641184976656,0.04161762763453947,4526.0,1.0,1.0,4526.0,1.0,0.0,4526.0,1.0,0.0,0.0,0.0
CUSCO,CUSCO,SAN JERONIMO,080104,31723.0,2,0.0,10.844921026382275,10.21166706085205,10.21166706085205,7.313661078203034,0.05462757268764795,31723.0,1.0,1.0,31723.0,1.0,0.0,31723.0,1.0,0.0,0.0,0.0
CUSCO,CUSCO,SAN SEBASTIAN,080105,92117.0,2,0.0,2.3621518718412995,2.2316665649414062,2.2316665649414062,1.1359775438069255,0.05375942489627661,92117.0,1.0,1.0,92117.0,1.0,0.0,92117.0,1.0,0.0,0.0,0.0
CUSCO,CUSCO,SANTIAGO,080106,66976.0,2,0.0,1.7145110415219122,1.2033333778381348,1.2033333778381348,0.9185281808550811,0.2852338018201035,66976.0,1.0,1.0,66976.0,1.0,0.0,66976.0,1.0,0.0,0.0,0.0
CUSCO,CUSCO,SAYLLA,080107,3009.0,2,0.0,15.906119327919155,15.618332862854004,16.14289748408405,13.44547149072497,0.010546625617866345,3009.0,1.0,1.0,3009.0,1.0,0.0,3009.0,1.0,0.0,0.0,0.0
CUSCO,CUSCO,WANCHAQ,080108,59134.0,1,0.0,1.2450000047683716,1.2450000047683716,1.2450000047683716,0.4494999945163727,,59134.0,1.0,1.0,59134.0,1.0,0.0,59134.0,1.0,0.0,0.0,0.0
CUSCO,ESPINAR,ALTO PICHIGUA,080808,2669.0,2,0.0,47.28410092236264,38.280204231142505,46.937373243689436,32.41180884145806,0.03488191173623245,247.0,0.09254402397901836,0.09254402397901836,2669.0,1.0,0.9074559760209816,2669.0,1.0,0.0,0.0,0.0
CUSCO,ESPINAR,CONDOROMA,080802,1208.0,2,0.0,117.26390848728205,108.66352710828103,121.83270542165621,87.2316869773612,0.04062212454714098,0.0,0.0,0.0,0.0,0.0,0.0,476.0,0.39403973509933776,0.39403973509933776,0.6059602649006622,732.0
CUSCO,ESPINAR,COPORAQUE,080803,15703.0,6,0.0,32.05719216601876,25.673054963350296,41.697257390593286,24.005089593178102,0.15327479463687554,7881.0,0.5018786219193785,0.5018786219193785,15703.0,1.0,0.4981213780806215,15703.0,1.0,0.0,0.0,0.0
CUSCO,ESPINAR,ESPINAR,080801,32026.0,4,0.0,8.714968209646186,1.9483333826065063,34.157000278953575,5.797229974589088,0.6439768313278396,27597.0,0.8617061137825517,0.8617061137825517,32026.0,1.0,0.13829388621744831,32026.0,1.0,0.0,0.0,0.0
CUSCO,ESPINAR,OCORURO,080804,1805.0,2,0.0,72.93079472592002,70.7345351107423,72.82557523503908,48.55595274314986,0.0052240111544541445,0.0,0.0,0.0,0.0,0.0,0.0,1805.0,1.0,1.0,0.0,0.0
CUSCO,ESPINAR,PALLPATA,080805,5313.0,2,0.0,72.86154888346216,52.70105043365901,79.71354382696617,50.184249853517926,0.13450008825072168,0.0,0.0,0.0,1486.0000000000002,0.27969132316958406,0.27969132316958406,5313.0,1.0,0.7203086768304159,0.0,0.0
CUSCO,ESPINAR,PICHIGUA,080806,3625.0,3,0.0,13.729285239910258,11.926666259765625,15.867944418039537,10.756011678498366,0.11469804816451645,3625.0,1.0,1.0,3625.0,1.0,0.0,3625.0,1.0,0.0,0.0,0.0
CUSCO,ESPINAR,SUYCKUTAMBO,080807,2796.0,2,0.0,72.88493782256295,63.463109294904996,72.6512888511685,50.87469023184715,0.02548536323444317,0.0,0.0,0.0,279.0,0.09978540772532189,0.09978540772532189,2796.0,1.0,0.9002145922746781,0.0,0.0
CUSCO,LA CONVENCION,ECHARATE,080902,43101.0,11,4231.777777777777,90.82399350383425,80.21538874239491,178.1447133846771,111.08842560204273,0.36808849141472044,9843.555555555555,0.22838346106947763,0.22838346106947763,13478.555555555557,0.31272025139916837,0.08433679032969074,26173.888888888887,0.607268715085239,0.2945484636860707,0.39273128491476095,16927.111111111113
CUSCO,LA CONVENCION,HUAYOPATA,080903,6289.0,3,0.0,36.06022082665592,35.163333892822266,37.449780797628,37.091505606577456,0.016323882235751985,0.0,0.0,0.0,6289.0,1.0,1.0,6289.0,1.0,0.0,0.0,0.0
CUSCO,LA CONVENCION,INKAWASI,080911,2602.0,2,0.0,248.28458652598962,244.79666137695312,253.29522607461317,174.54945427486294,0.010706137553018524,0.0,0.0,0.0,0.0,0.0,0.0,0.0,0.0,0.0,1.0,2602.0
CUSCO,LA CONVENCION,KIMBIRI,080907,16445.0,4,0.0,42.75428143715416,8.037231558347111,88.75499144181703,34.88276698253215,0.56187556259696,8394.333333333334,0.5104489713185366,0.5104489713185366,12419.666666666668,0.7552244856592684,0.24477551434073175,16445.0,1.0,0.24477551434073164,0.0,0.0
CUSCO,LA CONVENCION,MARANURA,080904,6770.0,2,0.0,23.822889646363926,17.245076937391268,23.761014899197004,19.893853921481742,0.05868853136102603,6770.0,1.0,1.0,6770.0,1.0,0.0,6770.0,1.0,0.0,0.0,0.0
CUSCO,LA CONVENCION,OCOBAMBA,080905,6244.0,2,0.0,129.64683943265223,129.5800018310547,129.5800018310547,110.25973466754647,0.0004825099086160911,0.0,0.0,0.0,0.0,0.0,0.0,0.0,0.0,0.0,1.0,6244.0
CUSCO,LA CONVENCION,PICHARI,080910,15762.0,4,0.0,18.34133885672455,10.318080288491018,30.214053681358163,12.299378359360134,0.37163624733234746,11346.5,0.7198642304276107,0.7198642304276107,15762.0,1.0,0.2801357695723893,15762.0,1.0,0.0,0.0,0.0
CUSCO,LA CONVENCION,QUELLOUNO,080906,15084.0,5,0.0,127.43060791685296,105.20847110756765,168.21837148712984,114.52815023223464,0.1989100159971956,0.0,0.0,0.0,1286.0,0.08525590029169981,0.08525590029169981,6080.0,0.4030761071333864,0.31782020684168655,0.5969238928666136,9004.0
CUSCO,LA CONVENCION,SANTA ANA,080901,33683.0,3,0.0,1.623160606038205,0.26499998569488525,4.501282176716587,1.5382309133642658,0.6938221724554314,33683.0,1.0,1.0,33683.0,1.0,0.0,33683.0,1.0,0.0,0.0,0.0
CUSCO,LA CONVENCION,SANTA TERESA,080908,6923.0,2,0.0,36.21464321418045,32.685001373291016,41.43719174990359,34.45947772589064,0.07603722762079879,0.0,0.0,0.0,6923.0,1.0,1.0,6923.0,1.0,0.0,0.0,0.0
CUSCO,LA CONVENCION,VILCABAMBA,080909,12992.0,4,0.0,91.83760279152781,84.03442327031978,115.34757800791542,89.92960640303608,0.16002713074562147,0.0,0.0,0.0,0.0,0.0,0.0,8793.0,0.6768011083743842,0.6768011083743842,0.32319889162561577,4199.0
CUSCO,LA CONVENCION,VILLA VIRGEN,080912,1993.0,2,0.0,106.98332931740585,94.163330078125,126.20268087903855,91.40767880222992,0.09542046276999694,0.0,0.0,0.0,0.0,0.0,0.0,1587.0,0.7962870045158054,0.7962870045158054,0.20371299548419464,405.9999999999999
CUSCO,PARURO,ACCHA,081002,3853.0,2,0.0,106.65921385047531,106.3566665649414,106.99295874304552,103.94025875975676,0.001893506663064426,0.0,0.0,0.0,0.0,0.0,0.0,3853.0,1.0,1.0,0.0,0.0
CUSCO,PARURO,CCAPI,081003,4120.0,2,0.0,110.39510376569137,102.38786631116405,111.96157594777969,76.83311022601082,0.02836535516915284,0.0,0.0,0.0,0.0,0.0,0.0,4120.0,1.0,1.0,0.0,0.0
CUSCO,PARURO,COLCHA,081004,1335.0,3,0.0,91.87037520390771,87.85887956181797,92.95311136158234,88.72542025105336,0.021649699520192245,0.0,0.0,0.0,0.0,0.0,0.0,1335.0,1.0,1.0,0.0,0.0
CUSCO,PARURO,HUANOQUITE,081005,5843.0,2,0.0,47.37501190240388,44.8033332824707,51.139902920033556,35.8430746340617,0.041945872319867905,0.0,0.0,0.0,5843.0,1.0,1.0,5843.0,1.0,0.0,0.0,0.0
CUSCO,PARURO,OMACHA,081006,6431.0,3,0.0,124.96319276373413,122.00857874796482,124.97562877878674,114.06193118480219,0.01267193953650192,0.0,0.0,0.0,0.0,0.0,0.0,1240.0,0.19281604727103094,0.19281604727103094,0.807183952728969,5191.0
CUSCO,PARURO,PACCARITAMBO,081007,2623.0,3,0.0,77.18241189774147,67.85249890350714,80.41110546699913,73.28393309488126,0.06505110000335357,0.0,0.0,0.0,0.0,0.0,0.0,2623.0,1.0,1.0,0.0,0.0
CUSCO,PARURO,PARURO,081001,3566.0,2,0.0,58.700739239549875,55.939998626708984,60.556144345601396,55.13372282626184,0.02487381404182809,0.0,0.0,0.0,1885.9999999999998,0.5288839035333707,0.5288839035333707,3566.0,1.0,0.47111609646662933,0.0,0.0
CUSCO,PARURO,PILLPINTO,081008,1327.0,3,0.0,110.69432422031383,104.57093422618134,116.93720411973841,105.39102560358113,0.03172970687539134,0.0,0.0,0.0,0.0,0.0,0.0,1327.0,1.0,1.0,0.0,0.0
CUSCO,PARURO,YAURISQUE,081009,2674.0,2,0.0,45.16267377900471,40.73372237033302,45.79740975726973,39.15070646024945,0.034341371493209816,0.0,0.0,0.0,2674.0,1.0,1.0,2674.0,1.0,0.0,0.0,0.0
CUSCO,PAUCARTAMBO,CAICAY,081102,2521.0,3,0.0,38.696667168453445,36.309215400680024,38.17017307281495,35.37629346230918,0.034719331483892946,0.0,0.0,0.0,2521.0,1.0,1.0,2521.0,1.0,0.0,0.0,0.0
CUSCO,PAUCARTAMBO,CHALLABAMBA,081103,10240.0,3,0.0,137.82177578099072,125.09295242073316,147.67759052690056,115.28693878278136,0.055734691201197895,0.0,0.0,0.0,0.0,0.0,0.0,875.0,0.08544921875,0.08544921875,0.91455078125,9365.0
CUSCO,PAUCARTAMBO,COLQUEPATA,081104,9616.0,3,0.0,86.66655247897752,70.64749908447266,100.10093540184491,85.51715311155145,0.11369157238732186,0.0,0.0,0.0,0.0,0.0,0.0,9616.0,1.0,1.0,0.0,0.0
CUSCO,PAUCARTAMBO,HUANCARANI,081105,6890.0,2,0.0,62.34524079476455,58.133698185718785,62.99340833831563,59.90272859980302,0.024232106116185537,0.0,0.0,0.0,1303.0,0.18911465892597967,0.18911465892597967,6890.0,1.0,0.8108853410740203,0.0,0.0
CUSCO,PAUCARTAMBO,KOSNIPATA,081106,4793.0,2,0.0,195.60920815295722,193.99000549316406,197.35001172054626,183.72963732586706,0.005460926737086869,0.0,0.0,0.0,0.0,0.0,0.0,0.0,0.0,0.0,1.0,4793.0
CUSCO,PAUCARTAMBO,PAUCARTAMBO,081101,12650.0,3,0.0,114.7358452024196,108.33114703387933,123.36497256780473,101.21822200428356,0.050398509727793694,0.0,0.0,0.0,0.0,0.0,0.0,8103.0,0.6405533596837945,0.6405533596837945,0.35944664031620555,4547.0
CUSCO,QUISPICANCHI,ANDAHUAYLILLAS,081202,4951.0,3,0.0,44.59803592294328,40.90470239443657,48.45549154052894,37.53874985354521,0.06099079452122691,0.0,0.0,0.0,4951.0,1.0,1.0,4951.0,1.0,0.0,0.0,0.0
CUSCO,QUISPICANCHI,CAMANTI,081203,2111.0,2,0.0,252.25817634007876,242.73167419433594,261.22159567653165,229.76204967272898,0.023435341163980272,0.0,0.0,0.0,0.0,0.0,0.0,0.0,0.0,0.0,1.0,2111.0
CUSCO,QUISPICANCHI,CCARHUAYO,081204,2886.0,2,0.0,154.48097281875664,145.0083277187023,156.26033253592797,115.59211358211145,0.02361939368406496,0.0,0.0,0.0,0.0,0.0,0.0,0.0,0.0,0.0,1.0,2886.0
CUSCO,QUISPICANCHI,CCATCA,081205,14630.0,5,0.0,77.35556639234359,73.0623668656223,85.46399411998812,64.59607331316572,0.05856314528922302,0.0,0.0,0.0,0.0,0.0,0.0,14630.0,1.0,1.0,0.0,0.0
CUSCO,QUISPICANCHI,CUSIPATA,081206,5146.0,2,0.0,73.35860820433716,70.18165460676595,74.11899693697819,60.970163631476275,0.018306730621237444,0.0,0.0,0.0,0.0,0.0,0.0,5146.0,1.0,1.0,0.0,0.0
CUSCO,QUISPICANCHI,HUARO,081207,4366.0,3,0.0,74.29573496645108,57.56435662306359,86.44087425430021,58.764551743748974,0.15399762181054966,0.0,0.0,0.0,1824.0,0.41777370590929913,0.41777370590929913,4366.0,1.0,0.5822262940907008,0.0,0.0
CUSCO,QUISPICANCHI,LUCRE,081208,3880.0,3,0.0,30.85685378595726,29.823828142348106,32.23276489604775,27.327668720913916,0.03656924504794967,1857.0,0.47860824742268043,0.47860824742268043,3880.0,1.0,0.5213917525773195,3880.0,1.0,0.0,0.0,0.0
CUSCO,QUISPICANCHI,MARCAPATA,081209,4514.0,2,0.0,259.26835034006615,254.47729860742385,259.36613843242225,152.57257518168302,0.004464142198255638,0.0,0.0,0.0,0.0,0.0,0.0,0.0,0.0,0.0,1.0,4514.0
CUSCO,QUISPICANCHI,OCONGATE,081210,13590.0,5,0.0,137.01173282311714,125.98613840533841,160.7244687234202,97.41471063138107,0.06641700852052845,0.0,0.0,0.0,0.0,0.0,0.0,0.0,0.0,0.0,1.0,13590.0
CUSCO,QUISPICANCHI,OROPESA,081211,6579.0,3,0.0,23.66540882837122,23.07292638274246,24.40963359236598,20.870290526613164,0.02195595121668681,6579.0,1.0,1.0,6579.0,1.0,0.0,6579.0,1.0,0.0,0.0,0.0
CUSCO,QUISPICANCHI,QUIQUIJANA,081212,10971.0,3,0.0,76.49207748052861,71.24333572387695,82.58451309871724,67.06682828795931,0.053269324265426854,0.0,0.0,0.0,0.0,0.0,0.0,10971.0,1.0,1.0,0.0,0.0
CUSCO,QUISPICANCHI,URCOS,081201,13571.0,4,0.0,72.20616033249233,66.42899364053554,90.39552277725679,58.957948281185054,0.1470918402016158,0.0,0.0,0.0,5114.0,0.3768329526195564,0.3768329526195564,13571.0,1.0,0.6231670473804436,0.0,0.0
CUSCO,URUBAMBA,CHINCHERO,081302,9540.0,3,0.0,31.42082336713683,30.853969673835795,32.61883894436022,27.014242719254405,0.02702791853899189,2664.0,0.2792452830188679,0.2792452830188679,9540.0,1.0,0.7207547169811321,9540.0,1.0,0.0,0.0,0.0
CUSCO,URUBAMBA,HUAYLLABAMBA,081303,5332.0,2,0.0,41.681917722835095,35.246665954589844,50.91790131359566,39.11949024644009,0.11758737608255254,0.0,0.0,0.0,4061.0,0.7616279069767442,0.7616279069767442,5332.0,1.0,0.2383720930232558,0.0,0.0
CUSCO,URUBAMBA,MACHUPICCHU,081304,5286.0,2,0.0,58.298030783992075,52.49833297729492,66.02816984176638,51.70933613685149,0.08367462594430797,0.0,0.0,0.0,4446.0,0.8410896708286039,0.8410896708286039,5286.0,1.0,0.15891032917139614,0.0,0.0
CUSCO,URUBAMBA,MARAS,081305,6258.0,2,0.0,49.42210686263965,49.03766968772878,49.53820105180357,39.035438058474604,0.0036080685848960403,0.0,0.0,0.0,6258.0,1.0,1.0,6258.0,1.0,0.0,0.0,0.0
CUSCO,URUBAMBA,OLLANTAYTAMBO,081306,9851.0,3,0.0,85.68500240451006,68.37416458129883,104.92345404297976,67.07505975153444,0.1405634767444267,0.0,0.0,0.0,0.0,0.0,0.0,9851.0,1.0,1.0,0.0,0.0
CUSCO,URUBAMBA,URUBAMBA,081301,18516.0,3,0.0,57.82417348477258,55.25,61.97006554063318,52.467722062390884,0.03264422038143944,0.0,0.0,0.0,15166.5,0.8191023979261179,0.8191023979261179,18516.0,1.0,0.18089760207388206,0.0,0.0
CUSCO,URUBAMBA,YUCAY,081307,3101.0,2,0.0,57.01230195951785,56.842994959806084,56.99526525172684,52.26235719082318,0.0003472329192909518,0.0,0.0,0.0,3101.0,1.0,1.0,3101.0,1.0,0.0,0.0,0.0
HUANCAVELICA,ACOBAMBA,ACOBAMBA,090201,11368.0,3,0.0,9.78861840630316,3.7113154788675224,17.720651336459838,7.450901824160414,0.46571284430190796,11368.0,1.0,1.0,11368.0,1.0,0.0,11368.0,1.0,0.0,0.0,0.0
HUANCAVELICA,ACOBAMBA,ANDABAMBA,090202,4915.0,3,0.0,45.123454564852246,36.934794167793825,51.05362448297282,37.932865225868575,0.14505155934818137,728.0,0.148118006103764,0.148118006103764,4915.0,1.0,0.851881993896236,4915.0,1.0,0.0,0.0,0.0
HUANCAVELICA,ACOBAMBA,ANTA,090203,8253.0,3,0.0,26.294551719481564,24.241011560394696,26.616486824335453,31.42220456224925,0.05347703377053559,7736.0,0.937356112928632,0.937356112928632,8253.0,1.0,0.06264388707136803,8253.0,1.0,0.0,0.0,0.0
HUANCAVELICA,ACOBAMBA,CAJA,090204,2968.0,2,0.0,27.493468251189775,23.8437820526747,28.699423524792753,18.26496889777582,0.06381754523931737,2968.0,1.0,1.0,2968.0,1.0,0.0,2968.0,1.0,0.0,0.0,0.0
HUANCAVELICA,ACOBAMBA,MARCAS,090205,2367.0,3,0.0,32.42834088205032,27.138334274291992,39.21504217468866,36.94326212842302,0.10760995369570558,1283.0,0.5420363329108576,0.5420363329108576,2367.0,1.0,0.4579636670891424,2367.0,1.0,0.0,0.0,0.0
HUANCAVELICA,ACOBAMBA,PAUCARA,090206,24637.0,5,0.0,35.50109333795943,27.276114376553938,49.07159920875989,36.438828106315924,0.17593197510266512,11504.5,0.4669602630190364,0.4669602630190364,24637.0,1.0,0.5330397369809636,24637.0,1.0,0.0,0.0,0.0
HUANCAVELICA,ACOBAMBA,POMACOCHA,090207,4240.0,3,0.0,14.911689609176708,17.986823504578833,18.605364884021235,9.412841221746408,0.17765066859660938,4240.0,1.0,1.0,4240.0,1.0,0.0,4240.0,1.0,0.0,0.0,0.0
HUANCAVELICA,ACOBAMBA,ROSARIO,090208,7467.0,3,0.0,19.936666627860667,16.79884666102154,19.545900787714274,22.334711342527154,0.08775814597658171,7060.0,0.9454935047542521,0.9454935047542521,7467.0,1.0,0.05450649524574791,7467.0,1.0,0.0,0.0,0.0
HUANCAVELICA,ANGARAES,ANCHONGA,090302,7749.0,3,0.0,33.11754976283167,33.19363730141786,33.924060712236695,26.431322137407065,0.02774179582385128,280.0,0.036133694670280034,0.036133694670280034,7749.0,1.0,0.96386630532972,7749.0,1.0,0.0,0.0,0.0
HUANCAVELICA,ANGARAES,CALLANMARCA,090303,907.0,2,0.0,30.129518460543967,26.97833251953125,34.200017164641736,30.280613866635694,0.07518343226309598,652.0,0.7188533627342889,0.7188533627342889,907.0,1.0,0.2811466372657111,907.0,1.0,0.0,0.0,0.0
HUANCAVELICA,ANGARAES,CCOCHACCASA,090304,3531.0,3,0.0,23.47494543459624,21.290000915527344,24.417973382594223,28.323143826973265,0.06975412305021722,3270.0,0.9260832625318607,0.9260832625318607,3531.0,1.0,0.07391673746813932,3531.0,1.0,0.0,0.0,0.0
HUANCAVELICA,ANGARAES,CHINCHO,090305,1322.0,2,0.0,36.073547426763355,34.87333297729492,34.87333297729492,32.759193560359336,0.031182422368799645,0.0,0.0,0.0,1322.0,1.0,1.0,1322.0,1.0,0.0,0.0,0.0
HUANCAVELICA,ANGARAES,CONGALLA,090306,4454.0,3,0.0,65.66236103624841,65.6321411691585,66.33976441547233,61.61697181030191,0.011681198705381535,0.0,0.0,0.0,229.0,0.051414458913336326,0.051414458913336326,4454.0,1.0,0.9485855410866637,0.0,0.0
HUANCAVELICA,ANGARAES,HUANCA-HUANCA,090307,1658.0,2,0.0,38.23238978138591,34.595001220703125,40.54366233304421,40.65125615864237,0.04894662556241447,0.0,0.0,0.0,1658.0,1.0,1.0,1658.0,1.0,0.0,0.0,0.0
HUANCAVELICA,ANGARAES,HUAYLLAY GRANDE,090308,2007.0,2,0.0,10.714695468136608,10.175000190734863,11.5237725094653,10.558969746196691,0.040104969297274584,2007.0,1.0,1.0,2007.0,1.0,0.0,2007.0,1.0,0.0,0.0,0.0
HUANCAVELICA,ANGARAES,JULCAMARCA,090309,1658.0,2,0.0,71.58206799809695,68.46926894380475,73.44852297821407,59.85975186356014,0.022072972120582013,0.0,0.0,0.0,0.0,0.0,0.0,1658.0,1.0,1.0,0.0,0.0
HUANCAVELICA,ANGARAES,LIRCAY,090301,24899.0,6,0.0,19.286095124635597,14.763396388979306,33.557601972827214,13.443625199018681,0.42504545679010886,20411.25,0.8197618378248123,0.8197618378248123,24899.0,1.0,0.18023816217518773,24899.0,1.0,0.0,0.0,0.0
HUANCAVELICA,ANGARAES,SAN ANTONIO DE ANTAPARCO,090310,3055.0,2,0.0,65.51065752119948,60.54544965744019,66.19842098617553,53.622238777273026,0.026244855730437777,0.0,0.0,0.0,555.0,0.18166939443535188,0.18166939443535188,3055.0,1.0,0.8183306055646481,0.0,0.0
HUANCAVELICA,ANGARAES,SANTO TOMAS DE PATA,090311,1968.0,2,0.0,84.06622226063799,74.42467353972091,87.39693421966294,67.65132077534993,0.05610519123942048,0.0,0.0,0.0,0.0,0.0,0.0,1968.0,1.0,1.0,0.0,0.0
HUANCAVELICA,ANGARAES,SECCLLA,090312,3377.0,2,0.0,84.73255884940362,83.95144027362572,84.77695187308451,48.68569242654201,0.002540645152823373,0.0,0.0,0.0,0.0,0.0,0.0,3377.0,1.0,1.0,0.0,0.0
HUANCAVELICA,CASTROVIRREYNA,ARMA,090402,1484.0,2,0.0,109.19815219766046,99.01000213623047,124.4286382218482,98.85306329033124,0.07544446595741428,0.0,0.0,0.0,0.0,0.0,0.0,1200.0,0.8086253369272237,0.8086253369272237,0.19137466307277629,284.0
HUANCAVELICA,CASTROVIRREYNA,AURAHUA,090403,2125.0,2,0.0,126.44438592529296,126.4366683959961,126.45560442141401,120.88344073486329,4.690357926995237e-05,0.0,0.0,0.0,0.0,0.0,0.0,0.0,0.0,0.0,1.0,2125.0
HUANCAVELICA,CASTROVIRREYNA,CAPILLAS,090404,1399.0,2,0.0,118.84465194276778,113.84474440295287,118.53561758176245,98.45086833525761,0.0066855328983476126,0.0,0.0,0.0,0.0,0.0,0.0,1399.0,1.0,1.0,0.0,0.0
HUANCAVELICA,CASTROVIRREYNA,CASTROVIRREYNA,090401,3414.0,2,0.0,129.57926066912052,126.59125168739983,131.13024984919872,125.80190019881299,0.012755303550617492,0.0,0.0,0.0,0.0,0.0,0.0,0.0,0.0,0.0,1.0,3414.0
HUANCAVELICA,CASTROVIRREYNA,CHUPAMARCA,090405,1132.0,2,0.0,132.39092254638672,124.9446824791826,134.35426852708653,124.96043879909988,0.024708033201245372,0.0,0.0,0.0,0.0,0.0,0.0,274.0,0.2420494699646643,0.2420494699646643,0.7579505300353357,858.0000000000001
HUANCAVELICA,CASTROVIRREYNA,COCAS,090406,946.0,2,0.0,120.3668335477091,114.36333465576172,128.7868345333051,131.6466512538918,0.04154633131169028,0.0,0.0,0.0,0.0,0.0,0.0,788.0,0.8329809725158562,0.8329809725158562,0.16701902748414377,158.0
HUANCAVELICA,CASTROVIRREYNA,HUACHOS,090407,1909.0,2,0.0,110.86340846785579,107.85414485848827,112.4654944990414,95.4718722008235,0.01503478989910656,0.0,0.0,0.0,0.0,0.0,0.0,1909.0,1.0,1.0,0.0,0.0
HUANCAVELICA,CASTROVIRREYNA,HUAMATAMBO,090408,447.0,2,0.0,123.80811560714005,118.23138796628176,126.7369392143501,108.7361946361977,0.024937064794696262,0.0,0.0,0.0,0.0,0.0,0.0,174.0,0.38926174496644295,0.38926174496644295,0.610738255033557,273.0
HUANCAVELICA,CASTROVIRREYNA,MOLLEPAMPA,090409,1565.0,2,0.0,122.52610301544873,117.10962827286023,122.2925921584783,138.9521017641305,0.007888340273256578,0.0,0.0,0.0,0.0,0.0,0.0,141.0,0.0900958466453674,0.0900958466453674,0.9099041533546326,1424.0
HUANCAVELICA,CASTROVIRREYNA,SAN JUAN,090410,785.0,2,0.0,78.10062023575898,75.78166961669922,81.5461374308965,72.85418569965726,0.02416953077950834,0.0,0.0,0.0,0.0,0.0,0.0,785.0,1.0,1.0,0.0,0.0
HUANCAVELICA,CASTROVIRREYNA,SANTA ANA,090411,1975.0,3,0.0,136.29133764725697,125.71949308491602,143.95698233490336,93.90754926850524,0.043241927144246683,0.0,0.0,0.0,0.0,0.0,0.0,78.0,0.03949367088607595,0.03949367088607595,0.9605063291139241,1897.0
HUANCAVELICA,CASTROVIRREYNA,TANTARA,090412,816.0,2,0.0,107.79246859456978,107.62992754680354,107.88998697420446,101.47387096928615,0.0007576130789369584,0.0,0.0,0.0,0.0,0.0,0.0,816.0,1.0,1.0,0.0,0.0
HUANCAVELICA,CASTROVIRREYNA,TICRAPO,090413,1802.0,2,0.0,102.89751662953977,97.61333465576172,106.1317895230691,122.05298473091422,0.025933401117744115,0.0,0.0,0.0,0.0,0.0,0.0,1802.0,1.0,1.0,0.0,0.0
HUANCAVELICA,CHURCAMPA,ANCO,090502,6653.0,2,0.0,69.77191289858443,57.33224956730879,69.89978121228988,58.43128846990028,0.0413339265040521,0.0,0.0,0.0,785.0,0.11799188336088982,0.11799188336088982,6653.0,1.0,0.8820081166391102,0.0,0.0
HUANCAVELICA,CHURCAMPA,CHINCHIHUASI,090503,3401.0,2,0.0,81.93050284471207,80.14167022705078,83.24630707692883,75.78656312515722,0.019021690211280973,0.0,0.0,0.0,0.0,0.0,0.0,3401.0,1.0,1.0,0.0,0.0
HUANCAVELICA,CHURCAMPA,CHURCAMPA,090501,6001.0,2,0.0,51.37432225778329,49.19499969482422,52.94431260721573,42.654304457990115,0.023207195754157417,0.0,0.0,0.0,6001.0,1.0,1.0,6001.0,1.0,0.0,0.0,0.0
HUANCAVELICA,CHURCAMPA,COSME,090511,4184.0,2,0.0,84.69856570008608,83.82666778564453,85.90008975975562,73.24989375375198,0.007651706372991396,0.0,0.0,0.0,0.0,0.0,0.0,4184.0,1.0,1.0,0.0,0.0
HUANCAVELICA,CHURCAMPA,EL CARMEN,090504,3101.0,2,0.0,75.11330387985196,70.47973215232776,74.74127724101243,52.67695190567464,0.008584898774907868,0.0,0.0,0.0,0.0,0.0,0.0,3101.0,1.0,1.0,0.0,0.0
HUANCAVELICA,CHURCAMPA,LA MERCED,090505,1149.0,2,0.0,40.53815766974466,39.573333740234375,41.276212905792605,32.286453351650785,0.013401959795238949,0.0,0.0,0.0,1149.0,1.0,1.0,1149.0,1.0,0.0,0.0,0.0
HUANCAVELICA,CHURCAMPA,LOCROJA,090506,4439.0,2,0.0,77.16548333422615,73.31181237845024,78.3263639405338,59.26453752253447,0.023141589933110107,0.0,0.0,0.0,0.0,0.0,0.0,4439.0,1.0,1.0,0.0,0.0
HUANCAVELICA,CHURCAMPA,PACHAMARCA,090510,2937.0,2,0.0,105.30115725679953,102.22057981647428,105.02811864884174,84.89093715055971,0.0038063325002788417,0.0,0.0,0.0,0.0,0.0,0.0,2937.0,1.0,1.0,0.0,0.0
HUANCAVELICA,CHURCAMPA,PAUCARBAMBA,090507,7385.0,3,0.0,89.19521948440541,87.47447372461959,90.39279301475932,77.7509163310904,0.012410432941507565,0.0,0.0,0.0,0.0,0.0,0.0,7385.0,1.0,1.0,0.0,0.0
HUANCAVELICA,CHURCAMPA,SAN MIGUEL DE MAYOCC,090508,1144.0,2,0.0,45.2502775225606,33.244998931884766,56.583246681266246,35.653547221964054,0.16489009635097995,0.0,0.0,0.0,711.0,0.6215034965034965,0.6215034965034965,1144.0,1.0,0.37849650349650354,0.0,0.0
HUANCAVELICA,CHURCAMPA,SAN PEDRO DE CORIS,090509,7097.0,3,0.0,138.3674659100119,140.81455472600138,141.88024492957527,115.76059014786796,0.022851593555971106,0.0,0.0,0.0,0.0,0.0,0.0,894.0000000000001,0.1259687191771171,0.1259687191771171,0.874031280822883,6203.0
HUANCAVELICA,HUANCAVELICA,ACOBAMBILLA,090102,3976.0,2,0.0,49.27004259596888,41.029998779296875,61.628388504570516,47.99686939999371,0.13409683275571804,0.0,0.0,0.0,3188.0,0.8018108651911469,0.8018108651911469,3976.0,1.0,0.19818913480885314,0.0,0.0
HUANCAVELICA,HUANCAVELICA,ACORIA,090103,30896.0,8,0.0,38.73632873816748,29.455631897899135,63.57243761853286,39.34309819396782,0.21047845564831136,20657.666666666668,0.6686194545140688,0.6686194545140688,21837.666666666668,0.7068121008113241,0.03819264629725527,30896.0,1.0,0.29318789918867594,0.0,0.0
HUANCAVELICA,HUANCAVELICA,ASCENSION,090118,9735.0,2,0.0,2.025777753194173,1.5533332824707031,1.5533332824707031,1.1148533503214517,0.21766858283440405,9735.0,1.0,1.0,9735.0,1.0,0.0,9735.0,1.0,0.0,0.0,0.0
HUANCAVELICA,HUANCAVELICA,CONAYCA,090104,1323.0,2,0.0,69.89543372721539,69.19666290283203,70.37371937459639,87.59396770589747,0.005334955685925791,0.0,0.0,0.0,0.0,0.0,0.0,1323.0,1.0,1.0,0.0,0.0
HUANCAVELICA,HUANCAVELICA,CUENCA,090105,2287.0,2,0.0,93.47274794284569,81.65581812104335,95.17916167108368,92.60416821011509,0.044382392392982584,0.0,0.0,0.0,0.0,0.0,0.0,2287.0,1.0,1.0,0.0,0.0
HUANCAVELICA,HUANCAVELICA,HUACHOCOLPA,090106,3032.0,3,0.0,43.33350621364362,33.61499219518071,56.52754679221475,42.38029488535859,0.1777694564840887,1235.0,0.40732189973614774,0.40732189973614774,2127.0,0.7015171503957783,0.2941952506596306,3032.0,1.0,0.29848284960422167,0.0,0.0
HUANCAVELICA,HUANCAVELICA,HUANCAVELICA,090101,36402.0,3,0.0,2.258639866343226,0.8333333134651184,6.333669437902145,2.560543258762197,0.5474980828643168,36402.0,1.0,1.0,36402.0,1.0,0.0,36402.0,1.0,0.0,0.0,0.0
HUANCAVELICA,HUANCAVELICA,HUANDO,090119,7694.0,2,0.0,44.799288737547684,44.756150606163494,44.80456264076395,59.15324969349944,0.0003204804258093441,0.0,0.0,0.0,7694.0,1.0,1.0,7694.0,1.0,0.0,0.0,0.0
HUANCAVELICA,HUANCAVELICA,HUAYLLAHUARA,090107,907.0,2,0.0,94.91532657375146,92.91217903754386,95.88243580750877,85.69730024747838,0.011538401857359215,0.0,0.0,0.0,0.0,0.0,0.0,907.0,1.0,1.0,0.0,0.0
HUANCAVELICA,HUANCAVELICA,IZCUCHACA,090108,979.0,2,0.0,56.12134428871786,54.665000915527344,57.36156930947364,75.37949461737254,0.015373792690651422,0.0,0.0,0.0,979.0,1.0,1.0,979.0,1.0,0.0,0.0,0.0
HUANCAVELICA,HUANCAVELICA,LARIA,090109,1443.0,2,0.0,88.41784884742954,85.76119474674857,89.63357439856847,87.51697701542062,0.016209164683975485,0.0,0.0,0.0,0.0,0.0,0.0,1443.0,1.0,1.0,0.0,0.0
HUANCAVELICA,HUANCAVELICA,MANTA,090110,1741.0,2,0.0,68.62224230911457,61.30078440355684,70.034821187352,54.23807099247581,0.04150791415107202,0.0,0.0,0.0,362.0,0.20792647903503733,0.20792647903503733,1741.0,1.0,0.7920735209649626,0.0,0.0
HUANCAVELICA,HUANCAVELICA,MARISCAL CACERES,090111,760.0,1,0.0,63.061668395996094,63.061668395996094,63.061668395996094,84.43250274658203,,0.0,0.0,0.0,0.0,0.0,0.0,760.0,1.0,1.0,0.0,0.0
HUANCAVELICA,HUANCAVELICA,MOYA,090112,2272.0,2,0.0,93.66191922443014,84.26690342850591,97.31471491421681,85.99741100593351,0.05130824300106296,0.0,0.0,0.0,0.0,0.0,0.0,2272.0,1.0,1.0,0.0,0.0
HUANCAVELICA,HUANCAVELICA,NUEVO OCCORO,090113,2539.0,2,0.0,81.5147574005187,76.89418327291176,82.86150267020736,59.32977092693339,0.02592168654499427,0.0,0.0,0.0,0.0,0.0,0.0,2539.0,1.0,1.0,0.0,0.0
HUANCAVELICA,HUANCAVELICA,PALCA,090114,3416.0,2,0.0,35.82070628932265,35.31833267211914,36.56780304701432,29.128440919469615,0.011002961949282297,0.0,0.0,0.0,3416.0,1.0,1.0,3416.0,1.0,0.0,0.0,0.0
HUANCAVELICA,HUANCAVELICA,PILCHACA,090115,626.0,2,0.0,80.39257873437656,76.961669921875,84.0815411348298,64.48799266144871,0.0281558688909489,0.0,0.0,0.0,0.0,0.0,0.0,626.0,1.0,1.0,0.0,0.0
HUANCAVELICA,HUANCAVELICA,VILCA,090116,3186.0,2,0.0,75.96080527631875,71.96651605368072,75.80263548612677,63.83115247593537,0.009573477957461662,0.0,0.0,0.0,0.0,0.0,0.0,3186.0,1.0,1.0,0.0,0.0
HUANCAVELICA,HUANCAVELICA,YAULI,090117,23874.0,6,0.0,36.86441320886043,34.50741938564265,44.187239499849696,32.25876750247786,0.11954077260664975,4186.0,0.17533718689788053,0.17533718689788053,23874.0,1.0,0.8246628131021194,23874.0,1.0,0.0,0.0,0.0
HUANCAVELICA,HUAYTARA,AYAVI,090602,817.0,2,0.0,167.8951911692812,166.40167236328125,169.97579491624555,175.8950144138593,0.006652602763852156,0.0,0.0,0.0,0.0,0.0,0.0,0.0,0.0,0.0,1.0,817.0
HUANCAVELICA,HUAYTARA,CORDOVA,090603,2098.0,2,0.0,127.44561981041166,117.64952797082498,128.78190754729,124.2197145111113,0.02648363614697169,0.0,0.0,0.0,0.0,0.0,0.0,379.0,0.18064823641563393,0.18064823641563393,0.8193517635843661,1719.0000000000002
HUANCAVELICA,HUAYTARA,HUAYACUNDO ARMA,090604,451.0,2,0.0,126.23000246035286,123.4816665649414,128.26466625080772,145.1175672780648,0.01206898329679218,0.0,0.0,0.0,0.0,0.0,0.0,0.0,0.0,0.0,1.0,451.0
HUANCAVELICA,HUAYTARA,HUAYTARA,090601,2237.0,2,0.0,100.43998010914189,99.64837758855302,100.8296755177106,117.9863591371075,0.004326263580293421,0.0,0.0,0.0,0.0,0.0,0.0,2237.0,1.0,1.0,0.0,0.0
HUANCAVELICA,HUAYTARA,LARAMARCA,090605,1040.0,2,0.0,124.17112605755146,119.96787016595428,125.21490582030023,121.39250910832332,0.014519422679430627,0.0,0.0,0.0,0.0,0.0,0.0,244.0,0.23461538461538461,0.23461538461538461,0.7653846153846153,796.0
HUANCAVELICA,HUAYTARA,OCOYO,090606,2257.0,2,0.0,95.01325617271765,86.20547735312167,94.69709522648371,98.39714401846815,0.017229554874998887,0.0,0.0,0.0,0.0,0.0,0.0,2257.0,1.0,1.0,0.0,0.0
HUANCAVELICA,HUAYTARA,PILPICHACA,090607,3605.0,2,0.0,103.41869916558761,96.12833404541016,114.26153363232095,56.4644142415421,0.0573335595278095,0.0,0.0,0.0,0.0,0.0,0.0,2932.0,0.8133148404993065,0.8133148404993065,0.18668515950069353,673.0000000000002
HUANCAVELICA,HUAYTARA,QUERCO,090608,838.0,2,0.0,110.01532350235168,109.35832977294922,110.59560071698897,114.40629462922672,0.003598780875040619,0.0,0.0,0.0,0.0,0.0,0.0,838.0,1.0,1.0,0.0,0.0
HUANCAVELICA,HUAYTARA,QUITO-ARMA,090609,881.0,2,0.0,139.97123915708025,131.07649213189947,141.0152984263799,127.3706444037759,0.0208896118261499,0.0,0.0,0.0,0.0,0.0,0.0,0.0,0.0,0.0,1.0,881.0
HUANCAVELICA,HUAYTARA,SAN ANTONIO DE CUSICANCHA,090610,1641.0,2,0.0,134.41111263482037,131.4819255797244,134.43904869016362,154.83949061271113,0.005036663394669683,0.0,0.0,0.0,0.0,0.0,0.0,0.0,0.0,0.0,1.0,1641.0
HUANCAVELICA,HUAYTARA,SAN FRANCISCO DE SANGAYAICO,090611,821.0,2,0.0,123.75607889897931,117.6078094393708,127.4228924542804,123.75348294405642,0.025903094047323938,0.0,0.0,0.0,0.0,0.0,0.0,391.0,0.4762484774665043,0.4762484774665043,0.5237515225334957,429.99999999999994
HUANCAVELICA,HUAYTARA,SAN ISIDRO,090612,1114.0,2,0.0,131.5007390856101,124.55500030517578,136.06963261031387,120.06137284256612,0.027642264371008363,0.0,0.0,0.0,0.0,0.0,0.0,0.0,0.0,0.0,1.0,1114.0
HUANCAVELICA,HUAYTARA,SANTIAGO DE CHOCORVOS,090613,3359.0,3,0.0,120.78173161489902,120.61189242876493,123.48771051700298,115.21422734761671,0.023295273658598403,0.0,0.0,0.0,0.0,0.0,0.0,759.0,0.2259601071747544,0.2259601071747544,0.7740398928252457,2600.0
HUANCAVELICA,HUAYTARA,SANTIAGO DE QUIRAHUARA,090614,698.0,2,0.0,94.78486560067338,85.17623725910828,100.36991542057166,95.5056326464459,0.05488832578172498,0.0,0.0,0.0,0.0,0.0,0.0,698.0,1.0,1.0,0.0,0.0
HUANCAVELICA,HUAYTARA,SANTO DOMINGO DE CAPILLAS,090615,1081.0,2,0.0,136.13514295890306,134.89833068847656,137.98985592219384,142.8078622879748,0.007244611573880899,0.0,0.0,0.0,0.0,0.0,0.0,0.0,0.0,0.0,1.0,1081.0
HUANCAVELICA,HUAYTARA,TAMBO,090616,521.0,2,0.0,145.62346050240487,134.3051075904198,151.87835550245896,160.88171240281235,0.04294660524841343,0.0,0.0,0.0,0.0,0.0,0.0,0.0,0.0,0.0,1.0,521.0
HUANCAVELICA,TAYACAJA,ACOSTAMBO,090702,4537.0,2,0.0,52.89859695300043,46.58840686863143,53.993682350288786,47.0973356573598,0.044637850870171025,0.0,0.0,0.0,4537.0,1.0,1.0,4537.0,1.0,0.0,0.0,0.0
HUANCAVELICA,TAYACAJA,ACRAQUIA,090703,5203.0,2,0.0,22.897507905272732,15.204436295905186,23.52088756435682,11.514554934709686,0.09990098270617642,5203.0,1.0,1.0,5203.0,1.0,0.0,5203.0,1.0,0.0,0.0,0.0
HUANCAVELICA,TAYACAJA,AHUAYCHA,090704,5212.0,2,0.0,29.527329850910448,17.112731323354435,30.502545043967764,25.21344761947257,0.12409351108031985,794.0,0.1523407521105142,0.1523407521105142,5212.0,1.0,0.8476592478894858,5212.0,1.0,0.0,0.0,0.0
HUANCAVELICA,TAYACAJA,ANDAYMARCA,090720,2475.0,2,0.0,113.91334952614524,111.76166534423828,115.08877215665929,93.9984038474343,0.016553439801445746,0.0,0.0,0.0,0.0,0.0,0.0,2169.0,0.8763636363636363,0.8763636363636363,0.12363636363636366,306.00000000000006
HUANCAVELICA,TAYACAJA,COLCABAMBA,090705,13059.000000000002,5,0.0,69.79666970459392,64.41105875828545,94.72189959186944,68.34525414768294,0.17868548874716805,0.0,0.0,0.0,5660.333333333334,0.4334430916098731,0.4334430916098731,13059.000000000002,1.0,0.566556908390127,0.0,0.0
HUANCAVELICA,TAYACAJA,DANIEL HERNANDEZ,090706,9752.0,2,0.0,5.049734030374256,3.2408112535138316,6.033495502655892,3.956501218850149,0.19830031583921415,9752.0,1.0,1.0,9752.0,1.0,0.0,9752.0,1.0,0.0,0.0,0.0
HUANCAVELICA,TAYACAJA,HUACHOCOLPA,090707,4976.0,2,0.0,146.35702718262505,138.7276124113478,148.17085207211332,134.8768158142973,0.021977416918700587,0.0,0.0,0.0,0.0,0.0,0.0,0.0,0.0,0.0,1.0,4976.0
HUANCAVELICA,TAYACAJA,HUARIBAMBA,090709,7713.0,3,0.0,46.91708859305553,39.266666412353516,60.42031289277951,44.40383554095349,0.12250531025176004,0.0,0.0,0.0,6094.0,0.7900946454038636,0.7900946454038636,7713.0,1.0,0.20990535459613635,0.0,0.0
HUANCAVELICA,TAYACAJA,NAHUIMPUQUIO,090710,2175.0,3,0.0,42.289354746149876,33.73031695575881,52.82889441556709,43.15218605304587,0.14390019985607816,0.0,0.0,0.0,1530.0,0.7034482758620689,0.7034482758620689,2175.0,1.0,0.29655172413793107,0.0,0.0
HUANCAVELICA,TAYACAJA,PAMPAS,090701,10914.0,2,0.0,23.719576910375697,1.9816666841506958,39.68654123887905,16.565340094968732,0.5060903946589681,6027.0,0.5522264980758659,0.5522264980758659,10914.0,1.0,0.4477735019241341,10914.0,1.0,0.0,0.0,0.0
HUANCAVELICA,TAYACAJA,PAZOS,090711,7511.0,3,0.0,29.942965190208415,27.784351430902653,30.56620408745006,36.278410232903525,0.03350118602254626,1814.0,0.24151244840900013,0.24151244840900013,7511.0,1.0,0.7584875515909999,7511.0,1.0,0.0,0.0,0.0
HUANCAVELICA,TAYACAJA,QUICHUAS,090719,4457.0,2,0.0,60.89062176987492,60.38458506601251,60.92625172999938,57.357228658058624,0.0023924764584378755,0.0,0.0,0.0,661.0,0.14830603544985416,0.14830603544985416,4457.0,1.0,0.8516939645501458,0.0,0.0
HUANCAVELICA,TAYACAJA,QUISHUAR,090713,942.0,2,0.0,68.86152213191784,67.11996365263535,68.79732647076145,68.02413433423214,0.004675586623041239,0.0,0.0,0.0,0.0,0.0,0.0,942.0,1.0,1.0,0.0,0.0
HUANCAVELICA,TAYACAJA,SALCABAMBA,090714,5151.0,2,0.0,59.91728042412952,59.09134703282521,59.807603513010356,61.90487922545522,0.0011112873893185382,0.0,0.0,0.0,5151.0,1.0,1.0,5151.0,1.0,0.0,0.0,0.0
HUANCAVELICA,TAYACAJA,SALCAHUASI,090715,4053.0,2,0.0,100.82488249226496,91.74291088843113,100.48325014643622,90.16617873742673,0.01658300068755758,0.0,0.0,0.0,0.0,0.0,0.0,4053.0,1.0,1.0,0.0,0.0
HUANCAVELICA,TAYACAJA,SAN MARCOS DE ROCCHAC,090716,3202.0,2,0.0,72.85313062888247,70.74500704028061,73.11300287289987,61.176612453710874,0.009655301534508998,0.0,0.0,0.0,0.0,0.0,0.0,3202.0,1.0,1.0,0.0,0.0
HUANCAVELICA,TAYACAJA,SURCUBAMBA,090717,5078.0,2,0.0,124.2805232964148,120.14909874204918,124.04848429919109,113.97038780774315,0.0054801622766731395,0.0,0.0,0.0,0.0,0.0,0.0,422.0,0.08310358408822371,0.08310358408822371,0.9168964159117763,4656.0
HUANCAVELICA,TAYACAJA,TINTAY PUNCU,090718,8471.0,3,0.0,178.7896319386979,153.6191635131836,200.07534902626583,159.07036950655493,0.08537595129228137,0.0,0.0,0.0,0.0,0.0,0.0,0.0,0.0,0.0,1.0,8471.0
HUANUCO,AMBO,AMBO,100201,15757.0,5,0.0,48.44971772629862,34.67265064360693,64.70239475122156,31.655648873482832,0.17249762280570669,0.0,0.0,0.0,11870.5,0.7533477184743289,0.7533477184743289,15757.0,1.0,0.2466522815256711,0.0,0.0
HUANUCO,AMBO,CAYNA,100202,3727.0,3,0.0,89.59702923536493,88.2111749198493,91.35808100481525,61.4419699961358,0.011561358932389187,0.0,0.0,0.0,0.0,0.0,0.0,3727.0,1.0,1.0,0.0,0.0
HUANUCO,AMBO,COLPAS,100203,2706.0,3,0.0,133.76004825374943,117.17798643292122,139.2369278529905,82.62719563881028,0.06706644702515419,0.0,0.0,0.0,0.0,0.0,0.0,533.0,0.19696969696969696,0.19696969696969696,0.803030303030303,2173.0
HUANUCO,AMBO,CONCHAMARCA,100204,6903.0,3,0.0,24.53197770807409,22.889999389648438,27.639866949927132,15.769693527569826,0.057572930769264175,6055.0,0.8771548602057077,0.8771548602057077,6903.0,1.0,0.12284513979429235,6903.0,1.0,0.0,0.0,0.0
HUANUCO,AMBO,HUACAR,100205,8161.0,3,0.0,55.777244562261934,48.37231346931199,62.240948199580004,37.74244837252011,0.08692379974063469,0.0,0.0,0.0,4617.0,0.5657394927092269,0.5657394927092269,8161.0,1.0,0.43426050729077315,0.0,0.0
HUANUCO,AMBO,SAN FRANCISCO,100206,3285.0,3,0.0,68.3996907470796,65.21944137307241,73.05855502266135,43.349191531525356,0.062083766962629405,0.0,0.0,0.0,617.0,0.1878234398782344,0.1878234398782344,3285.0,1.0,0.8121765601217656,0.0,0.0
HUANUCO,AMBO,SAN RAFAEL,100207,11594.0,4,0.0,56.0001621810613,34.59784463090364,78.02148833444633,34.36269327729288,0.2652753080300584,1711.0,0.14757633258582026,0.14757633258582026,7058.5,0.6088062791098844,0.4612299465240641,11594.0,1.0,0.3911937208901156,0.0,0.0
HUANUCO,AMBO,TOMAY KICHWA,100208,4488.0,2,0.0,24.140854671464673,21.941667556762695,25.70619503500174,14.960304979122046,0.04954781094611904,4488.0,1.0,1.0,4488.0,1.0,0.0,4488.0,1.0,0.0,0.0,0.0
HUANUCO,DOS DE MAYO,CHUQUIS,100307,5018.0,3,0.0,161.40482698868547,154.03678130511324,163.2193557727414,116.74439608200274,0.019662992970655435,0.0,0.0,0.0,0.0,0.0,0.0,0.0,0.0,0.0,1.0,5018.0
HUANUCO,DOS DE MAYO,LA UNION,100301,6913.0,2,0.0,121.02282112703195,116.67833709716797,126.32553051621167,166.54586374599302,0.02511254153130471,0.0,0.0,0.0,0.0,0.0,0.0,4836.0,0.6995515695067265,0.6995515695067265,0.3004484304932735,2077.0
HUANUCO,DOS DE MAYO,MARIAS,100311,7601.0,3,0.0,150.71642149594123,147.50132385675565,152.20879722865573,115.52944038711306,0.00760629892587672,0.0,0.0,0.0,0.0,0.0,0.0,0.0,0.0,0.0,1.0,7601.0
HUANUCO,DOS DE MAYO,PACHAS,100313,11146.0,4,0.0,134.94897197474916,134.25600460971864,136.99847942310817,183.3141243382072,0.011378736246167032,0.0,0.0,0.0,0.0,0.0,0.0,0.0,0.0,0.0,1.0,11146.0
HUANUCO,DOS DE MAYO,QUIVILLA,100316,2088.0,2,0.0,153.9025404772996,146.85833740234375,158.3598801860659,201.14110749343345,0.023499053489332677,0.0,0.0,0.0,0.0,0.0,0.0,0.0,0.0,0.0,1.0,2088.0
HUANUCO,DOS DE MAYO,RIPAN,100317,6312.0,3,0.0,132.3269781975692,129.82010889817158,140.2666829124468,172.89230750389729,0.04680316693544062,0.0,0.0,0.0,0.0,0.0,0.0,2278.0,0.36089987325728773,0.36089987325728773,0.6391001267427123,4034.0
HUANUCO,DOS DE MAYO,SHUNQUI,100321,2549.0,2,0.0,141.27979758955908,138.31530577826825,141.9484005111224,183.68563895451877,0.008665499560171375,0.0,0.0,0.0,0.0,0.0,0.0,0.0,0.0,0.0,1.0,2549.0
HUANUCO,DOS DE MAYO,SILLAPATA,100322,2898.0,2,0.0,124.02464029063349,121.08000183105469,128.2759620666504,167.7157685653023,0.019613259247759585,0.0,0.0,0.0,0.0,0.0,0.0,0.0,0.0,0.0,1.0,2898.0
HUANUCO,DOS DE MAYO,YANAS,100323,3095.0,2,0.0,153.13058798055079,151.85000610351562,154.74853398709223,191.66068498799413,0.005947093827557981,0.0,0.0,0.0,0.0,0.0,0.0,0.0,0.0,0.0,1.0,3095.0
HUANUCO,HUACAYBAMBA,CANCHABAMBA,100402,3038.0,2,0.0,252.28503211538128,239.55368574948656,254.57873031395982,170.64050012705277,0.01914189564934965,0.0,0.0,0.0,0.0,0.0,0.0,0.0,0.0,0.0,1.0,3038.0
HUANUCO,HUACAYBAMBA,COCHABAMBA,100403,2750.0,2,0.0,153.70297614080255,150.10833740234375,159.05740172198028,105.93638415527344,0.018386368891904148,0.0,0.0,0.0,0.0,0.0,0.0,0.0,0.0,0.0,1.0,2750.0
HUANUCO,HUACAYBAMBA,HUACAYBAMBA,100401,6736.0,3,0.0,136.27386262581072,128.54780694085198,140.73889488426414,89.9895389131016,0.040103457009044496,0.0,0.0,0.0,0.0,0.0,0.0,1402.0,0.2081353919239905,0.2081353919239905,0.7918646080760094,5334.0
HUANUCO,HUACAYBAMBA,PINRA,100404,7883.0,3,0.0,194.72653214695276,188.9940531198338,198.7527689104892,132.8492893140116,0.016074282582972388,0.0,0.0,0.0,0.0,0.0,0.0,0.0,0.0,0.0,1.0,7883.0
HUANUCO,HUAMALIES,ARANCAY,100502,1767.0,2,0.0,218.1573603079018,216.69500732421875,220.3120701126641,159.2322533202158,0.005208543951676692,0.0,0.0,0.0,0.0,0.0,0.0,0.0,0.0,0.0,1.0,1767.0
HUANUCO,HUAMALIES,CHAVIN DE PARIARCA,100503,4328.0,3,0.0,165.28702465487495,163.37783137166883,167.39290025870878,117.83744009233006,0.011861636547644161,0.0,0.0,0.0,0.0,0.0,0.0,0.0,0.0,0.0,1.0,4328.0
HUANUCO,HUAMALIES,JACAS GRANDE,100504,6371.0,3,0.0,163.25582836164895,162.68333435058594,164.68869317626954,209.18424358137398,0.003082834787232036,0.0,0.0,0.0,0.0,0.0,0.0,0.0,0.0,0.0,1.0,6371.0
HUANUCO,HUAMALIES,JIRCAN,100505,2948.0,2,0.0,213.6047070217262,212.0737437014283,213.5547511816919,171.79250675237648,0.0013560428183508888,0.0,0.0,0.0,0.0,0.0,0.0,0.0,0.0,0.0,1.0,2948.0
HUANUCO,HUAMALIES,LLATA,100501,14765.0,4,0.0,125.6546675708227,123.8197828035527,128.82875780877143,98.30784561487928,0.01790593313326172,0.0,0.0,0.0,0.0,0.0,0.0,4308.0,0.29177108025736537,0.29177108025736537,0.7082289197426346,10457.0
HUANUCO,HUAMALIES,MIRAFLORES,100506,3538.0,3,0.0,136.3249336186609,133.39300990072059,139.2828130988761,106.34976928607429,0.017936084073369107,0.0,0.0,0.0,0.0,0.0,0.0,0.0,0.0,0.0,1.0,3538.0
HUANUCO,HUAMALIES,MONZON,100507,18635.0,5,0.0,56.58426191833021,48.809524933307436,72.51494453099387,55.13657247360635,0.1420724446044287,0.0,0.0,0.0,12397.0,0.6652535551381809,0.6652535551381809,18635.0,1.0,0.33474644486181915,0.0,0.0
HUANUCO,HUAMALIES,PUNCHAO,100508,2331.0,2,0.0,135.3748293188906,133.02499389648438,138.80730917180904,97.29754981356392,0.01338896289685143,0.0,0.0,0.0,0.0,0.0,0.0,0.0,0.0,0.0,1.0,2331.0
HUANUCO,HUAMALIES,PUNOS,100509,4755.0,2,0.0,104.65618662387917,100.53333282470703,110.58909616411103,77.09338443246675,0.030057287500824703,0.0,0.0,0.0,0.0,0.0,0.0,4755.0,1.0,1.0,0.0,0.0
HUANUCO,HUAMALIES,SINGA,100510,4016.0,2,0.0,119.76381262555066,116.47227330454619,121.254452219503,83.39765126961636,0.01478326745644043,0.0,0.0,0.0,0.0,0.0,0.0,1369.0,0.3408864541832669,0.3408864541832669,0.6591135458167331,2647.0
HUANUCO,HUAMALIES,TANTAMAYO,100511,2888.0,2,0.0,177.19867586891408,174.91719511335765,177.18877349532778,130.8250625483547,0.0028011385359762997,0.0,0.0,0.0,0.0,0.0,0.0,0.0,0.0,0.0,1.0,2888.0
HUANUCO,HUANUCO,AMARILIS,100102,67695.0,3,0.0,2.8038847728778977,0.7950000166893005,1.8906568636432923,1.1896826223367707,0.6564275850583292,67695.0,1.0,1.0,67695.0,1.0,0.0,67695.0,1.0,0.0,0.0,0.0
HUANUCO,HUANUCO,CHINCHAO,100103,22375.0,7,0.0,75.33071146564164,64.80732571517011,99.24428526147373,45.88476254717438,0.16166764581787096,0.0,0.0,0.0,10277.8,0.4593430167597765,0.4593430167597765,22375.0,1.0,0.5406569832402235,0.0,0.0
HUANUCO,HUANUCO,CHURUBAMBA,100104,24732.0,7,0.0,53.92245981875659,49.07349556145768,65.16906030059118,34.7211952706901,0.1083796433194989,323.0,0.013060003234675724,0.013060003234675724,20306.4,0.8210577389616691,0.8079977357269934,24732.0,1.0,0.17894226103833089,0.0,0.0
HUANUCO,HUANUCO,HUANUCO,100101,75268.0,2,0.0,2.15668678037886,1.6966667175292969,1.6966667175292969,0.905696726897137,0.20320803383096686,75268.0,1.0,1.0,75268.0,1.0,0.0,75268.0,1.0,0.0,0.0,0.0
HUANUCO,HUANUCO,MARGOS,100105,8549.0,3,0.0,61.06280731895483,61.47785734493419,63.258658120106524,47.6034952289306,0.02518965942310769,0.0,0.0,0.0,2763.0,0.3231956954029711,0.3231956954029711,8549.0,1.0,0.6768043045970289,0.0,0.0
HUANUCO,HUANUCO,PILLCO MARCA,100111,24253.0,3,0.0,5.5958759858721985,4.224999904632568,8.450133989109258,3.130226884631232,0.18240360161448,24253.0,1.0,1.0,24253.0,1.0,0.0,24253.0,1.0,0.0,0.0,0.0
HUANUCO,HUANUCO,QUISQUI (KICHKI),100106,7371.0,2,0.0,39.92737419791889,36.16064464492906,40.10946352371238,25.245455910208236,0.02526477307874464,0.0,0.0,0.0,7371.0,1.0,1.0,7371.0,1.0,0.0,0.0,0.0
HUANUCO,HUANUCO,SAN FRANCISCO DE CAYRAN,100107,4847.0,2,0.0,19.230386192340667,16.451951515122698,19.209056379684696,11.354373294199917,0.030957389887300346,4847.0,1.0,1.0,4847.0,1.0,0.0,4847.0,1.0,0.0,0.0,0.0
HUANUCO,HUANUCO,SAN PEDRO DE CHAULAN,100108,6786.0,2,0.0,88.33039731836024,74.23773932865066,91.55421290479264,54.44392559839637,0.06625401948680432,0.0,0.0,0.0,0.0,0.0,0.0,6786.0,1.0,1.0,0.0,0.0
HUANUCO,HUANUCO,SANTA MARIA DEL VALLE,100109,17774.0,5,0.0,31.755367990284302,18.96776874819279,52.641210536676525,18.900714904395187,0.35226359183242806,13639.75,0.7673990097895803,0.7673990097895803,13639.75,0.7673990097895803,0.0,17774.0,1.0,0.2326009902104197,0.0,0.0
HUANUCO,HUANUCO,YACUS,100112,6283.0,2,0.0,65.31932677870512,56.90589335827685,68.78517647438974,51.339096975804665,0.06724187513096458,0.0,0.0,0.0,1995.0,0.31752347604647463,0.31752347604647463,6283.0,1.0,0.6824765239535253,0.0,0.0
HUANUCO,HUANUCO,YARUMAYO,100110,2655.0,2,0.0,61.814613126765536,55.05601281386156,63.920534838162936,40.37608766286387,0.051353368948409917,0.0,0.0,0.0,705.0,0.2655367231638418,0.2655367231638418,2655.0,1.0,0.7344632768361582,0.0,0.0
HUANUCO,LAURICOCHA,BANOS,101002,5409.0,2,0.0,152.99187761596974,142.5372190595408,155.9261083626894,109.14298647321468,0.03077978784747737,0.0,0.0,0.0,0.0,0.0,0.0,0.0,0.0,0.0,1.0,5409.0
HUANUCO,LAURICOCHA,JESUS,101001,6313.0,3,0.0,104.80239149819043,101.44321195199231,102.40356404353011,79.64906795168761,0.02712214719905115,0.0,0.0,0.0,0.0,0.0,0.0,5852.0,0.926976081102487,0.926976081102487,0.07302391889751303,460.9999999999998
HUANUCO,LAURICOCHA,JIVIA,101003,2557.0,2,0.0,100.2602967615467,98.9000015258789,102.06602161548756,76.85303938011197,0.011418675473670814,0.0,0.0,0.0,0.0,0.0,0.0,2557.0,1.0,1.0,0.0,0.0
HUANUCO,LAURICOCHA,QUEROPALCA,101004,1719.0,2,0.0,168.11535400426132,166.19397741784087,169.26812897966192,121.41278180471335,0.005737538735163139,0.0,0.0,0.0,0.0,0.0,0.0,0.0,0.0,0.0,1.0,1719.0
HUANUCO,LAURICOCHA,RONDOS,101005,6502.0,3,0.0,146.2098466021873,135.61996380047734,147.96266463509548,170.44457045396413,0.026877161612125278,0.0,0.0,0.0,0.0,0.0,0.0,0.0,0.0,0.0,1.0,6502.0
HUANUCO,LAURICOCHA,SAN FRANCISCO DE ASIS,101006,2425.0,3,0.0,124.08139022355228,121.94312798225255,126.38729503004426,92.57824245177594,0.021041450326079625,0.0,0.0,0.0,0.0,0.0,0.0,728.0,0.3002061855670103,0.3002061855670103,0.6997938144329897,1697.0
HUANUCO,LAURICOCHA,SAN MIGUEL DE CAURI,101007,9587.0,3,0.0,144.38674560846098,130.39570992955518,157.56131434293948,127.10932498755614,0.06872509427429407,0.0,0.0,0.0,0.0,0.0,0.0,1329.0,0.13862522165432356,0.13862522165432356,0.8613747783456764,8258.0
HUANUCO,LEONCIO PRADO,DANIEL ALOMIAS ROBLES,100602,6597.0,2,0.0,23.230378050758603,22.019211159520133,23.091842720185277,16.914177773594044,0.0052956775718253635,6597.0,1.0,1.0,6597.0,1.0,0.0,6597.0,1.0,0.0,0.0,0.0
HUANUCO,LEONCIO PRADO,HERMILIO VALDIZAN,100603,3879.0,2,0.0,70.04521711230984,69.92442571155114,70.03555042551335,41.97284801155674,0.00024047726772802314,0.0,0.0,0.0,0.0,0.0,0.0,3879.0,1.0,1.0,0.0,0.0
HUANUCO,LEONCIO PRADO,JOSE CRESPO Y CASTILLO,100604,32284.0,5,0.0,74.67476456866302,69.12595442321403,89.13625479388091,66.1963720991626,0.06887771990765534,0.0,0.0,0.0,0.0,0.0,0.0,32284.0,1.0,1.0,0.0,0.0
HUANUCO,LEONCIO PRADO,LUYANDO,100605,8599.0,3,0.0,23.42058668442695,17.695611017409433,31.246560856949024,11.261670182175187,0.2455476162592295,5177.0,0.6020467496220491,0.6020467496220491,8599.0,1.0,0.39795325037795093,8599.0,1.0,0.0,0.0,0.0
HUANUCO,LEONCIO PRADO,MARIANO DAMASO BERAUN,100606,9332.0,4,0.0,44.49323988880561,33.64145034459673,57.782086315851906,22.76489534288121,0.21220715886830244,1942.0,0.20810115730818687,0.20810115730818687,5637.0,0.6040505786540934,0.3959494213459065,9332.0,1.0,0.3959494213459066,0.0,0.0
HUANUCO,LEONCIO PRADO,RUPA-RUPA,100601,57300.0,4,0.0,4.201744378488933,2.012373253093341,2.69800006878149,2.075218905069025,0.3698587555834135,57300.0,1.0,1.0,57300.0,1.0,0.0,57300.0,1.0,0.0,0.0,0.0
HUANUCO,MARANON,CHOLON,100702,9083.0,4,0.0,73.89479549285744,68.17835787672493,70.92488358907957,63.2114403124201,0.1733767226299716,0.0,0.0,0.0,3954.5,0.43537377518441045,0.43537377518441045,8506.0,0.9364747330177254,0.501100957833315,0.06352526698227456,576.9999999999999
HUANUCO,MARANON,HUACRACHUCO,100701,15105.0,4,0.0,145.38500419447493,144.93541867022975,154.82269185647962,100.04926591789197,0.0438974284622653,0.0,0.0,0.0,0.0,0.0,0.0,2382.0,0.1576961271102284,0.1576961271102284,0.8423038728897716,12723.0
HUANUCO,MARANON,SAN BUENAVENTURA,100703,2499.0,2,0.0,199.11834810218033,198.58273320645094,199.19121705144644,139.04892535627533,0.0009260095347658481,0.0,0.0,0.0,0.0,0.0,0.0,0.0,0.0,0.0,1.0,2499.0
HUANUCO,PACHITEA,CHAGLLA,100802,13464.0,4,0.0,83.39418494325979,78.59294377532453,101.69488005411559,54.72755974074311,0.13329748838996114,0.0,0.0,0.0,3620.0,0.2688651218062983,0.2688651218062983,13464.0,1.0,0.7311348781937017,0.0,0.0
HUANUCO,PACHITEA,MOLINO,100803,12549.000000000002,4,0.0,73.82484906703968,71.4624595039658,78.5817509924216,64.41661363754132,0.03945074974476437,0.0,0.0,0.0,0.0,0.0,0.0,12549.000000000002,1.0,1.0,0.0,0.0
HUANUCO,PACHITEA,PANAO,100801,19673.0,5,0.0,92.03899126223008,84.18686573650129,113.32779978982923,70.52488149729135,0.13365129265318132,0.0,0.0,0.0,0.0,0.0,0.0,15682.25,0.7971458343923143,0.7971458343923143,0.20285416560768565,3990.75
HUANUCO,PACHITEA,UMARI,100804,17181.0,5,0.0,63.84245016988252,61.00195936553839,73.69225285696194,50.5265543029969,0.0915131620110603,0.0,0.0,0.0,4740.75,0.27592980618124674,0.27592980618124674,17181.0,1.0,0.7240701938187533,0.0,0.0
HUANUCO,PUERTO INCA,CODO DEL POZUZO,100902,6026.0,2,0.0,225.97300863535034,208.15100410824024,227.09287172008555,156.38599540085005,0.022166358349768656,0.0,0.0,0.0,0.0,0.0,0.0,0.0,0.0,0.0,1.0,6026.0
HUANUCO,PUERTO INCA,HONORIA,100903,5628.0,2,0.0,79.451066009695,76.30280306319071,79.61922760482564,71.58728647808192,0.010796749660878957,0.0,0.0,0.0,0.0,0.0,0.0,5628.0,1.0,1.0,0.0,0.0
HUANUCO,PUERTO INCA,PUERTO INCA,100901,8670.0,3,0.0,196.0548196812402,186.8614256723526,203.87361570087677,158.33855101025503,0.04347898734053346,0.0,0.0,0.0,0.0,0.0,0.0,0.0,0.0,0.0,1.0,8670.0
HUANUCO,PUERTO INCA,TOURNAVISTA,100904,5052.0,2,0.0,84.0519085881829,82.92166900634766,85.70729709257715,89.636962419451,0.011043405671901652,0.0,0.0,0.0,0.0,0.0,0.0,5052.0,1.0,1.0,0.0,0.0
HUANUCO,PUERTO INCA,YUYAPICHIS,100905,5851.0,2,0.0,238.1729509467407,229.4146907161659,238.40560660026443,187.3071349148383,0.009098867484564899,0.0,0.0,0.0,0.0,0.0,0.0,0.0,0.0,0.0,1.0,5851.0
HUANUCO,YAROWILCA,APARICIO POMARES,101104,5780.0,2,0.0,132.04994618768924,129.4983367919922,135.83390127515037,87.75278533618756,0.01511076879043527,0.0,0.0,0.0,0.0,0.0,0.0,0.0,0.0,0.0,1.0,5780.0
HUANUCO,YAROWILCA,CAHUAC,101102,3384.0,2,0.0,136.32308481996506,122.8073053452575,143.91479358858274,94.1145871254851,0.05459108436714122,0.0,0.0,0.0,0.0,0.0,0.0,1427.0,0.4216903073286052,0.4216903073286052,0.5783096926713949,1957.0000000000002
HUANUCO,YAROWILCA,CHACABAMBA,101103,3071.0,2,0.0,110.59191008368752,106.77766261644811,111.4528652869615,81.45616392373495,0.014247769543682454,0.0,0.0,0.0,0.0,0.0,0.0,3071.0,1.0,1.0,0.0,0.0
HUANUCO,YAROWILCA,CHAVINILLO,101101,7190.0,2,0.0,121.21570537285945,111.1467011075927,123.59467225276855,80.6089429948194,0.034935102407035235,0.0,0.0,0.0,0.0,0.0,0.0,1645.0,0.22878998609179416,0.22878998609179416,0.7712100139082059,5545.0
HUANUCO,YAROWILCA,CHORAS,101108,3458.0,2,0.0,79.29490121518208,75.04833221435547,85.58982287320225,60.84548718533535,0.04367340390296082,0.0,0.0,0.0,0.0,0.0,0.0,3458.0,1.0,1.0,0.0,0.0
HUANUCO,YAROWILCA,JACAS CHICO,101105,1889.0,2,0.0,77.40181516906836,75.4223824733603,78.33780901420332,53.48132562511115,0.013914363290921883,0.0,0.0,0.0,0.0,0.0,0.0,1889.0,1.0,1.0,0.0,0.0
HUANUCO,YAROWILCA,OBAS,101106,5953.0,2,0.0,128.42739963130992,126.22333526611328,131.64397484100226,87.5968543625711,0.014117597811773241,0.0,0.0,0.0,0.0,0.0,0.0,0.0,0.0,0.0,1.0,5953.0
HUANUCO,YAROWILCA,PAMPAMARCA,101107,2511.0,2,0.0,154.1735406508725,153.23329664113015,154.37198891806977,203.03114150520912,0.002454731631461926,0.0,0.0,0.0,0.0,0.0,0.0,0.0,0.0,0.0,1.0,2511.0
ICA,CHINCHA,ALTO LARAN,110202,6368.0,2,0.0,10.063291883049299,8.936666488647461,10.976528677346545,6.175560443395346,0.06480249732329946,6368.0,1.0,1.0,6368.0,1.0,0.0,6368.0,1.0,0.0,0.0,0.0
ICA,CHINCHA,CHAVIN,110203,1096.0,2,0.0,113.15270791436635,94.48248804779567,124.14582622284038,75.30195507689984,0.08817389474927662,0.0,0.0,0.0,0.0,0.0,0.0,502.0,0.458029197080292,0.458029197080292,0.541970802919708,594.0
ICA,CHINCHA,CHINCHA ALTA,110201,59574.0,1,0.0,1.2616666555404663,1.2616666555404663,1.2616666555404663,0.9254000186920166,,59574.0,1.0,1.0,59574.0,1.0,0.0,59574.0,1.0,0.0,0.0,0.0
ICA,CHINCHA,CHINCHA BAJA,110204,12301.0,4,0.0,16.976976962586107,15.708973135892457,23.391134319400948,14.359314635423866,0.22864010275102475,12301.0,1.0,1.0,12301.0,1.0,0.0,12301.0,1.0,0.0,0.0,0.0
ICA,CHINCHA,EL CARMEN,110205,11778.0,4,0.0,22.04587404131586,19.94589397032176,25.104716188851285,17.735383837954625,0.07895182276268975,11778.0,1.0,1.0,11778.0,1.0,0.0,11778.0,1.0,0.0,0.0,0.0
ICA,CHINCHA,GROCIO PRADO,110206,20621.0,2,0.0,6.811240318044533,6.441666603088379,6.441666603088379,4.607994987132056,0.04938627654677985,20621.0,1.0,1.0,20621.0,1.0,0.0,20621.0,1.0,0.0,0.0,0.0
ICA,CHINCHA,PUEBLO NUEVO,110207,52143.0,1,0.0,0.6816666722297668,0.6816666722297668,0.6816666722297668,0.25360000133514404,,52143.0,1.0,1.0,52143.0,1.0,0.0,52143.0,1.0,0.0,0.0,0.0
ICA,CHINCHA,SAN JUAN DE YANAC,110208,471.0,2,0.0,88.26098624713354,81.9433364868164,97.59721794128419,66.36777024967655,0.05577401726504927,0.0,0.0,0.0,0.0,0.0,0.0,471.0,1.0,1.0,0.0,0.0
ICA,CHINCHA,SAN PEDRO DE HUACARPANA,110209,1593.0,2,0.0,131.6303267541803,127.54559076043624,132.825121570056,102.82307064825083,0.014211139882566837,0.0,0.0,0.0,0.0,0.0,0.0,0.0,0.0,0.0,1.0,1593.0
ICA,CHINCHA,SUNAMPE,110210,24432.0,2,0.0,6.460039221233376,6.356666564941406,6.356666564941406,3.4110140278203547,0.015137321345513488,24432.0,1.0,1.0,24432.0,1.0,0.0,24432.0,1.0,0.0,0.0,0.0
ICA,CHINCHA,TAMBO DE MORA,110211,4943.0,2,0.0,14.082865107862569,13.611666679382324,14.61365847875159,9.26695629654687,0.028632717660174722,4943.0,1.0,1.0,4943.0,1.0,0.0,4943.0,1.0,0.0,0.0,0.0
ICA,ICA,ICA,110101,125667.0,2,0.0,1.9525951625151718,1.8316667079925537,1.8316667079925537,1.1483730616972831,0.06149946681883145,125667.0,1.0,1.0,125667.0,1.0,0.0,125667.0,1.0,0.0,0.0,0.0
ICA,ICA,LA TINGUINA,110102,31017.0,3,0.0,5.911568980630986,5.50166654586792,6.07428552007125,4.07351013732978,0.06186595654360871,31017.0,1.0,1.0,31017.0,1.0,0.0,31017.0,1.0,0.0,0.0,0.0
ICA,ICA,LOS AQUIJES,110103,16345.0,6,0.0,8.580944236669017,8.400537872546021,10.17591111769595,6.074288714482683,0.10840900878119519,16345.0,1.0,1.0,16345.0,1.0,0.0,16345.0,1.0,0.0,0.0,0.0
ICA,ICA,OCUCAJE,110104,3639.0,2,0.0,34.37557940418886,32.71565528466813,35.251129714160186,34.85527726561527,0.026739141663434274,0.0,0.0,0.0,3639.0,1.0,1.0,3639.0,1.0,0.0,0.0,0.0
ICA,ICA,PACHACUTEC,110105,6039.0,3,0.0,13.233903221311031,12.970000267028809,13.56618900920568,12.43053438774421,0.017750658374754535,6039.0,1.0,1.0,6039.0,1.0,0.0,6039.0,1.0,0.0,0.0,0.0
ICA,ICA,PARCONA,110106,50366.0,3,0.0,4.689127380993824,4.386135384681104,6.078560313630557,3.0660630494044914,0.2208320705196587,50366.0,1.0,1.0,50366.0,1.0,0.0,50366.0,1.0,0.0,0.0,0.0
ICA,ICA,PUEBLO NUEVO,110107,4595.0,3,0.0,8.119602806290553,6.635000228881836,9.991781017757221,6.336724768006633,0.1108723072213833,4595.0,1.0,1.0,4595.0,1.0,0.0,4595.0,1.0,0.0,0.0,0.0
ICA,ICA,SALAS,110108,18673.0,3,0.0,13.12144327447148,12.147528962276214,14.115970594467816,9.724767127941284,0.050623435776622316,18673.0,1.0,1.0,18673.0,1.0,0.0,18673.0,1.0,0.0,0.0,0.0
ICA,ICA,SAN JOSE DE LOS MOLINOS,110109,6152.0,3,0.0,23.702771021888843,22.50682440899446,25.5149044868057,15.294979763589073,0.0505032380549425,6152.0,1.0,1.0,6152.0,1.0,0.0,6152.0,1.0,0.0,0.0,0.0
ICA,ICA,SAN JUAN BAUTISTA,110110,12681.0,4,0.0,8.2323359366932,5.023333549499512,12.57443281946511,6.004895493262443,0.24472775865113883,12681.0,1.0,1.0,12681.0,1.0,0.0,12681.0,1.0,0.0,0.0,0.0
ICA,ICA,SANTIAGO,110111,23993.0,6,0.0,20.23981148540882,19.147311184836322,25.7069823416611,19.08169624936917,0.13801634478964497,23993.0,1.0,1.0,23993.0,1.0,0.0,23993.0,1.0,0.0,0.0,0.0
ICA,ICA,SUBTANJALLA,110112,19019.0,2,0.0,8.672637895076356,7.748031293887409,8.549606258777482,5.99855429442111,0.008561452110332213,19019.0,1.0,1.0,19019.0,1.0,0.0,19019.0,1.0,0.0,0.0,0.0
ICA,ICA,TATE,110113,4101.0,3,0.0,10.238843074399533,9.539999961853027,10.932366899294252,9.555555167124929,0.03686163411087706,4101.0,1.0,1.0,4101.0,1.0,0.0,4101.0,1.0,0.0,0.0,0.0
ICA,ICA,YAUCA DEL ROSARIO,110114,1117.0,2,0.0,97.11689629891993,65.4470387767765,96.79474222801156,88.11150060259239,0.06906579052507078,0.0,0.0,0.0,120.0,0.10743061772605192,0.10743061772605192,1117.0,1.0,0.8925693822739481,0.0,0.0
ICA,NAZCA,CHANGUILLO,110302,1915.0,3,0.0,29.43823588398667,19.514999389648438,43.58513690503828,24.34926568472043,0.24246757597219526,1426.0,0.7446475195822454,0.7446475195822454,1915.0,1.0,0.2553524804177546,1915.0,1.0,0.0,0.0,0.0
ICA,NAZCA,EL INGENIO,110303,2932.0,3,0.0,28.158589283733708,23.086666107177734,34.35372313917102,25.817256039519265,0.10019719396592375,1612.9999999999998,0.5501364256480218,0.5501364256480218,2932.0,1.0,0.4498635743519782,2932.0,1.0,0.0,0.0,0.0
ICA,NAZCA,MARCONA,110304,12876.0,2,0.0,59.56184234690244,59.38999938964844,59.38999938964844,79.78823600122001,0.00286696860604585,0.0,0.0,0.0,12795.0,0.9937092264678472,0.9937092264678472,12876.0,1.0,0.0062907735321527936,0.0,0.0
ICA,NAZCA,NAZCA,110301,26498.0,3,0.0,1.9214215326762683,1.4362275820986525,1.777598282972473,1.2191231842591759,0.12283466505320872,26498.0,1.0,1.0,26498.0,1.0,0.0,26498.0,1.0,0.0,0.0,0.0
ICA,NAZCA,VISTA ALEGRE,110305,13711.0,2,0.0,5.993982618864147,2.1733334064483643,8.787744196891238,6.763624219071569,0.5554070894530572,11947.0,0.8713441762088834,0.8713441762088834,13711.0,1.0,0.12865582379111662,13711.0,1.0,0.0,0.0,0.0
ICA,PALPA,LLIPATA,110402,1494.0,3,0.0,6.8788310214378425,6.1750001311302185,7.9070783388353325,5.186555848383361,0.0975556467155616,1494.0,1.0,1.0,1494.0,1.0,0.0,1494.0,1.0,0.0,0.0,0.0
ICA,PALPA,PALPA,110401,7288.0,3,0.0,2.623200219889242,2.057718045395724,3.4421959088158403,1.129910947233602,0.1653497023609286,7288.0,1.0,1.0,7288.0,1.0,0.0,7288.0,1.0,0.0,0.0,0.0
ICA,PALPA,RIO GRANDE,110403,2773.0,2,0.0,13.042921117183495,8.86323171671475,15.504647075764826,9.923334707734046,0.17118337727516575,2773.0,1.0,1.0,2773.0,1.0,0.0,2773.0,1.0,0.0,0.0,0.0
ICA,PALPA,SANTA CRUZ,110404,1060.0,2,0.0,19.331338448794384,19.198333740234375,19.198333740234375,11.980418328519137,0.006627122039866373,1060.0,1.0,1.0,1060.0,1.0,0.0,1060.0,1.0,0.0,0.0,0.0
ICA,PALPA,TIBILLO,110405,421.0,2,0.0,128.84624646112076,113.24781067773638,137.62423254570353,111.04124066495555,0.06662304171506717,0.0,0.0,0.0,0.0,0.0,0.0,178.0,0.42280285035629456,0.42280285035629456,0.5771971496437054,242.99999999999997
ICA,PISCO,HUANCANO,110502,1758.0,2,0.0,55.77957446040825,53.875,58.63599939480634,61.947858057466924,0.02724968961648344,0.0,0.0,0.0,1403.0,0.79806598407281,0.79806598407281,1758.0,1.0,0.20193401592718996,0.0,0.0
ICA,PISCO,HUMAY,110503,5923.0,3,0.0,43.56879499049962,38.330288812112954,47.32297608386356,39.868936006390484,0.06745824274768608,0.0,0.0,0.0,5923.0,1.0,1.0,5923.0,1.0,0.0,0.0,0.0
ICA,PISCO,INDEPENDENCIA,110504,12403.0,4,0.0,26.506234789590515,25.15902146423107,30.184278522525823,21.420659912581176,0.09051795922680728,7212.0,0.5814722244618238,0.5814722244618238,12403.0,1.0,0.4185277755381762,12403.0,1.0,0.0,0.0,0.0
ICA,PISCO,PARACAS,110505,4182.0,3,0.0,26.944935207558498,26.496722666422528,28.10745617922334,20.091826264223148,0.035649136401591175,4182.0,1.0,1.0,4182.0,1.0,0.0,4182.0,1.0,0.0,0.0,0.0
ICA,PISCO,PISCO,110501,55030.0,3,0.0,3.243074462592721,2.884999990463257,2.884999990463257,1.729521280612682,0.101453037220825,55030.0,1.0,1.0,55030.0,1.0,0.0,55030.0,1.0,0.0,0.0,0.0
ICA,PISCO,SAN ANDRES,110506,13836.0,3,0.0,6.1104070200469325,4.316732555682268,5.720995316868401,3.8082148523198347,0.13931164635140203,13836.0,1.0,1.0,13836.0,1.0,0.0,13836.0,1.0,0.0,0.0,0.0
ICA,PISCO,SAN CLEMENTE,110507,19516.0,2,0.0,8.345364426364418,8.148333549499512,8.148333549499512,6.113421924316045,0.02280271130463918,19516.0,1.0,1.0,19516.0,1.0,0.0,19516.0,1.0,0.0,0.0,0.0
ICA,PISCO,TUPAC AMARU INCA,110508,14678.0,2,0.0,6.292511098504082,6.2783331871032715,6.2783331871032715,4.356373688134759,0.0022302682830264153,14678.0,1.0,1.0,14678.0,1.0,0.0,14678.0,1.0,0.0,0.0,0.0
JUNIN,CHANCHAMAYO,CHANCHAMAYO,120301,26792.0,2,0.0,10.061986047248407,3.130000114440918,20.313312715227593,6.1605438386844,0.562749837643775,21885.0,0.8168483129292327,0.8168483129292327,26792.0,1.0,0.18315168707076734,26792.0,1.0,0.0,0.0,0.0
JUNIN,CHANCHAMAYO,PERENE,120302,56450.0,10,0.0,25.68894024646208,29.38897724561546,44.26639399451353,19.085510970285448,0.34973087646359646,29107.0,0.5156244464127546,0.5156244464127546,56450.0,1.0,0.4843755535872454,56450.0,1.0,0.0,0.0,0.0
JUNIN,CHANCHAMAYO,PICHANAQUI,120303,49585.00000000001,7,0.0,20.541612353608578,5.65121662768785,47.25082625631941,13.300873416588287,0.5299357348353909,28304.8,0.5708339215488554,0.5708339215488554,49585.00000000001,1.0,0.42916607845114463,49585.00000000001,1.0,0.0,0.0,0.0
JUNIN,CHANCHAMAYO,SAN LUIS DE SHUARO,120304,7025.0,2,0.0,41.21304787903918,35.001453120005806,41.48429025779022,29.029077389808737,0.0397116754705964,947.9999999999999,0.13494661921708184,0.13494661921708184,7025.0,1.0,0.8650533807829182,7025.0,1.0,0.0,0.0,0.0
JUNIN,CHANCHAMAYO,SAN RAMON,120305,26382.0,3,0.0,13.791425071739733,10.148333549499512,22.657114563798924,10.076200919989594,0.1943978305723768,26382.0,1.0,1.0,26382.0,1.0,0.0,26382.0,1.0,0.0,0.0,0.0
JUNIN,CHANCHAMAYO,VITOC,120306,2599.0,2,0.0,28.922141167235953,26.8867764041974,29.280022517167605,23.606977633762103,0.026458920330629243,2599.0,1.0,1.0,2599.0,1.0,0.0,2599.0,1.0,0.0,0.0,0.0
JUNIN,CHUPACA,AHUAC,120902,6547.0,2,0.0,19.20703031191193,18.18548785209944,19.81976358604489,14.879685576861188,0.026875000137079108,6547.0,1.0,1.0,6547.0,1.0,0.0,6547.0,1.0,0.0,0.0,0.0
JUNIN,CHUPACA,CHONGOS BAJO,120903,4491.0,2,0.0,12.936291774273236,12.589710215198677,13.065942378733094,10.314813319571272,0.013510611908934989,4491.0,1.0,1.0,4491.0,1.0,0.0,4491.0,1.0,0.0,0.0,0.0
JUNIN,CHUPACA,CHUPACA,120901,20253.0,3,0.0,12.665814231096924,11.561666488647461,14.491586012268591,10.041243693719457,0.06007062246481931,20253.0,1.0,1.0,20253.0,1.0,0.0,20253.0,1.0,0.0,0.0,0.0
JUNIN,CHUPACA,HUACHAC,120904,3738.0,2,0.0,20.219691679655007,19.459999084472656,20.92474663914789,15.904815606729048,0.023168344220074855,3738.0,1.0,1.0,3738.0,1.0,0.0,3738.0,1.0,0.0,0.0,0.0
JUNIN,CHUPACA,HUAMANCACA CHICO,120905,5055.0,2,0.0,4.022754328375872,3.756666660308838,4.421498461119457,3.4129686839502713,0.05258938389830903,5055.0,1.0,1.0,5055.0,1.0,0.0,5055.0,1.0,0.0,0.0,0.0
JUNIN,CHUPACA,SAN JUAN DE ISCOS,120906,2332.0,3,0.0,16.669602870941162,16.049276996325073,17.5479615495916,11.613176978063828,0.029253452380698874,2332.0,1.0,1.0,2332.0,1.0,0.0,2332.0,1.0,0.0,0.0,0.0
JUNIN,CHUPACA,SAN JUAN DE JARPA,120907,3685.0,2,0.0,59.995863102119685,59.25,60.70046325940826,47.73860703963923,0.0077290375035116154,0.0,0.0,0.0,2291.0,0.6217096336499321,0.6217096336499321,3685.0,1.0,0.37829036635006785,0.0,0.0
JUNIN,CHUPACA,TRES DE DICIEMBRE,120908,1920.0,1,0.0,8.316666603088379,8.316666603088379,8.316666603088379,6.875999927520752,,1920.0,1.0,1.0,1920.0,1.0,0.0,1920.0,1.0,0.0,0.0,0.0
JUNIN,CHUPACA,YANACANCHA,120909,3294.0,2,0.0,77.15058041719067,69.50058699428948,78.15078268206102,68.14508553917797,0.03370162911312713,0.0,0.0,0.0,0.0,0.0,0.0,3294.0,1.0,1.0,0.0,0.0
JUNIN,CONCEPCION,ACO,120202,1951.0,2,0.0,25.77401813368257,21.674999237060547,30.599789750673892,17.087373805864843,0.10939388274621709,1342.0,0.6878523833931317,0.6878523833931317,1951.0,1.0,0.3121476166068683,1951.0,1.0,0.0,0.0,0.0
JUNIN,CONCEPCION,ANDAMARCA,120203,6580.0,2,0.0,183.8851445090807,180.91216236752854,183.5931014188182,112.12465139000612,0.0019332104176645881,0.0,0.0,0.0,0.0,0.0,0.0,0.0,0.0,0.0,1.0,6580.0
JUNIN,CONCEPCION,CHAMBARA,120204,2985.0,2,0.0,36.698980335893744,32.898254094354265,37.61031793312866,24.909552185978722,0.04381013573826609,688.0,0.2304857621440536,0.2304857621440536,2985.0,1.0,0.7695142378559464,2985.0,1.0,0.0,0.0,0.0
JUNIN,CONCEPCION,COCHAS,120205,2227.0,2,0.0,124.99088166420589,109.06179177589702,128.43502681221065,82.73129583871787,0.05177524461669736,0.0,0.0,0.0,0.0,0.0,0.0,488.0,0.2191288729232151,0.2191288729232151,0.780871127076785,1739.0000000000002
JUNIN,CONCEPCION,COMAS,120206,7801.0,3,0.0,82.11226636204195,66.61499977111816,98.78865848727698,56.74717547511187,0.13813997753192364,0.0,0.0,0.0,0.0,0.0,0.0,7801.0,1.0,1.0,0.0,0.0
JUNIN,CONCEPCION,CONCEPCION,120201,14456.0,3,0.0,4.695669925927819,2.940873455177776,5.037857648573145,2.552296789876362,0.05713398147161275,14456.0,1.0,1.0,14456.0,1.0,0.0,14456.0,1.0,0.0,0.0,0.0
JUNIN,CONCEPCION,HEROINAS TOLEDO,120207,1422.0,2,0.0,17.733375034251797,17.06833267211914,18.061626026548186,12.551522242872021,0.032913411543845306,1422.0,1.0,1.0,1422.0,1.0,0.0,1422.0,1.0,0.0,0.0,0.0
JUNIN,CONCEPCION,MANZANARES,120208,1540.0,2,0.0,23.48836476586082,22.65166664123535,23.08813907178633,16.754399999395595,0.03185145178839688,1377.0,0.8941558441558441,0.8941558441558441,1540.0,1.0,0.10584415584415585,1540.0,1.0,0.0,0.0,0.0
JUNIN,CONCEPCION,MARISCAL CASTILLA,120209,1509.0,2,0.0,94.10645869553997,92.68499755859375,96.13210776760154,72.0521835215918,0.011451235449232433,0.0,0.0,0.0,0.0,0.0,0.0,1509.0,1.0,1.0,0.0,0.0
JUNIN,CONCEPCION,MATAHUASI,120210,5162.0,2,0.0,8.666597272665268,6.760000228881836,10.127474936473861,5.766367471111878,0.12397554339119277,5162.0,1.0,1.0,5162.0,1.0,0.0,5162.0,1.0,0.0,0.0,0.0
JUNIN,CONCEPCION,MITO,120211,1476.0,2,0.0,14.675257000496718,13.468859847854166,15.377771603359896,11.325060007048815,0.044443200477316314,1476.0,1.0,1.0,1476.0,1.0,0.0,1476.0,1.0,0.0,0.0,0.0
JUNIN,CONCEPCION,NUEVE DE JULIO,120212,1774.0,2,0.0,3.9070039147588824,3.4800000190734863,4.472303560110847,2.3311730425683055,0.07953542711526984,1774.0,1.0,1.0,1774.0,1.0,0.0,1774.0,1.0,0.0,0.0,0.0
JUNIN,CONCEPCION,ORCOTUNA,120213,4068.0,3,0.0,16.980795792304896,14.755000114440918,22.81423243264291,13.511765586005318,0.10106429315168297,4068.0,1.0,1.0,4068.0,1.0,0.0,4068.0,1.0,0.0,0.0,0.0
JUNIN,CONCEPCION,SAN JOSE DE QUERO,120214,6523.0,3,0.0,54.73204491881529,50.22626255140876,57.1911426461567,44.61282638112369,0.042616016976254945,0.0,0.0,0.0,6523.0,1.0,1.0,6523.0,1.0,0.0,0.0,0.0
JUNIN,CONCEPCION,SANTA ROSA DE OCOPA,120215,2406.0,3,0.0,8.627986005020459,8.15999984741211,9.298356873590901,6.173475683875017,0.04076876243755245,2406.0,1.0,1.0,2406.0,1.0,0.0,2406.0,1.0,0.0,0.0,0.0
JUNIN,HUANCAYO,CARHUACALLANGA,120104,840.0,2,0.0,84.3926170349121,84.38333129882812,84.38333129882812,62.220744378226144,0.00010845833478023703,0.0,0.0,0.0,0.0,0.0,0.0,840.0,1.0,1.0,0.0,0.0
JUNIN,HUANCAYO,CHACAPAMPA,120105,1212.0,3,0.0,78.76034580205534,73.78505910526623,83.60500986792825,58.20554803464279,0.05803344678685873,0.0,0.0,0.0,0.0,0.0,0.0,1212.0,1.0,1.0,0.0,0.0
JUNIN,HUANCAYO,CHICCHE,120106,1414.0,3,0.0,48.84987728329325,46.75102882925301,50.832324459838865,49.12838380643637,0.028198079996402448,0.0,0.0,0.0,1414.0,1.0,1.0,1414.0,1.0,0.0,0.0,0.0
JUNIN,HUANCAYO,CHILCA,120107,77913.0,2,0.0,3.6026676912650344,3.4749999046325684,3.4749999046325684,1.9518678844110475,0.03337118554073526,77913.0,1.0,1.0,77913.0,1.0,0.0,77913.0,1.0,0.0,0.0,0.0
JUNIN,HUANCAYO,CHONGOS ALTO,120108,1686.0,3,0.0,58.36010253698093,59.320514092078575,59.7150523033695,55.03111174098113,0.016061902313610155,0.0,0.0,0.0,1686.0,1.0,1.0,1686.0,1.0,0.0,0.0,0.0
JUNIN,HUANCAYO,CHUPURO,120111,2012.0,2,0.0,13.88849226049116,12.8172337605492,14.03411325601609,13.077415689085397,0.026545840949400157,2012.0,1.0,1.0,2012.0,1.0,0.0,2012.0,1.0,0.0,0.0,0.0
JUNIN,HUANCAYO,COLCA,120112,2236.0,2,0.0,60.2590771165005,58.276668548583984,61.509108106980634,45.074291519274226,0.01686100698893378,0.0,0.0,0.0,1146.0,0.5125223613595706,0.5125223613595706,2236.0,1.0,0.48747763864042937,0.0,0.0
JUNIN,HUANCAYO,CULLHUAS,120113,2832.0,2,0.0,25.7325369779673,22.550630034091345,26.276793182111238,23.572592566915823,0.04603097794567834,2832.0,1.0,1.0,2832.0,1.0,0.0,2832.0,1.0,0.0,0.0,0.0
JUNIN,HUANCAYO,EL TAMBO,120114,147045.0,3,0.0,2.6561523623020444,2.351666569709778,2.452945953846183,1.4676829552900958,0.07223299584404352,147045.0,1.0,1.0,147045.0,1.0,0.0,147045.0,1.0,0.0,0.0,0.0
JUNIN,HUANCAYO,HUACRAPUQUIO,120116,1415.0,2,0.0,15.332196873910856,15.24666690826416,15.24666690826416,13.347040316578356,0.005022580411536692,1415.0,1.0,1.0,1415.0,1.0,0.0,1415.0,1.0,0.0,0.0,0.0
JUNIN,HUANCAYO,HUALHUAS,120117,3903.0,2,0.0,15.641232620286171,14.776666641235352,16.45539417382833,11.013939854062095,0.03431484406994689,3903.0,1.0,1.0,3903.0,1.0,0.0,3903.0,1.0,0.0,0.0,0.0
JUNIN,HUANCAYO,HUANCAN,120119,16949.0,2,0.0,6.475352748346664,6.460000038146973,6.496593499183655,4.385279790807512,0.0019809406472893754,16949.0,1.0,1.0,16949.0,1.0,0.0,16949.0,1.0,0.0,0.0,0.0
JUNIN,HUANCAYO,HUANCAYO,120101,117024.0,3,0.0,0.7394437243729537,0.5450000166893005,0.5450000166893005,0.3224179759761179,0.25095352514185054,117024.0,1.0,1.0,117024.0,1.0,0.0,117024.0,1.0,0.0,0.0,0.0
JUNIN,HUANCAYO,HUASICANCHA,120120,992.0,2,0.0,72.04036613433591,69.67666625976562,74.8993313253916,64.06978085733229,0.022855082641165536,0.0,0.0,0.0,0.0,0.0,0.0,992.0,1.0,1.0,0.0,0.0
JUNIN,HUANCAYO,HUAYUCACHI,120121,8076.0,3,0.0,10.475960240616782,9.302753545332324,11.914566672571933,8.117710709985145,0.08617253538272662,8076.0,1.0,1.0,8076.0,1.0,0.0,8076.0,1.0,0.0,0.0,0.0
JUNIN,HUANCAYO,INGENIO,120122,2374.0,3,0.0,12.176474840377898,10.824057130252614,14.007588745565975,9.29820624779731,0.08306355187581871,2374.0,1.0,1.0,2374.0,1.0,0.0,2374.0,1.0,0.0,0.0,0.0
JUNIN,HUANCAYO,PARIAHUANCA,120124,7181.0,3,0.0,87.98942193638364,73.30238322864076,97.51506416071416,79.7290932916031,0.08701907116967611,0.0,0.0,0.0,0.0,0.0,0.0,7181.0,1.0,1.0,0.0,0.0
JUNIN,HUANCAYO,PILCOMAYO,120125,13403.0,2,0.0,6.320821890908907,6.306666851043701,6.306666851043701,4.671270730912948,0.002221385169112522,13403.0,1.0,1.0,13403.0,1.0,0.0,13403.0,1.0,0.0,0.0,0.0
JUNIN,HUANCAYO,PUCARA,120126,5655.0,2,0.0,21.911351413878585,17.20599505498564,24.014532751231503,20.356790877526887,0.11507278383481956,5655.0,1.0,1.0,5655.0,1.0,0.0,5655.0,1.0,0.0,0.0,0.0
JUNIN,HUANCAYO,QUICHUAY,120127,1929.0,2,0.0,14.634280258661233,8.515000343322754,19.170790350451043,9.025069333655406,0.2319425896789611,1929.0,1.0,1.0,1929.0,1.0,0.0,1929.0,1.0,0.0,0.0,0.0
JUNIN,HUANCAYO,QUILCAS,120128,4191.0,2,0.0,20.12010473716916,15.84000015258789,24.05812182913021,15.48030022748812,0.1306516881851283,4191.0,1.0,1.0,4191.0,1.0,0.0,4191.0,1.0,0.0,0.0,0.0
JUNIN,HUANCAYO,SAN AGUSTIN,120129,11234.0,2,0.0,9.764991663137703,8.912623180761464,9.951858284833934,6.78172290658365,0.035652623199213807,11234.0,1.0,1.0,11234.0,1.0,0.0,11234.0,1.0,0.0,0.0,0.0
JUNIN,HUANCAYO,SAN JERONIMO DE TUNAN,120130,9658.0,2,0.0,10.898202829366886,10.481666564941406,10.718446105927347,8.439592733124469,0.03415242341407798,9658.0,1.0,1.0,9658.0,1.0,0.0,9658.0,1.0,0.0,0.0,0.0
JUNIN,HUANCAYO,SANO,120132,4727.0,2,0.0,14.86231386714489,14.382099562861802,15.092420278783298,11.435520255845573,0.01763539113319057,4727.0,1.0,1.0,4727.0,1.0,0.0,4727.0,1.0,0.0,0.0,0.0
JUNIN,HUANCAYO,SANTO DOMINGO DE ACOBAMBA,120135,8055.0,3,0.0,185.33014845276827,166.82833099365234,216.49114785388704,141.0592870360646,0.10513194399863068,0.0,0.0,0.0,0.0,0.0,0.0,0.0,0.0,0.0,1.0,8055.0
JUNIN,HUANCAYO,SAPALLANGA,120133,13087.0,4,0.0,11.877034806655017,11.75206622215957,12.43078438099085,8.620261291719023,0.037904260002816104,13087.0,1.0,1.0,13087.0,1.0,0.0,13087.0,1.0,0.0,0.0,0.0
JUNIN,HUANCAYO,SICAYA,120134,7605.0,2,0.0,10.825821474615795,10.755000114440918,10.755000114440918,10.376092707617042,0.0061917872615920855,7605.0,1.0,1.0,7605.0,1.0,0.0,7605.0,1.0,0.0,0.0,0.0
JUNIN,HUANCAYO,VIQUES,120136,2128.0,2,0.0,13.813283052659573,13.673333168029785,13.673333168029785,13.002741784977733,0.009522127792150226,2128.0,1.0,1.0,2128.0,1.0,0.0,2128.0,1.0,0.0,0.0,0.0
JUNIN,JAUJA,ACOLLA,120402,8402.0,3,0.0,12.09531081968533,7.539036281406879,15.534582356368261,14.792890082992448,0.21764510110153945,8402.0,1.0,1.0,8402.0,1.0,0.0,8402.0,1.0,0.0,0.0,0.0
JUNIN,JAUJA,APATA,120403,4967.0,3,0.0,17.294808372588182,15.12460972932604,18.167961774747855,11.59128757605064,0.07167065638421499,4967.0,1.0,1.0,4967.0,1.0,0.0,4967.0,1.0,0.0,0.0,0.0
JUNIN,JAUJA,ATAURA,120404,1269.0,2,0.0,8.613619399314983,7.630278871846541,8.73938890425212,6.700707485583751,0.038532279084670384,1269.0,1.0,1.0,1269.0,1.0,0.0,1269.0,1.0,0.0,0.0,0.0
JUNIN,JAUJA,CANCHAYLLO,120405,1774.0,3,0.0,53.39832677701415,51.009464623793114,55.75486764677728,41.10367162547493,0.02684851095778451,0.0,0.0,0.0,1774.0,1.0,1.0,1774.0,1.0,0.0,0.0,0.0
JUNIN,JAUJA,CURICACA,120406,1786.0,2,0.0,44.01659930059384,43.73985397338867,44.05063803100586,34.311560971472595,0.0020964394383706786,0.0,0.0,0.0,1786.0,1.0,1.0,1786.0,1.0,0.0,0.0,0.0
JUNIN,JAUJA,EL MANTARO,120407,2612.0,2,0.0,19.599162580773438,19.584999084472656,19.584999084472656,12.943381724642393,0.0006819879621587921,2612.0,1.0,1.0,2612.0,1.0,0.0,2612.0,1.0,0.0,0.0,0.0
JUNIN,JAUJA,HUAMALI,120408,1968.0,2,0.0,13.079567974660455,11.263333320617676,15.317866426125551,9.978526317491763,0.0975833323393962,1968.0,1.0,1.0,1968.0,1.0,0.0,1968.0,1.0,0.0,0.0,0.0
JUNIN,JAUJA,HUARIPAMPA,120409,1049.0,2,0.0,7.292281577653039,6.338995363047713,7.135799103127121,5.855954275458512,0.005729596466433229,1049.0,1.0,1.0,1049.0,1.0,0.0,1049.0,1.0,0.0,0.0,0.0
JUNIN,JAUJA,HUERTAS,120410,1908.0,3,0.0,7.280039375433132,7.164086095748409,8.48755677417644,4.4689255055641475,0.10865144587322273,1908.0,1.0,1.0,1908.0,1.0,0.0,1908.0,1.0,0.0,0.0,0.0
JUNIN,JAUJA,JANJAILLO,120411,905.0,2,0.0,37.79048404588225,37.641666412353516,37.6497982779702,24.266817853727392,0.0035419935433035343,0.0,0.0,0.0,905.0,1.0,1.0,905.0,1.0,0.0,0.0,0.0
JUNIN,JAUJA,JAUJA,120401,16524.0,2,0.0,2.0295797032093317,2.0183334350585938,2.0183334350585938,0.5599512761858698,0.005507646695918855,16524.0,1.0,1.0,16524.0,1.0,0.0,16524.0,1.0,0.0,0.0,0.0
JUNIN,JAUJA,JULCAN,120412,908.0,2,0.0,10.152727834978817,10.148333549499512,10.148333549499512,9.184518760521506,0.00040278787083003476,908.0,1.0,1.0,908.0,1.0,0.0,908.0,1.0,0.0,0.0,0.0
JUNIN,JAUJA,LEONOR ORDONEZ,120413,1651.0,2,0.0,14.61584315135362,13.52136618928086,15.084273543031953,14.337221637774352,0.03959191326617806,1651.0,1.0,1.0,1651.0,1.0,0.0,1651.0,1.0,0.0,0.0,0.0
JUNIN,JAUJA,LLOCLLAPAMPA,120414,1343.0,3,0.0,37.606727818810754,35.62531706185585,39.71360736057676,27.293549713055235,0.042638076607655284,0.0,0.0,0.0,1343.0,1.0,1.0,1343.0,1.0,0.0,0.0,0.0
JUNIN,JAUJA,MARCO,120415,2041.0,3,0.0,11.340459461950426,10.185419100259681,11.993083575911312,9.488901107466612,0.05973026095060907,2041.0,1.0,1.0,2041.0,1.0,0.0,2041.0,1.0,0.0,0.0,0.0
JUNIN,JAUJA,MASMA,120416,2289.0,2,0.0,13.167014609887225,12.553909263712294,13.446781913777615,9.521418298577158,0.025099794314399237,2289.0,1.0,1.0,2289.0,1.0,0.0,2289.0,1.0,0.0,0.0,0.0
JUNIN,JAUJA,MASMA CHICCHE,120417,912.0,2,0.0,21.47406822756717,20.77114679480112,21.842229847241473,15.922632637776827,0.018119072909916878,912.0,1.0,1.0,912.0,1.0,0.0,912.0,1.0,0.0,0.0,0.0
JUNIN,JAUJA,MOLINOS,120418,1822.0,3,0.0,30.836944468065884,13.974392184423744,50.988489721394785,22.164047125011322,0.39938577171608813,1190.0,0.6531284302963776,0.6531284302963776,1190.0,0.6531284302963776,0.0,1822.0,1.0,0.34687156970362243,0.0,0.0
JUNIN,JAUJA,MONOBAMBA,120419,1353.0,2,0.0,45.625656886358044,44.34000015258789,47.40780966226445,42.066663867530345,0.02101402614660086,0.0,0.0,0.0,1353.0,1.0,1.0,1353.0,1.0,0.0,0.0,0.0
JUNIN,JAUJA,MUQUI,120420,1057.0,1,0.0,11.138333320617676,11.138333320617676,11.138333320617676,10.78689956665039,,1057.0,1.0,1.0,1057.0,1.0,0.0,1057.0,1.0,0.0,0.0,0.0
JUNIN,JAUJA,MUQUIYAUYO,120421,2399.0,2,0.0,9.40081178769314,8.984999656677246,8.984999656677246,7.972427322646885,0.0434940140573461,2359.0,0.9833263859941642,0.9833263859941642,2399.0,1.0,0.01667361400583578,2399.0,1.0,0.0,0.0,0.0
JUNIN,JAUJA,PACA,120422,1264.0,2,0.0,16.203118315225915,11.616666793823242,20.33771755565297,9.036736026972155,0.17220964442480968,1264.0,1.0,1.0,1264.0,1.0,0.0,1264.0,1.0,0.0,0.0,0.0
JUNIN,JAUJA,PACCHA,120423,2123.0,2,0.0,17.74651525967311,17.545000076293945,17.982950521483456,12.68745009583569,0.0077983409154388506,2123.0,1.0,1.0,2123.0,1.0,0.0,2123.0,1.0,0.0,0.0,0.0
JUNIN,JAUJA,PANCAN,120424,1398.0,2,0.0,3.2555316483684535,3.0660439736463805,3.3692087413235146,2.506708764552388,0.029307588820041475,1398.0,1.0,1.0,1398.0,1.0,0.0,1398.0,1.0,0.0,0.0,0.0
JUNIN,JAUJA,PARCO,120425,1504.0,3,0.0,17.51348307918995,14.665333639127072,21.318207939323564,12.817692253183811,0.128952868234125,1504.0,1.0,1.0,1504.0,1.0,0.0,1504.0,1.0,0.0,0.0,0.0
JUNIN,JAUJA,POMACANCHA,120426,2141.0,2,0.0,36.13600998245517,35.46488777505766,36.03431056282403,32.802020900998926,0.0010919840335488207,0.0,0.0,0.0,2141.0,1.0,1.0,2141.0,1.0,0.0,0.0,0.0
JUNIN,JAUJA,RICRAN,120427,2082.0,3,0.0,48.41442684389787,46.56872932039573,50.20875344724071,35.245650878671725,0.024067183703421202,0.0,0.0,0.0,2082.0,1.0,1.0,2082.0,1.0,0.0,0.0,0.0
JUNIN,JAUJA,SAN LORENZO,120428,2278.0,2,0.0,11.825089915160865,10.793333053588867,13.371261652399987,9.901082845190516,0.070207201040548,2278.0,1.0,1.0,2278.0,1.0,0.0,2278.0,1.0,0.0,0.0,0.0
JUNIN,JAUJA,SAN PEDRO DE CHUNAN,120429,974.0,2,0.0,9.362628282707576,8.781048197045548,9.692209700444266,7.159858213068278,0.03410534505401752,974.0,1.0,1.0,974.0,1.0,0.0,974.0,1.0,0.0,0.0,0.0
JUNIN,JAUJA,SAUSA,120430,4109.0,2,0.0,3.822436934406376,3.7166666984558105,3.9437076482432487,2.6604294179854646,0.018801929376142112,4109.0,1.0,1.0,4109.0,1.0,0.0,4109.0,1.0,0.0,0.0,0.0
JUNIN,JAUJA,SINCOS,120431,4643.0,3,0.0,33.64520881269966,32.469024635906806,38.71780395061886,25.75352394675839,0.132815421148341,1127.0,0.2427309928925264,0.2427309928925264,4643.0,1.0,0.7572690071074736,4643.0,1.0,0.0,0.0,0.0
JUNIN,JAUJA,TUNAN MARCA,120432,1665.0,2,0.0,20.25807812836793,14.506667137145996,26.974819852195623,19.42093862241453,0.1945573166880653,1141.0,0.6852852852852853,0.6852852852852853,1665.0,1.0,0.3147147147147147,1665.0,1.0,0.0,0.0,0.0
JUNIN,JAUJA,YAULI,120433,1640.0,3,0.0,9.989071034222114,7.215045368968379,13.83359949687529,8.849815586427363,0.21450842038611873,1640.0,1.0,1.0,1640.0,1.0,0.0,1640.0,1.0,0.0,0.0,0.0
JUNIN,JAUJA,YAUYOS,120434,9377.0,2,0.0,3.0650942750458676,2.491666555404663,2.491666555404663,1.3855465924268187,0.17485308493422635,9377.0,1.0,1.0,9377.0,1.0,0.0,9377.0,1.0,0.0,0.0,0.0
JUNIN,JUNIN,CARHUAMAYO,120502,8413.0,2,0.0,28.263274384270407,26.106052319517353,28.261209853551907,30.873580121659614,0.016859349015534653,8413.0,1.0,1.0,8413.0,1.0,0.0,8413.0,1.0,0.0,0.0,0.0
JUNIN,JUNIN,JUNIN,120501,12427.0,3,0.0,4.272933289906309,1.3116666078567505,13.428805981627518,4.29599569299402,0.5664775286667034,12427.0,1.0,1.0,12427.0,1.0,0.0,12427.0,1.0,0.0,0.0,0.0
JUNIN,JUNIN,ONDORES,120503,2800.0,2,0.0,45.8392008972168,34.53690239997326,50.368714708510275,33.50934437343052,0.12749408990400235,872.0,0.31142857142857144,0.31142857142857144,2800.0,1.0,0.6885714285714286,2800.0,1.0,0.0,0.0,0.0
JUNIN,JUNIN,ULCUMAYO,120504,7367.0,3,0.0,65.61305927366192,60.05089354836577,67.71417651240753,57.4535263815453,0.04804831114671715,0.0,0.0,0.0,1731.0,0.23496674358626307,0.23496674358626307,7367.0,1.0,0.765033256413737,0.0,0.0
JUNIN,SATIPO,COVIRIALI,120602,5185.0,2,0.0,16.35655111425063,13.392997332437785,15.929266275569589,10.14765578962453,0.01221548727164723,5185.0,1.0,1.0,5185.0,1.0,0.0,5185.0,1.0,0.0,0.0,0.0
JUNIN,SATIPO,LLAYLLA,120603,5143.0,3,0.0,42.366794695957104,40.992367182010554,43.07047355847242,23.956944324152957,0.023815190437507683,0.0,0.0,0.0,5143.0,1.0,1.0,5143.0,1.0,0.0,0.0,0.0
JUNIN,SATIPO,MAZAMARI,120604,1035.0,1,0.0,71.6449966430664,71.6449966430664,71.6449966430664,47.78620147705078,,0.0,0.0,0.0,0.0,0.0,0.0,1035.0,1.0,1.0,0.0,0.0
JUNIN,SATIPO,MAZAMARI-PANGOA,120699,22703.0,6,0.0,25.351979999948018,12.280665177300518,45.74917829647822,27.013742178729707,0.358463695100646,13839.0,0.6095670175747698,0.6095670175747698,22703.0,1.0,0.39043298242523017,22703.0,1.0,0.0,0.0,0.0
JUNIN,SATIPO,PAMPA HERMOSA,120605,7508.0,3,0.0,31.62291247170214,26.90263987255287,33.82341815243111,20.358014170769117,0.09299669981533698,3499.0,0.4660362280234417,0.4660362280234417,7508.0,1.0,0.5339637719765583,7508.0,1.0,0.0,0.0,0.0
JUNIN,SATIPO,PANGOA,120606,4305.0,1,0.0,14.481666564941406,14.481666564941406,14.481666564941406,9.674799919128418,,4305.0,1.0,1.0,4305.0,1.0,0.0,4305.0,1.0,0.0,0.0,0.0
JUNIN,SATIPO,RIO NEGRO,120607,32552.000000000004,8,0.0,35.18165080682015,40.02597490387943,49.82885806277615,29.16928657690879,0.27381894189703815,10760.57142857143,0.33056560053365164,0.33056560053365164,28193.714285714286,0.8661131201067302,0.5355475195730786,32552.000000000004,1.0,0.13388687989326975,0.0,0.0
JUNIN,SATIPO,RIO TAMBO,120608,32275.0,9,0.0,64.06323075484343,48.495154420815794,113.81422810372402,54.5251829328175,0.3948817386148783,8484.0,0.26286599535244,0.26286599535244,17883.0,0.5540821068938807,0.2912161115414407,26367.0,0.8169481022463206,0.26286599535243993,0.18305189775367936,5908.000000000001
JUNIN,SATIPO,SATIPO,120601,38568.0,5,0.0,11.305547429303168,0.9583333134651184,39.72782455587095,7.534427956618281,0.6630965542473314,30231.0,0.7838363410080896,0.7838363410080896,38568.0,1.0,0.21616365899191037,38568.0,1.0,0.0,0.0,0.0
JUNIN,TARMA,ACOBAMBA,120702,13402.0,3,0.0,13.593967815456667,11.526901991250085,15.864252980315035,12.811241348436244,0.1234537205579943,13402.0,1.0,1.0,13402.0,1.0,0.0,13402.0,1.0,0.0,0.0,0.0
JUNIN,TARMA,HUARICOLCA,120703,3003.0,3,0.0,31.866270386692367,23.180649378352168,40.9479952141257,23.643175240718957,0.18500299867822123,1169.0,0.38927738927738925,0.38927738927738925,3003.0,1.0,0.6107226107226107,3003.0,1.0,0.0,0.0,0.0
JUNIN,TARMA,HUASAHUASI,120704,15948.0,4,0.0,52.670412537206644,50.07284360752874,57.069104783613604,48.927530779526414,0.051251501436542446,0.0,0.0,0.0,15948.0,1.0,1.0,15948.0,1.0,0.0,0.0,0.0
JUNIN,TARMA,LA UNION,120705,3869.0,3,0.0,23.236362650524462,18.665000915527344,29.13846334864766,21.109936737589024,0.1248994138762809,3162.0,0.817265443266994,0.817265443266994,3869.0,1.0,0.18273455673300598,3869.0,1.0,0.0,0.0,0.0
JUNIN,TARMA,PALCA,120706,6814.0,2,0.0,27.250798275227908,21.331124346553327,29.61822529655676,26.066644115184875,0.1122429755546116,2119.0,0.31097739947167596,0.31097739947167596,6814.0,1.0,0.689022600528324,6814.0,1.0,0.0,0.0,0.0
JUNIN,TARMA,PALCAMAYO,120707,8295.0,2,0.0,28.99456187335032,24.196874113950273,31.87137555521193,31.755051335661868,0.08396159403059389,4084.0,0.4923447860156721,0.4923447860156721,8295.0,1.0,0.5076552139843279,8295.0,1.0,0.0,0.0,0.0
JUNIN,TARMA,SAN PEDRO DE CAJAS,120708,5808.0,3,0.0,33.09395685931539,20.116666793823242,52.939154603991206,29.039765133345423,0.2403760650108424,3516.0,0.6053719008264463,0.6053719008264463,5808.0,1.0,0.3946280991735537,5808.0,1.0,0.0,0.0,0.0
JUNIN,TARMA,TAPO,120709,5971.0,2,0.0,30.892868729417117,29.982580672551308,31.011182882557137,27.509442920841337,0.009996172517732549,1060.0,0.17752470272986098,0.17752470272986098,5971.0,1.0,0.822475297270139,5971.0,1.0,0.0,0.0,0.0
JUNIN,TARMA,TARMA,120701,50517.0,4,0.0,3.163501576218948,1.4566667079925537,7.991898277899982,1.9744072692242334,0.43261868969036166,50517.0,1.0,1.0,50517.0,1.0,0.0,50517.0,1.0,0.0,0.0,0.0
JUNIN,YAULI,CHACAPALPA,120802,918.0,2,0.0,54.86321469641459,53.77166748046875,55.78601125757745,38.7175727129502,0.0117467541720081,0.0,0.0,0.0,918.0,1.0,1.0,918.0,1.0,0.0,0.0,0.0
JUNIN,YAULI,HUAY-HUAY,120803,1678.0,3,0.0,61.88693659012878,59.01210700305983,65.5359605675137,44.6308115048687,0.03328339711252892,0.0,0.0,0.0,1193.0,0.7109654350417163,0.7109654350417163,1678.0,1.0,0.2890345649582837,0.0,0.0
JUNIN,YAULI,LA OROYA,120801,18829.0,3,0.0,9.311316398396938,7.736666679382324,9.306816722724193,5.456898444912818,0.15599373588226584,18160.0,0.9644697009931489,0.9644697009931489,18829.0,1.0,0.03553029900685112,18829.0,1.0,0.0,0.0,0.0
JUNIN,YAULI,MARCAPOMACOCHA,120804,1141.0,2,0.0,90.78982269126631,80.1449966430664,103.25872262283411,60.629859834047494,0.08045953503906,0.0,0.0,0.0,0.0,0.0,0.0,1141.0,1.0,1.0,0.0,0.0
JUNIN,YAULI,MOROCOCHA,120805,5412.0,3,0.0,44.4845408730743,44.20032925380012,44.271938571355264,31.602151634952182,0.005054704167559709,0.0,0.0,0.0,5412.0,1.0,1.0,5412.0,1.0,0.0,0.0,0.0
JUNIN,YAULI,PACCHA,120806,1883.0,2,0.0,18.467785235104635,13.999339129606183,19.9598684362728,12.230011250956288,0.1168021936520861,1883.0,1.0,1.0,1883.0,1.0,0.0,1883.0,1.0,0.0,0.0,0.0
JUNIN,YAULI,SANTA BARBARA DE CARHUACAYAN,120807,1926.0,2,0.0,58.740849129507474,52.880001068115234,65.13311599306935,40.94107347609222,0.06625741746269842,0.0,0.0,0.0,1279.0,0.6640706126687436,0.6640706126687436,1926.0,1.0,0.33592938733125643,0.0,0.0
JUNIN,YAULI,SANTA ROSA DE SACCO,120808,11297.0,2,0.0,7.0668831575209134,7.03000020980835,7.03000020980835,3.3296512895383024,0.005200645477715149,11297.0,1.0,1.0,11297.0,1.0,0.0,11297.0,1.0,0.0,0.0,0.0
JUNIN,YAULI,SUITUCANCHA,120809,904.0,2,0.0,86.07359904736545,75.2933349609375,95.34335785745924,56.44942664256138,0.07453723570221782,0.0,0.0,0.0,0.0,0.0,0.0,904.0,1.0,1.0,0.0,0.0
JUNIN,YAULI,YAULI,120810,5969.0,3,0.0,37.366984936315866,33.14555473874592,41.71275743683259,25.49788053688002,0.08527902580963775,974.0,0.1631764114592059,0.1631764114592059,5969.0,1.0,0.8368235885407941,5969.0,1.0,0.0,0.0,0.0
LA LIBERTAD,ASCOPE,ASCOPE,130201,7012.0,2,0.0,3.4022227582153564,1.0466666221618652,6.176951389719353,2.3593753612320287,0.5904593304724026,7012.0,1.0,1.0,7012.0,1.0,0.0,7012.0,1.0,0.0,0.0,0.0
LA LIBERTAD,ASCOPE,CASA GRANDE,130208,29977.0,4,0.0,11.212916793858874,8.911666870117188,12.141290994267193,8.910923195572426,0.1684523174331798,28573.0,0.9531640924708944,0.9531640924708944,29977.0,1.0,0.0468359075291056,29977.0,1.0,0.0,0.0,0.0
LA LIBERTAD,ASCOPE,CHICAMA,130202,15056.0,4,0.0,16.899480816345033,10.70990617214105,26.039958360332548,16.537290625123745,0.25002316980954775,15056.0,1.0,1.0,15056.0,1.0,0.0,15056.0,1.0,0.0,0.0,0.0
LA LIBERTAD,ASCOPE,CHOCOPE,130203,9596.0,3,0.0,3.4843846128949925,1.1299999952316284,6.461581255544,2.340725314125214,0.43722237449521817,9596.0,1.0,1.0,9596.0,1.0,0.0,9596.0,1.0,0.0,0.0,0.0
LA LIBERTAD,ASCOPE,MAGDALENA DE CAO,130204,3010.0,3,0.0,17.600347681140583,14.556516941507065,21.584477606620496,12.947197213917475,0.14153488134187364,3010.0,1.0,1.0,3010.0,1.0,0.0,3010.0,1.0,0.0,0.0,0.0
LA LIBERTAD,ASCOPE,PAIJAN,130205,23217.0,3,0.0,15.06937548986582,13.725000381469727,20.499549593350665,12.231066135625515,0.0729764828006424,23217.0,1.0,1.0,23217.0,1.0,0.0,23217.0,1.0,0.0,0.0,0.0
LA LIBERTAD,ASCOPE,RAZURI,130206,8330.0,2,0.0,29.48215440381475,29.071666717529297,29.829760956652287,25.909672834435288,0.008226924759021759,4922.0,0.590876350540216,0.590876350540216,8330.0,1.0,0.40912364945978397,8330.0,1.0,0.0,0.0,0.0
LA LIBERTAD,ASCOPE,SANTIAGO DE CAO,130207,20515.0,5,0.0,22.277384419897956,20.024999618530273,27.703922922663512,20.565112373859684,0.07958648503611443,18417.0,0.8977333658298806,0.8977333658298806,20515.0,1.0,0.10226663417011939,20515.0,1.0,0.0,0.0,0.0
LA LIBERTAD,BOLIVAR,BAMBAMARCA,130302,3537.0,2,0.0,147.71088325299885,119.45103750172284,154.91287595737583,96.91603535745722,0.08291237446655397,0.0,0.0,0.0,0.0,0.0,0.0,841.0,0.23777212326830646,0.23777212326830646,0.7622278767316936,2696.0
LA LIBERTAD,BOLIVAR,BOLIVAR,130301,4788.0,2,0.0,41.64773272305304,17.172639263756686,51.33186061642321,24.17980061483911,0.30249946016721585,1478.0,0.30868838763575607,0.30868838763575607,4788.0,1.0,0.691311612364244,4788.0,1.0,0.0,0.0,0.0
LA LIBERTAD,BOLIVAR,CONDORMARCA,130303,2214.0,3,0.0,221.89448733446073,215.7083282470703,240.9524378395081,179.00463835484504,0.023924923396495767,0.0,0.0,0.0,0.0,0.0,0.0,0.0,0.0,0.0,1.0,2214.0
LA LIBERTAD,BOLIVAR,LONGOTEA,130304,2324.0,3,0.0,102.60084836372205,99.83759555627805,106.86566896044518,63.716942982501294,0.0330678543407823,0.0,0.0,0.0,0.0,0.0,0.0,2324.0,1.0,1.0,0.0,0.0
LA LIBERTAD,BOLIVAR,UCHUMARCA,130305,2888.0,2,0.0,54.08305671406585,50.686668395996094,56.986366517620965,37.57141715073519,0.0372708877839284,0.0,0.0,0.0,2888.0,1.0,1.0,2888.0,1.0,0.0,0.0,0.0
LA LIBERTAD,BOLIVAR,UCUNCHA,130306,955.0,2,0.0,101.88194532943646,101.76000213623047,102.01440230659817,52.205511654359505,0.000793342413270226,0.0,0.0,0.0,0.0,0.0,0.0,955.0,1.0,1.0,0.0,0.0
LA LIBERTAD,CHEPEN,CHEPEN,130401,45789.0,3,0.0,5.688953975676324,2.1683332920074463,11.263699406769966,4.537775092205229,0.5263612077627062,45789.0,1.0,1.0,45789.0,1.0,0.0,45789.0,1.0,0.0,0.0,0.0
LA LIBERTAD,CHEPEN,PACANGA,130402,18629.0,4,0.0,21.98930697338971,12.153510209774044,34.80401917006466,18.220049340685655,0.34163601262566357,13012.0,0.6984808631703259,0.6984808631703259,18629.0,1.0,0.30151913682967413,18629.0,1.0,0.0,0.0,0.0
LA LIBERTAD,CHEPEN,PUEBLO NUEVO,130403,12365.0,4,0.0,19.01782887601872,13.75139123072532,25.85966891130991,13.671730407818194,0.22290056684660586,12365.0,1.0,1.0,12365.0,1.0,0.0,12365.0,1.0,0.0,0.0,0.0
LA LIBERTAD,GRAN CHIMU,CASCAS,131101,14338.0,3,0.0,37.95621005522314,6.014271624133813,73.96778946668842,22.35567240744168,0.5885909614564444,9454.5,0.6594015901799414,0.6594015901799414,9454.5,0.6594015901799414,0.0,14338.0,1.0,0.3405984098200586,0.0,0.0
LA LIBERTAD,GRAN CHIMU,LUCMA,131102,6028.0,2,0.0,80.97425239071913,72.0257455550489,80.89581683561916,68.36698039256743,0.02355952642933501,0.0,0.0,0.0,0.0,0.0,0.0,6028.0,1.0,1.0,0.0,0.0
LA LIBERTAD,GRAN CHIMU,MARMOT,131103,2441.0,2,0.0,54.548512820970906,51.869998931884766,58.46411906435845,49.25842503473828,0.037898682017412755,0.0,0.0,0.0,1884.0000000000002,0.77181482998771,0.77181482998771,2441.0,1.0,0.22818517001229,0.0,0.0
LA LIBERTAD,GRAN CHIMU,SAYAPULLO,131104,7993.0,3,0.0,100.56444965535792,98.37474839039933,103.70297683186016,78.30255501550383,0.02611538085164833,0.0,0.0,0.0,0.0,0.0,0.0,7993.0,1.0,1.0,0.0,0.0
LA LIBERTAD,JULCAN,CALAMARCA,130502,6446.0,2,0.0,50.40527509452022,50.125,50.125,45.69727393732358,0.005246439064105823,0.0,0.0,0.0,6446.0,1.0,1.0,6446.0,1.0,0.0,0.0,0.0
LA LIBERTAD,JULCAN,CARABAMBA,130503,7104.0,2,0.0,37.94732764121648,35.8301750509805,38.15403549847735,24.07975433001647,0.017399772015363357,0.0,0.0,0.0,7104.0,1.0,1.0,7104.0,1.0,0.0,0.0,0.0
LA LIBERTAD,JULCAN,HUASO,130504,6423.0,2,0.0,56.5379457736561,55.86166763305664,55.86166763305664,49.746815554508814,0.011186778392198504,0.0,0.0,0.0,6007.0,0.9352327572785303,0.9352327572785303,6423.0,1.0,0.06476724272146972,0.0,0.0
LA LIBERTAD,JULCAN,JULCAN,130501,13385.0,4,0.0,16.779726130703203,10.101621958891185,26.83189052871511,10.431239326872129,0.33602312385917454,13385.0,1.0,1.0,13385.0,1.0,0.0,13385.0,1.0,0.0,0.0,0.0
LA LIBERTAD,OTUZCO,AGALLPAMPA,130602,10571.0,3,0.0,28.429305210524912,15.732500553131104,38.34484056074356,16.35406578215257,0.2615568750547097,5575.5,0.5274335446031596,0.5274335446031596,10571.0,1.0,0.4725664553968404,10571.0,1.0,0.0,0.0,0.0
LA LIBERTAD,OTUZCO,CHARAT,130604,3095.0,3,0.0,44.759942115450905,40.36000061035156,53.17613836610134,33.55241291557645,0.07797066221253546,0.0,0.0,0.0,2508.0,0.8103392568659128,0.8103392568659128,3095.0,1.0,0.1896607431340872,0.0,0.0
LA LIBERTAD,OTUZCO,HUARANCHAL,130605,5207.0,2,0.0,83.43881049466633,83.25499725341797,83.71448359743816,71.14207302303765,0.0017667764484021742,0.0,0.0,0.0,0.0,0.0,0.0,5207.0,1.0,1.0,0.0,0.0
LA LIBERTAD,OTUZCO,LA CUESTA,130606,700.0,2,0.0,40.41327381134033,38.28666687011719,39.60988896687825,21.58385726383754,0.04698347890310872,0.0,0.0,0.0,700.0,1.0,1.0,700.0,1.0,0.0,0.0,0.0
LA LIBERTAD,OTUZCO,MACHE,130608,3195.0,2,0.0,11.531046719618246,11.311666488647461,11.85490788847713,9.43822609807404,0.014809270997093171,3195.0,1.0,1.0,3195.0,1.0,0.0,3195.0,1.0,0.0,0.0,0.0
LA LIBERTAD,OTUZCO,OTUZCO,130601,25265.0,4,0.0,14.108018411820698,2.708683618435227,33.31438824607105,7.528300961924619,0.5604746898549842,16081.000000000002,0.6364931723728479,0.6364931723728479,25265.0,1.0,0.36350682762715214,25265.0,1.0,0.0,0.0,0.0
LA LIBERTAD,OTUZCO,PARANDAY,130610,689.0,2,0.0,59.846192070638494,58.97666549682617,60.98183462931848,32.29957079506751,0.010501623834232365,0.0,0.0,0.0,498.0,0.7227866473149492,0.7227866473149492,689.0,1.0,0.27721335268505076,0.0,0.0
LA LIBERTAD,OTUZCO,SALPO,130611,6437.0,2,0.0,40.2819778581056,39.79108070927625,40.27955098072244,23.213349509316977,0.0026440464845149947,0.0,0.0,0.0,6437.0,1.0,1.0,6437.0,1.0,0.0,0.0,0.0
LA LIBERTAD,OTUZCO,SINSICAP,130613,8386.0,3,0.0,56.99129714028749,55.095001220703125,58.83126589473149,31.308110371086325,0.02426856496141616,0.0,0.0,0.0,8059.0,0.9610064393036012,0.9610064393036012,8386.0,1.0,0.03899356069639881,0.0,0.0
LA LIBERTAD,OTUZCO,USQUIL,130614,26282.0,7,0.0,69.41108775576105,63.4130725942176,80.47688932622773,45.10187848820261,0.08663276039329948,0.0,0.0,0.0,2902.0,0.11041777642492961,0.11041777642492961,26282.0,1.0,0.8895822235750703,0.0,0.0
LA LIBERTAD,PACASMAYO,GUADALUPE,130702,37313.0,5,0.0,6.071907377364766,0.9483333230018616,13.386294178889118,5.106844977016818,0.5145895673241354,37313.0,1.0,1.0,37313.0,1.0,0.0,37313.0,1.0,0.0,0.0,0.0
LA LIBERTAD,PACASMAYO,JEQUETEPEQUE,130703,3508.0,3,0.0,11.048582023742398,10.881667137145996,11.305184019515343,9.915547136841777,0.010022685413095034,3508.0,1.0,1.0,3508.0,1.0,0.0,3508.0,1.0,0.0,0.0,0.0
LA LIBERTAD,PACASMAYO,PACASMAYO,130704,26118.0,2,0.0,2.6879658310799863,2.68666672706604,2.68666672706604,1.6785875418274003,0.00048306320771407396,26118.0,1.0,1.0,26118.0,1.0,0.0,26118.0,1.0,0.0,0.0,0.0
LA LIBERTAD,PACASMAYO,SAN JOSE,130705,11261.0,4,0.0,17.177120995324646,14.716815892336573,21.798249216718958,15.935067738386595,0.12046052116424533,11261.0,1.0,1.0,11261.0,1.0,0.0,11261.0,1.0,0.0,0.0,0.0
LA LIBERTAD,PACASMAYO,SAN PEDRO DE LLOC,130701,16149.0,3,0.0,12.701143258746928,9.178333282470703,20.190381611966075,12.352718584470626,0.22055556903540285,16149.0,1.0,1.0,16149.0,1.0,0.0,16149.0,1.0,0.0,0.0,0.0
LA LIBERTAD,PATAZ,BULDIBUYO,130802,3884.0,2,0.0,42.49701828470436,40.356666564941406,45.66884825204371,30.008419324637195,0.039355565793831926,0.0,0.0,0.0,3884.0,1.0,1.0,3884.0,1.0,0.0,0.0,0.0
LA LIBERTAD,PATAZ,CHILLIA,130803,12043.0,3,0.0,103.01348513443486,102.5353917920951,103.60595689984922,75.59059511200688,0.004557823431570407,0.0,0.0,0.0,0.0,0.0,0.0,12043.0,1.0,1.0,0.0,0.0
LA LIBERTAD,PATAZ,HUANCASPATA,130804,6313.0,2,0.0,97.07940813774884,79.6702638169033,99.65672122041191,89.09485019663897,0.0634845135672848,0.0,0.0,0.0,0.0,0.0,0.0,6313.0,1.0,1.0,0.0,0.0
LA LIBERTAD,PATAZ,HUAYLILLAS,130805,2382.0,2,0.0,33.16960844685309,29.04575015504264,34.333149054446025,21.57255039167044,0.05611866779228447,598.0,0.2510495382031906,0.2510495382031906,2382.0,1.0,0.7489504617968095,2382.0,1.0,0.0,0.0,0.0
LA LIBERTAD,PATAZ,HUAYO,130806,4304.0,2,0.0,155.6966111066173,155.24000549316406,155.24000549316406,105.11278467284703,0.002735062103305874,0.0,0.0,0.0,0.0,0.0,0.0,0.0,0.0,0.0,1.0,4304.0
LA LIBERTAD,PATAZ,ONGON,130807,1701.0,2,101.0,50.41999816894531,50.41999816894531,50.41999816894531,36.38880157470703,,0.0,0.0,0.0,1600.0,0.940623162845385,0.940623162845385,1600.0,0.940623162845385,0.0,0.05937683715461495,101.00000000000003
LA LIBERTAD,PATAZ,PARCOY,130808,14957.0,6,0.0,91.97228266241684,85.53900631049743,103.15971702769087,77.06167606823806,0.06300657426790457,0.0,0.0,0.0,0.0,0.0,0.0,14957.0,1.0,1.0,0.0,0.0
LA LIBERTAD,PATAZ,PATAZ,130809,8063.0,2,0.0,189.66003603428422,183.27281611606412,190.94256371149407,160.42579575559571,0.013300150969712599,0.0,0.0,0.0,0.0,0.0,0.0,0.0,0.0,0.0,1.0,8063.0
LA LIBERTAD,PATAZ,PIAS,130810,1596.0,2,0.0,124.11467901626625,122.21499633789062,126.15321231168859,97.4209595682627,0.010088829141185918,0.0,0.0,0.0,0.0,0.0,0.0,0.0,0.0,0.0,1.0,1596.0
LA LIBERTAD,PATAZ,SANTIAGO DE CHALLAS,130811,2797.0,2,0.0,69.14154732478787,63.77982033214011,71.67196138088114,55.32760291019422,0.042172774050687645,0.0,0.0,0.0,0.0,0.0,0.0,2797.0,1.0,1.0,0.0,0.0
LA LIBERTAD,PATAZ,TAURIJA,130812,3002.0,2,0.0,62.51116105955811,57.984918091902834,64.7103198000212,42.551355306026856,0.03964081486331561,0.0,0.0,0.0,1085.0,0.3614257161892072,0.3614257161892072,3002.0,1.0,0.6385742838107928,0.0,0.0
LA LIBERTAD,PATAZ,TAYABAMBA,130801,13845.0,3,0.0,20.023075859535467,12.251856386586367,30.117891496848337,15.302685540158985,0.34629503575557685,8690.5,0.6276995305164319,0.6276995305164319,13845.0,1.0,0.3723004694835681,13845.0,1.0,0.0,0.0,0.0
LA LIBERTAD,PATAZ,URPAY,130813,3019.0,2,0.0,42.698218164636664,40.55500030517578,45.87162019334398,29.476254184264228,0.040966999650071445,0.0,0.0,0.0,3019.0,1.0,1.0,3019.0,1.0,0.0,0.0,0.0
LA LIBERTAD,SANCHEZ CARRION,CHUGAY,130902,17388.0,6,0.0,54.29704656045904,51.73025617629074,66.79969059491478,43.37011063661086,0.12323232692092523,0.0,0.0,0.0,13520.0,0.7775477340694732,0.7775477340694732,17388.0,1.0,0.2224522659305268,0.0,0.0
LA LIBERTAD,SANCHEZ CARRION,COCHORCO,130903,9097.0,3,0.0,143.7101335134482,141.91586596735155,146.13397383452119,113.78971215715981,0.014271120333665066,0.0,0.0,0.0,0.0,0.0,0.0,0.0,0.0,0.0,1.0,9097.0
LA LIBERTAD,SANCHEZ CARRION,CURGOS,130904,8181.0,2,0.0,24.369267854083212,23.8266658782959,25.15494580627984,13.432791924625253,0.017062032563837648,8181.0,1.0,1.0,8181.0,1.0,0.0,8181.0,1.0,0.0,0.0,0.0
LA LIBERTAD,SANCHEZ CARRION,HUAMACHUCO,130901,52995.999999999985,7,0.0,8.49499680451586,2.5266666412353516,22.212582677408623,6.095427156569005,0.4990700549125425,52995.999999999985,1.0,1.0,52995.999999999985,1.0,0.0,52995.999999999985,1.0,0.0,0.0,0.0
LA LIBERTAD,SANCHEZ CARRION,MARCABAL,130905,15103.0,4,0.0,46.745284070844235,30.450659548871904,66.39147696500262,23.117593350187665,0.25250852360089493,5332.333333333333,0.3530645125692467,0.3530645125692467,10217.666666666666,0.6765322562846233,0.3234677437153766,15103.0,1.0,0.3234677437153767,0.0,0.0
LA LIBERTAD,SANCHEZ CARRION,SANAGORAN,130906,12983.0,4,0.0,45.87842509159457,45.869903202471264,47.06441429922503,36.99862526097822,0.019783974394530945,279.0,0.021489640298852346,0.021489640298852346,12983.0,1.0,0.9785103597011476,12983.0,1.0,0.0,0.0,0.0
LA LIBERTAD,SANCHEZ CARRION,SARIN,130907,9236.0,3,0.0,70.3996907885119,61.99664868915077,76.91375769721536,42.48708040510849,0.07277800726076666,0.0,0.0,0.0,727.0,0.07871372888696405,0.07871372888696405,9236.0,1.0,0.921286271113036,0.0,0.0
LA LIBERTAD,SANCHEZ CARRION,SARTIMBAMBA,130908,12433.999999999998,4,0.0,124.06455884801244,122.19813288162744,138.69501893709332,83.55050815072791,0.075213913907059,0.0,0.0,0.0,0.0,0.0,0.0,4544.666666666666,0.3655031901774704,0.3655031901774704,0.6344968098225297,7889.333333333332
LA LIBERTAD,SANTIAGO DE CHUCO,ANGASMARCA,131002,6367.0,2,0.0,33.855678649418245,32.7316748767736,34.33966688453441,45.74315730005489,0.01758745051138233,0.0,0.0,0.0,6367.0,1.0,1.0,6367.0,1.0,0.0,0.0,0.0
LA LIBERTAD,SANTIAGO DE CHUCO,CACHICADAN,131003,6966.0,2,0.0,40.886954857089414,24.21888412627142,47.84911129791053,46.319439988488135,0.21381854456305027,2234.0,0.32070054550674704,0.32070054550674704,6966.0,1.0,0.6792994544932529,6966.0,1.0,0.0,0.0,0.0
LA LIBERTAD,SANTIAGO DE CHUCO,MOLLEBAMBA,131004,2005.0,3,0.0,58.523289166305425,55.165000915527344,62.69732434580017,59.32450688426334,0.03533585004306472,0.0,0.0,0.0,1527.0,0.7615960099750624,0.7615960099750624,2005.0,1.0,0.23840399002493762,0.0,0.0
LA LIBERTAD,SANTIAGO DE CHUCO,MOLLEPATA,131005,2758.0,2,0.0,68.11346178283027,67.94666290283203,67.94666290283203,70.26406873076441,0.002289903901964152,0.0,0.0,0.0,0.0,0.0,0.0,2758.0,1.0,1.0,0.0,0.0
LA LIBERTAD,SANTIAGO DE CHUCO,QUIRUVILCA,131006,13213.0,4,0.0,36.63100358733057,34.78874310394488,39.15208156214453,39.755178995752445,0.04159742676449463,0.0,0.0,0.0,13213.0,1.0,1.0,13213.0,1.0,0.0,0.0,0.0
LA LIBERTAD,SANTIAGO DE CHUCO,SANTA CRUZ DE CHUCA,131007,3328.0,2,0.0,27.075806587934494,22.404686087428935,28.00626985908735,34.078491643071175,0.06792756450770643,3328.0,1.0,1.0,3328.0,1.0,0.0,3328.0,1.0,0.0,0.0,0.0
LA LIBERTAD,SANTIAGO DE CHUCO,SANTIAGO DE CHUCO,131001,19859.999999999996,5,0.0,42.73765261739383,12.67032915398434,83.25337176903065,26.7275280619626,0.47076440513830964,10374.333333333332,0.5223732796240349,0.5223732796240349,10374.333333333332,0.5223732796240349,0.0,19859.999999999996,1.0,0.4776267203759651,0.0,0.0
LA LIBERTAD,SANTIAGO DE CHUCO,SITABAMBA,131008,3814.0,2,0.0,127.93017383089351,123.84333038330078,133.91285976775103,98.27041374930675,0.024683938681451245,0.0,0.0,0.0,0.0,0.0,0.0,0.0,0.0,0.0,1.0,3814.0
LA LIBERTAD,TRUJILLO,EL PORVENIR,130102,140507.0,1,0.0,1.5466666221618652,1.5466666221618652,1.5466666221618652,0.8001999855041504,,140507.0,1.0,1.0,140507.0,1.0,0.0,140507.0,1.0,0.0,0.0,0.0
LA LIBERTAD,TRUJILLO,FLORENCIA DE MORA,130103,40014.0,1,0.0,0.8700000047683716,0.8700000047683716,0.8700000047683716,0.3188999891281128,,40014.0,1.0,1.0,40014.0,1.0,0.0,40014.0,1.0,0.0,0.0,0.0
LA LIBERTAD,TRUJILLO,HUANCHACO,130104,45184.0,6,0.0,8.962850413936858,6.396297296340091,12.912112670845085,6.086849521845579,0.19764996569827398,45184.0,1.0,1.0,45184.0,1.0,0.0,45184.0,1.0,0.0,0.0,0.0
LA LIBERTAD,TRUJILLO,LA ESPERANZA,130105,151845.0,1,0.0,0.8600000143051147,0.8600000143051147,0.8600000143051147,0.2879999876022339,,151845.0,1.0,1.0,151845.0,1.0,0.0,151845.0,1.0,0.0,0.0,0.0
LA LIBERTAD,TRUJILLO,LAREDO,130106,32989.0,4,0.0,4.8229458527991556,1.9866666793823242,9.486148084223249,3.785441200902085,0.48446042825417746,32989.0,1.0,1.0,32989.0,1.0,0.0,32989.0,1.0,0.0,0.0,0.0
LA LIBERTAD,TRUJILLO,MOCHE,130107,30138.0,3,0.0,4.94449316380201,3.541432840824127,6.295393975470364,3.2348743986929964,0.186463006048878,30138.0,1.0,1.0,30138.0,1.0,0.0,30138.0,1.0,0.0,0.0,0.0
LA LIBERTAD,TRUJILLO,POROTO,130108,3608.0,3,0.0,36.45013182231962,34.82120781869324,37.287701559691946,34.116310668890335,0.02001770212714049,0.0,0.0,0.0,3608.0,1.0,1.0,3608.0,1.0,0.0,0.0,0.0
LA LIBERTAD,TRUJILLO,SALAVERRY,130109,13892.0,3,0.0,4.680131687868784,5.837315486801514,6.547463021066358,3.7379104618316696,0.2788345596570989,13892.0,1.0,1.0,13892.0,1.0,0.0,13892.0,1.0,0.0,0.0,0.0
LA LIBERTAD,TRUJILLO,SIMBAL,130110,4172.0,2,0.0,24.042404674043592,23.13166618347168,25.405475467184317,21.617146837631328,0.03057134917361637,4172.0,1.0,1.0,4172.0,1.0,0.0,4172.0,1.0,0.0,0.0,0.0
LA LIBERTAD,TRUJILLO,TRUJILLO,130101,294899.0,2,0.0,0.4471204506462367,0.4416666626930237,0.4416666626930237,0.23871560445268392,0.01219059092875363,294899.0,1.0,1.0,294899.0,1.0,0.0,294899.0,1.0,0.0,0.0,0.0
LA LIBERTAD,TRUJILLO,VICTOR LARCO HERRERA,130111,55781.0,2,0.0,1.8280915407364167,1.8266667127609253,1.8266667127609253,1.144833998639852,0.0007788065225707852,55781.0,1.0,1.0,55781.0,1.0,0.0,55781.0,1.0,0.0,0.0,0.0
LA LIBERTAD,VIRU,CHAO,131202,23083.0,4,0.0,10.631734042792965,5.119999885559082,19.912162092484145,7.857972062471209,0.34284707945612647,23083.0,1.0,1.0,23083.0,1.0,0.0,23083.0,1.0,0.0,0.0,0.0
LA LIBERTAD,VIRU,GUADALUPITO,131203,6486.0,4,0.0,21.097704386880213,20.28548460463779,22.209960115630388,17.04654001211848,0.028405976492830054,6486.0,1.0,1.0,6486.0,1.0,0.0,6486.0,1.0,0.0,0.0,0.0
LA LIBERTAD,VIRU,VIRU,131201,47282.0,9,0.0,8.483338467406469,7.138453094002656,13.767547718445174,6.3658895428060385,0.385688740898651,47282.0,1.0,1.0,47282.0,1.0,0.0,47282.0,1.0,0.0,0.0,0.0
LAMBAYEQUE,CHICLAYO,CAYALTI,140116,17407.0,2,0.0,34.16517433643807,33.563331604003906,35.06145432718454,24.147502529139686,0.013845010612493769,0.0,0.0,0.0,17407.0,1.0,1.0,17407.0,1.0,0.0,0.0,0.0
LAMBAYEQUE,CHICLAYO,CHICLAYO,140101,261296.0,3,0.0,0.6420459255715738,0.6299999952316284,0.6299999952316284,0.2621149463224003,0.018730652785719948,261296.0,1.0,1.0,261296.0,1.0,0.0,261296.0,1.0,0.0,0.0,0.0
LAMBAYEQUE,CHICLAYO,CHONGOYAPE,140102,17671.0,4,0.0,38.75780364725142,35.85778521261949,42.355266509196994,44.984132576863054,0.05966993679961463,0.0,0.0,0.0,17671.0,1.0,1.0,17671.0,1.0,0.0,0.0,0.0
LAMBAYEQUE,CHICLAYO,ETEN,140103,10697.0,3,0.0,14.53378979990591,14.141666412353516,14.257144220067708,14.29435508184548,0.024342713645002845,10697.0,1.0,1.0,10697.0,1.0,0.0,10697.0,1.0,0.0,0.0,0.0
LAMBAYEQUE,CHICLAYO,ETEN PUERTO,140104,2238.0,1,0.0,15.761666297912598,15.761666297912598,15.761666297912598,15.787500381469727,,2238.0,1.0,1.0,2238.0,1.0,0.0,2238.0,1.0,0.0,0.0,0.0
LAMBAYEQUE,CHICLAYO,JOSE LEONARDO ORTIZ,140105,161717.0,2,0.0,3.724028514118969,3.700000047683716,3.700000047683716,2.30111328579248,0.006428059345655823,161717.0,1.0,1.0,161717.0,1.0,0.0,161717.0,1.0,0.0,0.0,0.0
LAMBAYEQUE,CHICLAYO,LA VICTORIA,140106,77699.0,2,0.0,2.27912369295014,2.1733334064483643,2.1733334064483643,1.7610994002618352,0.0446726916976693,77699.0,1.0,1.0,77699.0,1.0,0.0,77699.0,1.0,0.0,0.0,0.0
LAMBAYEQUE,CHICLAYO,LAGUNAS,140107,9553.0,3,0.0,40.958451290523946,35.081948075557776,48.123865221121946,42.03305541559325,0.09666067280283674,0.0,0.0,0.0,9553.0,1.0,1.0,9553.0,1.0,0.0,0.0,0.0
LAMBAYEQUE,CHICLAYO,MONSEFU,140108,30384.0,3,0.0,11.33709989838879,10.379166603088379,12.103094360262451,10.876038209380697,0.06253506630135341,30384.0,1.0,1.0,30384.0,1.0,0.0,30384.0,1.0,0.0,0.0,0.0
LAMBAYEQUE,CHICLAYO,NUEVA ARICA,140109,2454.0,2,0.0,54.66686996640281,49.31452574952792,56.633571653811835,46.71692876497127,0.04904322108330761,0.0,0.0,0.0,2454.0,1.0,1.0,2454.0,1.0,0.0,0.0,0.0
LAMBAYEQUE,CHICLAYO,OYOTUN,140110,10181.0,2,0.0,74.85315187201496,65.84333038330078,81.21996910541885,65.01775975644665,0.06523750648301907,0.0,0.0,0.0,0.0,0.0,0.0,10181.0,1.0,1.0,0.0,0.0
LAMBAYEQUE,CHICLAYO,PATAPO,140117,20917.0,3,0.0,11.81635448144682,10.336089090467201,12.301082796168016,12.78885798370621,0.08690068561161035,20917.0,1.0,1.0,20917.0,1.0,0.0,20917.0,1.0,0.0,0.0,0.0
LAMBAYEQUE,CHICLAYO,PICSI,140111,8942.0,4,0.0,12.487886152606606,12.834373420745452,13.26769827746592,9.609549687602488,0.0650471999012755,8942.0,1.0,1.0,8942.0,1.0,0.0,8942.0,1.0,0.0,0.0,0.0
LAMBAYEQUE,CHICLAYO,PIMENTEL,140112,35553.0,5,0.0,9.5289327358826,10.804096861732686,13.70636187875323,6.732187955848168,0.25605125458962297,35553.0,1.0,1.0,35553.0,1.0,0.0,35553.0,1.0,0.0,0.0,0.0
LAMBAYEQUE,CHICLAYO,POMALCA,140118,23146.0,3,0.0,9.763394193312255,8.770000457763672,11.828839528315832,7.608540527618489,0.08413731029371474,23146.0,1.0,1.0,23146.0,1.0,0.0,23146.0,1.0,0.0,0.0,0.0
LAMBAYEQUE,CHICLAYO,PUCALA,140119,9281.0,3,0.0,19.124898438668946,15.061666488647461,27.525379958558144,14.04994995385174,0.1442311687018757,9281.0,1.0,1.0,9281.0,1.0,0.0,9281.0,1.0,0.0,0.0,0.0
LAMBAYEQUE,CHICLAYO,REQUE,140113,12625.0,3,0.0,12.696691541615099,12.1899995803833,13.52014644522416,11.664399477288274,0.02709874351342534,12625.0,1.0,1.0,12625.0,1.0,0.0,12625.0,1.0,0.0,0.0,0.0
LAMBAYEQUE,CHICLAYO,SANA,140115,12094.0,4,0.0,25.30387505086095,15.96776210063443,38.29622939987278,19.20422816540715,0.25244375021703724,6581.999999999999,0.5442368116421366,0.5442368116421366,12094.0,1.0,0.45576318835786345,12094.0,1.0,0.0,0.0,0.0
LAMBAYEQUE,CHICLAYO,SANTA ROSA,140114,10965.0,2,0.0,17.378003672274943,17.328332901000977,17.328332901000977,17.085482738510528,0.002822282739778692,10965.0,1.0,1.0,10965.0,1.0,0.0,10965.0,1.0,0.0,0.0,0.0
LAMBAYEQUE,CHICLAYO,TUMAN,140120,28174.0,3,0.0,6.219532883039485,5.340000152587891,7.229153704398765,5.387821950033744,0.12241017351449424,28174.0,1.0,1.0,28174.0,1.0,0.0,28174.0,1.0,0.0,0.0,0.0
LAMBAYEQUE,FERRENAFE,CANARIS,140202,12862.0,4,0.0,122.66466812041254,121.14105793634796,126.05944895724168,133.3253908819231,0.018578128368885727,0.0,0.0,0.0,0.0,0.0,0.0,4502.666666666667,0.35007515679261914,0.35007515679261914,0.6499248432073809,8359.333333333332
LAMBAYEQUE,FERRENAFE,FERRENAFE,140201,32715.0,2,0.0,22.523942756332172,21.09322630300071,22.30531213071733,18.953602277046492,0.003639291301800407,32715.0,1.0,1.0,32715.0,1.0,0.0,32715.0,1.0,0.0,0.0,0.0
LAMBAYEQUE,FERRENAFE,INCAHUASI,140203,14150.0,5,0.0,127.59190668148766,143.4189932274007,150.10554927636161,122.56664112895342,0.11879429832253596,0.0,0.0,0.0,0.0,0.0,0.0,4328.666666666667,0.30591283863368673,0.30591283863368673,0.6940871613663133,9821.333333333334
LAMBAYEQUE,FERRENAFE,MANUEL ANTONIO MESONES MURO,140204,4083.0,2,0.0,25.923829544650378,23.161273612609275,27.273587730334356,24.715812092168406,0.058408605734075025,4083.0,1.0,1.0,4083.0,1.0,0.0,4083.0,1.0,0.0,0.0,0.0
LAMBAYEQUE,FERRENAFE,PITIPO,140205,20879.0,7,0.0,50.32112709407897,49.88968468281081,58.17432233810046,52.024551763771605,0.07619872720297549,0.0,0.0,0.0,17105.75,0.8192801379376407,0.8192801379376407,20879.0,1.0,0.18071986206235935,0.0,0.0
LAMBAYEQUE,FERRENAFE,PUEBLO NUEVO,140206,12064.0,2,0.0,22.61867796141526,19.807087051534207,22.43208391421309,19.492822318241515,0.01915303830470605,12064.0,1.0,1.0,12064.0,1.0,0.0,12064.0,1.0,0.0,0.0,0.0
LAMBAYEQUE,LAMBAYEQUE,CHOCHOPE,140302,1622.0,2,0.0,69.75299194091345,63.97923599093794,70.54784915131259,85.51110689325486,0.028604988988308655,0.0,0.0,0.0,294.0,0.1812577065351418,0.1812577065351418,1622.0,1.0,0.8187422934648582,0.0,0.0
LAMBAYEQUE,LAMBAYEQUE,ILLIMO,140303,9293.0,2,0.0,23.37215255200382,21.299999237060547,24.643752849439355,28.436829835930105,0.04483040687538775,9293.0,1.0,1.0,9293.0,1.0,0.0,9293.0,1.0,0.0,0.0,0.0
LAMBAYEQUE,LAMBAYEQUE,JAYANCA,140304,15083.0,3,0.0,31.698799211451114,29.129503631787397,34.840728537172346,39.99874568224222,0.05257325399018287,7282.0,0.48279519989392033,0.48279519989392033,15083.0,1.0,0.5172048001060796,15083.0,1.0,0.0,0.0,0.0
LAMBAYEQUE,LAMBAYEQUE,LAMBAYEQUE,140301,64061.0,5,0.0,4.480592767697783,1.7283333539962769,13.341745721016288,2.5190785315676134,0.5110588746922815,64061.0,1.0,1.0,64061.0,1.0,0.0,64061.0,1.0,0.0,0.0,0.0
LAMBAYEQUE,LAMBAYEQUE,MOCHUMI,140305,18173.0,4,0.0,20.116256725219827,18.564858205737437,24.415750136822062,18.88744206492288,0.1162557597225905,18173.0,1.0,1.0,18173.0,1.0,0.0,18173.0,1.0,0.0,0.0,0.0
LAMBAYEQUE,LAMBAYEQUE,MORROPE,140306,38533.0,9,0.0,26.73860213068444,26.817932413265066,28.825362883036906,26.90648647216154,0.05998427094877168,34321.142857142855,0.8906948033411065,0.8906948033411065,38533.0,1.0,0.10930519665889349,38533.0,1.0,0.0,0.0,0.0
LAMBAYEQUE,LAMBAYEQUE,MOTUPE,140307,24527.0,4,0.0,52.15196448103041,47.01212226070643,59.22331843831818,68.92128766104551,0.06565176575500986,0.0,0.0,0.0,20812.0,0.8485342683573205,0.8485342683573205,24527.0,1.0,0.1514657316426795,0.0,0.0
LAMBAYEQUE,LAMBAYEQUE,OLMOS,140308,36514.99999999999,7,0.0,70.86677412276582,69.42250061035156,75.14948789348892,94.48041269545348,0.05760366796738714,0.0,0.0,0.0,0.0,0.0,0.0,36514.99999999999,1.0,1.0,0.0,0.0
LAMBAYEQUE,LAMBAYEQUE,PACORA,140309,6869.0,2,0.0,27.57933904836924,24.766666412353516,29.43388797795007,34.09364404204909,0.053434735552035595,3599.0,0.523948172950939,0.523948172950939,6869.0,1.0,0.476051827049061,6869.0,1.0,0.0,0.0,0.0
LAMBAYEQUE,LAMBAYEQUE,SALAS,140310,13086.0,4,0.0,89.5757310509627,83.03429140485285,103.08993579843563,93.25775347626139,0.09876051999823177,0.0,0.0,0.0,2082.0,0.15910132966529114,0.15910132966529114,13086.0,1.0,0.8408986703347089,0.0,0.0
LAMBAYEQUE,LAMBAYEQUE,SAN JOSE,140311,12078.0,3,0.0,13.923673764939615,11.949338963643866,14.73538970035503,12.17681341207586,0.07178046954909967,12078.0,1.0,1.0,12078.0,1.0,0.0,12078.0,1.0,0.0,0.0,0.0
LAMBAYEQUE,LAMBAYEQUE,TUCUME,140312,21350.999999999996,4,0.0,21.842435040775513,20.72189258884931,24.875007629735258,25.353967799702353,0.07836641288222768,21350.999999999996,1.0,1.0,21350.999999999996,1.0,0.0,21350.999999999996,1.0,0.0,0.0,0.0
LIMA,BARRANCA,BARRANCA,150201,61188.0,4,0.0,2.9091273633110655,1.3849999904632568,4.448334987108604,1.6455406369068517,0.4739060775991132,60689.0,0.9918448061711447,0.9918448061711447,61188.0,1.0,0.008155193828855323,61188.0,1.0,0.0,0.0,0.0
LIMA,BARRANCA,PARAMONGA,150202,24009.0,3,0.0,16.256487429099796,16.1299991607666,16.232039421221746,12.445581484061396,0.00728140189679205,24009.0,1.0,1.0,24009.0,1.0,0.0,24009.0,1.0,0.0,0.0,0.0
LIMA,BARRANCA,PATIVILCA,150203,17108.0,3,0.0,14.900583640364584,9.851666450500488,21.178854991063766,10.499352440701374,0.23779347339429313,16039.0,0.937514613046528,0.937514613046528,17108.0,1.0,0.062485386953472055,17108.0,1.0,0.0,0.0,0.0
LIMA,BARRANCA,SUPE,150204,20537.0,3,0.0,15.717096830648428,1.618333339691162,32.1131641779501,13.491461362216839,0.49663402262614975,14867.0,0.7239129376247748,0.7239129376247748,20537.0,1.0,0.2760870623752252,20537.0,1.0,0.0,0.0,0.0
LIMA,BARRANCA,SUPE PUERTO,150205,11254.0,2,0.0,4.839562152278176,4.836666584014893,4.836666584014893,3.7234627018395168,0.0005883171264843279,11254.0,1.0,1.0,11254.0,1.0,0.0,11254.0,1.0,0.0,0.0,0.0
LIMA,CAJATAMBO,CAJATAMBO,150301,2754.0,3,0.0,265.6857210047105,261.46899356482163,269.6413099206012,175.84809232225606,0.011038979956757733,0.0,0.0,0.0,0.0,0.0,0.0,0.0,0.0,0.0,1.0,2754.0
LIMA,CAJATAMBO,COPA,150302,990.0,3,0.0,253.90032595239504,222.47380393601293,278.2101680730791,175.42251109113596,0.06397555840601954,0.0,0.0,0.0,0.0,0.0,0.0,0.0,0.0,0.0,1.0,990.0
LIMA,CAJATAMBO,GORGOR,150303,2272.0,2,0.0,241.5069267984847,236.28986563164196,242.7166401185159,202.65577103386462,0.00901839491292944,0.0,0.0,0.0,0.0,0.0,0.0,0.0,0.0,0.0,1.0,2272.0
LIMA,CAJATAMBO,HUANCAPON,150304,1222.0,3,0.0,224.00904131950216,213.46969704878958,237.90361855541317,129.56301771248226,0.0405685359121527,0.0,0.0,0.0,0.0,0.0,0.0,0.0,0.0,0.0,1.0,1222.0
LIMA,CAJATAMBO,MANAS,150305,1078.0,3,0.0,163.18900453358722,184.19794109505665,191.53457462019537,98.9191810310661,0.12287756589830134,0.0,0.0,0.0,0.0,0.0,0.0,328.0,0.3042671614100185,0.3042671614100185,0.6957328385899815,750.0
LIMA,CANETE,ASIA,150502,6639.0,3,0.0,33.84427150973966,31.862995999582697,35.68553771251642,40.73682446831015,0.03791124949455105,0.0,0.0,0.0,6639.0,1.0,1.0,6639.0,1.0,0.0,0.0,0.0
LIMA,CANETE,CALANGO,150503,2228.0,2,0.0,62.66786264217521,61.689998626708984,63.89129408266504,73.48707945599377,0.011044602466957598,0.0,0.0,0.0,0.0,0.0,0.0,2228.0,1.0,1.0,0.0,0.0
LIMA,CANETE,CERRO AZUL,150504,7132.0,3,0.0,7.441684427852384,6.935085535994882,8.313684129904054,7.684415564534374,0.11009693179930302,7132.0,1.0,1.0,7132.0,1.0,0.0,7132.0,1.0,0.0,0.0,0.0
LIMA,CANETE,CHILCA,150505,14559.0,3,0.0,40.53509350413845,40.25047589398237,40.617765899779684,43.12446912535845,0.0037679974418988182,0.0,0.0,0.0,14559.0,1.0,1.0,14559.0,1.0,0.0,0.0,0.0
LIMA,CANETE,COAYLLO,150506,1032.0,2,0.0,45.94043036394341,45.6349983215332,46.25646835201043,52.012890039488326,0.004309887732691031,0.0,0.0,0.0,1032.0,1.0,1.0,1032.0,1.0,0.0,0.0,0.0
LIMA,CANETE,IMPERIAL,150507,36465.0,4,0.0,12.419711376390518,10.800000190734863,14.451180473948078,10.522617338571008,0.10696800801696493,36465.0,1.0,1.0,36465.0,1.0,0.0,36465.0,1.0,0.0,0.0,0.0
LIMA,CANETE,LUNAHUANA,150508,4904.0,3,0.0,50.207714005356706,49.061769089523445,54.24435455032656,39.247340627828976,0.06719211501538891,0.0,0.0,0.0,4904.0,1.0,1.0,4904.0,1.0,0.0,0.0,0.0
LIMA,CANETE,MALA,150509,27931.0,4,0.0,47.324082223144394,47.551320884628815,48.195528712968844,56.08651397107969,0.016768124376351112,0.0,0.0,0.0,27931.0,1.0,1.0,27931.0,1.0,0.0,0.0,0.0
LIMA,CANETE,NUEVO IMPERIAL,150510,19033.0,5,0.0,17.734381167691847,16.56879234439531,20.065699660890385,13.517098109846025,0.07186695429340506,19033.0,1.0,1.0,19033.0,1.0,0.0,19033.0,1.0,0.0,0.0,0.0
LIMA,CANETE,PACARAN,150511,1704.0,2,0.0,69.29743511576048,67.75142943937016,70.21028344646778,57.28668541975424,0.01187557724438959,0.0,0.0,0.0,0.0,0.0,0.0,1704.0,1.0,1.0,0.0,0.0
LIMA,CANETE,QUILMANA,150512,13466.0,3,0.0,23.058678930552563,20.918466391069888,25.34822368772376,18.48498469370711,0.06062233156208374,13466.0,1.0,1.0,13466.0,1.0,0.0,13466.0,1.0,0.0,0.0,0.0
LIMA,CANETE,SAN ANTONIO,150513,3640.0,2,0.0,48.828285253964935,48.108333587646484,49.6391108194987,58.04049403850849,0.012617942253590364,0.0,0.0,0.0,3640.0,1.0,1.0,3640.0,1.0,0.0,0.0,0.0
LIMA,CANETE,SAN LUIS,150514,12058.0,4,0.0,5.157066162001495,3.179610730756334,7.303159250377531,3.4995233587195256,0.32148746500347347,12058.0,1.0,1.0,12058.0,1.0,0.0,12058.0,1.0,0.0,0.0,0.0
LIMA,CANETE,SAN VICENTE DE CANETE,150501,48338.0,8,0.0,9.186701186486827,4.803333282470703,19.5266527345743,7.675433600777677,0.35161922581196137,48338.0,1.0,1.0,48338.0,1.0,0.0,48338.0,1.0,0.0,0.0,0.0
LIMA,CANETE,SANTA CRUZ DE FLORES,150515,2583.0,2,0.0,53.81978422128734,53.3033332824707,54.29404662864242,60.070419075227825,0.0058883278061099276,0.0,0.0,0.0,2583.0,1.0,1.0,2583.0,1.0,0.0,0.0,0.0
LIMA,CANETE,ZUNIGA,150516,1643.0,2,0.0,79.71497215414946,75.83125120681731,81.82758446987908,67.1467538834779,0.02696947774098546,0.0,0.0,0.0,0.0,0.0,0.0,1643.0,1.0,1.0,0.0,0.0
LIMA,CANTA,ARAHUAY,150402,713.0,2,0.0,83.22575934839449,78.42500305175781,86.11430050067688,68.50375921562377,0.02888222055775136,0.0,0.0,0.0,0.0,0.0,0.0,713.0,1.0,1.0,0.0,0.0
LIMA,CANTA,CANTA,150401,3074.0,3,0.0,96.74264871849203,93.02289421133209,99.80825213038102,86.35712460906923,0.02143453388924821,0.0,0.0,0.0,0.0,0.0,0.0,3074.0,1.0,1.0,0.0,0.0
LIMA,CANTA,HUAMANTANGA,150403,1238.0,3,0.0,110.24365191236258,103.01785529641545,118.54917289979997,90.9475279516858,0.053475594547305993,0.0,0.0,0.0,0.0,0.0,0.0,866.0,0.6995153473344103,0.6995153473344103,0.30048465266558966,372.0
LIMA,CANTA,HUAROS,150404,920.0,3,0.0,120.5914282342662,114.42745452612377,128.72406487715872,102.43153379689092,0.03973381179964541,0.0,0.0,0.0,0.0,0.0,0.0,351.0,0.3815217391304348,0.3815217391304348,0.6184782608695651,568.9999999999999
LIMA,CANTA,LACHAQUI,150405,985.0,3,0.0,107.87752178211502,103.97281158686307,110.78122613573198,86.40856044401372,0.033984682918484777,0.0,0.0,0.0,0.0,0.0,0.0,985.0,1.0,1.0,0.0,0.0
LIMA,CANTA,SAN BUENAVENTURA,150406,515.0,3,0.0,95.53714346283847,95.93762941180535,99.62619165384544,82.98811001083226,0.034364904740807556,0.0,0.0,0.0,0.0,0.0,0.0,515.0,1.0,1.0,0.0,0.0
LIMA,CANTA,SANTA ROSA DE QUIVES,150407,6213.0,2,0.0,39.409332307931905,39.25833511352539,39.25833511352539,38.05774837550997,0.003481227405073617,0.0,0.0,0.0,6213.0,1.0,1.0,6213.0,1.0,0.0,0.0,0.0
LIMA,HUARAL,ATAVILLOS ALTO,150602,976.0,3,0.0,133.3790279763644,124.55999755859375,144.72463319614954,92.62418521036867,0.04603071140303583,0.0,0.0,0.0,0.0,0.0,0.0,0.0,0.0,0.0,1.0,976.0
LIMA,HUARAL,ATAVILLOS BAJO,150603,1430.0,3,0.0,91.91941263158839,88.27285609433953,92.04587038672474,66.92190276459381,0.029163697724719273,0.0,0.0,0.0,0.0,0.0,0.0,1430.0,1.0,1.0,0.0,0.0
LIMA,HUARAL,AUCALLAMA,150604,15880.0,5,0.0,14.85944310255555,14.423332431099631,15.758193990121974,11.219867393922446,0.03910315533623654,15880.0,1.0,1.0,15880.0,1.0,0.0,15880.0,1.0,0.0,0.0,0.0
LIMA,HUARAL,CHANCAY,150605,49523.0,5,0.0,4.879232416889927,1.7549999952316284,11.503348082502134,3.2490746978459506,0.4473154397236271,49523.0,1.0,1.0,49523.0,1.0,0.0,49523.0,1.0,0.0,0.0,0.0
LIMA,HUARAL,HUARAL,150601,89993.99999999999,6,0.0,3.960389122166775,2.943333387374878,7.48934109549521,2.385026958276168,0.22151604881271303,89993.99999999999,1.0,1.0,89993.99999999999,1.0,0.0,89993.99999999999,1.0,0.0,0.0,0.0
LIMA,HUARAL,IHUARI,150606,2701.0,3,0.0,117.22862186594303,109.92079902771084,119.76549525476092,94.5637596155793,0.03327016647035275,0.0,0.0,0.0,0.0,0.0,0.0,640.0,0.23694927804516847,0.23694927804516847,0.7630507219548315,2061.0
LIMA,HUARAL,LAMPIAN,150607,519.0,3,0.0,89.7169098091493,90.92819024871548,95.18430748333685,65.09748320680592,0.05600711040078765,0.0,0.0,0.0,0.0,0.0,0.0,519.0,1.0,1.0,0.0,0.0
LIMA,HUARAL,PACARAOS,150608,747.0,3,0.0,123.24527315601927,119.84680101186922,125.1731830275885,88.33479515392298,0.0165057477321523,0.0,0.0,0.0,0.0,0.0,0.0,313.0,0.4190093708165997,0.4190093708165997,0.5809906291834003,434.0
LIMA,HUARAL,SAN MIGUEL DE ACOS,150609,754.0,2,0.0,87.7566926890406,78.00499725341797,98.6861552188271,64.676162456644,0.07471993663539112,0.0,0.0,0.0,0.0,0.0,0.0,754.0,1.0,1.0,0.0,0.0
LIMA,HUARAL,SANTA CRUZ DE ANDAMARCA,150610,1200.0,3,0.0,129.3619542058309,128.3643936382726,130.28527015863463,95.66075166702271,0.006176601413959815,0.0,0.0,0.0,0.0,0.0,0.0,0.0,0.0,0.0,1.0,1200.0
LIMA,HUARAL,SUMBILCA,150611,1171.0,3,0.0,108.33230040930562,103.05745822934475,115.26523137847762,77.34080154848954,0.043753530474454516,0.0,0.0,0.0,0.0,0.0,0.0,1171.0,1.0,1.0,0.0,0.0
LIMA,HUARAL,VEINTISIETE DE NOVIEMBRE,150612,544.0,3,0.0,103.56122639599968,95.71998917643229,106.57810484871032,74.82248816069435,0.02214676347955591,0.0,0.0,0.0,0.0,0.0,0.0,544.0,1.0,1.0,0.0,0.0
LIMA,HUAROCHIRI,ANTIOQUIA,150702,1495.0,2,0.0,71.63529242576165,69.75048336628599,72.0674306576322,60.25603909954977,0.010935850545337522,0.0,0.0,0.0,0.0,0.0,0.0,1495.0,1.0,1.0,0.0,0.0
LIMA,HUAROCHIRI,CALLAHUANCA,150703,2405.0,2,0.0,36.67204718004889,28.790000915527344,48.45802825960834,24.916990498247365,0.17373407441966715,1944.0,0.8083160083160084,0.8083160083160084,1944.0,0.8083160083160084,0.0,2405.0,1.0,0.19168399168399164,0.0,0.0
LIMA,HUAROCHIRI,CARAMPOMA,150704,1161.0,2,0.0,85.5543082185494,84.75499725341797,84.75499725341797,55.73000933033551,0.008859903384194068,0.0,0.0,0.0,0.0,0.0,0.0,1161.0,1.0,1.0,0.0,0.0
LIMA,HUAROCHIRI,CHICLA,150705,6885.0,4,0.0,55.441401904514066,53.44014000274262,59.750587960676995,38.68452688312738,0.05694463560572416,0.0,0.0,0.0,4438.0,0.6445896877269426,0.6445896877269426,6885.0,1.0,0.3554103122730574,0.0,0.0
LIMA,HUAROCHIRI,CUENCA,150706,392.0,2,0.0,110.85652826270278,107.16008667598497,111.73601513793137,86.48205247217295,0.01406229342548937,0.0,0.0,0.0,0.0,0.0,0.0,392.0,1.0,1.0,0.0,0.0
LIMA,HUAROCHIRI,HUACHUPAMPA,150707,1566.0,3,0.0,60.51769392761386,57.764165692554094,61.516602786166,39.502008657345826,0.013788843746920465,0.0,0.0,0.0,96.0,0.06130268199233716,0.06130268199233716,1566.0,1.0,0.9386973180076629,0.0,0.0
LIMA,HUAROCHIRI,HUANZA,150708,1855.0,3,0.0,89.26590427285578,84.10333251953125,96.87609015570746,58.097044031189455,0.04552147630648007,0.0,0.0,0.0,0.0,0.0,0.0,1846.0,0.9951482479784367,0.9951482479784367,0.004851752021563294,8.99999999999991
LIMA,HUAROCHIRI,HUAROCHIRI,150709,1593.0,2,0.0,152.9644612936725,148.5243902645471,153.45688000603442,95.98442222753262,0.009382852322289414,0.0,0.0,0.0,0.0,0.0,0.0,0.0,0.0,0.0,1.0,1593.0
LIMA,HUAROCHIRI,LAHUAYTAMBO,150710,837.0,2,0.0,101.4468240225187,82.1816635131836,115.08252415271093,80.25007580172631,0.10300648591450534,0.0,0.0,0.0,0.0,0.0,0.0,454.00000000000006,0.5424133811230586,0.5424133811230586,0.4575866188769414,382.99999999999994
LIMA,HUAROCHIRI,LANGA,150711,1056.0,2,0.0,122.340551405242,107.45333099365234,131.96698680487205,92.70616415775183,0.06314803267677183,0.0,0.0,0.0,0.0,0.0,0.0,548.0,0.5189393939393939,0.5189393939393939,0.4810606060606061,508.0
LIMA,HUAROCHIRI,LARAOS,150712,1234.0,2,0.0,92.29950408688241,90.9383316040039,90.9383316040039,59.97041085859945,0.01443662142075719,0.0,0.0,0.0,0.0,0.0,0.0,1208.0,0.9789303079416531,0.9789303079416531,0.021069692058346856,26.00000000000002
LIMA,HUAROCHIRI,MARIATANA,150713,1419.0,2,0.0,149.0265411527498,146.22000122070312,153.21196419445437,114.85706519677322,0.01527567930314977,0.0,0.0,0.0,0.0,0.0,0.0,0.0,0.0,0.0,1.0,1419.0
LIMA,HUAROCHIRI,MATUCANA,150701,4725.0,3,0.0,1.6139135733357182,0.846666693687439,2.6092762649059296,0.8699080086637426,0.3043014764111772,4725.0,1.0,1.0,4725.0,1.0,0.0,4725.0,1.0,0.0,0.0,0.0
LIMA,HUAROCHIRI,RICARDO PALMA,150714,5769.0,2,0.0,8.7511659375219,7.418333530426025,10.320947252650988,5.950992652170991,0.1298895429802589,5769.0,1.0,1.0,5769.0,1.0,0.0,5769.0,1.0,0.0,0.0,0.0
LIMA,HUAROCHIRI,SAN ANDRES DE TUPICOCHA,150715,1429.0,2,0.0,76.49082488693334,73.45999908447266,78.35810933106335,53.17606602555976,0.02007511162812614,0.0,0.0,0.0,0.0,0.0,0.0,1429.0,1.0,1.0,0.0,0.0
LIMA,HUAROCHIRI,SAN ANTONIO,150716,4516.0,2,0.0,43.779107817302666,30.719999313354492,60.08062665309315,31.00450112526136,0.21090729848555845,0.0,0.0,0.0,3193.0,0.7070416297608503,0.7070416297608503,4516.0,1.0,0.2929583702391497,0.0,0.0
LIMA,HUAROCHIRI,SAN BARTOLOME,150717,1832.0,3,0.0,30.471379155154832,23.29345255451543,39.947252098681524,22.879725628024104,0.17947388977038392,1411.0,0.7701965065502183,0.7701965065502183,1832.0,1.0,0.22980349344978168,1832.0,1.0,0.0,0.0,0.0
LIMA,HUAROCHIRI,SAN DAMIAN,150718,1489.0,3,0.0,118.9788608025832,115.9800033569336,123.41261503870895,80.81045851954043,0.01964549047007047,0.0,0.0,0.0,0.0,0.0,0.0,1161.0,0.7797179314976495,0.7797179314976495,0.22028206850235055,327.99999999999994
LIMA,HUAROCHIRI,SAN JUAN DE IRIS,150719,1013.0,2,0.0,83.79478010232215,83.75499725341797,83.75499725341797,54.376224013212756,0.0004677351527505591,0.0,0.0,0.0,0.0,0.0,0.0,1013.0,1.0,1.0,0.0,0.0
LIMA,HUAROCHIRI,SAN JUAN DE TANTARANCHE,150720,484.0,3,0.0,136.56569119918444,126.78985150854416,140.63416976689544,89.33207015360682,0.03983850486341334,0.0,0.0,0.0,0.0,0.0,0.0,0.0,0.0,0.0,1.0,484.0
LIMA,HUAROCHIRI,SAN LORENZO DE QUINTI,150721,1697.0,3,0.0,159.23124374722337,148.35156209496458,169.1620119258014,109.15278312579701,0.04127377376159347,0.0,0.0,0.0,0.0,0.0,0.0,0.0,0.0,0.0,1.0,1697.0
LIMA,HUAROCHIRI,SAN MATEO,150722,5318.0,3,0.0,26.389554899229328,25.270000457763672,27.944738055190907,18.93815387411645,0.033624454733236164,4160.0,0.7822489657766077,0.7822489657766077,5318.0,1.0,0.21775103422339226,5318.0,1.0,0.0,0.0,0.0
LIMA,HUAROCHIRI,SAN MATEO DE OTAO,150723,1833.0,2,0.0,45.855599161450876,41.417533029020355,45.436839125335325,30.430041889122,0.011985824873520179,0.0,0.0,0.0,1833.0,1.0,1.0,1833.0,1.0,0.0,0.0,0.0
LIMA,HUAROCHIRI,SAN PEDRO DE CASTA,150724,1195.0,2,0.0,62.15064086275619,50.53791779665212,63.21958307104917,41.275798111281134,0.05736575213908501,0.0,0.0,0.0,190.0,0.1589958158995816,0.1589958158995816,1195.0,1.0,0.8410041841004184,0.0,0.0
LIMA,HUAROCHIRI,SAN PEDRO DE HUANCAYRE,150725,262.0,2,0.0,152.01643045439974,151.45731721100984,151.97412945782696,95.17086264923329,0.0005302058911144103,0.0,0.0,0.0,0.0,0.0,0.0,0.0,0.0,0.0,1.0,262.0
LIMA,HUAROCHIRI,SANGALLAYA,150726,726.0,2,0.0,161.6293156941732,160.2933349609375,163.62835911630793,116.12781964977253,0.006546531844975112,0.0,0.0,0.0,0.0,0.0,0.0,0.0,0.0,0.0,1.0,726.0
LIMA,HUAROCHIRI,SANTA CRUZ DE COCACHACRA,150727,2258.0,3,0.0,22.895033725708117,21.453649034831514,24.843790464788714,16.56464137811382,0.049656997419328275,2258.0,1.0,1.0,2258.0,1.0,0.0,2258.0,1.0,0.0,0.0,0.0
LIMA,HUAROCHIRI,SANTA EULALIA,150728,10637.0,3,0.0,10.994982246842904,9.305000305175781,15.484066938527741,7.650554784742683,0.11731592080594355,10637.0,1.0,1.0,10637.0,1.0,0.0,10637.0,1.0,0.0,0.0,0.0
LIMA,HUAROCHIRI,SANTIAGO DE ANCHUCAYA,150729,575.0,2,0.0,141.94419263756794,141.3699951171875,141.3699951171875,88.37568754776665,0.0037849322907574923,0.0,0.0,0.0,0.0,0.0,0.0,0.0,0.0,0.0,1.0,575.0
LIMA,HUAROCHIRI,SANTIAGO DE TUNA,150730,666.0,2,0.0,59.38164251631087,59.36666488647461,59.40410887639325,41.68522127970561,0.00020185702428909824,0.0,0.0,0.0,666.0,1.0,1.0,666.0,1.0,0.0,0.0,0.0
LIMA,HUAROCHIRI,SANTO DOMINGO DE LOS OLLEROS,150731,2936.0,2,0.0,54.15933745693446,52.36000061035156,52.36000061035156,37.8558097054588,0.03219328913274899,0.0,0.0,0.0,2845.0,0.9690054495912807,0.9690054495912807,2936.0,1.0,0.030994550408719346,0.0,0.0
LIMA,HUAROCHIRI,SURCO,150732,1834.0,2,0.0,14.285570651650298,12.021666526794434,15.803955694430137,10.845735132889244,0.0837307310588763,1834.0,1.0,1.0,1834.0,1.0,0.0,1834.0,1.0,0.0,0.0,0.0
LIMA,HUAURA,AMBAR,150802,2825.0,2,0.0,71.08836406336421,66.93499755859375,76.80231749959839,54.94001620132311,0.04887052511987444,0.0,0.0,0.0,0.0,0.0,0.0,2825.0,1.0,1.0,0.0,0.0
LIMA,HUAURA,CALETA DE CARQUIN,150803,6091.0,2,0.0,4.290861193015449,4.2816667556762695,4.2816667556762695,3.7119055119979323,0.0021055048544301735,6091.0,1.0,1.0,6091.0,1.0,0.0,6091.0,1.0,0.0,0.0,0.0
LIMA,HUAURA,CHECRAS,150804,1492.0,3,0.0,122.20119105075703,121.97353812573964,125.41337217592917,126.89472826428452,0.01993451944251201,0.0,0.0,0.0,0.0,0.0,0.0,473.0,0.31702412868632707,0.31702412868632707,0.6829758713136729,1018.9999999999999
LIMA,HUAURA,HUACHO,150801,55447.0,2,0.0,2.4634377055510686,2.240000009536743,2.240000009536743,1.4143066382471352,0.08833127134185614,55447.0,1.0,1.0,55447.0,1.0,0.0,55447.0,1.0,0.0,0.0,0.0
LIMA,HUAURA,HUALMAY,150805,26808.0,2,0.0,2.7083848515612727,2.7066667079925537,2.7066667079925537,2.1896493168454922,0.0006337168176239194,26808.0,1.0,1.0,26808.0,1.0,0.0,26808.0,1.0,0.0,0.0,0.0
LIMA,HUAURA,HUAURA,150806,31425.0,4,0.0,8.301148810041454,3.3350000381469727,18.85716051968882,9.864576882807718,0.4252197855371683,31425.0,1.0,1.0,31425.0,1.0,0.0,31425.0,1.0,0.0,0.0,0.0
LIMA,HUAURA,LEONCIO PRADO,150807,2012.0,3,0.0,77.9951866521513,70.44499969482422,107.85851755414689,79.45749751900584,0.08176902743732939,0.0,0.0,0.0,0.0,0.0,0.0,1825.0,0.9070576540755467,0.9070576540755467,0.09294234592445327,187.0
LIMA,HUAURA,PACCHO,150808,2055.0,3,0.0,105.53478472633083,102.09366466522216,109.74290675971345,109.39770348541929,0.02382474054132322,0.0,0.0,0.0,0.0,0.0,0.0,2055.0,1.0,1.0,0.0,0.0
LIMA,HUAURA,SANTA LEONOR,150809,1521.0,3,0.0,131.235655138165,125.64248423158377,137.04254929562833,132.76924600795567,0.023214262887780834,0.0,0.0,0.0,0.0,0.0,0.0,0.0,0.0,0.0,1.0,1521.0
LIMA,HUAURA,SANTA MARIA,150810,27967.0,2,0.0,3.421710585654432,2.7833333015441895,2.7833333015441895,2.8508803667558227,0.16806814008890902,27967.0,1.0,1.0,27967.0,1.0,0.0,27967.0,1.0,0.0,0.0,0.0
LIMA,HUAURA,SAYAN,150811,22418.0,6,0.0,39.956326308136845,38.22663599573126,43.89215016612019,41.70802268910465,0.050761748191947786,0.0,0.0,0.0,22418.0,1.0,1.0,22418.0,1.0,0.0,0.0,0.0
LIMA,HUAURA,VEGUETA,150812,19629.0,4,0.0,11.351862090744959,8.300836033214724,15.480632766693386,13.000554578061001,0.20156749397487383,19629.0,1.0,1.0,19629.0,1.0,0.0,19629.0,1.0,0.0,0.0,0.0
LIMA,LIMA,ANCON,150102,33367.0,1,0.0,11.158333778381348,11.158333778381348,11.158333778381348,9.78380012512207,,33367.0,1.0,1.0,33367.0,1.0,0.0,33367.0,1.0,0.0,0.0,0.0
LIMA,LIMA,ATE,150103,478278.0,1,0.0,0.31833332777023315,0.31833332777023315,0.31833332777023315,0.1459999978542328,,478278.0,1.0,1.0,478278.0,1.0,0.0,478278.0,1.0,0.0,0.0,0.0
LIMA,LIMA,BARRANCO,150104,33903.0,1,0.0,4.768333435058594,4.768333435058594,4.768333435058594,3.199700117111206,,33903.0,1.0,1.0,33903.0,1.0,0.0,33903.0,1.0,0.0,0.0,0.0
LIMA,LIMA,BRENA,150105,81909.0,1,0.0,3.056666612625122,3.056666612625122,3.056666612625122,1.3079999685287476,,81909.0,1.0,1.0,81909.0,1.0,0.0,81909.0,1.0,0.0,0.0,0.0
LIMA,LIMA,CARABAYLLO,150106,213733.0,4,0.0,6.8011595144946195,6.292641414005425,6.4903341181403595,4.6883211739956225,0.041413820041966476,213733.0,1.0,1.0,213733.0,1.0,0.0,213733.0,1.0,0.0,0.0,0.0
LIMA,LIMA,CHACLACAYO,150107,41110.0,1,0.0,12.048333168029785,12.048333168029785,12.048333168029785,8.851200103759766,,41110.0,1.0,1.0,41110.0,1.0,0.0,41110.0,1.0,0.0,0.0,0.0
LIMA,LIMA,CHORRILLOS,150108,286977.0,1,0.0,0.6466666460037231,0.6466666460037231,0.6466666460037231,0.3652999997138977,,286977.0,1.0,1.0,286977.0,1.0,0.0,286977.0,1.0,0.0,0.0,0.0
LIMA,LIMA,CIENEGUILLA,150109,26725.0,2,0.0,20.936028274807338,20.786666870117188,20.786666870117188,14.81836498856433,0.007084795154392753,26540.0,0.9930776426566885,0.9930776426566885,26725.0,1.0,0.0069223573433114804,26725.0,1.0,0.0,0.0,0.0
LIMA,LIMA,COMAS,150110,486977.0,1,0.0,1.684999942779541,1.684999942779541,1.684999942779541,0.6746000051498413,,486977.0,1.0,1.0,486977.0,1.0,0.0,486977.0,1.0,0.0,0.0,0.0
LIMA,LIMA,EL AGUSTINO,150111,180262.0,1,0.0,1.6633332967758179,1.6633332967758179,1.6633332967758179,0.944599986076355,,180262.0,1.0,1.0,180262.0,1.0,0.0,180262.0,1.0,0.0,0.0,0.0
LIMA,LIMA,INDEPENDENCIA,150112,207647.0,1,0.0,4.264999866485596,4.264999866485596,4.264999866485596,2.7739999294281006,,207647.0,1.0,1.0,207647.0,1.0,0.0,207647.0,1.0,0.0,0.0,0.0
LIMA,LIMA,JESUS MARIA,150113,66171.0,1,0.0,2.0199999809265137,2.0199999809265137,2.0199999809265137,0.9158999919891357,,66171.0,1.0,1.0,66171.0,1.0,0.0,66171.0,1.0,0.0,0.0,0.0
LIMA,LIMA,LA MOLINA,150114,132498.0,1,0.0,2.75,2.75,2.75,1.5011999607086182,,132498.0,1.0,1.0,132498.0,1.0,0.0,132498.0,1.0,0.0,0.0,0.0
LIMA,LIMA,LA VICTORIA,150115,192724.0,1,0.0,0.1366666704416275,0.1366666704416275,0.1366666704416275,0.08290000259876251,,192724.0,1.0,1.0,192724.0,1.0,0.0,192724.0,1.0,0.0,0.0,0.0
LIMA,LIMA,LIMA,150101,299493.0,1,0.0,2.869999885559082,2.869999885559082,2.869999885559082,0.8809999823570251,,299493.0,1.0,1.0,299493.0,1.0,0.0,299493.0,1.0,0.0,0.0,0.0
LIMA,LIMA,LINCE,150116,55242.0,1,0.0,1.0366666316986084,1.0366666316986084,1.0366666316986084,0.4242999851703644,,55242.0,1.0,1.0,55242.0,1.0,0.0,55242.0,1.0,0.0,0.0,0.0
LIMA,LIMA,LOS OLIVOS,150117,318140.0,1,0.0,3.0283334255218506,3.0283334255218506,3.0283334255218506,1.3671000003814697,,318140.0,1.0,1.0,318140.0,1.0,0.0,318140.0,1.0,0.0,0.0,0.0
LIMA,LIMA,LURIGANCHO,150118,169359.0,1,0.0,1.6233333349227905,1.6233333349227905,1.6233333349227905,0.640500009059906,,169359.0,1.0,1.0,169359.0,1.0,0.0,169359.0,1.0,0.0,0.0,0.0
LIMA,LIMA,LURIN,150119,62958.0,2,0.0,14.143941621729802,13.994999885559082,13.994999885559082,9.080052207138007,0.01024875864663577,62958.0,1.0,1.0,62958.0,1.0,0.0,62958.0,1.0,0.0,0.0,0.0
LIMA,LIMA,MAGDALENA DEL MAR,150120,50764.0,1,0.0,4.668333530426025,4.668333530426025,4.668333530426025,3.6849000453948975,,50764.0,1.0,1.0,50764.0,1.0,0.0,50764.0,1.0,0.0,0.0,0.0
LIMA,LIMA,MIRAFLORES,150122,85065.0,1,0.0,3.426666736602783,3.426666736602783,3.426666736602783,1.5331000089645386,,85065.0,1.0,1.0,85065.0,1.0,0.0,85065.0,1.0,0.0,0.0,0.0
LIMA,LIMA,PACHACAMAC,150123,68441.0,2,0.0,17.573020200584036,17.47166633605957,17.47166633605957,12.744327529963744,0.005692751134012908,68441.0,1.0,1.0,68441.0,1.0,0.0,68441.0,1.0,0.0,0.0,0.0
LIMA,LIMA,PUCUSANA,150124,10663.0,2,0.0,43.442191860481955,42.92605235760306,43.34654470003624,44.712365935446456,0.00021614295767069525,0.0,0.0,0.0,10663.0,1.0,1.0,10663.0,1.0,0.0,0.0,0.0
LIMA,LIMA,PUEBLO LIBRE,150121,74164.0,1,0.0,1.4783333539962769,1.4783333539962769,1.4783333539962769,0.7039999961853027,,74164.0,1.0,1.0,74164.0,1.0,0.0,74164.0,1.0,0.0,0.0,0.0
LIMA,LIMA,PUENTE PIEDRA,150125,233602.0,1,0.0,1.725000023841858,1.725000023841858,1.725000023841858,0.9631999731063843,,233602.0,1.0,1.0,233602.0,1.0,0.0,233602.0,1.0,0.0,0.0,0.0
LIMA,LIMA,PUNTA HERMOSA,150126,5762.0,2,0.0,22.347299775080895,22.093334197998047,22.093334197998047,20.791892863362666,0.010695870874467217,5762.0,1.0,1.0,5762.0,1.0,0.0,5762.0,1.0,0.0,0.0,0.0
LIMA,LIMA,PUNTA NEGRA,150127,5284.0,2,0.0,23.29274002807236,23.29166603088379,23.29166603088379,24.532501936139347,4.6099940698263175e-05,5284.0,1.0,1.0,5284.0,1.0,0.0,5284.0,1.0,0.0,0.0,0.0
LIMA,LIMA,RIMAC,150128,176169.0,1,0.0,3.8283333778381348,3.8283333778381348,3.8283333778381348,2.416800022125244,,176169.0,1.0,1.0,176169.0,1.0,0.0,176169.0,1.0,0.0,0.0,0.0
LIMA,LIMA,SAN BARTOLO,150129,6523.0,2,0.0,28.166766584677948,27.670000076293945,27.670000076293945,28.424381166043208,0.017055310079829855,6308.0,0.9670397056569063,0.9670397056569063,6523.0,1.0,0.032960294343093666,6523.0,1.0,0.0,0.0,0.0
LIMA,LIMA,SAN BORJA,150130,105076.0,1,0.0,0.9016666412353516,0.9016666412353516,0.9016666412353516,0.44369998574256897,,105076.0,1.0,1.0,105076.0,1.0,0.0,105076.0,1.0,0.0,0.0,0.0
LIMA,LIMA,SAN ISIDRO,150131,58056.0,1,0.0,1.0466666221618652,1.0466666221618652,1.0466666221618652,0.5123000144958496,,58056.0,1.0,1.0,58056.0,1.0,0.0,58056.0,1.0,0.0,0.0,0.0
LIMA,LIMA,SAN JUAN DE LURIGANCHO,150132,898443.0,1,0.0,3.8949999809265137,3.8949999809265137,3.8949999809265137,1.7790000438690186,,898443.0,1.0,1.0,898443.0,1.0,0.0,898443.0,1.0,0.0,0.0,0.0
LIMA,LIMA,SAN JUAN DE MIRAFLORES,150133,362643.0,1,0.0,0.875,0.875,0.875,0.38179999589920044,,362643.0,1.0,1.0,362643.0,1.0,0.0,362643.0,1.0,0.0,0.0,0.0
LIMA,LIMA,SAN LUIS,150134,54634.0,1,0.0,2.5833332538604736,2.5833332538604736,2.5833332538604736,1.6948000192642212,,54634.0,1.0,1.0,54634.0,1.0,0.0,54634.0,1.0,0.0,0.0,0.0
LIMA,LIMA,SAN MARTIN DE PORRES,150135,579561.0,1,0.0,3.443333387374878,3.443333387374878,3.443333387374878,1.885699987411499,,579561.0,1.0,1.0,579561.0,1.0,0.0,579561.0,1.0,0.0,0.0,0.0
LIMA,LIMA,SAN MIGUEL,150136,129107.0,1,0.0,3.7750000953674316,3.7750000953674316,3.7750000953674316,1.5698000192642212,,129107.0,1.0,1.0,129107.0,1.0,0.0,129107.0,1.0,0.0,0.0,0.0
LIMA,LIMA,SANTA ANITA,150137,184614.0,1,0.0,1.3283333778381348,1.3283333778381348,1.3283333778381348,0.9889000058174133,,184614.0,1.0,1.0,184614.0,1.0,0.0,184614.0,1.0,0.0,0.0,0.0
LIMA,LIMA,SANTA MARIA DEL MAR,150138,161.0,2,0.0,31.637028238047723,31.146008441322728,31.69720095584267,30.840856054554816,0.005169295066928092,0.0,0.0,0.0,161.0,1.0,1.0,161.0,1.0,0.0,0.0,0.0
LIMA,LIMA,SANTA ROSA,150139,10903.0,1,0.0,14.081666946411133,14.081666946411133,14.081666946411133,11.58650016784668,,10903.0,1.0,1.0,10903.0,1.0,0.0,10903.0,1.0,0.0,0.0,0.0
LIMA,LIMA,SANTIAGO DE SURCO,150140,289597.0,1,0.0,4.541666507720947,4.541666507720947,4.541666507720947,2.1533000469207764,,289597.0,1.0,1.0,289597.0,1.0,0.0,289597.0,1.0,0.0,0.0,0.0
LIMA,LIMA,SURQUILLO,150141,89283.0,1,0.0,0.699999988079071,0.699999988079071,0.699999988079071,0.392300009727478,,89283.0,1.0,1.0,89283.0,1.0,0.0,89283.0,1.0,0.0,0.0,0.0
LIMA,LIMA,VILLA EL SALVADOR,150142,381790.0,1,0.0,3.2799999713897705,3.2799999713897705,3.2799999713897705,1.5983999967575073,,381790.0,1.0,1.0,381790.0,1.0,0.0,381790.0,1.0,0.0,0.0,0.0
LIMA,LIMA,VILLA MARIA DEL TRIUNFO,150143,378470.0,1,0.0,2.491666555404663,2.491666555404663,2.491666555404663,1.1791000366210938,,378470.0,1.0,1.0,378470.0,1.0,0.0,378470.0,1.0,0.0,0.0,0.0
LIMA,OYON,ANDAJES,150902,1069.0,2,0.0,127.38138718779004,124.12999725341797,130.0370718257768,129.89289329250468,0.014827808817820864,0.0,0.0,0.0,0.0,0.0,0.0,0.0,0.0,0.0,1.0,1069.0
LIMA,OYON,CAUJUL,150903,926.0,2,0.0,100.61653555752649,95.4183349609375,104.4757548434063,107.92126567008428,0.028677138083194054,0.0,0.0,0.0,0.0,0.0,0.0,926.0,1.0,1.0,0.0,0.0
LIMA,OYON,COCHAMARCA,150904,1498.0,2,0.0,113.61841925505166,110.87128425754426,114.57025904877447,104.35676037899165,0.011841633533851037,0.0,0.0,0.0,0.0,0.0,0.0,1498.0,1.0,1.0,0.0,0.0
LIMA,OYON,NAVAN,150905,1074.0,2,0.0,103.31461116854705,100.03166961669922,106.88195540707414,106.23177934358905,0.021065759297911657,0.0,0.0,0.0,0.0,0.0,0.0,1074.0,1.0,1.0,0.0,0.0
LIMA,OYON,OYON,150901,12894.0,3,0.0,117.63911036104865,112.55531669040485,122.99016506275069,140.82497802918985,0.027371710615662126,0.0,0.0,0.0,0.0,0.0,0.0,9127.0,0.7078486117574065,0.7078486117574065,0.29215138824259346,3767.0
LIMA,OYON,PACHANGARA,150906,3335.0,3,0.0,107.6461366072945,91.99333190917969,127.93116724184826,118.48546517299212,0.08637249909250277,0.0,0.0,0.0,0.0,0.0,0.0,1889.0,0.5664167916041979,0.5664167916041979,0.4335832083958021,1446.0
LIMA,YAUYOS,ALIS,151002,1519.0,2,0.0,153.88435064420017,152.0116729736328,155.35663622461186,117.02897462223297,0.010583117539700537,0.0,0.0,0.0,0.0,0.0,0.0,0.0,0.0,0.0,1.0,1519.0
LIMA,YAUYOS,ALLAUCA,151003,1773.0,3,0.0,122.2791040574368,106.28333282470703,155.42432273306497,90.87191575809312,0.08982870707955737,0.0,0.0,0.0,0.0,0.0,0.0,1203.0,0.6785109983079526,0.6785109983079526,0.3214890016920474,570.0000000000001
LIMA,YAUYOS,AYAVIRI,151004,752.0,2,0.0,157.71038217747466,157.52667236328125,157.52667236328125,134.09613130447713,0.0011369733706518836,0.0,0.0,0.0,0.0,0.0,0.0,0.0,0.0,0.0,1.0,752.0
LIMA,YAUYOS,AZANGARO,151005,603.0,2,0.0,135.247074917972,133.562472392411,135.9538274862947,90.03019514447618,0.006542633705790002,0.0,0.0,0.0,0.0,0.0,0.0,0.0,0.0,0.0,1.0,603.0
LIMA,YAUYOS,CACRA,151006,544.0,2,0.0,137.89975031684426,137.4116668701172,138.44420229096653,103.68241397072288,0.0023747864583379963,0.0,0.0,0.0,0.0,0.0,0.0,0.0,0.0,0.0,1.0,544.0
LIMA,YAUYOS,CARANIA,151007,330.0,2,0.0,224.14584452311198,221.73028073290388,225.03405663486203,153.3729328964696,0.005399600819787076,0.0,0.0,0.0,0.0,0.0,0.0,0.0,0.0,0.0,1.0,330.0
LIMA,YAUYOS,CATAHUASI,151008,1090.0,3,0.0,122.46599737744812,109.98509413472722,135.530219193727,94.13019805348247,0.07244372058018089,0.0,0.0,0.0,0.0,0.0,0.0,653.0,0.5990825688073395,0.5990825688073395,0.40091743119266054,437.0
LIMA,YAUYOS,CHOCOS,151009,1074.0,2,0.0,99.79753151153054,83.1883316040039,119.76556169928574,80.53398815702016,0.1156014973026992,0.0,0.0,0.0,0.0,0.0,0.0,746.0,0.6945996275605214,0.6945996275605214,0.3054003724394786,328.0
LIMA,YAUYOS,COCHAS,151010,293.0,2,0.0,173.11057304929142,173.07732659259824,173.1101308458634,150.15851210245907,4.007817952100812e-05,0.0,0.0,0.0,0.0,0.0,0.0,0.0,0.0,0.0,1.0,293.0
LIMA,YAUYOS,COLONIA,151011,1439.0,3,0.0,174.7209742203448,168.4583282470703,183.03424390290914,126.61459722777387,0.02430025441106154,0.0,0.0,0.0,0.0,0.0,0.0,0.0,0.0,0.0,1.0,1439.0
LIMA,YAUYOS,HONGOS,151012,435.0,2,0.0,153.6639979219985,145.55259258342238,154.21585298934073,114.78589160086095,0.015083748124996466,0.0,0.0,0.0,0.0,0.0,0.0,0.0,0.0,0.0,1.0,435.0
LIMA,YAUYOS,HUAMPARA,151013,257.0,2,0.0,168.36700611634012,158.63663767581164,167.44999599219358,141.03092808111168,0.007164388766835561,0.0,0.0,0.0,0.0,0.0,0.0,0.0,0.0,0.0,1.0,257.0
LIMA,YAUYOS,HUANCAYA,151014,1004.0,2,0.0,140.53173744536016,131.03798899931067,145.31426283892463,102.03751962213403,0.03723161567904598,0.0,0.0,0.0,0.0,0.0,0.0,0.0,0.0,0.0,1.0,1004.0
LIMA,YAUYOS,HUANEC,151017,467.0,2,0.0,181.7647244373787,181.7590221103869,181.76380393379614,156.25117146330678,1.477051604803492e-06,0.0,0.0,0.0,0.0,0.0,0.0,0.0,0.0,0.0,1.0,467.0
LIMA,YAUYOS,HUANGASCAR,151015,668.0,2,0.0,146.07492277864924,136.83690228900537,151.53538582889482,102.74093896329046,0.03360894367099143,0.0,0.0,0.0,0.0,0.0,0.0,0.0,0.0,0.0,1.0,668.0
LIMA,YAUYOS,HUANTAN,151016,926.0,3,0.0,192.33988721942285,203.414195465477,203.99217747200166,140.49317884342202,0.03983357455223424,0.0,0.0,0.0,0.0,0.0,0.0,0.0,0.0,0.0,1.0,926.0
LIMA,YAUYOS,LARAOS,151018,960.0,2,0.0,185.45532862345377,181.4949951171875,188.36271461664245,137.05282274881998,0.011789545975734561,0.0,0.0,0.0,0.0,0.0,0.0,0.0,0.0,0.0,1.0,960.0
LIMA,YAUYOS,LINCHA,151019,771.0,2,0.0,148.0444099040347,145.5366668701172,151.499234679251,109.11257501149456,0.012589000864021815,0.0,0.0,0.0,0.0,0.0,0.0,0.0,0.0,0.0,1.0,771.0
LIMA,YAUYOS,MADEAN,151020,822.0,2,0.0,159.04225604203495,157.04058294093355,159.8534535022492,109.9660564895964,0.006533406649769646,0.0,0.0,0.0,0.0,0.0,0.0,0.0,0.0,0.0,1.0,822.0
LIMA,YAUYOS,MIRAFLORES,151021,441.0,2,0.0,174.92217460511222,174.44500732421875,175.55801239013672,126.11483595106337,0.0019917878146495926,0.0,0.0,0.0,0.0,0.0,0.0,0.0,0.0,0.0,1.0,441.0
LIMA,YAUYOS,OMAS,151022,656.0,3,0.0,101.7693047290895,93.60637146976578,113.31922945149739,92.26787993966079,0.061368694138735025,0.0,0.0,0.0,0.0,0.0,0.0,506.0,0.7713414634146342,0.7713414634146342,0.22865853658536583,150.0
LIMA,YAUYOS,PUTINZA,151023,452.0,2,0.0,150.04270556964707,145.40800332194817,150.0042691214209,111.6036045445805,0.0065996533642690425,0.0,0.0,0.0,0.0,0.0,0.0,0.0,0.0,0.0,1.0,452.0
LIMA,YAUYOS,QUINCHES,151024,1170.0,2,0.0,179.9567404722556,177.56744601670536,180.90148969162232,153.27837975656885,0.006832660387386946,0.0,0.0,0.0,0.0,0.0,0.0,0.0,0.0,0.0,1.0,1170.0
LIMA,YAUYOS,QUINOCAY,151025,607.0,3,0.0,139.9097773946294,137.0154745919364,143.95518607925214,127.34825021156173,0.017736063358008036,0.0,0.0,0.0,0.0,0.0,0.0,0.0,0.0,0.0,1.0,607.0
LIMA,YAUYOS,SAN JOAQUIN,151026,320.0,2,0.0,179.51218223571777,175.6199951171875,185.30721638997397,153.82026195526123,0.017616643029013446,0.0,0.0,0.0,0.0,0.0,0.0,0.0,0.0,0.0,1.0,320.0
LIMA,YAUYOS,SAN PEDRO DE PILAS,151027,418.0,2,0.0,120.36286473616458,119.18083183697722,120.67350157247357,104.45615078501724,0.004308462062740603,0.0,0.0,0.0,0.0,0.0,0.0,101.0,0.24162679425837322,0.24162679425837322,0.7583732057416268,317.0
LIMA,YAUYOS,TANTA,151028,500.0,2,0.0,153.97349142456054,153.94000244140625,153.94644015443092,101.7384061126709,0.00019531353478008384,0.0,0.0,0.0,0.0,0.0,0.0,0.0,0.0,0.0,1.0,500.0
LIMA,YAUYOS,TAURIPAMPA,151029,573.0,2,0.0,105.31113099635792,87.98520558005885,113.03837412382427,71.95067736241205,0.08810266148829904,0.0,0.0,0.0,0.0,0.0,0.0,573.0,1.0,1.0,0.0,0.0
LIMA,YAUYOS,TOMAS,151030,1077.0,2,0.0,147.47891510208115,145.10000610351562,150.10367229184624,112.68211056595061,0.010768645541170963,0.0,0.0,0.0,0.0,0.0,0.0,0.0,0.0,0.0,1.0,1077.0
LIMA,YAUYOS,TUPE,151031,655.0,2,0.0,136.01480335497675,132.12167358398438,138.76584025065105,103.11400103387032,0.015513141560594135,0.0,0.0,0.0,0.0,0.0,0.0,0.0,0.0,0.0,1.0,655.0
LIMA,YAUYOS,VINAC,151032,1864.0,3,0.0,167.24835280389746,165.11802736673786,169.12493603975383,124.52747580728817,0.012742060108374198,0.0,0.0,0.0,0.0,0.0,0.0,0.0,0.0,0.0,1.0,1864.0
LIMA,YAUYOS,VITIS,151033,525.0,2,0.0,152.80421668643044,141.85703671950233,151.37940294936922,110.0920037696475,0.0059928069935839545,0.0,0.0,0.0,0.0,0.0,0.0,0.0,0.0,0.0,1.0,525.0
LIMA,YAUYOS,YAUYOS,151001,2698.0,3,0.0,192.4678144179246,189.00223724658673,195.35377996884858,137.31254446426968,0.018888177296827346,0.0,0.0,0.0,0.0,0.0,0.0,0.0,0.0,0.0,1.0,2698.0
LORETO,ALTO AMAZONAS,BALSAPUERTO,160202,13836.0,4,0.0,79.43936590345608,70.88648194139266,97.39551335643799,56.20054510704203,0.11348655070594171,0.0,0.0,0.0,4395.666666666667,0.3176977931964923,0.3176977931964923,13836.0,1.0,0.6823022068035077,0.0,0.0
LORETO,ALTO AMAZONAS,BARRANCA,160203,4431.0,2,0.0,416.97482785358574,415.34149169921875,418.80684730266705,,0.00335310250438825,0.0,0.0,0.0,0.0,0.0,0.0,0.0,0.0,0.0,1.0,4431.0
LORETO,ALTO AMAZONAS,CAHUAPANAS,160204,461.0,1,0.0,405.8847351074219,405.8847351074219,405.8847351074219,,,0.0,0.0,0.0,0.0,0.0,0.0,0.0,0.0,0.0,1.0,461.0
LORETO,ALTO AMAZONAS,JEBEROS,160205,4198.0,2,4198.0,,,,,,0.0,0.0,0.0,0.0,0.0,0.0,0.0,0.0,0.0,1.0,4198.0
LORETO,ALTO AMAZONAS,LAGUNAS,160206,13351.0,3,5014.0,1727.9388152611289,1726.02001953125,1727.9584892443213,149.7112079577808,0.0009851162518488277,0.0,0.0,0.0,0.0,0.0,0.0,0.0,0.0,0.0,1.0,13351.0
LORETO,ALTO AMAZONAS,SANTA CRUZ,160210,4094.0,2,0.0,868.5190284926541,865.4420976434044,869.0124429661809,78.92374862014927,0.0012890521897690466,0.0,0.0,0.0,0.0,0.0,0.0,0.0,0.0,0.0,1.0,4094.0
LORETO,ALTO AMAZONAS,TENIENTE CESAR LOPEZ ROJAS,160211,5892.0,3,0.0,135.02979070089822,134.56333923339844,136.0,119.93685210617076,0.0023328567427022273,0.0,0.0,0.0,0.0,0.0,0.0,0.0,0.0,0.0,1.0,5892.0
LORETO,ALTO AMAZONAS,YURIMAGUAS,160201,63511.0,6,0.0,7.9613389382426405,1.0700000524520874,27.968762987901687,5.906209164326771,0.6820175454839699,56614.0,0.8914046385665475,0.8914046385665475,63511.0,1.0,0.1085953614334525,63511.0,1.0,0.0,0.0,0.0
LORETO,DATEM DEL MARANON,ANDOAS,160706,9375.0,4,9375.0,,,,,,0.0,0.0,0.0,0.0,0.0,0.0,0.0,0.0,0.0,1.0,9375.0
LORETO,DATEM DEL MARANON,BARRANCA,160701,11702.0,3,0.0,421.4522124404399,416.5619812011719,425.86014827814216,,0.006616723264582847,0.0,0.0,0.0,0.0,0.0,0.0,0.0,0.0,0.0,1.0,11702.0
LORETO,DATEM DEL MARANON,CAHUAPANAS,160702,6822.0,2,6822.0,,,,,,0.0,0.0,0.0,0.0,0.0,0.0,0.0,0.0,0.0,1.0,6822.0
LORETO,DATEM DEL MARANON,MANSERICHE,160703,8963.0,4,0.0,62.391055547937036,53.4773680978266,82.21684324035733,67.72883994874844,0.2017944525637808,0.0,0.0,0.0,3443.0,0.38413477630257725,0.38413477630257725,8963.0,1.0,0.6158652236974227,0.0,0.0
LORETO,DATEM DEL MARANON,MORONA,160704,6293.0,3,6293.0,,,,,,0.0,0.0,0.0,0.0,0.0,0.0,0.0,0.0,0.0,1.0,6293.0
LORETO,DATEM DEL MARANON,PASTAZA,160705,6137.0,2,5124.0,455.38275146484375,455.38275146484375,455.38275146484375,,,0.0,0.0,0.0,0.0,0.0,0.0,0.0,0.0,0.0,1.0,6137.0
LORETO,LORETO,NAUTA,160301,29079.999999999996,5,8566.666666666666,118.96198446666185,108.49399279484551,123.20413303162536,94.90484140673202,0.04779747699905723,0.0,0.0,0.0,0.0,0.0,0.0,5867.333333333333,0.20176524530032097,0.20176524530032097,0.7982347546996791,23212.666666666664
LORETO,LORETO,PARINARI,160302,7563.0,3,7563.0,,,,,,0.0,0.0,0.0,0.0,0.0,0.0,0.0,0.0,0.0,1.0,7563.0
LORETO,LORETO,TIGRE,160303,7304.0,3,7304.0,,,,,,0.0,0.0,0.0,0.0,0.0,0.0,0.0,0.0,0.0,1.0,7304.0
LORETO,LORETO,TROMPETEROS,160304,7691.0,2,7691.0,,,,,,0.0,0.0,0.0,0.0,0.0,0.0,0.0,0.0,0.0,1.0,7691.0
LORETO,LORETO,URARINAS,160305,11138.0,4,11138.0,,,,,,0.0,0.0,0.0,0.0,0.0,0.0,0.0,0.0,0.0,1.0,11138.0
LORETO,MARISCAL RAMON CASTILLA,PEBAS,160402,13719.0,3,9894.0,2204.36669921875,2204.36669921875,2204.36669921875,184.904296875,,0.0,0.0,0.0,0.0,0.0,0.0,0.0,0.0,0.0,1.0,13719.0
LORETO,MARISCAL RAMON CASTILLA,RAMON CASTILLA,160401,18984.0,4,3699.6666666666665,4910.10819385199,4901.65478515625,4919.482482642898,413.167153846871,0.0009384470642166409,0.0,0.0,0.0,0.0,0.0,0.0,0.0,0.0,0.0,1.0,18984.0
LORETO,MARISCAL RAMON CASTILLA,SAN PABLO,160404,12307.0,4,9753.0,3853.666748046875,3853.666748046875,3853.666748046875,322.3334045410156,,0.0,0.0,0.0,0.0,0.0,0.0,0.0,0.0,0.0,1.0,12307.0
LORETO,MARISCAL RAMON CASTILLA,YAVARI,160403,10255.0,3,10255.0,,,,,,0.0,0.0,0.0,0.0,0.0,0.0,0.0,0.0,0.0,1.0,10255.0
LORETO,MAYNAS,ALTO NANAY,160102,2617.0,2,2617.0,,,,,,0.0,0.0,0.0,0.0,0.0,0.0,0.0,0.0,0.0,1.0,2617.0
LORETO,MAYNAS,BELEN,160112,69798.0,4,0.0,4.7493242827379705,3.8366665840148926,6.4333350686690896,2.0598432674302476,0.16854488263710043,69798.0,1.0,1.0,69798.0,1.0,0.0,69798.0,1.0,0.0,0.0,0.0
LORETO,MAYNAS,FERNANDO LORES,160103,19490.000000000004,4,9588.666666666668,56.436668395996094,56.436668395996094,56.436668395996094,36.397098541259766,0.0,0.0,0.0,0.0,9901.333333333336,0.5080212074568154,0.5080212074568154,9901.333333333336,0.5080212074568154,0.0,0.49197879254318455,9588.666666666668
LORETO,MAYNAS,INDIANA,160104,12291.0,3,7856.0,3.486666679382324,3.486666679382324,3.486666679382324,1.216599941253662,,4435.0,0.3608331299324709,0.3608331299324709,4435.0,0.3608331299324709,0.0,4435.0,0.3608331299324709,0.0,0.639166870067529,7855.999999999999
LORETO,MAYNAS,IQUITOS,160101,159023.0,3,0.0,2.7745000242502535,2.549999952316284,2.549999952316284,1.7194104940865793,0.07908210652108028,159023.0,1.0,1.0,159023.0,1.0,0.0,159023.0,1.0,0.0,0.0,0.0
LORETO,MAYNAS,LAS AMAZONAS,160105,10375.0,4,10375.0,,,,,,0.0,0.0,0.0,0.0,0.0,0.0,0.0,0.0,0.0,1.0,10375.0
LORETO,MAYNAS,MAZAN,160106,12995.0,3,12995.0,,,,,,0.0,0.0,0.0,0.0,0.0,0.0,0.0,0.0,0.0,1.0,12995.0
LORETO,MAYNAS,NAPO,160107,15320.0,4,15320.0,,,,,,0.0,0.0,0.0,0.0,0.0,0.0,0.0,0.0,0.0,1.0,15320.0
LORETO,MAYNAS,PUNCHANA,160108,78154.0,4,0.0,2.4074498895054957,1.3696034284583858,2.0093473507774995,1.444429770127672,0.18853240171571695,78154.0,1.0,1.0,78154.0,1.0,0.0,78154.0,1.0,0.0,0.0,0.0
LORETO,MAYNAS,SAN JUAN BAUTISTA,160113,102274.0,8,0.0,12.380835137331909,5.400000095367432,20.30184241250025,9.283711797586783,0.4846293079019768,94404.0,0.9230498464907992,0.9230498464907992,94404.0,0.9230498464907992,0.0,102274.0,1.0,0.07695015350920076,0.0,0.0
LORETO,MAYNAS,TORRES CAUSANA,160110,4895.0,2,4895.0,,,,,,0.0,0.0,0.0,0.0,0.0,0.0,0.0,0.0,0.0,1.0,4895.0
LORETO,PUTUMAYO,PUTUMAYO,160801,3860.0,2,3860.0,,,,,,0.0,0.0,0.0,0.0,0.0,0.0,0.0,0.0,0.0,1.0,3860.0
LORETO,PUTUMAYO,ROSA PANDURO,160802,664.0,2,664.0,,,,,,0.0,0.0,0.0,0.0,0.0,0.0,0.0,0.0,0.0,1.0,664.0
LORETO,PUTUMAYO,TENIENTE MANUEL CLAVERO,160803,3896.0,2,3896.0,,,,,,0.0,0.0,0.0,0.0,0.0,0.0,0.0,0.0,0.0,1.0,3896.0
LORETO,PUTUMAYO,YAGUAS,160804,1114.0,2,1114.0,,,,,,0.0,0.0,0.0,0.0,0.0,0.0,0.0,0.0,0.0,1.0,1114.0
LORETO,REQUENA,ALTO TAPICHE,160502,1947.0,2,1947.0,,,,,,0.0,0.0,0.0,0.0,0.0,0.0,0.0,0.0,0.0,1.0,1947.0
LORETO,REQUENA,CAPELO,160503,3941.0,2,3941.0,,,,,,0.0,0.0,0.0,0.0,0.0,0.0,0.0,0.0,0.0,1.0,3941.0
LORETO,REQUENA,EMILIO SAN MARTIN,160504,6980.0,3,6980.0,,,,,,0.0,0.0,0.0,0.0,0.0,0.0,0.0,0.0,0.0,1.0,6980.0
LORETO,REQUENA,JENARO HERRERA,160510,5116.0,2,5116.0,,,,,,0.0,0.0,0.0,0.0,0.0,0.0,0.0,0.0,0.0,1.0,5116.0
LORETO,REQUENA,MAQUIA,160505,7905.0,3,7905.0,,,,,,0.0,0.0,0.0,0.0,0.0,0.0,0.0,0.0,0.0,1.0,7905.0
LORETO,REQUENA,PUINAHUA,160506,5298.0,2,5298.0,,,,,,0.0,0.0,0.0,0.0,0.0,0.0,0.0,0.0,0.0,1.0,5298.0
LORETO,REQUENA,REQUENA,160501,25987.0,2,25987.0,,,,,,0.0,0.0,0.0,0.0,0.0,0.0,0.0,0.0,0.0,1.0,25987.0
LORETO,REQUENA,SAQUENA,160507,4536.0,2,1152.0,126.0566635131836,126.0566635131836,126.0566635131836,101.05509948730469,,0.0,0.0,0.0,0.0,0.0,0.0,0.0,0.0,0.0,1.0,4536.0
LORETO,REQUENA,SOPLIN,160508,613.0,2,613.0,,,,,,0.0,0.0,0.0,0.0,0.0,0.0,0.0,0.0,0.0,1.0,613.0
LORETO,REQUENA,TAPICHE,160509,1189.0,2,1189.0,,,,,,0.0,0.0,0.0,0.0,0.0,0.0,0.0,0.0,0.0,1.0,1189.0
LORETO,REQUENA,YAQUERANA,160511,2396.0,2,2396.0,,,,,,0.0,0.0,0.0,0.0,0.0,0.0,0.0,0.0,0.0,1.0,2396.0
LORETO,UCAYALI,CONTAMANA,160601,24837.0,3,24837.0,,,,,,0.0,0.0,0.0,0.0,0.0,0.0,0.0,0.0,0.0,1.0,24837.0
LORETO,UCAYALI,INAHUAYA,160602,2143.0,2,2143.0,,,,,,0.0,0.0,0.0,0.0,0.0,0.0,0.0,0.0,0.0,1.0,2143.0
LORETO,UCAYALI,PADRE MARQUEZ,160603,5560.0,3,5560.0,,,,,,0.0,0.0,0.0,0.0,0.0,0.0,0.0,0.0,0.0,1.0,5560.0
LORETO,UCAYALI,PAMPA HERMOSA,160604,7489.0,3,7489.0,,,,,,0.0,0.0,0.0,0.0,0.0,0.0,0.0,0.0,0.0,1.0,7489.0
LORETO,UCAYALI,SARAYACU,160605,15388.0,5,15388.0,,,,,,0.0,0.0,0.0,0.0,0.0,0.0,0.0,0.0,0.0,1.0,15388.0
LORETO,UCAYALI,VARGAS GUERRA,160606,8219.0,2,8219.0,,,,,,0.0,0.0,0.0,0.0,0.0,0.0,0.0,0.0,0.0,1.0,8219.0
MADRE DE DIOS,MANU,FITZCARRALD,170202,1263.0,2,0.0,365.3975377267821,361.39166259765625,370.5033632569036,326.62052002919637,0.007829517116360374,0.0,0.0,0.0,0.0,0.0,0.0,0.0,0.0,0.0,1.0,1263.0
MADRE DE DIOS,MANU,HUEPETUHE,170204,7011.0,3,0.0,318.6859780516847,373.87597080659583,385.3954334191317,189.6219024658203,0.1494298568907968,0.0,0.0,0.0,0.0,0.0,0.0,0.0,0.0,0.0,1.0,7011.0
MADRE DE DIOS,MANU,MADRE DE DIOS,170203,9194.0,3,1168.0,466.8852081298828,466.7562561035156,466.96257934570315,,0.00013809821356702834,0.0,0.0,0.0,0.0,0.0,0.0,0.0,0.0,0.0,1.0,9194.0
MADRE DE DIOS,MANU,MANU,170201,2645.0,2,0.0,260.56790360160494,250.67003836998572,264.72067759587213,234.73647978409477,0.01995320115570698,0.0,0.0,0.0,0.0,0.0,0.0,0.0,0.0,0.0,1.0,2645.0
MADRE DE DIOS,TAHUAMANU,IBERIA,170302,6725.0,2,0.0,212.32027206931414,203.0116729736328,226.27979772838998,175.866117939435,0.035178111146041635,0.0,0.0,0.0,0.0,0.0,0.0,0.0,0.0,0.0,1.0,6725.0
MADRE DE DIOS,TAHUAMANU,INAPARI,170301,1288.0,2,0.0,281.039548293404,273.6783447265625,291.2146044142703,233.89673315960428,0.019502223680935238,0.0,0.0,0.0,0.0,0.0,0.0,0.0,0.0,0.0,1.0,1288.0
MADRE DE DIOS,TAHUAMANU,TAHUAMANU,170303,2235.0,3,0.0,137.33658962719124,123.34346141389611,148.83040917690263,116.28540620739828,0.06778356545514042,0.0,0.0,0.0,0.0,0.0,0.0,0.0,0.0,0.0,1.0,2235.0
MADRE DE DIOS,TAMBOPATA,INAMBARI,170102,8068.0,2,0.0,186.61274141643563,164.61617278712288,199.38190154961208,147.8122482905012,0.06388609961635683,0.0,0.0,0.0,0.0,0.0,0.0,0.0,0.0,0.0,1.0,8068.0
MADRE DE DIOS,TAMBOPATA,LABERINTO,170104,4880.0,2,0.0,96.28343468650442,92.1728973336877,98.47857971087817,50.4129816524318,0.023647379127510804,0.0,0.0,0.0,0.0,0.0,0.0,4880.0,1.0,1.0,0.0,0.0
MADRE DE DIOS,TAMBOPATA,LAS PIEDRAS,170103,5490.0,3,0.0,89.78714518729454,97.22634351575697,97.90393569533889,76.43810476501132,0.07665974905396045,0.0,0.0,0.0,844.0,0.15373406193078323,0.15373406193078323,5490.0,1.0,0.8462659380692168,0.0,0.0
MADRE DE DIOS,TAMBOPATA,TAMBOPATA,170101,61113.0,2,0.0,3.538755026196504,2.6433334350585938,2.6433334350585938,1.4713122316502512,0.23344465612222753,61113.0,1.0,1.0,61113.0,1.0,0.0,61113.0,1.0,0.0,0.0,0.0
MOQUEGUA,GENERAL SANCHEZ CERRO,CHOJATA,180202,2210.0,3,0.0,222.133346136447,222.9807598820676,223.52415490610102,158.54215871543366,0.004412512869137797,0.0,0.0,0.0,0.0,0.0,0.0,0.0,0.0,0.0,1.0,2210.0
MOQUEGUA,GENERAL SANCHEZ CERRO,COALAQUE,180203,1307.0,2,0.0,140.4816692676267,139.76187206681368,140.72570205008148,106.33049385987262,0.0024882195000348606,0.0,0.0,0.0,0.0,0.0,0.0,0.0,0.0,0.0,1.0,1307.0
MOQUEGUA,GENERAL SANCHEZ CERRO,ICHUNA,180204,4077.0,2,0.0,145.25646705430952,143.67750762529326,145.8194981070899,98.32043672046564,0.005383102096806924,0.0,0.0,0.0,0.0,0.0,0.0,0.0,0.0,0.0,1.0,4077.0
MOQUEGUA,GENERAL SANCHEZ CERRO,LA CAPILLA,180205,1731.0,2,0.0,107.40289118880828,106.73253220700872,107.417172945308,74.18296549514427,0.001513144853638071,0.0,0.0,0.0,0.0,0.0,0.0,1731.0,1.0,1.0,0.0,0.0
MOQUEGUA,GENERAL SANCHEZ CERRO,LLOQUE,180206,1376.0,3,0.0,213.50851642253787,208.08339615850488,220.64577692771445,144.29691219329834,0.019206677753126122,0.0,0.0,0.0,0.0,0.0,0.0,0.0,0.0,0.0,1.0,1376.0
MOQUEGUA,GENERAL SANCHEZ CERRO,MATALAQUE,180207,1033.0,2,0.0,161.84431460473797,159.11166381835938,164.8059430447554,130.9101635470395,0.011180017101825479,0.0,0.0,0.0,0.0,0.0,0.0,0.0,0.0,0.0,1.0,1033.0
MOQUEGUA,GENERAL SANCHEZ CERRO,OMATE,180201,3898.0,3,0.0,156.3379450563653,155.57419811899211,158.12017409645466,116.80970509520796,0.009176237316953384,0.0,0.0,0.0,0.0,0.0,0.0,0.0,0.0,0.0,1.0,3898.0
MOQUEGUA,GENERAL SANCHEZ CERRO,PUQUINA,180208,3361.0,3,0.0,70.85712640110278,68.43842795989276,72.97007808140346,52.97380993771291,0.022142971994177585,0.0,0.0,0.0,0.0,0.0,0.0,3361.0,1.0,1.0,0.0,0.0
MOQUEGUA,GENERAL SANCHEZ CERRO,QUINISTAQUILLAS,180209,1013.0,2,0.0,148.9912344809228,142.87832641601562,152.91836524448513,106.38709393846788,0.02122310815758277,0.0,0.0,0.0,0.0,0.0,0.0,0.0,0.0,0.0,1.0,1013.0
MOQUEGUA,GENERAL SANCHEZ CERRO,UBINAS,180210,3751.0,3,0.0,168.48322350042594,148.7633626398916,181.40733561391582,119.10434188781754,0.06719788614640398,0.0,0.0,0.0,0.0,0.0,0.0,0.0,0.0,0.0,1.0,3751.0
MOQUEGUA,GENERAL SANCHEZ CERRO,YUNGA,180211,1570.0,2,0.0,179.16581922397492,176.30999755859375,183.2658004352753,121.00878088884294,0.012142481530507676,0.0,0.0,0.0,0.0,0.0,0.0,0.0,0.0,0.0,1.0,1570.0
MOQUEGUA,ILO,EL ALGARROBAL,180302,244.0,2,0.0,13.43954906307283,13.246763664541893,13.456019297849785,9.192016335784412,0.004320967783192242,244.0,1.0,1.0,244.0,1.0,0.0,244.0,1.0,0.0,0.0,0.0
MOQUEGUA,ILO,ILO,180301,59134.0,2,0.0,1.5476078842600427,1.5049999952316284,1.5049999952316284,0.6879905215718255,0.027305644957239084,59134.0,1.0,1.0,59134.0,1.0,0.0,59134.0,1.0,0.0,0.0,0.0
MOQUEGUA,ILO,PACOCHA,180303,4589.0,3,0.0,2.0434589591985386,1.784999966621399,1.784999966621399,0.9330382364771418,0.12447908475658442,4566.0,0.9949880148180431,0.9949880148180431,4589.0,1.0,0.005011985181956891,4589.0,1.0,0.0,0.0,0.0
MOQUEGUA,MARISCAL NIETO,CARUMAS,180102,5081.0,3,0.0,128.2626460285033,126.47229348592872,130.16728518526412,119.00414828995132,0.010831417554236888,0.0,0.0,0.0,0.0,0.0,0.0,0.0,0.0,0.0,1.0,5081.0
MOQUEGUA,MARISCAL NIETO,CUCHUMBAYA,180103,2057.0,3,0.0,139.1614890685056,137.64688543763725,141.38152646460574,114.44930856321758,0.010421695745352344,0.0,0.0,0.0,0.0,0.0,0.0,0.0,0.0,0.0,1.0,2057.0
MOQUEGUA,MARISCAL NIETO,MOQUEGUA,180101,49396.0,4,0.0,7.042081173387787,4.179999828338623,5.610514420187421,3.9894465609536653,0.35034461404579553,46576.0,0.9429103571139363,0.9429103571139363,49396.0,1.0,0.05708964288606366,49396.0,1.0,0.0,0.0,0.0
MOQUEGUA,MARISCAL NIETO,SAMEGUA,180104,6528.0,2,0.0,7.125056657428835,6.651666641235352,6.795883259645908,4.042152456573996,0.059580390402726224,6528.0,1.0,1.0,6528.0,1.0,0.0,6528.0,1.0,0.0,0.0,0.0
MOQUEGUA,MARISCAL NIETO,SAN CRISTOBAL,180105,3518.0,3,0.0,158.6071845613602,149.96320383020088,168.95917863391696,126.63472522911259,0.039595725098796164,0.0,0.0,0.0,0.0,0.0,0.0,0.0,0.0,0.0,1.0,3518.0
MOQUEGUA,MARISCAL NIETO,TORATA,180106,6590.0,3,0.0,16.65537977348872,16.433053482579822,16.8889173272927,12.636865452026923,0.007402451152497935,6590.0,1.0,1.0,6590.0,1.0,0.0,6590.0,1.0,0.0,0.0,0.0
PASCO,DANIEL ALCIDES CARRION,CHACAYAN,190202,4033.0,3,0.0,67.49825407369185,62.73500061035156,73.40264310014135,52.01553649486161,0.04482521013887675,0.0,0.0,0.0,0.0,0.0,0.0,4033.0,1.0,1.0,0.0,0.0
PASCO,DANIEL ALCIDES CARRION,GOYLLARISQUIZGA,190203,2505.0,2,0.0,45.46479673709222,44.00335612732011,45.307339316284335,35.57469960134662,0.0035042696718103894,0.0,0.0,0.0,2505.0,1.0,1.0,2505.0,1.0,0.0,0.0,0.0
PASCO,DANIEL ALCIDES CARRION,PAUCAR,190204,2367.0,3,0.0,104.22481554270698,101.89290838802562,105.89631041885971,73.82253792379595,0.012905087774943147,0.0,0.0,0.0,0.0,0.0,0.0,2367.0,1.0,1.0,0.0,0.0
PASCO,DANIEL ALCIDES CARRION,SAN PEDRO DE PILLAO,190205,1710.0,2,0.0,100.97525260880677,98.65166473388672,103.8805739440918,77.2803587885628,0.01628296214277858,0.0,0.0,0.0,0.0,0.0,0.0,1710.0,1.0,1.0,0.0,0.0
PASCO,DANIEL ALCIDES CARRION,SANTA ANA DE TUSI,190206,17110.0,5,0.0,51.90454094405762,47.39064031113181,54.71622356017339,34.824625217958705,0.07585484927549568,0.0,0.0,0.0,16060.999999999998,0.9386908240794856,0.9386908240794856,17110.0,1.0,0.061309175920514436,0.0,0.0
PASCO,DANIEL ALCIDES CARRION,TAPUC,190207,3976.0,3,0.0,74.9822450672357,67.64833068847656,88.0264477715976,55.21487691368855,0.06373978986870621,0.0,0.0,0.0,0.0,0.0,0.0,3976.0,1.0,1.0,0.0,0.0
PASCO,DANIEL ALCIDES CARRION,VILCABAMBA,190208,1907.0,2,0.0,56.63038546437672,50.410045705633124,59.564675156751626,41.086175255457896,0.05972860480819331,0.0,0.0,0.0,672.0,0.3523859465128474,0.3523859465128474,1907.0,1.0,0.6476140534871526,0.0,0.0
PASCO,DANIEL ALCIDES CARRION,YANAHUANCA,190201,14319.0,3,0.0,73.95849694039487,67.05685918494277,82.63802517216381,55.8440396106229,0.06667078522788594,0.0,0.0,0.0,0.0,0.0,0.0,14319.0,1.0,1.0,0.0,0.0
PASCO,OXAPAMPA,CHONTABAMBA,190302,3347.0,3,0.0,33.270555489662335,18.15525754035309,45.14705187428156,21.817170308959067,0.34586565495344224,1310.0,0.39139527935464596,0.39139527935464596,3347.0,1.0,0.608604720645354,3347.0,1.0,0.0,0.0,0.0
PASCO,OXAPAMPA,CONSTITUCION,190308,9501.0,3,0.0,248.10058999831972,242.73333740234375,259.62380219568246,166.67493430369402,0.029064104736739704,0.0,0.0,0.0,0.0,0.0,0.0,0.0,0.0,0.0,1.0,9501.0
PASCO,OXAPAMPA,HUANCABAMBA,190303,6497.0,2,0.0,41.992560002222895,39.25774583821447,41.95021554947883,27.463224481762015,0.013448904932909511,0.0,0.0,0.0,6497.0,1.0,1.0,6497.0,1.0,0.0,0.0,0.0
PASCO,OXAPAMPA,OXAPAMPA,190301,13841.0,2,0.0,2.036962127368597,1.4216666221618652,2.7174190859315805,1.2683155795766667,0.20187151962311567,13841.0,1.0,1.0,13841.0,1.0,0.0,13841.0,1.0,0.0,0.0,0.0
PASCO,OXAPAMPA,PALCAZU,190304,9396.0,3,0.0,146.2080856423116,120.07416915893555,192.55574235592795,112.53417157477244,0.1994863419642724,0.0,0.0,0.0,0.0,0.0,0.0,3819.5,0.40650276713495104,0.40650276713495104,0.593497232865049,5576.5
PASCO,OXAPAMPA,POZUZO,190305,7800.0,3,0.0,132.87873802478498,120.10136011457062,144.78747404245752,95.19720343663143,0.06786180052948687,0.0,0.0,0.0,0.0,0.0,0.0,1038.0,0.13307692307692306,0.13307692307692306,0.8669230769230769,6762.0
PASCO,OXAPAMPA,PUERTO BERMUDEZ,190306,13753.0,3,0.0,209.63144463327143,206.3704768027497,219.89680791562677,129.67143983049738,0.03736254644884163,0.0,0.0,0.0,0.0,0.0,0.0,0.0,0.0,0.0,1.0,13753.0
PASCO,OXAPAMPA,VILLA RICA,190307,19420.0,4,0.0,9.275253693871468,0.8433333039283752,20.370030205169122,6.390152302402792,0.5882250734255003,18830.0,0.9696189495365602,0.9696189495365602,19420.0,1.0,0.03038105046343975,19420.0,1.0,0.0,0.0,0.0
PASCO,PASCO,CHAUPIMARCA,190101,27880.0,2,0.0,3.5001936872173074,3.5,3.5,1.9286325219029847,5.525675080353398e-05,27880.0,1.0,1.0,27880.0,1.0,0.0,27880.0,1.0,0.0,0.0,0.0
PASCO,PASCO,HUACHON,190102,4541.0,3,0.0,106.2902544950289,92.59027438369348,121.06150205478222,92.56104461696803,0.09530928816068329,0.0,0.0,0.0,0.0,0.0,0.0,2747.0000000000005,0.604932834177494,0.604932834177494,0.395067165822506,1793.9999999999998
PASCO,PASCO,HUARIACA,190103,8098.0,3,0.0,5.323968301763886,3.055000066757202,11.577238591576005,2.626893047316041,0.34954168199329616,8098.0,1.0,1.0,8098.0,1.0,0.0,8098.0,1.0,0.0,0.0,0.0
PASCO,PASCO,HUAYLLAY,190104,11163.0,3,0.0,57.94312021436096,54.16999816894531,61.35703458669854,51.05614335530763,0.041219518113370324,0.0,0.0,0.0,6736.0,0.6034220191704739,0.6034220191704739,11163.0,1.0,0.3965779808295261,0.0,0.0
PASCO,PASCO,NINACACA,190105,3829.0,2,0.0,39.49572971888951,36.904998779296875,41.25078050893771,38.065561598914506,0.034827650831593226,0.0,0.0,0.0,3829.0,1.0,1.0,3829.0,1.0,0.0,0.0,0.0
PASCO,PASCO,PALLANCHACRA,190106,4153.0,2,0.0,38.87196469232315,25.49669322914315,46.007337303055195,26.30623312292689,0.19059002098048317,1644.0,0.3958584156031784,0.3958584156031784,4153.0,1.0,0.6041415843968216,4153.0,1.0,0.0,0.0,0.0
PASCO,PASCO,PAUCARTAMBO,190107,20993.0,4,0.0,97.0020485300462,79.6615510230316,124.74537093783653,87.12834356207405,0.13513087850590455,0.0,0.0,0.0,0.0,0.0,0.0,16680.0,0.7945505644738723,0.7945505644738723,0.2054494355261277,4312.999999999999
PASCO,PASCO,SAN FRANCISCO DE ASIS DE YARUSYACAN,190108,11200.0,5,0.0,27.69837636572974,27.591096671114858,29.550202443214033,19.77338502577373,0.06219891039999337,10280.0,0.9178571428571428,0.9178571428571428,11200.0,1.0,0.08214285714285718,11200.0,1.0,0.0,0.0,0.0
PASCO,PASCO,SIMON BOLIVAR,190109,14264.0,5,0.0,5.435136230128639,2.376289869540096,13.417127420657149,3.4068930702000872,0.4695018117245445,14264.0,1.0,1.0,14264.0,1.0,0.0,14264.0,1.0,0.0,0.0,0.0
PASCO,PASCO,TICLACAYAN,190110,7506.0,2,0.0,26.45765655135397,22.558644803896755,28.531728655603573,21.10793476119983,0.08162501329324512,2962.0,0.39461763922195575,0.39461763922195575,7506.0,1.0,0.6053823607780442,7506.0,1.0,0.0,0.0,0.0
PASCO,PASCO,TINYAHUARCO,190111,5962.0,4,0.0,17.41494284088841,16.582049385446016,18.965528400571934,15.624039985876841,0.05326331345676183,5962.0,1.0,1.0,5962.0,1.0,0.0,5962.0,1.0,0.0,0.0,0.0
PASCO,PASCO,VICCO,190112,2986.0,3,0.0,24.851322839025357,24.139435672684858,25.802969593105296,23.80456360090681,0.025981889001023495,2986.0,1.0,1.0,2986.0,1.0,0.0,2986.0,1.0,0.0,0.0,0.0
PASCO,PASCO,YANACANCHA,190113,30013.0,3,0.0,4.517696826431683,2.0299999713897705,4.851725009217276,2.4461155795540237,0.48604158428192157,30013.0,1.0,1.0,30013.0,1.0,0.0,30013.0,1.0,0.0,0.0,0.0
PIURA,AYABACA,AYABACA,200201,38800.0,9,0.0,169.18148664941492,163.69506906703845,191.485861233914,219.67697596943256,0.08255170686294955,0.0,0.0,0.0,0.0,0.0,0.0,0.0,0.0,0.0,1.0,38800.0
PIURA,AYABACA,FRIAS,200202,22866.0,7,0.0,71.53031717208826,73.02459526746577,81.74793197893821,43.87738438471715,0.08534294916289042,0.0,0.0,0.0,4123.6,0.18033761917257066,0.18033761917257066,22866.0,1.0,0.8196623808274294,0.0,0.0
PIURA,AYABACA,JILILI,200203,2956.0,2,0.0,138.89823947127036,137.93443624016876,138.909555705065,154.15973209592744,0.0016184913245881338,0.0,0.0,0.0,0.0,0.0,0.0,0.0,0.0,0.0,1.0,2956.0
PIURA,AYABACA,LAGUNAS,200204,6699.0,2,0.0,143.8339901491499,135.17359246502693,142.62938402034914,170.87297509787493,0.004415712016268003,0.0,0.0,0.0,0.0,0.0,0.0,0.0,0.0,0.0,1.0,6699.0
PIURA,AYABACA,MONTERO,200205,7378.0,2,0.0,126.68038255149156,122.13534283028805,126.97907051918261,146.2823414832281,0.010177217868199584,0.0,0.0,0.0,0.0,0.0,0.0,1077.0,0.14597451883979398,0.14597451883979398,0.854025481160206,6301.0
PIURA,AYABACA,PACAIPAMPA,200206,24689.0,6,0.0,136.6616353893856,136.972031683664,156.6685077664478,121.79899096228024,0.08892459773383099,0.0,0.0,0.0,0.0,0.0,0.0,5881.8,0.2382356515047187,0.2382356515047187,0.7617643484952813,18807.2
PIURA,AYABACA,PAIMAS,200207,9638.0,3,0.0,84.11472800936187,81.84000015258789,90.00510214946812,115.64331235092045,0.04272613961493554,0.0,0.0,0.0,0.0,0.0,0.0,9638.0,1.0,1.0,0.0,0.0
PIURA,AYABACA,SAPILLICA,200208,11008.0,3,0.0,118.06504952561023,117.25139571860457,118.88341036817447,119.8508150289918,0.005709755332887312,0.0,0.0,0.0,0.0,0.0,0.0,11008.0,1.0,1.0,0.0,0.0
PIURA,AYABACA,SICCHEZ,200209,2690.0,3,0.0,147.20971253122096,143.74000549316406,152.2083614930412,158.19087610067487,0.016328142632345832,0.0,0.0,0.0,0.0,0.0,0.0,0.0,0.0,0.0,1.0,2690.0
PIURA,AYABACA,SUYO,200210,12137.000000000002,4,0.0,90.0777379932997,89.26916793052914,92.45212132927335,119.11108591943469,0.0176298225816659,0.0,0.0,0.0,0.0,0.0,0.0,12137.000000000002,1.0,1.0,0.0,0.0
PIURA,HUANCABAMBA,CANCHAQUE,200302,8922.0,4,0.0,99.62109217743145,92.88437686749359,106.68703492456035,97.03836430179996,0.04533858891217213,0.0,0.0,0.0,0.0,0.0,0.0,8922.0,1.0,1.0,0.0,0.0
PIURA,HUANCABAMBA,EL CARMEN DE LA FRONTERA,200303,12548.999999999998,4,0.0,194.4250905169185,187.57877438279095,210.45475636986512,200.59987637077566,0.05214490220198553,0.0,0.0,0.0,0.0,0.0,0.0,0.0,0.0,0.0,1.0,12548.999999999998
PIURA,HUANCABAMBA,HUANCABAMBA,200301,30780.0,7,0.0,151.67445667308982,154.15013017893813,165.33561654692716,147.20344012225115,0.0534338264651375,0.0,0.0,0.0,0.0,0.0,0.0,0.0,0.0,0.0,1.0,30780.0
PIURA,HUANCABAMBA,HUARMACA,200304,37582.0,9,0.0,141.30786291979834,134.2516632080078,161.90865842250398,169.6735878094256,0.09438869536938532,0.0,0.0,0.0,0.0,0.0,0.0,4424.5,0.11772923207918684,0.11772923207918684,0.8822707679208132,33157.5
PIURA,HUANCABAMBA,LALAQUIZ,200305,5115.0,2,0.0,116.08947736753163,112.0154759717664,116.07642893458765,105.8389242267329,0.007674258816484092,0.0,0.0,0.0,0.0,0.0,0.0,5115.0,1.0,1.0,0.0,0.0
PIURA,HUANCABAMBA,SAN MIGUEL DE EL FAIQUE,200306,9199.0,3,0.0,128.45596332386248,126.60754348658308,133.00434427307783,120.01652822941331,0.030448732414516955,0.0,0.0,0.0,0.0,0.0,0.0,983.0,0.10685944124361343,0.10685944124361343,0.8931405587563865,8216.0
PIURA,HUANCABAMBA,SONDOR,200307,8399.0,3,0.0,223.11221510411048,189.86157815339305,251.38505590019906,184.7947977717568,0.09633435925792877,0.0,0.0,0.0,0.0,0.0,0.0,0.0,0.0,0.0,1.0,8399.0
PIURA,HUANCABAMBA,SONDORILLO,200308,10716.0,3,0.0,193.49467506707717,144.40332794189453,236.68035993203011,172.2963127550593,0.16205777790589315,0.0,0.0,0.0,0.0,0.0,0.0,0.0,0.0,0.0,1.0,10716.0
PIURA,MORROPON,BUENOS AIRES,200402,8778.0,3,0.0,40.81511672283528,36.654468295573366,47.22278375485205,43.13161806409466,0.11144534874020984,2347.0,0.2673729778992937,0.2673729778992937,8778.0,1.0,0.7326270221007063,8778.0,1.0,0.0,0.0,0.0
PIURA,MORROPON,CHALACO,200403,9758.0,3,0.0,78.38358940230844,77.35333251953125,82.68108668242013,83.75627712422548,0.03161584180983301,0.0,0.0,0.0,0.0,0.0,0.0,9758.0,1.0,1.0,0.0,0.0
PIURA,MORROPON,CHULUCANAS,200401,76668.99999999999,13,0.0,7.3115570344386835,4.433605706786714,15.539343872805343,6.337023480530689,0.5297424138360483,76668.99999999999,1.0,1.0,76668.99999999999,1.0,0.0,76668.99999999999,1.0,0.0,0.0,0.0
PIURA,MORROPON,LA MATANZA,200404,12888.0,3,0.0,20.32119338931244,18.810268717591043,22.223908789326828,22.187804734758675,0.055568575349635,12888.0,1.0,1.0,12888.0,1.0,0.0,12888.0,1.0,0.0,0.0,0.0
PIURA,MORROPON,MORROPON,200405,14783.0,3,0.0,28.308615186028494,26.4782606255682,29.644985316031608,26.28013112500984,0.04447896289303099,6486.0,0.4387472096326862,0.4387472096326862,14783.0,1.0,0.5612527903673138,14783.0,1.0,0.0,0.0,0.0
PIURA,MORROPON,SALITRAL,200406,8516.0,3,0.0,69.43800291515618,64.99242641727467,72.6998134595329,69.81766142381531,0.03804634207825086,0.0,0.0,0.0,0.0,0.0,0.0,8516.0,1.0,1.0,0.0,0.0
PIURA,MORROPON,SAN JUAN DE BIGOTE,200407,6965.0,3,0.0,77.20573760920605,77.14964109888616,81.52423518542547,75.68309888435796,0.039702860048287714,0.0,0.0,0.0,0.0,0.0,0.0,6965.0,1.0,1.0,0.0,0.0
PIURA,MORROPON,SANTA CATALINA DE MOSSA,200408,4510.0,3,0.0,78.82618758800024,75.01157996386327,82.24764680331953,63.73329401714046,0.05189063986958342,0.0,0.0,0.0,301.0,0.06674057649667406,0.06674057649667406,4510.0,1.0,0.9332594235033259,0.0,0.0
PIURA,MORROPON,SANTO DOMINGO,200409,7957.0,3,0.0,76.10804605094485,64.87833404541016,91.25130352373259,66.60892618387147,0.1295840837361234,0.0,0.0,0.0,3409.5,0.4284906371748146,0.4284906371748146,7957.0,1.0,0.5715093628251854,0.0,0.0
PIURA,MORROPON,YAMANGO,200410,9978.0,4,0.0,73.51159943767769,74.31068025218497,77.53163343375799,65.17989341336707,0.03121392318111449,0.0,0.0,0.0,0.0,0.0,0.0,9978.0,1.0,1.0,0.0,0.0
PIURA,PAITA,AMOTAPE,200502,2305.0,3,0.0,28.662522638283686,27.459999084472656,29.68858331295571,29.403721658371534,0.02269026172859656,2139.0,0.9279826464208243,0.9279826464208243,2305.0,1.0,0.07201735357917571,2305.0,1.0,0.0,0.0,0.0
PIURA,PAITA,ARENAL,200503,1092.0,2,0.0,24.75750321258992,24.12734641330611,25.12546928266122,25.69705809778346,0.013727128275283329,1092.0,1.0,1.0,1092.0,1.0,0.0,1092.0,1.0,0.0,0.0,0.0
PIURA,PAITA,COLAN,200504,12363.0,3,0.0,26.320784006594725,20.525669623657546,27.357831262938525,25.84684889869841,0.06420268571477716,11343.0,0.9174957534578986,0.9174957534578986,12363.0,1.0,0.08250424654210142,12363.0,1.0,0.0,0.0,0.0
PIURA,PAITA,LA HUACA,200505,10867.0,4,0.0,25.982918500000743,23.326847328542993,30.87609842789946,25.571965005652956,0.109800529167561,8876.0,0.8167847612036441,0.8167847612036441,10867.0,1.0,0.18321523879635593,10867.0,1.0,0.0,0.0,0.0
PIURA,PAITA,PAITA,200501,72522.0,4,0.0,6.454299272512141,3.376666784286499,3.376666784286499,5.534812782384172,0.4459523829597416,69611.0,0.959860456137448,0.959860456137448,72522.0,1.0,0.04013954386255203,72522.0,1.0,0.0,0.0,0.0
PIURA,PAITA,TAMARINDO,200506,4625.0,3,0.0,32.34213293044632,31.84833335876465,32.600327154366276,34.84647802981815,0.01208776491895025,0.0,0.0,0.0,4625.0,1.0,1.0,4625.0,1.0,0.0,0.0,0.0
PIURA,PAITA,VICHAYAL,200507,5015.0,3,0.0,39.05621758534212,37.31033732855498,40.892879728223974,39.2023510428036,0.030531130163149345,0.0,0.0,0.0,5015.0,1.0,1.0,5015.0,1.0,0.0,0.0,0.0
PIURA,PIURA,CASTILLA,200104,123715.0,4,0.0,1.35375379961512,0.3400000035762787,0.3400000035762787,0.9327907592199105,0.705556132063777,123715.0,1.0,1.0,123715.0,1.0,0.0,123715.0,1.0,0.0,0.0,0.0
PIURA,PIURA,CATACAOS,200105,70684.0,8,0.0,7.457728236245823,4.4337132239604715,11.89409971535206,5.170070142481038,0.24042441064296904,70684.0,1.0,1.0,70684.0,1.0,0.0,70684.0,1.0,0.0,0.0,0.0
PIURA,PIURA,CURA MORI,200107,17390.0,4,0.0,18.033613725171957,17.010579114431863,21.075727281208085,16.060323350850435,0.09198885842760407,17390.0,1.0,1.0,17390.0,1.0,0.0,17390.0,1.0,0.0,0.0,0.0
PIURA,PIURA,EL TALLAN,200108,4960.0,3,0.0,26.31773435723397,25.126408631985004,27.72401264887938,25.314708574356573,0.033686791455870724,4960.0,1.0,1.0,4960.0,1.0,0.0,4960.0,1.0,0.0,0.0,0.0
PIURA,PIURA,LA ARENA,200109,34541.0,7,0.0,19.977093828100298,16.67023267304904,27.431151297735443,16.218187746053662,0.1281201129041366,34541.0,1.0,1.0,34541.0,1.0,0.0,34541.0,1.0,0.0,0.0,0.0
PIURA,PIURA,LA UNION,200110,36000.0,7,0.0,24.995153654946222,23.03073331878726,28.980297982235605,21.674786399470435,0.06766433020178875,33578.0,0.9327222222222222,0.9327222222222222,36000.0,1.0,0.06727777777777777,36000.0,1.0,0.0,0.0,0.0
PIURA,PIURA,LAS LOMAS,200111,27000.0,6,0.0,75.11981748835245,79.70190286930202,86.68097904750279,88.26293015066783,0.09266851547793742,0.0,0.0,0.0,8307.0,0.30766666666666664,0.30766666666666664,27000.0,1.0,0.6923333333333334,0.0,0.0
PIURA,PIURA,PIURA,200101,261316.0,3,0.0,2.182339697656099,1.7283333539962769,1.7283333539962769,1.6336153790631407,0.20286659622837766,261316.0,1.0,1.0,261316.0,1.0,0.0,261316.0,1.0,0.0,0.0,0.0
PIURA,PIURA,TAMBO GRANDE,200114,98000.0,20,0.0,33.454019227567294,33.61186473145175,43.566533277504824,36.50858327667637,0.16732732188000277,29526.714285714286,0.3012930029154519,0.3012930029154519,93715.21428571429,0.956277696793003,0.6549846938775511,98000.0,1.0,0.04372230320699699,0.0,0.0
PIURA,PIURA,VEINTISEIS DE OCTUBRE,200115,130000.0,1,0.0,1.184999942779541,1.184999942779541,1.184999942779541,0.7811999917030334,,130000.0,1.0,1.0,130000.0,1.0,0.0,130000.0,1.0,0.0,0.0,0.0
PIURA,SECHURA,BELLAVISTA DE LA UNION,200802,3954.0,3,0.0,27.96139673108577,27.334417893065204,28.574987176815366,25.386974948309984,0.016198444335379536,3954.0,1.0,1.0,3954.0,1.0,0.0,3954.0,1.0,0.0,0.0,0.0
PIURA,SECHURA,BERNAL,200803,6456.0,3,0.0,32.08235259776961,30.831041564384517,33.31505593216938,29.132485591493722,0.025612861003986742,823.0,0.12747831474597274,0.12747831474597274,6456.0,1.0,0.8725216852540273,6456.0,1.0,0.0,0.0,0.0
PIURA,SECHURA,CRISTO NOS VALGA,200804,3377.0,3,0.0,36.16218636478585,35.82346803823897,36.53415530207241,32.74555760599079,0.006541444505759109,0.0,0.0,0.0,3377.0,1.0,1.0,3377.0,1.0,0.0,0.0,0.0
PIURA,SECHURA,RINCONADA LLICUAR,200806,2855.0,2,0.0,31.160552620428454,31.088333129882812,31.088333129882812,28.439895202316045,0.0022916803184572787,0.0,0.0,0.0,2855.0,1.0,1.0,2855.0,1.0,0.0,0.0,0.0
PIURA,SECHURA,SECHURA,200801,33042.0,4,0.0,50.357055558079445,43.156447589176956,56.84383918939635,45.664455757974665,0.0997418756230617,0.0,0.0,0.0,27629.0,0.8361781974456752,0.8361781974456752,33042.0,1.0,0.16382180255432477,0.0,0.0
PIURA,SECHURA,VICE,200805,12749.0,5,0.0,32.87891927694132,32.80535835840931,36.221926370750374,30.89700600021689,0.058011172667338906,5419.0,0.4250529453290454,0.4250529453290454,12749.0,1.0,0.5749470546709545,12749.0,1.0,0.0,0.0,0.0
PIURA,SULLANA,BELLAVISTA,200602,36072.0,1,0.0,5.005000114440918,5.005000114440918,5.005000114440918,3.364000082015991,,36072.0,1.0,1.0,36072.0,1.0,0.0,36072.0,1.0,0.0,0.0,0.0
PIURA,SULLANA,IGNACIO ESCUDERO,200603,17941.0,6,0.0,20.077376450977226,17.866725610368277,23.419267024555985,23.693876727981102,0.08797113778812882,17941.0,1.0,1.0,17941.0,1.0,0.0,17941.0,1.0,0.0,0.0,0.0
PIURA,SULLANA,LANCONES,200604,13085.0,4,0.0,46.88301931917401,43.25849243976771,51.71568065053094,53.87730775103571,0.06370426706311494,0.0,0.0,0.0,13085.0,1.0,1.0,13085.0,1.0,0.0,0.0,0.0
PIURA,SULLANA,MARCAVELICA,200605,26098.0,7,0.0,13.612695766185945,7.771909235771402,14.348780489545435,12.747620624494294,0.4988362656445001,24462.0,0.9373132040769407,0.9373132040769407,24462.0,0.9373132040769407,0.0,26098.0,1.0,0.06268679592305926,0.0,0.0
PIURA,SULLANA,MIGUEL CHECA,200606,7446.0,3,0.0,7.681672788550064,3.706722160325433,10.246211754666628,7.196268473585991,0.2787938224014347,7446.0,1.0,1.0,7446.0,1.0,0.0,7446.0,1.0,0.0,0.0,0.0
PIURA,SULLANA,QUERECOTILLO,200607,24452.0,5,0.0,11.302534507297171,8.901666641235352,14.418871470510643,14.01554836556815,0.1321989696617878,24452.0,1.0,1.0,24452.0,1.0,0.0,24452.0,1.0,0.0,0.0,0.0
PIURA,SULLANA,SALITRAL,200608,6097.0,3,0.0,5.439500216990392,4.706666469573975,7.6264519666529695,6.038283524521847,0.11129185702569866,6097.0,1.0,1.0,6097.0,1.0,0.0,6097.0,1.0,0.0,0.0,0.0
PIURA,SULLANA,SULLANA,200601,156827.0,9,0.0,4.435398332813929,2.1419898672889475,11.434939806874127,3.2830584372580125,0.4393184082264343,154298.0,0.9838739502764192,0.9838739502764192,156827.0,1.0,0.016126049723580782,156827.0,1.0,0.0,0.0,0.0
PIURA,TALARA,EL ALTO,200702,7137.0,2,0.0,43.7221134250465,43.52333450317383,43.52333450317383,54.34282619545268,0.004373783546812948,0.0,0.0,0.0,7137.0,1.0,1.0,7137.0,1.0,0.0,0.0,0.0
PIURA,TALARA,LA BREA,200703,12486.0,2,0.0,11.434518529038655,9.886032207445664,11.19453966292468,11.321771143721252,0.007412726196917907,12486.0,1.0,1.0,12486.0,1.0,0.0,12486.0,1.0,0.0,0.0,0.0
PIURA,TALARA,LOBITOS,200704,1506.0,2,0.0,13.906765975800168,13.543788626953795,13.854090824755994,13.955824736738268,0.0017310776634820169,1506.0,1.0,1.0,1506.0,1.0,0.0,1506.0,1.0,0.0,0.0,0.0
PIURA,TALARA,LOS ORGANOS,200705,9577.0,2,0.0,52.49442572393036,52.42333221435547,52.537330829639465,67.63010130061029,0.0011848939117075075,0.0,0.0,0.0,9577.0,1.0,1.0,9577.0,1.0,0.0,0.0,0.0
PIURA,TALARA,MANCORA,200706,10547.0,2,0.0,66.7264835541764,66.34091551872604,66.6748481428077,81.34716069742414,0.0004583267346200959,0.0,0.0,0.0,0.0,0.0,0.0,10547.0,1.0,1.0,0.0,0.0
PIURA,TALARA,PARINAS,200701,88331.0,4,0.0,2.204166812482193,1.6133333444595337,1.6133333444595337,1.5517526562700743,0.25636993636970395,88331.0,1.0,1.0,88331.0,1.0,0.0,88331.0,1.0,0.0,0.0,0.0
PUNO,AZANGARO,ACHAYA,210202,4064.0,2,0.0,40.5372712358715,37.002197824250544,39.99777232852198,28.957723425598594,0.005016775191534539,0.0,0.0,0.0,4064.0,1.0,1.0,4064.0,1.0,0.0,0.0,0.0
PUNO,AZANGARO,ARAPA,210203,8765.0,3,0.0,33.193813109193876,30.98249912261963,35.76227081164843,30.35467428717692,0.05196986293027639,3929.0,0.44826012549914435,0.44826012549914435,8765.0,1.0,0.5517398745008557,8765.0,1.0,0.0,0.0,0.0
PUNO,AZANGARO,ASILLO,210204,16981.0,5,0.0,31.132581542331657,28.64424781383319,38.27904786545682,33.314896172175914,0.12831614544696812,7811.0,0.45998468876980153,0.45998468876980153,16981.0,1.0,0.5400153112301984,16981.0,1.0,0.0,0.0,0.0
PUNO,AZANGARO,AZANGARO,210201,29100.0,4,0.0,17.94100356925394,1.7200000286102295,45.522268542739745,11.435642273063513,0.5856396083891198,20390.0,0.7006872852233677,0.7006872852233677,29100.0,1.0,0.29931271477663235,29100.0,1.0,0.0,0.0,0.0
PUNO,AZANGARO,CAMINACA,210205,3828.0,2,0.0,19.860002281523798,18.982523323356865,19.727171778929186,20.753971643956103,0.002606107344053643,3828.0,1.0,1.0,3828.0,1.0,0.0,3828.0,1.0,0.0,0.0,0.0
PUNO,AZANGARO,CHUPA,210206,13745.999999999998,4,0.0,47.11163024943046,46.63736768017731,49.24520218876658,40.44404672992421,0.030069822461274542,0.0,0.0,0.0,13745.999999999998,1.0,1.0,13745.999999999998,1.0,0.0,0.0,0.0
PUNO,AZANGARO,JOSE DOMINGO CHOQUEHUANCA,210207,5189.0,2,0.0,31.2042544194558,26.5483341217041,35.92296056557421,30.109895943998026,0.09581048731228758,3332.0,0.6421275775679322,0.6421275775679322,5189.0,1.0,0.35787242243206785,5189.0,1.0,0.0,0.0,0.0
PUNO,AZANGARO,MUNANI,210208,7610.0,2,0.0,57.804989846589216,50.39252831570006,60.89317241118689,44.37129123903292,0.06719961436135602,0.0,0.0,0.0,2436.0,0.32010512483574244,0.32010512483574244,7610.0,1.0,0.6798948751642575,0.0,0.0
PUNO,AZANGARO,POTONI,210209,6694.0,4,0.0,51.75183464713619,54.16450664080283,56.97556795413713,66.43515894695791,0.07624999364136253,0.0,0.0,0.0,6694.0,1.0,1.0,6694.0,1.0,0.0,0.0,0.0
PUNO,AZANGARO,SAMAN,210210,14314.0,4,0.0,31.957639150640386,30.35182018421294,35.221281999316595,26.98128191017093,0.06754386376621846,5042.666666666667,0.35228913418098834,0.35228913418098834,14314.0,1.0,0.6477108658190116,14314.0,1.0,0.0,0.0,0.0
PUNO,AZANGARO,SAN ANTON,210211,9480.0,2,0.0,43.40238433789603,40.29077829093039,44.890156390607956,56.652729688314444,0.03911026539096463,0.0,0.0,0.0,9480.0,1.0,1.0,9480.0,1.0,0.0,0.0,0.0
PUNO,AZANGARO,SAN JOSE,210212,6031.0,3,0.0,41.29798165689632,42.4739952570525,42.574797830707375,33.04309029469263,0.025320167075840616,0.0,0.0,0.0,6031.0,1.0,1.0,6031.0,1.0,0.0,0.0,0.0
PUNO,AZANGARO,SAN JUAN DE SALINAS,210213,4163.0,2,0.0,7.43978272313657,6.860000133514404,6.860000133514404,6.336065002109693,0.07454178053053895,4163.0,1.0,1.0,4163.0,1.0,0.0,4163.0,1.0,0.0,0.0,0.0
PUNO,AZANGARO,SANTIAGO DE PUPUJA,210214,5982.0,2,0.0,42.762837317188385,33.19210046740431,41.405085742894926,32.81286073567994,0.015693046203951067,210.0,0.03510531594784353,0.03510531594784353,5982.0,1.0,0.9648946840521565,5982.0,1.0,0.0,0.0,0.0
PUNO,AZANGARO,TIRAPATA,210215,3129.0,2,0.0,24.800412204555904,23.47833251953125,26.754105358979462,22.554391030116218,0.041536210414308994,3129.0,1.0,1.0,3129.0,1.0,0.0,3129.0,1.0,0.0,0.0,0.0
PUNO,CARABAYA,AJOYANI,210302,1972.0,2,0.0,36.259914734784296,29.60333251953125,41.54208798080046,46.0613366759573,0.10519523174244105,1130.0,0.5730223123732252,0.5730223123732252,1972.0,1.0,0.4269776876267748,1972.0,1.0,0.0,0.0,0.0
PUNO,CARABAYA,AYAPATA,210303,8941.0,3,0.0,48.91135676863636,46.176666259765625,52.747624037625215,50.406406279285406,0.05019384562179163,0.0,0.0,0.0,8941.0,1.0,1.0,8941.0,1.0,0.0,0.0,0.0
PUNO,CARABAYA,COASA,210304,12097.0,2,0.0,93.6790337484908,75.26452921887547,104.66223811916572,106.89600590531408,0.10246670878750386,0.0,0.0,0.0,0.0,0.0,0.0,12097.0,1.0,1.0,0.0,0.0
PUNO,CARABAYA,CORANI,210305,3604.0,3,0.0,86.13401946428746,77.83121878375937,89.45290757511125,69.5353929665721,0.056264699306329935,0.0,0.0,0.0,0.0,0.0,0.0,3604.0,1.0,1.0,0.0,0.0
PUNO,CARABAYA,CRUCERO,210306,8624.0,2,0.0,56.73866034438747,53.391666412353516,58.9970410031289,74.8476624002262,0.03125959160089253,0.0,0.0,0.0,4570.0,0.5299165120593692,0.5299165120593692,8624.0,1.0,0.4700834879406308,0.0,0.0
PUNO,CARABAYA,ITUATA,210307,6136.0,2,0.0,113.14677045988756,78.66243435369817,111.4724893121459,79.90689375938307,0.05266640550048751,0.0,0.0,0.0,535.0,0.08719035202086049,0.08719035202086049,6136.0,1.0,0.9128096479791395,0.0,0.0
PUNO,CARABAYA,MACUSANI,210301,11707.0,2,0.0,14.153610956580264,3.0916666984558105,29.214912321815156,9.305117162976305,0.5771432106009223,8645.0,0.7384470829418297,0.7384470829418297,11707.0,1.0,0.2615529170581703,11707.0,1.0,0.0,0.0,0.0
PUNO,CARABAYA,OLLACHEA,210308,4919.0,2,0.0,98.00529870678676,61.94488767408248,113.62097826723839,80.82928197232172,0.195267191930521,0.0,0.0,0.0,1619.9999999999998,0.32933523073795484,0.32933523073795484,1619.9999999999998,0.32933523073795484,0.0,0.6706647692620451,3299.0
PUNO,CARABAYA,SAN GABAN,210309,4024.0,2,0.0,74.29596613131271,72.0250015258789,76.90336571924435,101.49189511065929,0.020782761413441375,0.0,0.0,0.0,0.0,0.0,0.0,4024.0,1.0,1.0,0.0,0.0
PUNO,CARABAYA,USICAYOS,210310,12008.0,3,0.0,98.45406666602554,75.4474983215332,123.18194392143374,88.82293565204984,0.15705388466585923,0.0,0.0,0.0,0.0,0.0,0.0,7811.999999999999,0.6505662891405729,0.6505662891405729,0.3494337108594271,4196.000000000001
PUNO,CHUCUITO,DESAGUADERO,210402,20009.0,2,0.0,43.9460722632396,41.70500183105469,46.83335554973189,44.470204070552285,0.03661134519848486,0.0,0.0,0.0,20009.0,1.0,1.0,20009.0,1.0,0.0,0.0,0.0
PUNO,CHUCUITO,HUACULLANI,210403,14964.000000000002,4,0.0,78.67154341433165,78.62785280264751,85.29462946963201,62.97430818250639,0.05269003350411661,0.0,0.0,0.0,0.0,0.0,0.0,14964.000000000002,1.0,1.0,0.0,0.0
PUNO,CHUCUITO,JULI,210401,24039.0,5,0.0,17.47524133794364,5.542376369271677,33.89419847538123,14.142431136286245,0.46378289492867186,16098.0,0.6696617995756895,0.6696617995756895,24039.0,1.0,0.3303382004243105,24039.0,1.0,0.0,0.0,0.0
PUNO,CHUCUITO,KELLUYO,210404,17582.0,4,0.0,79.81134734509752,80.03896738924787,83.14825434324833,78.84264197675178,0.028348627981897523,0.0,0.0,0.0,0.0,0.0,0.0,17582.0,1.0,1.0,0.0,0.0
PUNO,CHUCUITO,PISACOMA,210405,11945.0,3,0.0,113.969661115133,102.36833190917969,129.2223216585312,106.53122857446299,0.08590555652977838,0.0,0.0,0.0,0.0,0.0,0.0,7486.0,0.6267057346169945,0.6267057346169945,0.3732942653830055,4459.0
PUNO,CHUCUITO,POMATA,210406,20065.0,5,0.0,27.912662778160918,27.417499542236328,30.174973718346155,26.468706964359242,0.04623276890987682,15493.0,0.7721405432344879,0.7721405432344879,20065.0,1.0,0.22785945676551211,20065.0,1.0,0.0,0.0,0.0
PUNO,CHUCUITO,ZEPITA,210407,21824.0,7,0.0,47.42609199580908,42.7103451422407,62.53611976526613,47.72004879900088,0.17113356322933415,3888.5999999999995,0.17817998533724339,0.17817998533724339,14046.800000000001,0.6436400293255132,0.46546004398826984,21824.0,1.0,0.35635997067448677,0.0,0.0
PUNO,EL COLLAO,CAPAZO,210502,1824.0,2,0.0,155.14988936039438,154.6300048828125,154.6300048828125,154.41968459413764,0.0030826378245981667,0.0,0.0,0.0,0.0,0.0,0.0,0.0,0.0,0.0,1.0,1824.0
PUNO,EL COLLAO,CONDURIRI,210505,4277.0,2,0.0,61.87802382498833,61.07978972956668,61.87729217442896,44.60166344810987,0.002849969926950635,0.0,0.0,0.0,0.0,0.0,0.0,4277.0,1.0,1.0,0.0,0.0
PUNO,EL COLLAO,ILAVE,210501,54448.0,9,0.0,9.938835846737092,7.759911889479171,21.875136707606547,6.197709663615058,0.45009230154335234,54448.0,1.0,1.0,54448.0,1.0,0.0,54448.0,1.0,0.0,0.0,0.0
PUNO,EL COLLAO,PILCUYO,210503,14151.0,5,0.0,31.227672268425376,31.57706613508559,33.51008496071421,24.237179695893,0.05525702886466899,1372.0,0.09695427884955127,0.09695427884955127,14151.0,1.0,0.9030457211504488,14151.0,1.0,0.0,0.0,0.0
PUNO,EL COLLAO,SANTA ROSA,210504,6681.0,3,0.0,74.71334940158505,73.23749171883479,73.98853252542334,80.81684369031692,0.012789603205127897,0.0,0.0,0.0,0.0,0.0,0.0,6681.0,1.0,1.0,0.0,0.0
PUNO,HUANCANE,COJATA,210602,4354.0,2,0.0,60.721310762292376,53.141858934481746,62.820370077911974,71.92362691154707,0.05592371346362346,0.0,0.0,0.0,1082.0,0.24850711988975654,0.24850711988975654,4354.0,1.0,0.7514928801102434,0.0,0.0
PUNO,HUANCANE,HUANCANE,210601,21110.000000000004,4,0.0,10.665433178892183,8.250934007180277,18.236881392876665,9.719001217135391,0.39156549858389844,21110.000000000004,1.0,1.0,21110.000000000004,1.0,0.0,21110.000000000004,1.0,0.0,0.0,0.0
PUNO,HUANCANE,HUATASANI,210603,4344.0,2,0.0,28.69415194685288,19.949044249256286,33.81647510961688,25.482428695615482,0.16386280639329098,1966.0,0.4525782688766114,0.4525782688766114,4344.0,1.0,0.5474217311233887,4344.0,1.0,0.0,0.0,0.0
PUNO,HUANCANE,INCHUPALLA,210604,3668.0,2,0.0,52.19426697863097,49.295209003595424,51.976375785094085,43.965468819554786,0.008036696730001402,0.0,0.0,0.0,3668.0,1.0,1.0,3668.0,1.0,0.0,0.0,0.0
PUNO,HUANCANE,PUSI,210605,7141.0,2,0.0,28.571432988394243,27.6721753543858,28.577101696853724,26.927011465028027,0.007175398621530826,7141.0,1.0,1.0,7141.0,1.0,0.0,7141.0,1.0,0.0,0.0,0.0
PUNO,HUANCANE,ROSASPATA,210606,5924.0,2,0.0,54.541270864565256,47.45899294861266,54.11179981042566,40.75788117871745,0.020794940981705312,0.0,0.0,0.0,5924.0,1.0,1.0,5924.0,1.0,0.0,0.0,0.0
PUNO,HUANCANE,TARACO,210607,15458.0,4,0.0,21.496237784537982,22.110495660649157,26.685511231207236,25.642847049538084,0.15576960545803364,15458.0,1.0,1.0,15458.0,1.0,0.0,15458.0,1.0,0.0,0.0,0.0
PUNO,HUANCANE,VILQUE CHICO,210608,9463.0,3,0.0,39.67386991625216,34.14937290546615,44.7389671566872,41.75171810157403,0.10648414555132113,511.0,0.053999788650533655,0.053999788650533655,9463.0,1.0,0.9460002113494663,9463.0,1.0,0.0,0.0,0.0
PUNO,LAMPA,CABANILLA,210702,5581.0,2,0.0,54.832670006053974,42.21820212590913,56.02897367713496,41.94433748634501,0.07118854107274164,0.0,0.0,0.0,5581.0,1.0,1.0,5581.0,1.0,0.0,0.0,0.0
PUNO,LAMPA,CALAPUJA,210703,1496.0,2,0.0,34.551713300898754,34.32189304035333,34.616377509437854,25.034344562234725,0.0029990280580345363,0.0,0.0,0.0,1496.0,1.0,1.0,1496.0,1.0,0.0,0.0,0.0
PUNO,LAMPA,LAMPA,210701,11413.0,2,0.0,16.497212825623233,4.892539160326123,23.138508442416793,8.474888355858559,0.3846068973996021,11413.0,1.0,1.0,11413.0,1.0,0.0,11413.0,1.0,0.0,0.0,0.0
PUNO,LAMPA,NICASIO,210704,2748.0,3,0.0,51.79811763902245,46.61657184952984,53.23798111795284,34.72689625200052,0.045038144793442036,0.0,0.0,0.0,2748.0,1.0,1.0,2748.0,1.0,0.0,0.0,0.0
PUNO,LAMPA,OCUVIRI,210705,2630.0,2,0.0,83.01586946262606,77.95999908447266,88.95360173982085,67.71355055892423,0.04184438740773988,0.0,0.0,0.0,0.0,0.0,0.0,2630.0,1.0,1.0,0.0,0.0
PUNO,LAMPA,PALCA,210706,3094.0,2,0.0,50.21412182902242,45.40505392456055,52.15701176147461,35.9241096999619,0.0496620423717784,0.0,0.0,0.0,3094.0,1.0,1.0,3094.0,1.0,0.0,0.0,0.0
PUNO,LAMPA,PARATIA,210707,5257.0,3,0.0,108.47974605897726,109.63445914852754,111.04689305040863,86.67613844411646,0.020484001350539405,0.0,0.0,0.0,0.0,0.0,0.0,5257.0,1.0,1.0,0.0,0.0
PUNO,LAMPA,PUCARA,210708,6060.0,3,0.0,25.77617931680711,24.78334900371666,25.19926109081243,28.945368407347022,0.03197651631820675,5672.0,0.935973597359736,0.935973597359736,6060.0,1.0,0.06402640264026405,6060.0,1.0,0.0,0.0,0.0
PUNO,LAMPA,SANTA LUCIA,210709,7494.0,3,0.0,105.02660278348819,64.49666595458984,165.0888421416526,84.19121474395092,0.24281813219066228,0.0,0.0,0.0,0.0,0.0,0.0,4609.0,0.6150253536162263,0.6150253536162263,0.38497464638377366,2885.0
PUNO,LAMPA,VILAVILA,210710,2380.0,2,0.0,51.78210700860544,51.59210918618621,51.88775472297943,38.48193921962706,0.0020251889161007064,0.0,0.0,0.0,2380.0,1.0,1.0,2380.0,1.0,0.0,0.0,0.0
PUNO,MELGAR,ANTAUTA,210802,5045.0,3,0.0,52.27129642422301,53.62256548727017,55.46984695975872,51.39939679466225,0.045112033810910335,0.0,0.0,0.0,5045.0,1.0,1.0,5045.0,1.0,0.0,0.0,0.0
PUNO,MELGAR,AYAVIRI,210801,22780.0,2,0.0,3.5187922640470584,1.3316667079925537,6.644228316050488,1.6908920329348678,0.5151709424479123,22780.0,1.0,1.0,22780.0,1.0,0.0,22780.0,1.0,0.0,0.0,0.0
PUNO,MELGAR,CUPI,210803,2765.0,2,0.0,57.727994276602054,53.630590189516155,57.743452022278234,43.63575650675603,0.016006424945084308,0.0,0.0,0.0,2765.0,1.0,1.0,2765.0,1.0,0.0,0.0,0.0
PUNO,MELGAR,LLALLI,210804,3911.0,2,0.0,62.533891801241566,54.16166687011719,67.82120241620723,50.43222139827189,0.06867023641905246,0.0,0.0,0.0,2006.0,0.5129122986448479,0.5129122986448479,3911.0,1.0,0.4870877013551521,0.0,0.0
PUNO,MELGAR,MACARI,210805,7948.0,3,0.0,41.89749551839305,37.78539305805129,41.14477942958689,42.025007990898054,0.06615197700623221,0.0,0.0,0.0,7390.0,0.9297936587820835,0.9297936587820835,7948.0,1.0,0.07020634121791647,0.0,0.0
PUNO,MELGAR,NUNOA,210806,11156.0,2,0.0,74.59165868762575,68.27643913164908,78.29928807047044,69.91143285642606,0.045404768479538005,0.0,0.0,0.0,0.0,0.0,0.0,11156.0,1.0,1.0,0.0,0.0
PUNO,MELGAR,ORURILLO,210807,10643.0,3,0.0,55.49629143289546,48.72249984741211,62.98328764113833,47.27020128868939,0.09149078258277799,0.0,0.0,0.0,5901.0,0.5544489335713615,0.5544489335713615,10643.0,1.0,0.4455510664286385,0.0,0.0
PUNO,MELGAR,SANTA ROSA,210808,6915.0,2,0.0,61.086773344027506,56.58399967608061,63.57679749380987,44.52946389916145,0.0407252301060026,0.0,0.0,0.0,2856.0,0.41301518438177875,0.41301518438177875,6915.0,1.0,0.5869848156182212,0.0,0.0
PUNO,MELGAR,UMACHIRI,210809,4148.0,2,0.0,16.904070927758802,16.581878502530405,16.929708830388893,16.54165159931753,0.005642774272107132,4148.0,1.0,1.0,4148.0,1.0,0.0,4148.0,1.0,0.0,0.0,0.0
PUNO,MOHO,CONIMA,210902,3911.0,2,0.0,55.968976264900945,55.781061701486166,56.004213438930044,57.80650050144493,0.0012924300158780877,0.0,0.0,0.0,3911.0,1.0,1.0,3911.0,1.0,0.0,0.0,0.0
PUNO,MOHO,HUAYRAPATA,210903,4154.0,3,0.0,63.6725754386597,61.5386066660785,66.05039101095008,57.015661905405324,0.03577012754439157,0.0,0.0,0.0,294.0,0.07077515647568608,0.07077515647568608,4154.0,1.0,0.9292248435243139,0.0,0.0
PUNO,MOHO,MOHO,210901,17278.999999999996,5,0.0,38.71747830965652,36.19610365269167,50.57805726830201,38.68863170367759,0.19667811593628892,4186.333333333333,0.24227868125084404,0.24227868125084404,16820.999999999996,0.9734938364488686,0.7312151551980245,17278.999999999996,1.0,0.026506163551131445,0.0,0.0
PUNO,MOHO,TILALI,210904,3291.0,2,0.0,77.24364475608415,76.10513751001727,77.4436959590347,76.76039761984033,0.005540230762815734,0.0,0.0,0.0,0.0,0.0,0.0,3291.0,1.0,1.0,0.0,0.0
PUNO,PUNO,ACORA,210102,30369.0,8,0.0,22.97694592507451,21.20395968025978,30.865634869675986,16.9769268771606,0.17171006636361552,25925.833333333336,0.85369400814427,0.85369400814427,30369.0,1.0,0.14630599185573,30369.0,1.0,0.0,0.0,0.0
PUNO,PUNO,AMANTANI,210103,4255.0,2,0.0,57.65666580200195,57.65666580200195,57.65666580200195,50.14509963989258,0.0,0.0,0.0,0.0,4255.0,1.0,1.0,4255.0,1.0,0.0,0.0,0.0
PUNO,PUNO,ATUNCOLLA,210104,5279.0,2,0.0,25.14346023779246,24.84715992310875,25.11476584692644,23.724540454642657,0.001427163657244157,5279.0,1.0,1.0,5279.0,1.0,0.0,5279.0,1.0,0.0,0.0,0.0
PUNO,PUNO,CAPACHICA,210105,11146.0,4,0.0,46.843349861324356,43.028915230119935,49.64401373738241,45.43540351582925,0.0473352135195656,0.0,0.0,0.0,11146.0,1.0,1.0,11146.0,1.0,0.0,0.0,0.0
PUNO,PUNO,CHUCUITO,210106,7913.0,3,0.0,38.443389050143715,32.708053597323,45.41095022903652,31.09783462747135,0.1406699868211273,1146.0,0.14482497156577784,0.14482497156577784,7913.0,1.0,0.8551750284342221,7913.0,1.0,0.0,0.0,0.0
PUNO,PUNO,COATA,210107,7495.0,3,0.0,29.15704775702723,27.967869913545677,29.88690741776773,25.657810124148522,0.030097758627206428,2337.0,0.31180787191460974,0.31180787191460974,7495.0,1.0,0.6881921280853902,7495.0,1.0,0.0,0.0,0.0
PUNO,PUNO,HUATA,210108,6622.0,2,0.0,34.16024348052453,31.154101980741856,34.228153159820245,25.98869489896193,0.021442166711779787,823.0,0.12428269405013591,0.12428269405013591,6622.0,1.0,0.8757173059498641,6622.0,1.0,0.0,0.0,0.0
PUNO,PUNO,MANAZO,210109,5628.0,2,0.0,51.638436880701384,48.96861011660908,53.22838999207181,45.010259648630104,0.027067760721961376,0.0,0.0,0.0,5628.0,1.0,1.0,5628.0,1.0,0.0,0.0,0.0
PUNO,PUNO,PAUCARCOLLA,210110,4948.0,2,0.0,25.072932538623856,22.111948033559134,25.14105568337198,17.021685392893218,0.028821602186087092,4948.0,1.0,1.0,4948.0,1.0,0.0,4948.0,1.0,0.0,0.0,0.0
PUNO,PUNO,PICHACANI,210111,5627.0,3,0.0,47.981860213536486,46.35499954223633,49.80493297335176,33.717382093083486,0.023809910908422438,0.0,0.0,0.0,5627.0,1.0,1.0,5627.0,1.0,0.0,0.0,0.0
PUNO,PUNO,PLATERIA,210112,8268.0,3,0.0,34.021827521967786,32.15607557872864,35.706835938884645,26.17591863908108,0.040557846375091966,554.0,0.06700532172230285,0.06700532172230285,8268.0,1.0,0.9329946782776971,8268.0,1.0,0.0,0.0,0.0
PUNO,PUNO,PUNO,210101,126730.0,4,0.0,1.99306339934453,1.5133333206176758,1.5133333206176758,1.3317549266252109,0.22726273118411422,126730.0,1.0,1.0,126730.0,1.0,0.0,126730.0,1.0,0.0,0.0,0.0
PUNO,PUNO,SAN ANTONIO,210113,2570.0,2,0.0,113.64901819192018,108.43282313843058,114.20522917846736,76.99428945459745,0.014669119280226184,0.0,0.0,0.0,0.0,0.0,0.0,2570.0,1.0,1.0,0.0,0.0
PUNO,PUNO,TIQUILLACA,210114,2053.0,2,0.0,34.45519905536278,32.49266568092363,34.510532647903474,22.092733534614574,0.014181672311920579,0.0,0.0,0.0,2053.0,1.0,1.0,2053.0,1.0,0.0,0.0,0.0
PUNO,PUNO,VILQUE,210115,3123.0,2,0.0,40.52206773174675,39.61342179735369,40.74668338290824,38.97227203071098,0.009600687927307061,0.0,0.0,0.0,3123.0,1.0,1.0,3123.0,1.0,0.0,0.0,0.0
PUNO,SAN ANTONIO DE PUTINA,ANANEA,211002,20690.0,5,0.0,88.3145542338368,83.82214111237947,91.21574781122128,107.59783713450001,0.025511582515233666,0.0,0.0,0.0,0.0,0.0,0.0,20690.0,1.0,1.0,0.0,0.0
PUNO,SAN ANTONIO DE PUTINA,PEDRO VILCA APAZA,211003,2624.0,2,0.0,37.64142928327002,32.82006711784623,37.793346919662994,27.44508628728913,0.032291963807501434,338.0,0.1288109756097561,0.1288109756097561,2624.0,1.0,0.8711890243902439,2624.0,1.0,0.0,0.0,0.0
PUNO,SAN ANTONIO DE PUTINA,PUTINA,211001,20828.0,3,0.0,34.617825309946824,32.1150016784668,38.8176789319204,41.618854561533375,0.056282306999103304,0.0,0.0,0.0,20828.0,1.0,1.0,20828.0,1.0,0.0,0.0,0.0
PUNO,SAN ANTONIO DE PUTINA,QUILCAPUNCU,211004,5131.0,2,0.0,53.99541353171064,47.30211348072538,57.0044229402857,59.792661775787124,0.06653704123452986,0.0,0.0,0.0,5131.0,1.0,1.0,5131.0,1.0,0.0,0.0,0.0
PUNO,SAN ANTONIO DE PUTINA,SINA,211005,1472.0,2,0.0,139.50442659336588,130.21307531275977,142.0412844961457,143.78970652041227,0.029669983453538218,0.0,0.0,0.0,0.0,0.0,0.0,0.0,0.0,0.0,1.0,1472.0
PUNO,SAN ROMAN,CABANA,211102,4511.0,2,0.0,37.29389091902682,33.121809190160896,37.88036159389156,28.435133397671684,0.03892531846664393,823.9999999999999,0.18266459765018841,0.18266459765018841,4511.0,1.0,0.8173354023498116,4511.0,1.0,0.0,0.0,0.0
PUNO,SAN ROMAN,CABANILLAS,211103,5180.0,2,0.0,31.23619952698932,27.976620017245597,33.12199026321474,32.185497278044124,0.05669722057163995,2288.0,0.4416988416988417,0.4416988416988417,5180.0,1.0,0.5583011583011583,5180.0,1.0,0.0,0.0,0.0
PUNO,SAN ROMAN,CARACOTO,211104,6798.0,2,0.0,15.113017178732145,11.57183582684461,15.129033913415796,14.33304013136942,0.05301219785394784,6798.0,1.0,1.0,6798.0,1.0,0.0,6798.0,1.0,0.0,0.0,0.0
PUNO,SAN ROMAN,JULIACA,211101,225221.0,3,0.0,3.2779856553390343,2.7100000381469727,2.7100000381469727,1.3496071736553161,0.16825989085082083,225221.0,1.0,1.0,225221.0,1.0,0.0,225221.0,1.0,0.0,0.0,0.0
PUNO,SANDIA,ALTO INAMBARI,211209,7418.0,2,0.0,101.15661198175573,78.01185441719937,102.835702182268,75.64971511606323,0.06630599928691305,0.0,0.0,0.0,1108.0,0.1493664060393637,0.1493664060393637,7418.0,1.0,0.8506335939606363,0.0,0.0
PUNO,SANDIA,CUYOCUYO,211202,5355.0,3,0.0,74.99194190259519,60.13975453584091,81.46928391498068,47.5235063729166,0.11959149213969111,0.0,0.0,0.0,1330.0,0.24836601307189543,0.24836601307189543,5355.0,1.0,0.7516339869281046,0.0,0.0
PUNO,SANDIA,LIMBANI,211203,3734.0,2,0.0,113.43176167778746,111.90666961669922,114.51519696188113,127.4320040408085,0.007305822503456794,0.0,0.0,0.0,0.0,0.0,0.0,3734.0,1.0,1.0,0.0,0.0
PUNO,SANDIA,PATAMBUCO,211204,4167.0,2,0.0,107.51515894414482,103.98956062773178,107.49124708648385,89.63978380020615,0.00705511982871132,0.0,0.0,0.0,0.0,0.0,0.0,4167.0,1.0,1.0,0.0,0.0
PUNO,SANDIA,PHARA,211205,4847.0,2,0.0,128.60169369190137,125.33878901481629,129.56375389671325,141.28017274271417,0.011656517489444074,0.0,0.0,0.0,0.0,0.0,0.0,0.0,0.0,0.0,1.0,4847.0
PUNO,SANDIA,QUIACA,211206,2232.0,2,0.0,92.7886361460532,89.55387207620961,93.12810839961692,64.23279246976298,0.011091696730768374,0.0,0.0,0.0,0.0,0.0,0.0,2232.0,1.0,1.0,0.0,0.0
PUNO,SANDIA,SAN JUAN DEL ORO,211207,13842.0,4,0.0,108.37955358031512,99.93777716576636,118.6982381220464,80.85505565400241,0.0516978017999592,0.0,0.0,0.0,0.0,0.0,0.0,9337.5,0.6745773732119635,0.6745773732119635,0.32542262678803646,4504.500000000001
PUNO,SANDIA,SAN PEDRO DE PUTINA PUNCO,211210,10605.0,3,0.0,139.6852619219703,131.86000061035156,146.28079540464495,108.41944249111322,0.0336239428768107,0.0,0.0,0.0,0.0,0.0,0.0,0.0,0.0,0.0,1.0,10605.0
PUNO,SANDIA,SANDIA,211201,11374.0,3,0.0,13.492743395466087,8.126578553672045,21.715573295120574,8.85735380509942,0.3969232510491395,11374.0,1.0,1.0,11374.0,1.0,0.0,11374.0,1.0,0.0,0.0,0.0
PUNO,SANDIA,YANAHUAYA,211208,2389.0,2,0.0,90.11238673622512,88.875,90.94600584430627,73.11111402611395,0.007271020004908313,0.0,0.0,0.0,0.0,0.0,0.0,2389.0,1.0,1.0,0.0,0.0
PUNO,YUNGUYO,ANAPIA,211302,2294.0,2,0.0,25.540000915527344,25.540000915527344,25.540000915527344,20.896400451660156,0.0,2294.0,1.0,1.0,2294.0,1.0,0.0,2294.0,1.0,0.0,0.0,0.0
PUNO,YUNGUYO,COPANI,211303,5370.0,2,0.0,19.326303059384365,19.31720311258741,19.326106943318262,18.70718521423624,9.437053101835069e-05,5370.0,1.0,1.0,5370.0,1.0,0.0,5370.0,1.0,0.0,0.0,0.0
PUNO,YUNGUYO,CUTURAPI,211304,2492.0,2,0.0,13.203418696481574,12.15384481682436,13.518768688706668,12.306732315504341,0.036797199549069126,2492.0,1.0,1.0,2492.0,1.0,0.0,2492.0,1.0,0.0,0.0,0.0
PUNO,YUNGUYO,OLLARAYA,211305,4644.0,2,0.0,17.278003642930745,17.023332595825195,17.023332595825195,15.03252611973489,0.013441483903894436,4644.0,1.0,1.0,4644.0,1.0,0.0,4644.0,1.0,0.0,0.0,0.0
PUNO,YUNGUYO,TINICACHI,211306,1490.0,2,0.0,27.232091788477547,26.71500015258789,27.786817558168426,23.4711446646876,0.01251444892376774,1490.0,1.0,1.0,1490.0,1.0,0.0,1490.0,1.0,0.0,0.0,0.0
PUNO,YUNGUYO,UNICACHI,211307,3869.0,2,0.0,24.580485569472522,22.99616903513034,25.27923411220185,21.16225114784428,0.03440036125806245,3869.0,1.0,1.0,3869.0,1.0,0.0,3869.0,1.0,0.0,0.0,0.0
PUNO,YUNGUYO,YUNGUYO,211301,29250.0,5,0.0,8.282933326721192,7.765630644720955,13.461891715591019,5.423713966369629,0.34107231541821115,29250.0,1.0,1.0,29250.0,1.0,0.0,29250.0,1.0,0.0,0.0,0.0
SAN MARTIN,BELLAVISTA,ALTO BIAVO,220202,5996.0,3,0.0,80.41030467582434,56.87762097011424,94.07152639128847,55.83078531490476,0.17065720954973407,0.0,0.0,0.0,2448.0,0.4082721814543029,0.4082721814543029,5996.0,1.0,0.5917278185456971,0.0,0.0
SAN MARTIN,BELLAVISTA,BAJO BIAVO,220203,12053.0,4,0.0,53.08370588374298,31.447235997278746,72.8423304223042,42.292621805926416,0.2693802141160425,1951.0000000000002,0.16186841450261347,0.16186841450261347,7002.0,0.5809342072513067,0.41906579274869327,12053.0,1.0,0.41906579274869327,0.0,0.0
SAN MARTIN,BELLAVISTA,BELLAVISTA,220201,14276.0,3,0.0,4.749102166050387,3.179413017548651,6.5125913270498765,3.5260742082920484,0.2472091519038001,14276.0,1.0,1.0,14276.0,1.0,0.0,14276.0,1.0,0.0,0.0,0.0
SAN MARTIN,BELLAVISTA,HUALLAGA,220204,2931.0,2,0.0,40.85303506555105,28.674367049251877,45.804206295592564,25.611939048571866,0.15492171944556876,922.0,0.3145684066871375,0.3145684066871375,2931.0,1.0,0.6854315933128625,2931.0,1.0,0.0,0.0,0.0
SAN MARTIN,BELLAVISTA,SAN PABLO,220205,9028.0,4,0.0,27.934233028908775,27.074291811670577,31.939875113647727,27.52770656582313,0.09067525178458435,5825.000000000001,0.6452148870181658,0.6452148870181658,9028.0,1.0,0.35478511298183424,9028.0,1.0,0.0,0.0,0.0
SAN MARTIN,BELLAVISTA,SAN RAFAEL,220206,5695.0,3,0.0,15.187864812661724,11.61467682414805,17.808268616782733,15.86484850380272,0.1449397408169052,5695.0,1.0,1.0,5695.0,1.0,0.0,5695.0,1.0,0.0,0.0,0.0
SAN MARTIN,EL DORADO,AGUA BLANCA,220302,2568.0,2,0.0,49.68324456259469,48.46666717529297,50.51672780507788,50.91866425487483,0.013072908624822355,0.0,0.0,0.0,2568.0,1.0,1.0,2568.0,1.0,0.0,0.0,0.0
SAN MARTIN,EL DORADO,SAN JOSE DE SISA,220301,14326.0,3,0.0,61.827816201241575,57.35851660158229,69.3268853975512,63.39941406409767,0.07251077900204739,0.0,0.0,0.0,6546.0,0.4569314533016892,0.4569314533016892,14326.0,1.0,0.5430685466983107,0.0,0.0
SAN MARTIN,EL DORADO,SAN MARTIN,220303,9491.0,3,0.0,124.60272414063066,115.31820099113523,143.91939283557997,75.01105993739321,0.11624038596655772,0.0,0.0,0.0,0.0,0.0,0.0,2138.0,0.22526604151301233,0.22526604151301233,0.7747339584869877,7353.0
SAN MARTIN,EL DORADO,SANTA ROSA,220304,5996.0,2,0.0,42.04599228312446,41.5411279178231,41.981559323799,45.26571189060937,0.0010392031223772635,0.0,0.0,0.0,5996.0,1.0,1.0,5996.0,1.0,0.0,0.0,0.0
SAN MARTIN,EL DORADO,SHATOJA,220305,3015.0,2,0.0,67.3153161575545,65.32160882388844,68.40699144251207,71.49079306683137,0.01638531331794879,0.0,0.0,0.0,0.0,0.0,0.0,3015.0,1.0,1.0,0.0,0.0
SAN MARTIN,HUALLAGA,ALTO SAPOSOA,220402,2643.0,2,0.0,72.1913169546196,68.31568900334119,74.4858062576995,70.02110560717026,0.028455630872970206,0.0,0.0,0.0,0.0,0.0,0.0,2643.0,1.0,1.0,0.0,0.0
SAN MARTIN,HUALLAGA,EL ESLABON,220403,2804.0,2,0.0,37.88727032475057,34.74758079980066,39.76418290800701,30.35488365380128,0.04285336224073499,0.0,0.0,0.0,2804.0,1.0,1.0,2804.0,1.0,0.0,0.0,0.0
SAN MARTIN,HUALLAGA,PISCOYACU,220404,3718.0,2,0.0,36.070935785417724,34.75771537224246,36.855543928940676,35.33327782288747,0.018868021588578587,0.0,0.0,0.0,3718.0,1.0,1.0,3718.0,1.0,0.0,0.0,0.0
SAN MARTIN,HUALLAGA,SACANCHE,220405,2730.0,2,0.0,14.189535396003025,11.609999656677246,15.93826350942254,14.84102017538888,0.09655588056644993,2730.0,1.0,1.0,2730.0,1.0,0.0,2730.0,1.0,0.0,0.0,0.0
SAN MARTIN,HUALLAGA,SAPOSOA,220401,12023.0,3,0.0,46.09322520039259,40.165000915527344,53.206134949559754,43.51848486676883,0.07104152804439778,0.0,0.0,0.0,12023.0,1.0,1.0,12023.0,1.0,0.0,0.0,0.0
SAN MARTIN,HUALLAGA,TINGO DE SAPOSOA,220406,776.0,2,0.0,9.27437492867106,8.579999923706055,9.816029635514361,10.138295472282724,0.06512556171028283,776.0,1.0,1.0,776.0,1.0,0.0,776.0,1.0,0.0,0.0,0.0
SAN MARTIN,LAMAS,ALONSO DE ALVARADO,220502,14920.0,4,0.0,42.033652304068966,37.97275511741224,50.183990924359094,45.5021242159621,0.09609148571784554,0.0,0.0,0.0,14920.0,1.0,1.0,14920.0,1.0,0.0,0.0,0.0
SAN MARTIN,LAMAS,BARRANQUITA,220503,5285.0,3,0.0,143.9364210592539,118.57639839303255,157.74594374110652,136.18820285562535,0.1080419136936388,0.0,0.0,0.0,0.0,0.0,0.0,1846.0,0.34929044465468306,0.34929044465468306,0.6507095553453169,3439.0
SAN MARTIN,LAMAS,CAYNARACHI,220504,8933.0,3,0.0,59.55592465547489,58.48341702943293,68.64757792816799,55.197648398462235,0.10637597969838553,0.0,0.0,0.0,2939.0,0.3290048136124482,0.3290048136124482,8933.0,1.0,0.6709951863875518,0.0,0.0
SAN MARTIN,LAMAS,CUNUMBUQUI,220505,4461.0,2,0.0,43.043573452629495,27.748706383984633,47.0990759935938,37.37628305687869,0.15644872633563833,1083.0,0.24277067921990586,0.24277067921990586,4461.0,1.0,0.7572293207800942,4461.0,1.0,0.0,0.0,0.0
SAN MARTIN,LAMAS,LAMAS,220501,13173.0,3,0.0,7.235067714349308,2.8266665935516357,15.799475392795859,5.91039962050204,0.42966506643262525,13173.0,1.0,1.0,13173.0,1.0,0.0,13173.0,1.0,0.0,0.0,0.0
SAN MARTIN,LAMAS,PINTO RECODO,220506,9542.0,4,0.0,31.8197406282267,28.89890702611759,35.91003793313569,25.768416052318376,0.09376721647827924,1981.0,0.20760846782645148,0.20760846782645148,9542.0,1.0,0.7923915321735485,9542.0,1.0,0.0,0.0,0.0
SAN MARTIN,LAMAS,RUMISAPA,220507,2648.0,3,0.0,14.101228777735615,12.94150575406585,14.904301517024107,13.066426965405213,0.05291609944684428,2648.0,1.0,1.0,2648.0,1.0,0.0,2648.0,1.0,0.0,0.0,0.0
SAN MARTIN,LAMAS,SAN ROQUE DE CUMBAZA,220508,2822.0,3,0.0,17.3789824425625,15.835563751055616,20.22026339723195,12.972310899251914,0.09637345603877412,2822.0,1.0,1.0,2822.0,1.0,0.0,2822.0,1.0,0.0,0.0,0.0
SAN MARTIN,LAMAS,SHANAO,220509,2492.0,2,0.0,14.789560664714244,14.066666603088379,15.407526674675447,13.690728461570188,0.029009451675381603,2492.0,1.0,1.0,2492.0,1.0,0.0,2492.0,1.0,0.0,0.0,0.0
SAN MARTIN,LAMAS,TABALOSOS,220510,12738.0,3,0.0,22.1473579101275,20.28333282470703,24.585868773609402,23.046567217598795,0.05560473452092085,12738.0,1.0,1.0,12738.0,1.0,0.0,12738.0,1.0,0.0,0.0,0.0
SAN MARTIN,LAMAS,ZAPATERO,220511,4991.0,2,0.0,29.117094725889903,23.155490595349193,29.599097386647966,28.795204101452438,0.06084718436014058,766.0,0.15347625726307354,0.15347625726307354,4991.0,1.0,0.8465237427369264,4991.0,1.0,0.0,0.0,0.0
SAN MARTIN,MARISCAL CACERES,CAMPANILLA,220602,8331.0,2,0.0,99.59078918317832,61.77905590093229,109.9104803696396,82.97494006634847,0.16910748978560253,0.0,0.0,0.0,2054.0,0.24654903372944426,0.24654903372944426,2054.0,0.24654903372944426,0.0,0.7534509662705557,6277.0
SAN MARTIN,MARISCAL CACERES,HUICUNGO,220603,6211.0,2,0.0,42.44631905495074,23.309402868849393,53.73521431400426,32.30689410736472,0.24031832458459246,2858.0,0.4601513443889873,0.4601513443889873,2858.0,0.4601513443889873,0.0,6211.0,1.0,0.5398486556110127,0.0,0.0
SAN MARTIN,MARISCAL CACERES,JUANJUI,220601,27306.0,3,0.0,1.941371184220325,1.0399999618530273,7.04909831110512,1.7280656864732507,0.3994663403946991,27306.0,1.0,1.0,27306.0,1.0,0.0,27306.0,1.0,0.0,0.0,0.0
SAN MARTIN,MARISCAL CACERES,PACHIZA,220604,4501.0,3,0.0,30.2652737262169,31.1646768419907,34.71826862035127,26.37189826931431,0.12586130665092143,1016.0,0.2257276160853144,0.2257276160853144,4501.0,1.0,0.7742723839146857,4501.0,1.0,0.0,0.0,0.0
SAN MARTIN,MARISCAL CACERES,PAJARILLO,220605,5297.0,2,0.0,12.992893656312418,12.103333473205566,14.269141355000045,8.346412901836047,0.05667728999897348,5297.0,1.0,1.0,5297.0,1.0,0.0,5297.0,1.0,0.0,0.0,0.0
SAN MARTIN,MOYOBAMBA,CALZADA,220102,3884.0,2,0.0,10.688224256959439,7.751937337059547,11.831720627812299,10.836326356037269,0.1406055495399362,3884.0,1.0,1.0,3884.0,1.0,0.0,3884.0,1.0,0.0,0.0,0.0
SAN MARTIN,MOYOBAMBA,HABANA,220103,1726.0,2,0.0,16.15983374674102,15.873332977294922,16.51110794821451,12.165414924002743,0.012428922591436353,1726.0,1.0,1.0,1726.0,1.0,0.0,1726.0,1.0,0.0,0.0,0.0
SAN MARTIN,MOYOBAMBA,JEPELACIO,220104,19548.0,5,0.0,50.43996407639141,42.87315731414452,64.65741368327058,21.39076577393373,0.1440974674922878,0.0,0.0,0.0,15270.666666666666,0.7811881863447241,0.7811881863447241,19548.0,1.0,0.2188118136552759,0.0,0.0
SAN MARTIN,MOYOBAMBA,MOYOBAMBA,220101,64900.0,7,0.0,20.67944197482798,1.7233333587646484,67.52985121011197,12.798800338433226,0.6666195605105427,48134.0,0.7416640986132511,0.7416640986132511,51574.0,0.7946687211093991,0.05300462249614801,64900.0,1.0,0.20533127889060088,0.0,0.0
SAN MARTIN,MOYOBAMBA,SORITOR,220105,23357.0,4,0.0,28.224193135786738,22.11833381652832,38.55568387937415,27.094145463346624,0.15204368547301228,16900.5,0.7235732328638096,0.7235732328638096,23357.0,1.0,0.2764267671361904,23357.0,1.0,0.0,0.0,0.0
SAN MARTIN,MOYOBAMBA,YANTALO,220106,2779.0,2,0.0,2.6097618511744907,1.7883332967758179,3.257777710755666,1.800157104219709,0.17985845917681265,2779.0,1.0,1.0,2779.0,1.0,0.0,2779.0,1.0,0.0,0.0,0.0
SAN MARTIN,PICOTA,BUENOS AIRES,220702,3259.0,3,0.0,63.74171059846366,59.452503947904184,72.03317046731522,51.96682392435229,0.12120101481201329,0.0,0.0,0.0,1212.0,0.37189321877876647,0.37189321877876647,3259.0,1.0,0.6281067812212335,0.0,0.0
SAN MARTIN,PICOTA,CASPISAPA,220703,1958.0,2,0.0,19.430926719408358,19.104999542236328,19.905682987120095,25.692420659440288,0.012910041139647221,1958.0,1.0,1.0,1958.0,1.0,0.0,1958.0,1.0,0.0,0.0,0.0
SAN MARTIN,PICOTA,PICOTA,220701,8342.0,3,0.0,28.300298550408453,27.31333351135254,27.576633920484376,37.831264540663845,0.030841155634175554,7508.0,0.9000239750659315,0.9000239750659315,8342.0,1.0,0.09997602493406854,8342.0,1.0,0.0,0.0,0.0
SAN MARTIN,PICOTA,PILLUANA,220704,904.0,3,0.0,68.37342968662229,64.59833526611328,72.56795885542749,68.15398841621601,0.03043285719544586,0.0,0.0,0.0,0.0,0.0,0.0,904.0,1.0,1.0,0.0,0.0
SAN MARTIN,PICOTA,PUCACACA,220705,2910.0,3,0.0,38.334934072068464,34.52248971694662,43.154300736529486,48.34991044113316,0.07405341404211174,0.0,0.0,0.0,2910.0,1.0,1.0,2910.0,1.0,0.0,0.0,0.0
SAN MARTIN,PICOTA,SAN CRISTOBAL,220706,1286.0,2,0.0,17.528888063148987,16.505023810999962,17.458338136223432,21.338032792181842,0.008842148640155978,1286.0,1.0,1.0,1286.0,1.0,0.0,1286.0,1.0,0.0,0.0,0.0
SAN MARTIN,PICOTA,SAN HILARION,220707,4721.0,2,0.0,21.607467509962397,14.90999984741211,28.724818115798477,23.2640284477869,0.20340150861105366,3098.0,0.6562169031984749,0.6562169031984749,4721.0,1.0,0.3437830968015251,4721.0,1.0,0.0,0.0,0.0
SAN MARTIN,PICOTA,SHAMBOYACU,220708,7065.0,3,0.0,70.74192995205047,67.49951884011242,73.15212919202155,79.88322042801325,0.02272028712452656,0.0,0.0,0.0,0.0,0.0,0.0,7065.0,1.0,1.0,0.0,0.0
SAN MARTIN,PICOTA,TINGO DE PONASA,220709,4012.0,3,0.0,57.87093155405457,41.69797833911597,72.20596960074703,65.00444067653606,0.16699794530834666,0.0,0.0,0.0,2366.0,0.5897308075772681,0.5897308075772681,4012.0,1.0,0.41026919242273185,0.0,0.0
SAN MARTIN,PICOTA,TRES UNIDOS,220710,4085.0,2,0.0,99.87921709973489,78.9598337962298,112.4213002553397,84.93990751007341,0.10643154541109978,0.0,0.0,0.0,0.0,0.0,0.0,2008.0,0.49155446756425947,0.49155446756425947,0.5084455324357405,2077.0
SAN MARTIN,RIOJA,AWAJUN,220802,6773.0,3,0.0,43.55847514349795,38.3329021461526,49.0772182107688,41.24436401768201,0.07950416779813685,0.0,0.0,0.0,6773.0,1.0,1.0,6773.0,1.0,0.0,0.0,0.0
SAN MARTIN,RIOJA,ELIAS SOPLIN VARGAS,220803,9767.0,2,0.0,19.37328645728244,14.515000343322754,24.540957911273942,16.486606763111503,0.16463118854365733,9767.0,1.0,1.0,9767.0,1.0,0.0,9767.0,1.0,0.0,0.0,0.0
SAN MARTIN,RIOJA,NUEVA CAJAMARCA,220804,35773.0,5,0.0,25.600853168730787,20.43000030517578,35.50292953165014,26.655084479889172,0.13049356832536674,28113.5,0.7858860034103933,0.7858860034103933,35773.0,1.0,0.21411399658960673,35773.0,1.0,0.0,0.0,0.0
SAN MARTIN,RIOJA,PARDO MIGUEL,220805,17088.0,4,0.0,57.25504183825036,50.82977670176812,66.28707775014861,58.28944053408805,0.07876439483017172,0.0,0.0,0.0,9127.0,0.5341175093632958,0.5341175093632958,17088.0,1.0,0.46588249063670417,0.0,0.0
SAN MARTIN,RIOJA,POSIC,220806,1398.0,2,0.0,9.75023019092107,8.49666690826416,11.586952574696827,6.371592390690751,0.09941454211259637,1398.0,1.0,1.0,1398.0,1.0,0.0,1398.0,1.0,0.0,0.0,0.0
SAN MARTIN,RIOJA,RIOJA,220801,22394.0,3,0.0,1.3033785130936748,0.5316666960716248,1.732009450374256,1.0502449396897546,0.5323268620436908,22394.0,1.0,1.0,22394.0,1.0,0.0,22394.0,1.0,0.0,0.0,0.0
SAN MARTIN,RIOJA,SAN FERNANDO,220807,3910.0,2,0.0,35.649183487953124,30.141666412353516,38.98761503910957,30.95708328500733,0.0776411684199193,0.0,0.0,0.0,3910.0,1.0,1.0,3910.0,1.0,0.0,0.0,0.0
SAN MARTIN,RIOJA,YORONGOS,220808,3128.0,2,0.0,25.949509115780103,21.53333282470703,31.443232421875003,11.030082197750316,0.12012947518340689,2208.0,0.7058823529411765,0.7058823529411765,3128.0,1.0,0.2941176470588235,3128.0,1.0,0.0,0.0,0.0
SAN MARTIN,RIOJA,YURACYACU,220809,4267.0,2,0.0,29.045686358837827,28.671667098999023,29.60148206633945,19.4571475911146,0.010480800719399386,3473.0,0.8139207874384814,0.8139207874384814,4267.0,1.0,0.1860792125615186,4267.0,1.0,0.0,0.0,0.0
SAN MARTIN,SAN MARTIN,ALBERTO LEVEAU,220902,912.0,2,0.0,47.42719038327535,44.46333312988281,49.308854398017004,42.89687863567419,0.0321371892286606,0.0,0.0,0.0,912.0,1.0,1.0,912.0,1.0,0.0,0.0,0.0
SAN MARTIN,SAN MARTIN,CACATACHI,220903,3085.0,2,0.0,6.924595075836058,4.532789856072807,7.4078915893786235,6.764068874972759,0.13673735810168364,3085.0,1.0,1.0,3085.0,1.0,0.0,3085.0,1.0,0.0,0.0,0.0
SAN MARTIN,SAN MARTIN,CHAZUTA,220904,8559.0,3,0.0,58.67179679848321,55.14641785581204,62.627928347308654,52.705014551169185,0.04882101764426394,0.0,0.0,0.0,5687.0,0.6644467811660241,0.6644467811660241,8559.0,1.0,0.33555321883397593,0.0,0.0
SAN MARTIN,SAN MARTIN,CHIPURANA,220905,1871.0,3,0.0,159.99149182644328,144.8804134757504,169.0387535935876,151.31416560570102,0.048484495032600994,0.0,0.0,0.0,0.0,0.0,0.0,0.0,0.0,0.0,1.0,1871.0
SAN MARTIN,SAN MARTIN,EL PORVENIR,220906,2062.0,2,0.0,132.30870965611692,129.29185478510934,134.11836851561563,135.2322208763441,0.011509231852002921,0.0,0.0,0.0,0.0,0.0,0.0,0.0,0.0,0.0,1.0,2062.0
SAN MARTIN,SAN MARTIN,HUIMBAYOC,220907,4351.0,3,0.0,156.52713080730365,144.62781440147987,169.05697458120494,149.81837717633607,0.04089911801302615,0.0,0.0,0.0,0.0,0.0,0.0,0.0,0.0,0.0,1.0,4351.0
SAN MARTIN,SAN MARTIN,JUAN GUERRA,220908,3238.0,2,0.0,12.720224870289455,12.131667137145996,12.131667137145996,11.963224259624516,0.043568726052313655,3238.0,1.0,1.0,3238.0,1.0,0.0,3238.0,1.0,0.0,0.0,0.0
SAN MARTIN,SAN MARTIN,LA BANDA DE SHILCAYO,220909,29040.0,3,0.0,5.618626837329759,2.9066667556762695,5.101417649385616,3.7823317109717483,0.436324575501872,26479.0,0.9118112947658402,0.9118112947658402,29040.0,1.0,0.08818870523415978,29040.0,1.0,0.0,0.0,0.0
SAN MARTIN,SAN MARTIN,MORALES,220910,23561.0,2,0.0,1.0822960889165902,0.9516666531562805,0.9516666531562805,0.47784784246111334,0.11717726563888808,23561.0,1.0,1.0,23561.0,1.0,0.0,23561.0,1.0,0.0,0.0,0.0
SAN MARTIN,SAN MARTIN,PAPAPLAYA,220911,2548.0,2,0.0,143.74349867792293,135.67999267578125,149.08437820812887,140.5955803839715,0.02945726298897411,0.0,0.0,0.0,0.0,0.0,0.0,0.0,0.0,0.0,1.0,2548.0
SAN MARTIN,SAN MARTIN,SAN ANTONIO,220912,1573.0,3,0.0,11.671634678922485,10.062684508556492,12.946256160223356,9.231598212926613,0.0930464199256904,1573.0,1.0,1.0,1573.0,1.0,0.0,1573.0,1.0,0.0,0.0,0.0
SAN MARTIN,SAN MARTIN,SAUCE,220913,10718.0,3,0.0,52.52313883959925,49.128334045410156,59.15553938547771,53.22304194514977,0.050062547274014824,0.0,0.0,0.0,8462.0,0.7895129688374697,0.7895129688374697,10718.0,1.0,0.2104870311625303,0.0,0.0
SAN MARTIN,SAN MARTIN,SHAPAJA,220914,1690.0,2,0.0,21.53040651851857,19.446666717529297,19.446666717529297,22.507750333977874,0.0885348064617304,1546.0,0.914792899408284,0.914792899408284,1690.0,1.0,0.08520710059171599,1690.0,1.0,0.0,0.0,0.0
SAN MARTIN,SAN MARTIN,TARAPOTO,220901,68328.0,3,0.0,2.7056265038735496,2.609999895095825,2.609999895095825,2.0171765250416303,0.034861186764862606,68328.0,1.0,1.0,68328.0,1.0,0.0,68328.0,1.0,0.0,0.0,0.0
SAN MARTIN,TOCACHE,NUEVO PROGRESO,221002,11106.0,3,0.0,39.22548460724245,33.84749984741211,44.92039687356229,47.64466275744625,0.09326175501292089,0.0,0.0,0.0,11106.0,1.0,1.0,11106.0,1.0,0.0,0.0,0.0
SAN MARTIN,TOCACHE,POLVORA,221003,10751.0,4,0.0,42.47735306877567,38.241688239418046,49.640254287035965,45.81744439816344,0.09494398938493331,0.0,0.0,0.0,10751.0,1.0,1.0,10751.0,1.0,0.0,0.0,0.0
SAN MARTIN,TOCACHE,SHUNTE,221004,1140.0,2,0.0,38.37653595773797,38.06728440398103,38.46145797942902,37.58068664952329,0.003598080492256628,0.0,0.0,0.0,1140.0,1.0,1.0,1140.0,1.0,0.0,0.0,0.0
SAN MARTIN,TOCACHE,TOCACHE,221001,29509.0,5,0.0,6.814871625646733,1.3366667032241821,16.67731379722814,7.30429337747422,0.508739458621047,29509.0,1.0,1.0,29509.0,1.0,0.0,29509.0,1.0,0.0,0.0,0.0
SAN MARTIN,TOCACHE,UCHIZA,221005,22885.0,6,0.0,33.52641651513892,34.485108070842585,41.17531896010422,38.641979125599846,0.14979598324339793,8778.666666666666,0.3835991551962712,0.3835991551962712,22885.0,1.0,0.6164008448037288,22885.0,1.0,0.0,0.0,0.0
TACNA,CANDARAVE,CAIRANI,230202,1355.0,3,0.0,159.04167318308924,158.42758962270375,161.9868960222661,118.16852035240933,0.012358504645724189,0.0,0.0,0.0,0.0,0.0,0.0,0.0,0.0,0.0,1.0,1355.0
TACNA,CANDARAVE,CAMILACA,230203,1727.0,3,0.0,141.84908836731415,136.20158553297503,148.09175901855468,96.77425295283633,0.02540898913487666,0.0,0.0,0.0,0.0,0.0,0.0,0.0,0.0,0.0,1.0,1727.0
TACNA,CANDARAVE,CANDARAVE,230201,3168.0,3,0.0,159.8606895388979,143.90256133446326,179.6611778918332,138.39137097079345,0.07302156376021962,0.0,0.0,0.0,0.0,0.0,0.0,0.0,0.0,0.0,1.0,3168.0
TACNA,CANDARAVE,CURIBAYA,230204,203.0,2,0.0,142.7551249236309,137.42675063521773,145.1146836231373,141.0466953521879,0.019945559591186712,0.0,0.0,0.0,0.0,0.0,0.0,0.0,0.0,0.0,1.0,203.0
TACNA,CANDARAVE,HUANUARA,230205,823.0,2,0.0,161.67969678876466,158.7136774291992,161.54406605224608,146.03678525088046,0.003223862227024199,0.0,0.0,0.0,0.0,0.0,0.0,0.0,0.0,0.0,1.0,823.0
TACNA,CANDARAVE,QUILAHUANI,230206,1125.0,2,0.0,178.35954501681857,177.46358035720942,178.85937866909813,121.04009813096788,0.0027706981336800274,0.0,0.0,0.0,0.0,0.0,0.0,0.0,0.0,0.0,1.0,1125.0
TACNA,JORGE BASADRE,ILABAYA,230302,4438.0,4,0.0,118.77457896778851,100.15333557128906,141.69228245363396,103.08293983043448,0.09188852749292364,0.0,0.0,0.0,0.0,0.0,0.0,2226.0,0.501577287066246,0.501577287066246,0.49842271293375395,2212.0
TACNA,JORGE BASADRE,ITE,230303,3308.0,3,0.0,58.690548102253146,56.34266647284822,62.033226942087154,59.009718303380595,0.03189303192453963,0.0,0.0,0.0,2692.0,0.8137847642079806,0.8137847642079806,3308.0,1.0,0.18621523579201937,0.0,0.0
TACNA,JORGE BASADRE,LOCUMBA,230301,2181.0,2,0.0,83.805759886436,77.07983699952713,87.75596984131168,86.97271501837604,0.04302246029562895,0.0,0.0,0.0,0.0,0.0,0.0,2181.0,1.0,1.0,0.0,0.0
TACNA,TACNA,ALTO DE LA ALIANZA,230102,35439.0,2,0.0,4.630034329777576,4.3416666984558105,4.3416666984558105,2.5025186790845853,0.06118883545399112,35439.0,1.0,1.0,35439.0,1.0,0.0,35439.0,1.0,0.0,0.0,0.0
TACNA,TACNA,CALANA,230103,3004.0,2,0.0,11.45386779927382,9.28442385742375,11.540884405273811,7.893626040371058,0.049278531037999285,3004.0,1.0,1.0,3004.0,1.0,0.0,3004.0,1.0,0.0,0.0,0.0
TACNA,TACNA,CIUDAD NUEVA,230104,34231.0,2,0.0,6.564302223918559,6.563333511352539,6.563333511352539,4.060071718452139,0.0001475469497467241,34231.0,1.0,1.0,34231.0,1.0,0.0,34231.0,1.0,0.0,0.0,0.0
TACNA,TACNA,CORONEL GREGORIO ALBARRACIN LANCHIPA,230110,68989.0,2,0.0,6.3324764421987725,6.318333148956299,6.318333148956299,3.6315330669373935,0.0022292127464339506,68989.0,1.0,1.0,68989.0,1.0,0.0,68989.0,1.0,0.0,0.0,0.0
TACNA,TACNA,INCLAN,230105,4103.0,2,0.0,47.46362258200816,46.58871158056227,47.62040955244058,46.169652694787686,0.006978467860886184,0.0,0.0,0.0,4103.0,1.0,1.0,4103.0,1.0,0.0,0.0,0.0
TACNA,TACNA,PACHIA,230106,1963.0,2,0.0,31.181432468455117,21.87358143084123,32.700048927769814,16.347958129945,0.10927359970685979,380.0,0.19358125318390218,0.19358125318390218,1963.0,1.0,0.8064187468160978,1963.0,1.0,0.0,0.0,0.0
TACNA,TACNA,PALCA,230107,1510.0,2,0.0,128.4104580456058,89.2190729700012,129.36380971118774,115.0741473242147,0.07486948147577133,0.0,0.0,0.0,189.0,0.1251655629139073,0.1251655629139073,189.0,0.1251655629139073,0.0,0.8748344370860928,1321.0
TACNA,TACNA,POCOLLAY,230108,17421.0,2,0.0,3.99151078322117,3.809999942779541,3.809999942779541,2.7981652072387315,0.04226875887299353,17421.0,1.0,1.0,17421.0,1.0,0.0,17421.0,1.0,0.0,0.0,0.0
TACNA,TACNA,SAMA,230109,2332.0,3,0.0,52.56675533242332,47.31153818604293,59.28711818883449,55.69572964499786,0.07414361252769675,0.0,0.0,0.0,1684.0,0.7221269296740995,0.7221269296740995,2332.0,1.0,0.2778730703259005,0.0,0.0
TACNA,TACNA,TACNA,230101,94393.0,3,0.0,2.8999841724399307,2.4100000858306885,2.4100000858306885,1.373580100225849,0.1553974170204857,94393.0,1.0,1.0,94393.0,1.0,0.0,94393.0,1.0,0.0,0.0,0.0
TACNA,TARATA,ESTIQUE,230403,551.0,2,0.0,89.6154740155284,83.17166900634766,93.87334743820074,71.69588585384528,0.03771426320975135,0.0,0.0,0.0,0.0,0.0,0.0,551.0,1.0,1.0,0.0,0.0
TACNA,TARATA,ESTIQUE-PAMPA,230404,412.0,2,0.0,93.64992626893867,77.35738714417415,91.03947669641296,74.36776131565131,0.008440058476095746,0.0,0.0,0.0,0.0,0.0,0.0,412.0,1.0,1.0,0.0,0.0
TACNA,TARATA,HEROES ALBARRACIN,230402,559.0,2,0.0,125.63604608034191,122.72333526611328,127.625566828936,99.52415851190393,0.012359120434337734,0.0,0.0,0.0,0.0,0.0,0.0,0.0,0.0,0.0,1.0,559.0
TACNA,TARATA,SITAJARA,230405,560.0,2,0.0,153.44157150813513,149.55107488864806,154.08488538788586,125.22715436390467,0.00932557964293923,0.0,0.0,0.0,0.0,0.0,0.0,0.0,0.0,0.0,1.0,560.0
TACNA,TARATA,SUSAPAYA,230406,848.0,3,0.0,178.60317971571436,169.14512045724052,191.70332410310445,152.21708517254524,0.04063340585093389,0.0,0.0,0.0,0.0,0.0,0.0,0.0,0.0,0.0,1.0,848.0
TACNA,TARATA,TARATA,230401,3614.0,2,0.0,129.95437573937994,113.63999938964844,154.41949762229711,106.08657132240046,0.10011182939599161,0.0,0.0,0.0,0.0,0.0,0.0,2882.0,0.7974543442169342,0.7974543442169342,0.20254565578306583,731.9999999999999
TACNA,TARATA,TARUCACHI,230407,434.0,2,0.0,101.9912367789976,101.6433334350586,101.6433334350586,79.76880793417654,0.003269635544422611,0.0,0.0,0.0,0.0,0.0,0.0,434.0,1.0,1.0,0.0,0.0
TACNA,TARATA,TICACO,230408,815.0,2,0.0,135.24116619086703,125.8316650390625,125.8316650390625,107.33823118619392,0.06325841294467338,0.0,0.0,0.0,0.0,0.0,0.0,0.0,0.0,0.0,1.0,815.0
TUMBES,CONTRALMIRANTE VILLAR,CANOAS DE PUNTA SAL,240203,4429.0,2,0.0,65.424114310841,63.09846294267235,65.96236226626884,69.54548029793011,0.01482922699038336,0.0,0.0,0.0,0.0,0.0,0.0,4429.0,1.0,1.0,0.0,0.0
TUMBES,CONTRALMIRANTE VILLAR,CASITAS,240202,2242.0,2,0.0,66.26186243919896,64.54000091552734,68.51318649335464,60.87051038035955,0.021917474176593288,0.0,0.0,0.0,0.0,0.0,0.0,2242.0,1.0,1.0,0.0,0.0
TUMBES,CONTRALMIRANTE VILLAR,ZORRITOS,240201,10303.0,3,0.0,27.66848295179025,22.980527497114206,28.86426882430323,28.339467354009628,0.11065459463691252,9467.0,0.9188585848781908,0.9188585848781908,10303.0,1.0,0.08114141512180917,10303.0,1.0,0.0,0.0,0.0
TUMBES,TUMBES,CORRALES,240102,23811.0,4,0.0,7.859753883939844,6.611666679382324,10.298447252630394,7.229146049362214,0.11693859930696016,23811.0,1.0,1.0,23811.0,1.0,0.0,23811.0,1.0,0.0,0.0,0.0
TUMBES,TUMBES,LA CRUZ,240103,8090.0,2,0.0,17.773052758781517,15.573624089381422,17.493391504888002,18.096314751350395,0.01077707558807861,8090.0,1.0,1.0,8090.0,1.0,0.0,8090.0,1.0,0.0,0.0,0.0
TUMBES,TUMBES,PAMPAS DE HOSPITAL,240104,6330.0,2,0.0,29.89898812473291,23.3245657888123,33.375579051317146,23.63127389157553,0.12177387831196995,2482.0,0.39210110584518165,0.39210110584518165,6330.0,1.0,0.6078988941548183,6330.0,1.0,0.0,0.0,0.0
TUMBES,TUMBES,SAN JACINTO,240105,7979.0,3,0.0,14.05232710479151,10.680000305175781,18.607995877246577,13.5135944459444,0.17296978765138038,7979.0,1.0,1.0,7979.0,1.0,0.0,7979.0,1.0,0.0,0.0,0.0
TUMBES,TUMBES,SAN JUAN DE LA VIRGEN,240106,3848.0,3,0.0,9.638509788037338,7.833549514993445,12.04175758541755,8.478354309304093,0.15498940857800836,3848.0,1.0,1.0,3848.0,1.0,0.0,3848.0,1.0,0.0,0.0,0.0
TUMBES,TUMBES,TUMBES,240101,95230.0,3,0.0,2.139797107358196,1.7949999570846558,1.7949999570846558,1.2948449900617722,0.1548942651478169,95230.0,1.0,1.0,95230.0,1.0,0.0,95230.0,1.0,0.0,0.0,0.0
TUMBES,ZARUMILLA,AGUAS VERDES,240302,16058.0,3,0.0,19.441270638201125,18.976667404174805,20.17053217210745,22.624118007807674,0.01896574209200863,16058.0,1.0,1.0,16058.0,1.0,0.0,16058.0,1.0,0.0,0.0,0.0
TUMBES,ZARUMILLA,MATAPALO,240303,1568.0,2,0.0,38.28525900840759,36.79666519165039,40.4908082144601,36.906280279159546,0.030376284488141336,0.0,0.0,0.0,1568.0,1.0,1.0,1568.0,1.0,0.0,0.0,0.0
TUMBES,ZARUMILLA,PAPAYAL,240304,4965.0,3,0.0,29.219707970748857,27.207732049204324,32.06053848470596,33.10111059628704,0.053691811845555715,4030.0,0.8116817724068479,0.8116817724068479,4965.0,1.0,0.1883182275931521,4965.0,1.0,0.0,0.0,0.0
TUMBES,ZARUMILLA,ZARUMILLA,240301,18463.0,2,0.0,16.828783657700217,16.77833366394043,16.77833366394043,20.080419812824616,0.0029775433162532172,18463.0,1.0,1.0,18463.0,1.0,0.0,18463.0,1.0,0.0,0.0,0.0
UCAYALI,ATALAYA,RAYMONDI,250201,28063.0,6,0.0,79.04867808417728,12.608810242484598,185.93379691878175,58.63030770557068,0.5524703693597615,13387.0,0.4770338167694117,0.4770338167694117,17671.0,0.6296903395930584,0.15265652282364672,17671.0,0.6296903395930584,0.0,0.3703096604069416,10392.000000000002
UCAYALI,ATALAYA,SEPAHUA,250202,6674.0,2,6674.0,,,,,,0.0,0.0,0.0,0.0,0.0,0.0,0.0,0.0,0.0,1.0,6674.0
UCAYALI,ATALAYA,TAHUANIA,250203,7284.0,2,7284.0,,,,,,0.0,0.0,0.0,0.0,0.0,0.0,0.0,0.0,0.0,1.0,7284.0
UCAYALI,ATALAYA,YURUA,250204,1631.0,2,1631.0,,,,,,0.0,0.0,0.0,0.0,0.0,0.0,0.0,0.0,0.0,1.0,1631.0
UCAYALI,CORONEL PORTILLO,CALLERIA,250101,140954.0,4,4657.0,6.429301594383269,2.073333263397217,2.073333263397217,2.8365362115433435,0.6327166593463953,126983.0,0.9008825574300836,0.9008825574300836,126983.0,0.9008825574300836,0.0,136297.0,0.9669608524766945,0.06607829504661089,0.0330391475233055,4657.000000000004
UCAYALI,CORONEL PORTILLO,CAMPOVERDE,250102,16498.0,5,0.0,42.11949306494511,30.169738237336336,62.671446555274514,36.34941487734875,0.2559469151336645,8113.666666666666,0.49179698549319106,0.49179698549319106,12640.333333333332,0.7661736776174889,0.2743766921242978,16498.0,1.0,0.2338263223825111,0.0,0.0
UCAYALI,CORONEL PORTILLO,IPARIA,250103,10774.0,3,10774.0,,,,,,0.0,0.0,0.0,0.0,0.0,0.0,0.0,0.0,0.0,1.0,10774.0
UCAYALI,CORONEL PORTILLO,MANANTAY,250107,70563.0,2,0.0,5.082559676123249,4.081666469573975,4.081666469573975,4.115964528805203,0.18933881898135685,67844.0,0.9614670578064991,0.9614670578064991,70563.0,1.0,0.038532942193500896,70563.0,1.0,0.0,0.0,0.0
UCAYALI,CORONEL PORTILLO,MASISEA,250104,11651.0,4,0.0,97.19934941426786,94.81284049470487,97.21666717529297,43.76293788121173,0.03653103002686986,0.0,0.0,0.0,0.0,0.0,0.0,11261.0,0.9665264784138701,0.9665264784138701,0.03347352158612993,389.9999999999998
UCAYALI,CORONEL PORTILLO,NUEVA REQUENA,250106,5122.0,2,0.0,56.93315764788025,51.24300456740889,59.92326827188022,34.076310849664544,0.055333430563370145,0.0,0.0,0.0,1995.0000000000002,0.38949629051151896,0.38949629051151896,5122.0,1.0,0.6105037094884811,0.0,0.0
UCAYALI,CORONEL PORTILLO,YARINACOCHA,250105,88174.0,4,0.0,10.321505664208116,7.391666889190674,16.080378783990543,6.143605764536761,0.2587186157769701,83878.5,0.9512838251638805,0.9512838251638805,88174.0,1.0,0.04871617483611945,88174.0,1.0,0.0,0.0,0.0
UCAYALI,PADRE ABAD,CURIMANA,250303,6047.0,2,0.0,86.625043567161,82.76897588403267,88.21112549907215,87.03287123687527,0.023226591541679054,0.0,0.0,0.0,0.0,0.0,0.0,6047.0,1.0,1.0,0.0,0.0
UCAYALI,PADRE ABAD,IRAZOLA,250302,19370.0,5,0.0,61.55334065249733,53.75447483168677,76.58756756875405,70.96770252903282,0.11667110160234417,0.0,0.0,0.0,13222.0,0.6826019617965927,0.6826019617965927,19370.0,1.0,0.3173980382034073,0.0,0.0
UCAYALI,PADRE ABAD,PADRE ABAD,250301,25442.0,4,0.0,119.70952918040153,124.3238627211041,139.9156742133135,96.54756871593719,0.11763550078308271,0.0,0.0,0.0,0.0,0.0,0.0,4872.5,0.19151403191572988,0.19151403191572988,0.8084859680842701,20569.5
UCAYALI,PURUS,PURUS,250401,3746.0,2,3746.0,,,,,,0.0,0.0,0.0,0.0,0.0,0.0,0.0,0.0,0.0,1.0,3746.0
