demand_id,sfca_index,sfca_index_per_10k,n_facilities_in_catchment,ubigeo,department,province,district,area_type,natural_region,design_weight,t_min
CP000010,0.0,0.0,0,010110,AMAZONAS,CHACHAPOYAS,LEIMEBAMBA,URBANO,sierra,1229.0,92.03833
CP000017,0.004987573290267296,49.87573290267296,2,010101,AMAZONAS,CHACHAPOYAS,CHACHAPOYAS,URBANO,sierra,23202.0,0.38
CP000042,0.0,0.0,0,010102,AMAZONAS,CHACHAPOYAS,ASUNCION,URBANO,sierra,150.0,70.845
CP000049,0.0,0.0,0,010103,AMAZONAS,CHACHAPOYAS,BALSAS,URBANO,sierra,259.0,84.49
CP000073,0.0023049082908179193,23.049082908179194,3,010104,AMAZONAS,CHACHAPOYAS,CHETO,URBANO,sierra,378.0,31.79
CP000085,0.0,0.0,0,010105,AMAZONAS,CHACHAPOYAS,CHILIQUIN,URBANO,sierra,82.0,98.82333
CP000122,0.0,0.0,0,010106,AMAZONAS,CHACHAPOYAS,CHUQUIBAMBA,URBANO,sierra,623.0,139.22833
CP000145,0.0,0.0,0,010107,AMAZONAS,CHACHAPOYAS,GRANADA,URBANO,sierra,143.0,60.02833
CP000154,0.004288350366910353,42.883503669103526,2,010108,AMAZONAS,CHACHAPOYAS,HUANCAS,URBANO,sierra,803.0,12.066667
CP000156,0.0,0.0,0,010109,AMAZONAS,CHACHAPOYAS,LA JALCA,URBANO,sierra,2351.0,81.151665
CP000232,0.0,0.0,0,010115,AMAZONAS,CHACHAPOYAS,MONTEVIDEO,URBANO,sierra,619.0,73.16167
CP000239,0.0,0.0,0,010116,AMAZONAS,CHACHAPOYAS,OLLEROS,URBANO,sierra,104.0,70.503334
CP000247,0.0,0.0,0,010117,AMAZONAS,CHACHAPOYAS,QUINJALCA,URBANO,sierra,143.0,70.80334
CP000275,0.00053264921819687,5.326492181968701,6,010202,AMAZONAS,BAGUA,ARAMANGO,URBANO,selva,1131.0,32.43
CP000351,0.00313915303650464,31.3915303650464,3,010118,AMAZONAS,CHACHAPOYAS,SAN FRANCISCO DE DAGUAS,URBANO,sierra,50.0,25.528334
CP000360,0.0018936302324629331,18.93630232462933,2,010119,AMAZONAS,CHACHAPOYAS,SAN ISIDRO DE MAINO,URBANO,sierra,473.0,33.97167
CP000378,0.0011902455085037534,11.902455085037534,2,010112,AMAZONAS,CHACHAPOYAS,MAGDALENA,URBANO,sierra,694.0,40.388332
CP000398,0.0,0.0,0,010113,AMAZONAS,CHACHAPOYAS,MARISCAL CASTILLA,URBANO,sierra,249.0,71.85
CP000423,0.003223502347728048,32.23502347728048,3,010120,AMAZONAS,CHACHAPOYAS,SOLOCO,URBANO,sierra,298.0,24.008333
CP000435,0.003909394444600147,39.093944446001466,3,010121,AMAZONAS,CHACHAPOYAS,SONCHE,URBANO,sierra,102.0,18.653334
CP000441,0.0032842032794305385,32.84203279430538,13,010201,AMAZONAS,BAGUA,BAGUA,URBANO,selva,21000.0,0.66833335
CP000468,0.001418149598626468,14.181495986264679,6,010206,AMAZONAS,BAGUA,LA PECA,URBANO,sierra,3263.0,16.918333
CP000518,0.0030221661648916175,30.221661648916175,2,010111,AMAZONAS,CHACHAPOYAS,LEVANTO,URBANO,sierra,485.0,24.42
CP000535,0.0029415430750978832,29.41543075097883,3,010114,AMAZONAS,CHACHAPOYAS,MOLINOPAMPA,URBANO,sierra,658.0,30.101667
CP000577,0.001522063300094362,15.22063300094362,1,010401,AMAZONAS,CONDORCANQUI,NIEVA,URBANO,selva,2059.0,4.655
CP000613,0.00035341494677893084,3.5341494677893084,2,010303,AMAZONAS,BONGARA,CHURUJA,URBANO,sierra,248.0,55.283333
CP000619,0.0,0.0,0,010304,AMAZONAS,BONGARA,COROSHA,URBANO,sierra,100.0,114.66167
CP000638,0.0,0.0,0,010305,AMAZONAS,BONGARA,CUISPES,URBANO,sierra,364.0,76.915
CP000672,0.002333987630132919,23.33987630132919,6,010203,AMAZONAS,BAGUA,COPALLIN,URBANO,sierra,1858.0,19.985
CP000706,0.0022606359729624133,22.606359729624135,13,010204,AMAZONAS,BAGUA,EL PARCO,URBANO,sierra,651.0,10.14
CP000715,0.0,0.0,0,010205,AMAZONAS,BAGUA,IMAZA,URBANO,selva,1232.0,67.69
CP000829,0.0,0.0,0,010301,AMAZONAS,BONGARA,JUMBILLA,URBANO,sierra,1385.0,98.01
CP000838,0.0,0.0,0,010302,AMAZONAS,BONGARA,CHISQUILLA,URBANO,sierra,140.0,100.91167
CP000848,0.0,0.0,0,010306,AMAZONAS,BONGARA,FLORIDA,URBANO,sierra,3570.0,86.265
CP000883,0.0,0.0,0,010307,AMAZONAS,BONGARA,JAZAN,URBANO,sierra,5602.0,64.605
CP000907,0.0,0.0,0,010308,AMAZONAS,BONGARA,RECTA,URBANO,sierra,80.0,97.888336
CP000915,0.0,0.0,0,010309,AMAZONAS,BONGARA,SAN CARLOS,URBANO,sierra,295.0,76.263336
CP000927,0.0,0.0,0,010310,AMAZONAS,BONGARA,SHIPASBAMBA,URBANO,sierra,788.0,130.06833
CP000938,5.623215169134511e-05,0.5623215169134511,1,010311,AMAZONAS,BONGARA,VALERA,URBANO,sierra,426.0,58.745
CP000955,0.0,0.0,0,010312,AMAZONAS,BONGARA,YAMBRASBAMBA,URBANO,sierra,661.0,112.44334
CP000988,0.0005743227775803297,5.743227775803297,2,010501,AMAZONAS,LUYA,LAMUD,URBANO,sierra,2010.0,49.851665
CP001003,0.0,0.0,0,010502,AMAZONAS,LUYA,CAMPORREDONDO,URBANO,sierra,1360.0,141.47333
CP001012,0.0,0.0,0,010502,AMAZONAS,LUYA,CAMPORREDONDO,URBANO,sierra,2483.0,135.415
CP001029,0.0,0.0,0,010512,AMAZONAS,LUYA,OCALLI,URBANO,sierra,1377.0,164.08167
CP001049,0.0,0.0,0,010513,AMAZONAS,LUYA,OCUMAL,URBANO,sierra,628.0,156.54167
CP001072,0.0,0.0,0,010503,AMAZONAS,LUYA,COCABAMBA,URBANO,sierra,323.0,187.69833
CP001145,0.0,0.0,0,010402,AMAZONAS,CONDORCANQUI,EL CENEPA,URBANO,selva,1088.0,
CP001204,0.0009832915791754538,9.832915791754537,2,010504,AMAZONAS,LUYA,COLCAMAR,URBANO,sierra,1394.0,43.065
CP001222,0.0,0.0,0,010505,AMAZONAS,LUYA,CONILA,URBANO,sierra,1193.0,103.80167
CP001240,0.0016438060690963806,16.438060690963805,2,010506,AMAZONAS,LUYA,INGUILPATA,URBANO,sierra,410.0,35.421665
CP001260,0.0,0.0,0,010507,AMAZONAS,LUYA,LONGUITA,URBANO,sierra,198.0,70.035
CP001277,0.0016792020116740112,16.79202011674011,2,010508,AMAZONAS,LUYA,LONYA CHICO,URBANO,sierra,345.0,35.07
CP001287,0.0007746653651172853,7.746653651172853,2,010509,AMAZONAS,LUYA,LUYA,URBANO,sierra,2178.0,46.195
CP001302,0.0,0.0,0,010510,AMAZONAS,LUYA,LUYA VIEJO,URBANO,sierra,413.0,98.19833
CP001303,0.0,0.0,0,010511,AMAZONAS,LUYA,MARIA,URBANO,sierra,458.0,77.456665
CP001400,0.0,0.0,0,010403,AMAZONAS,CONDORCANQUI,RIO SANTIAGO,URBANO,selva,699.0,
CP001464,0.0011564005931595568,11.564005931595567,1,010603,AMAZONAS,RODRIGUEZ DE MENDOZA,COCHAMAL,URBANO,sierra,104.0,18.998333
CP001472,0.0012934415756171475,12.934415756171475,1,010604,AMAZONAS,RODRIGUEZ DE MENDOZA,HUAMBO,URBANO,sierra,680.0,15.045
CP001494,0.0,0.0,0,010520,AMAZONAS,LUYA,SANTA CATALINA,URBANO,sierra,423.0,98.03
CP001505,0.0,0.0,0,010521,AMAZONAS,LUYA,SANTO TOMAS,URBANO,sierra,1106.0,85.97
CP001558,0.0,0.0,0,010514,AMAZONAS,LUYA,PISUQUIA,URBANO,sierra,245.0,180.35834
CP001635,0.0,0.0,0,010515,AMAZONAS,LUYA,PROVIDENCIA,URBANO,sierra,265.0,186.49
CP001652,0.0002947274028018869,2.947274028018869,2,010516,AMAZONAS,LUYA,SAN CRISTOBAL,URBANO,sierra,498.0,57.185
CP001655,0.0,0.0,0,010517,AMAZONAS,LUYA,SAN FRANCISCO DEL YESO,URBANO,sierra,371.0,88.56
CP001674,0.0,0.0,0,010518,AMAZONAS,LUYA,SAN JERONIMO,URBANO,sierra,365.0,72.71667
CP001696,0.00038503545222453987,3.8503545222453988,2,010519,AMAZONAS,LUYA,SAN JUAN DE LOPECANCHA,URBANO,sierra,82.0,54.363335
CP001743,0.001411138229322081,14.11138229322081,2,010522,AMAZONAS,LUYA,TINGO,URBANO,sierra,162.0,37.84833
CP001763,0.0,0.0,0,010523,AMAZONAS,LUYA,TRITA,URBANO,sierra,771.0,63.258335
CP001768,0.0015603965917218026,15.603965917218025,1,010601,AMAZONAS,RODRIGUEZ DE MENDOZA,SAN NICOLAS,URBANO,sierra,3356.0,0.93333334
CP001800,0.000607690952872518,6.07690952872518,1,010602,AMAZONAS,RODRIGUEZ DE MENDOZA,CHIRIMOTO,URBANO,sierra,105.0,33.676666
CP001808,0.0,0.0,0,010612,AMAZONAS,RODRIGUEZ DE MENDOZA,VISTA ALEGRE,URBANO,sierra,291.0,62.505
CP001824,0.003559607619153862,35.59607619153862,13,010701,AMAZONAS,UTCUBAMBA,BAGUA GRANDE,URBANO,selva,25930.0,1.0766667
CP001902,0.003283665243215632,32.83665243215632,13,010704,AMAZONAS,UTCUBAMBA,EL MILAGRO,URBANO,selva,1555.0,4.09
CP001919,0.0007183088611631969,7.18308861163197,6,010705,AMAZONAS,UTCUBAMBA,JAMALCA,URBANO,sierra,878.0,39.991665
CP001992,0.0034694017272730985,34.69401727273099,13,010702,AMAZONAS,UTCUBAMBA,CAJARURO,URBANO,selva,1516.0,5.6666665
CP002004,0.0014270395951605033,14.270395951605034,1,010606,AMAZONAS,RODRIGUEZ DE MENDOZA,LONGAR,URBANO,sierra,957.0,10.403334
CP002016,0.0018153972215113716,18.153972215113715,3,010607,AMAZONAS,RODRIGUEZ DE MENDOZA,MARISCAL BENAVIDES,URBANO,sierra,928.0,2.9616666
CP002026,0.0006738295015797678,6.738295015797678,1,010608,AMAZONAS,RODRIGUEZ DE MENDOZA,MILPUC,URBANO,sierra,386.0,31.78
CP002031,0.0014087088961999544,14.087088961999543,1,010609,AMAZONAS,RODRIGUEZ DE MENDOZA,OMIA,URBANO,sierra,604.0,11.125
CP002156,0.0008176798094159967,8.176798094159967,12,010703,AMAZONAS,UTCUBAMBA,CUMBA,URBANO,selva,1373.0,47.146667
CP002194,0.0008131686936233772,8.131686936233772,1,010605,AMAZONAS,RODRIGUEZ DE MENDOZA,LIMABAMBA,URBANO,sierra,568.0,28.001667
CP002284,0.0012019307690243567,12.019307690243567,1,010610,AMAZONAS,RODRIGUEZ DE MENDOZA,SANTA ROSA,URBANO,sierra,152.0,17.735
CP002295,0.0009701902025818028,9.701902025818027,1,010611,AMAZONAS,RODRIGUEZ DE MENDOZA,TOTORA,URBANO,sierra,133.0,23.915
CP002452,0.0,0.0,0,010706,AMAZONAS,UTCUBAMBA,LONYA GRANDE,URBANO,sierra,2582.0,85.92834
CP002524,0.0,0.0,0,010707,AMAZONAS,UTCUBAMBA,YAMON,URBANO,sierra,148.0,80.93833
CP002559,0.0020288556338328425,20.288556338328426,7,020101,ANCASH,HUARAZ,HUARAZ,URBANO,sierra,48470.0,2.24
CP002634,0.0,0.0,0,020102,ANCASH,HUARAZ,COCHABAMBA,URBANO,sierra,470.0,66.79
CP002708,0.0,0.0,0,020103,ANCASH,HUARAZ,COLCABAMBA,URBANO,sierra,359.0,82.53333
CP002722,0.0,0.0,0,020104,ANCASH,HUARAZ,HUANCHAY,URBANO,sierra,398.0,115.94
CP002771,0.001483258934381716,14.83258934381716,6,020108,ANCASH,HUARAZ,OLLEROS,URBANO,sierra,272.0,11.451667
CP002799,0.001684458592697624,16.84458592697624,8,020112,ANCASH,HUARAZ,TARICA,URBANO,sierra,1094.0,16.756666
CP002838,0.0,0.0,0,020201,ANCASH,AIJA,AIJA,URBANO,sierra,843.0,64.42167
CP002863,0.0,0.0,0,020109,ANCASH,HUARAZ,PAMPAS,URBANO,sierra,412.0,104.94334
CP003014,7.2953565762204e-05,0.7295356576220401,1,020110,ANCASH,HUARAZ,PARIACOTO,URBANO,sierra,1280.0,45.87
CP003060,0.00023814923266289137,2.381492326628914,4,020111,ANCASH,HUARAZ,PIRA,URBANO,sierra,510.0,48.158333
CP003131,0.002006879940316436,20.06879940316436,7,020105,ANCASH,HUARAZ,INDEPENDENCIA,URBANO,sierra,47581.0,2.2466667
CP003182,0.001624857700359815,16.24857700359815,8,020106,ANCASH,HUARAZ,JANGAS,URBANO,sierra,1464.0,17.945
CP003212,0.0,0.0,0,020107,ANCASH,HUARAZ,LA LIBERTAD,URBANO,sierra,340.0,77.74167
CP003238,0.0,0.0,0,020305,ANCASH,ANTONIO RAYMONDI,MIRGAS,URBANO,sierra,654.0,123.295
CP003308,0.0,0.0,0,020301,ANCASH,ANTONIO RAYMONDI,LLAMELLIN,URBANO,sierra,1807.0,107.31333
CP003354,0.0,0.0,0,020202,ANCASH,AIJA,CORIS,URBANO,sierra,453.0,110.32166
CP003448,0.0,0.0,0,020203,ANCASH,AIJA,HUACLLAN,URBANO,sierra,332.0,100.85333
CP003459,0.0,0.0,0,020204,ANCASH,AIJA,LA MERCED,URBANO,sierra,307.0,76.84333
CP003521,0.0,0.0,0,020205,ANCASH,AIJA,SUCCHA,URBANO,sierra,372.0,100.11833
CP003545,0.0,0.0,0,020302,ANCASH,ANTONIO RAYMONDI,ACZO,URBANO,sierra,464.0,81.97
CP003577,0.0,0.0,0,020303,ANCASH,ANTONIO RAYMONDI,CHACCHO,URBANO,sierra,581.0,126.831665
CP003615,0.0,0.0,0,020304,ANCASH,ANTONIO RAYMONDI,CHINGAS,URBANO,sierra,729.0,93.49167
CP003643,0.0,0.0,0,020503,ANCASH,BOLOGNESI,ANTONIO RAYMONDI,URBANO,sierra,332.0,70.505
CP003656,0.0,0.0,0,020504,ANCASH,BOLOGNESI,AQUIA,URBANO,sierra,809.0,72.19666
CP003797,0.0,0.0,0,020505,ANCASH,BOLOGNESI,CAJACAY,URBANO,sierra,636.0,64.505
CP003831,0.0,0.0,0,020402,ANCASH,ASUNCION,ACOCHACA,URBANO,sierra,220.0,102.35
CP003905,0.0,0.0,0,020506,ANCASH,BOLOGNESI,CANIS,URBANO,sierra,662.0,120.066666
CP003908,0.0002161068395390428,2.161068395390428,4,020507,ANCASH,BOLOGNESI,COLQUIOC,URBANO,sierra,1582.0,48.98
CP003939,0.0,0.0,0,020508,ANCASH,BOLOGNESI,HUALLANCA,URBANO,sierra,4783.0,102.128334
CP003997,0.0,0.0,0,020306,ANCASH,ANTONIO RAYMONDI,SAN JUAN DE RONTOY,URBANO,sierra,220.0,93.75
CP004019,0.0,0.0,0,020401,ANCASH,ASUNCION,CHACAS,URBANO,sierra,2082.0,115.14333
CP004071,0.0,0.0,0,020501,ANCASH,BOLOGNESI,CHIQUIAN,URBANO,sierra,3321.0,65.73167
CP004107,0.0,0.0,0,020502,ANCASH,BOLOGNESI,ABELARDO PARDO LEZAMETA,URBANO,sierra,487.0,110.653336
CP004112,0.0015221435540848215,15.221435540848216,8,020604,ANCASH,CARHUAZ,ANTA,URBANO,sierra,614.0,11.485
CP004153,0.0009815766438179537,9.815766438179537,7,020605,ANCASH,CARHUAZ,ATAQUERO,URBANO,sierra,275.0,9.446667
CP004192,0.0,0.0,0,020511,ANCASH,BOLOGNESI,LA PRIMAVERA,URBANO,sierra,500.0,244.44
CP004203,0.0,0.0,0,020512,ANCASH,BOLOGNESI,MANGAS,URBANO,sierra,454.0,225.89333
CP004208,0.0,0.0,0,020513,ANCASH,BOLOGNESI,PACLLON,URBANO,sierra,892.0,112.89333
CP004276,0.0,0.0,0,020509,ANCASH,BOLOGNESI,HUASTA,URBANO,sierra,681.0,83.32333
CP004287,0.001405431353646386,14.05431353646386,8,020606,ANCASH,CARHUAZ,MARCARA,URBANO,sierra,1285.0,6.42
CP004349,0.0,0.0,0,020510,ANCASH,BOLOGNESI,HUAYLLACAYAN,URBANO,sierra,258.0,102.46833
CP004400,0.0,0.0,0,020514,ANCASH,BOLOGNESI,SAN MIGUEL DE CORPANQUI,URBANO,sierra,597.0,92.615
CP004407,0.0,0.0,0,020515,ANCASH,BOLOGNESI,TICLLOS,URBANO,sierra,612.0,77.76833
CP004423,0.0012973744637683033,12.973744637683033,7,020601,ANCASH,CARHUAZ,CARHUAZ,URBANO,sierra,5960.0,0.73833334
CP004494,0.0013041882620507986,13.041882620507986,8,020602,ANCASH,CARHUAZ,ACOPAMPA,URBANO,sierra,865.0,4.016667
CP004511,0.0008374577662580963,8.374577662580963,7,020603,ANCASH,CARHUAZ,AMASHCA,URBANO,sierra,730.0,10.146667
CP004591,0.0003599088836503919,3.5990888365039186,1,020803,ANCASH,CASMA,COMANDANTE NOEL,URBANO,costa,384.0,13.641666
CP004607,0.00016061810943174753,1.6061810943174752,1,020804,ANCASH,CASMA,YAUTAN,URBANO,sierra,1911.0,33.995
CP004662,0.0,0.0,0,020702,ANCASH,CARLOS FERMIN FITZCARRALD,SAN NICOLAS,URBANO,sierra,595.0,201.10834
CP004700,0.0,0.0,0,020703,ANCASH,CARLOS FERMIN FITZCARRALD,YAUYA,URBANO,sierra,569.0,147.97833
CP004713,0.0008405352110506718,8.405352110506719,7,020609,ANCASH,CARHUAZ,SHILLA,URBANO,sierra,943.0,10.075
CP004725,0.0012337114900419258,12.337114900419259,7,020610,ANCASH,CARHUAZ,TINCO,URBANO,sierra,560.0,4.36
CP004740,0.0016091978580812663,16.091978580812665,8,020611,ANCASH,CARHUAZ,YUNGAR,URBANO,sierra,595.0,15.241667
CP004829,0.00041999266723261015,4.199926672326101,1,020801,ANCASH,CASMA,CASMA,URBANO,costa,21619.0,0.75333333
CP004867,0.00041445739343359074,4.144573934335908,1,020801,ANCASH,CASMA,CASMA,URBANO,costa,3223.0,4.0633335
CP004880,0.00033705586118281495,3.3705586118281494,1,020802,ANCASH,CASMA,BUENA VISTA ALTA,URBANO,costa,326.0,16.276667
CP004954,0.0015267277209509299,15.267277209509299,8,020607,ANCASH,CARHUAZ,PARIAHUANCA,URBANO,sierra,539.0,14.276667
CP004967,0.0010754221461043555,10.754221461043555,8,020608,ANCASH,CARHUAZ,SAN MIGUEL DE ACO,URBANO,sierra,322.0,21.47
CP004978,0.0,0.0,0,020701,ANCASH,CARLOS FERMIN FITZCARRALD,SAN LUIS,URBANO,sierra,1619.0,93.15667
CP005043,0.0006027932166032495,6.027932166032494,1,021008,ANCASH,HUARI,HUANTAR,URBANO,sierra,859.0,32.635
CP005061,0.0010383979202755215,10.383979202755215,1,021009,ANCASH,HUARI,MASIN,URBANO,sierra,513.0,20.285
CP005098,0.0,0.0,0,021010,ANCASH,HUARI,PAUCAS,URBANO,sierra,868.0,97.973335
CP005112,0.0005254159550329723,5.254159550329723,1,021004,ANCASH,HUARI,CHAVIN DE HUANTAR,URBANO,sierra,2104.0,35.073334
CP005184,0.0,0.0,0,020901,ANCASH,CORONGO,CORONGO,URBANO,sierra,1319.0,108.56333
CP005202,0.0,0.0,0,020902,ANCASH,CORONGO,ACO,URBANO,sierra,284.0,101.64333
CP005208,0.0,0.0,0,020903,ANCASH,CORONGO,BAMBAS,URBANO,sierra,159.0,119.68833
CP005213,0.0,0.0,0,020904,ANCASH,CORONGO,CUSCA,URBANO,sierra,494.0,97.96667
CP005232,0.0,0.0,0,020905,ANCASH,CORONGO,LA PAMPA,URBANO,sierra,857.0,72.32667
CP005239,0.00024949403681582947,2.4949403681582947,1,020906,ANCASH,CORONGO,YANAC,URBANO,sierra,311.0,48.853333
CP005245,0.0,0.0,0,020907,ANCASH,CORONGO,YUPAN,URBANO,sierra,689.0,104.308334
CP005251,0.001453769703129745,14.53769703129745,1,021001,ANCASH,HUARI,HUARI,URBANO,sierra,4406.0,2.67
CP005296,0.0,0.0,0,021002,ANCASH,HUARI,ANRA,URBANO,sierra,416.0,83.85
CP005315,0.0012786047546033152,12.786047546033151,1,021003,ANCASH,HUARI,CAJAY,URBANO,sierra,637.0,12.705
CP005376,0.0,0.0,0,021005,ANCASH,HUARI,HUACACHI,URBANO,sierra,829.0,73.12666
CP005403,0.0,0.0,0,021006,ANCASH,HUARI,HUACCHIS,URBANO,sierra,485.0,132.88
CP005425,0.0007040019071877487,7.040019071877487,1,021007,ANCASH,HUARI,HUACHIS,URBANO,sierra,734.0,29.64
CP005505,0.0,0.0,0,021016,ANCASH,HUARI,UCO,URBANO,sierra,833.0,90.613335
CP005525,0.0013863998227428259,13.863998227428258,1,021101,ANCASH,HUARMEY,HUARMEY,URBANO,costa,17551.0,2.2383332
CP005552,0.0005226909888432465,5.2269098884324645,3,021203,ANCASH,HUAYLAS,HUATA,URBANO,sierra,228.0,23.055
CP005594,9.133668895046468e-05,0.9133668895046468,1,021204,ANCASH,HUAYLAS,HUAYLAS,URBANO,sierra,576.0,47.745
CP005629,0.0,0.0,0,021102,ANCASH,HUARMEY,COCHAPETI,URBANO,sierra,255.0,145.82666
CP005662,0.001064240328603115,10.642403286031149,1,021103,ANCASH,HUARMEY,CULEBRAS,URBANO,costa,1417.0,17.966667
CP005668,0.0009299934256654362,9.299934256654362,1,021012,ANCASH,HUARI,RAHUAPAMPA,URBANO,sierra,480.0,23.323334
CP005679,0.0,0.0,0,021013,ANCASH,HUARI,RAPAYAN,URBANO,sierra,801.0,140.92166
CP005693,0.0007573606674416061,7.5736066744160615,1,021014,ANCASH,HUARI,SAN MARCOS,URBANO,sierra,2304.0,28.12
CP005749,0.0,0.0,0,021104,ANCASH,HUARMEY,HUAYAN,URBANO,sierra,428.0,135.16
CP005771,0.0,0.0,0,021105,ANCASH,HUARMEY,MALVAS,URBANO,sierra,362.0,129.30833
CP005809,0.0009694408935914696,9.694408935914696,3,021201,ANCASH,HUAYLAS,CARAZ,URBANO,sierra,13330.0,2.735
CP005860,6.741475022347056e-05,0.6741475022347057,1,021202,ANCASH,HUAYLAS,HUALLANCA,URBANO,sierra,400.0,51.425
CP005895,0.0001956073200669781,1.956073200669781,1,021011,ANCASH,HUARI,PONTO,URBANO,sierra,766.0,49.168335
CP005999,8.843116017776815e-05,0.8843116017776815,1,021015,ANCASH,HUARI,SAN PEDRO DE CHANA,URBANO,sierra,591.0,58.065
CP006014,0.0,0.0,0,021305,ANCASH,MARISCAL LUZURIAGA,LLAMA,URBANO,sierra,175.0,71.645
CP006034,0.0,0.0,0,021306,ANCASH,MARISCAL LUZURIAGA,LLUMPA,URBANO,sierra,346.0,79.473335
CP006078,5.664519057922037e-05,0.5664519057922037,1,021209,ANCASH,HUAYLAS,SANTO TORIBIO,URBANO,sierra,319.0,53.42
CP006092,0.0,0.0,0,021210,ANCASH,HUAYLAS,YURACMARCA,URBANO,sierra,487.0,71.456665
CP006114,0.0005636716912882549,5.636716912882549,3,021205,ANCASH,HUAYLAS,MATO,URBANO,sierra,626.0,20.64
CP006144,0.0,0.0,0,021206,ANCASH,HUAYLAS,PAMPAROMAS,URBANO,sierra,411.0,70.71833
CP006231,0.0007985437781947117,7.985437781947117,3,021207,ANCASH,HUAYLAS,PUEBLO LIBRE,URBANO,sierra,93.0,19.413334
CP006281,0.00025885418138833793,2.588541813883379,2,021208,ANCASH,HUAYLAS,SANTA CRUZ,URBANO,sierra,331.0,34.783333
CP006320,0.0005313928432129861,5.3139284321298605,1,021301,ANCASH,MARISCAL LUZURIAGA,PISCOBAMBA,URBANO,sierra,1348.0,34.54
CP006370,0.0008220271398726548,8.220271398726549,1,021302,ANCASH,MARISCAL LUZURIAGA,CASCA,URBANO,sierra,212.0,25.86
CP006415,0.0,0.0,0,021303,ANCASH,MARISCAL LUZURIAGA,ELEAZAR GUZMAN BARRON,URBANO,sierra,204.0,110.39667
CP006423,0.0,0.0,0,021304,ANCASH,MARISCAL LUZURIAGA,FIDEL OLIVAS ESCUDERO,URBANO,sierra,217.0,89.585
CP006438,0.0,0.0,0,021403,ANCASH,OCROS,CAJAMARQUILLA,URBANO,sierra,421.0,121.90833
CP006440,0.0,0.0,0,021404,ANCASH,OCROS,CARHUAPAMPA,URBANO,sierra,418.0,147.15
CP006454,0.0,0.0,0,021405,ANCASH,OCROS,COCHAS,URBANO,sierra,64.0,91.955
CP006482,0.0,0.0,0,021406,ANCASH,OCROS,CONGAS,URBANO,sierra,607.0,124.15
CP006591,0.00011431405981658161,1.143140598165816,1,021308,ANCASH,MARISCAL LUZURIAGA,MUSGA,URBANO,sierra,223.0,55.131668
CP006618,0.0,0.0,0,021401,ANCASH,OCROS,OCROS,URBANO,sierra,840.0,119.64
CP006630,0.0,0.0,0,021407,ANCASH,OCROS,LLIPA,URBANO,sierra,627.0,150.30667
CP006636,0.0,0.0,0,021408,ANCASH,OCROS,SAN CRISTOBAL DE RAJAN,URBANO,sierra,449.0,139.75333
CP006643,0.0,0.0,0,021409,ANCASH,OCROS,SAN PEDRO,URBANO,sierra,491.0,116.153336
CP006678,0.0,0.0,0,021410,ANCASH,OCROS,SANTIAGO DE CHILCAS,URBANO,sierra,350.0,138.70334
CP006690,0.0,0.0,0,021501,ANCASH,PALLASCA,CABANA,URBANO,sierra,1874.0,134.45334
CP006748,0.00044875001261509466,4.487500126150946,1,021307,ANCASH,MARISCAL LUZURIAGA,LUCMA,URBANO,sierra,146.0,37.365
CP006802,0.0,0.0,0,021402,ANCASH,OCROS,ACAS,URBANO,sierra,449.0,161.265
CP006842,0.0013132957388948127,13.132957388948126,1,021602,ANCASH,POMABAMBA,HUAYLLAN,URBANO,sierra,468.0,10.281667
CP006934,0.0011829076733019844,11.829076733019845,2,021909,ANCASH,SIHUAS,SAN JUAN,URBANO,sierra,232.0,24.49
CP006965,0.0,0.0,0,021707,ANCASH,RECUAY,PAMPAS CHICO,URBANO,sierra,248.0,71.07166
CP007072,0.0006993365268914609,6.993365268914609,5,021807,ANCASH,SANTA,SAMANCO,URBANO,costa,1963.0,35.983334
CP007082,0.0014347626681667823,14.347626681667823,10,021808,ANCASH,SANTA,SANTA,URBANO,costa,15754.0,15.556666
CP007101,0.001281968859860187,12.81968859860187,9,021809,ANCASH,SANTA,NUEVO CHIMBOTE,URBANO,costa,112254.0,14.12
CP007118,0.0018153751548071139,18.15375154807114,1,021901,ANCASH,SIHUAS,SIHUAS,URBANO,sierra,4029.0,1.3116666
CP007215,2.1927953252219072e-05,0.2192795325221907,1,022005,ANCASH,YUNGAY,QUILLO,URBANO,sierra,596.0,59.57
CP007289,0.0,0.0,0,030102,APURIMAC,ABANCAY,CHACOCHE,URBANO,sierra,216.0,88.35667
CP007299,0.0,0.0,0,030103,APURIMAC,ABANCAY,CIRCA,URBANO,sierra,243.0,82.331665
CP007329,0.0,0.0,0,030211,APURIMAC,ANDAHUAYLAS,POMACOCHA,URBANO,sierra,691.0,81.32833
CP007401,0.004830233561313731,48.302335613137316,3,030109,APURIMAC,ABANCAY,TAMBURCO,URBANO,sierra,5598.0,6.03
CP007435,0.0027856330896280624,27.856330896280625,3,030201,APURIMAC,ANDAHUAYLAS,ANDAHUAYLAS,URBANO,sierra,26684.0,1.3183334
CP007462,0.0,0.0,0,030304,APURIMAC,ANTABAMBA,JUAN ESPINOZA MEDRANO,URBANO,sierra,560.0,76.68833
CP007467,0.0,0.0,0,030207,APURIMAC,ANDAHUAYLAS,KISHUARA,URBANO,sierra,857.0,87.99333
CP007517,0.0,0.0,0,030208,APURIMAC,ANDAHUAYLAS,PACOBAMBA,URBANO,sierra,373.0,91.97
CP007522,0.0,0.0,0,021504,ANCASH,PALLASCA,HUACASCHUQUE,URBANO,sierra,242.0,103.525
CP007546,0.0,0.0,0,030212,APURIMAC,ANDAHUAYLAS,SAN ANTONIO DE CACHI,URBANO,sierra,188.0,61.47
CP007583,0.0,0.0,0,021511,ANCASH,PALLASCA,TAUCA,URBANO,sierra,1454.0,122.32833
CP007587,0.0017813778481203637,17.813778481203638,3,030215,APURIMAC,ANDAHUAYLAS,SANTA MARIA DE CHICMO,URBANO,sierra,618.0,20.615
CP007634,0.0027008728443232407,27.008728443232407,3,030216,APURIMAC,ANDAHUAYLAS,TALAVERA,URBANO,sierra,8578.0,2.965
CP007639,0.0,0.0,0,021603,ANCASH,POMABAMBA,PAROBAMBA,URBANO,sierra,543.0,76.89667
CP007691,0.0,0.0,0,021505,ANCASH,PALLASCA,HUANDOVAL,URBANO,sierra,709.0,110.16
CP007728,0.0,0.0,0,021708,ANCASH,RECUAY,PARARIN,URBANO,sierra,366.0,106.92333
CP007789,0.0014259623861257117,14.259623861257117,1,021601,ANCASH,POMABAMBA,POMABAMBA,URBANO,sierra,4495.0,2.6083333
CP007927,0.0,0.0,0,021703,ANCASH,RECUAY,COTAPARACO,URBANO,sierra,395.0,121.65833
CP007955,0.0,0.0,0,021709,ANCASH,RECUAY,TAPACOCHA,URBANO,sierra,312.0,81.043335
CP007979,0.0013173147679553182,13.173147679553182,5,021710,ANCASH,RECUAY,TICAPAMPA,URBANO,sierra,1501.0,5.3333335
CP008012,0.001068507556301773,10.685075563017731,9,021803,ANCASH,SANTA,COISHCO,URBANO,costa,14832.0,11.056666
CP008013,0.0,0.0,0,021804,ANCASH,SANTA,MACATE,URBANO,sierra,321.0,115.155
CP008079,0.0,0.0,0,021902,ANCASH,SIHUAS,ACOBAMBA,URBANO,sierra,263.0,110.30334
CP008092,0.0,0.0,0,021903,ANCASH,SIHUAS,ALFONSO UGARTE,URBANO,sierra,258.0,155.66333
CP008099,0.0015514831106259984,15.514831106259983,1,021904,ANCASH,SIHUAS,CASHAPAMPA,URBANO,sierra,159.0,13.801666
CP008121,0.0004876586732192378,4.876586732192378,3,030106,APURIMAC,ABANCAY,LAMBRAMA,URBANO,sierra,650.0,49.953335
CP008146,0.00045911071613072334,4.591107161307233,1,021910,ANCASH,SIHUAS,SICSIBAMBA,URBANO,sierra,303.0,40.666668
CP008170,0.0011649309366533126,11.649309366533126,7,022001,ANCASH,YUNGAY,YUNGAY,URBANO,sierra,6074.0,0.8333333
CP008227,0.001203256180713639,12.03256180713639,7,022006,ANCASH,YUNGAY,RANRAHIRCA,URBANO,sierra,936.0,5.2433333
CP008243,0.0011083863810938497,11.083863810938496,7,022007,ANCASH,YUNGAY,SHUPLUY,URBANO,sierra,173.0,10.233334
CP008309,0.002567874654548536,25.67874654548536,1,030104,APURIMAC,ABANCAY,CURAHUASI,URBANO,sierra,4387.0,4.0383334
CP008390,0.0,0.0,0,030107,APURIMAC,ABANCAY,PICHIRHUA,URBANO,sierra,128.0,71.055
CP008394,0.0,0.0,0,030302,APURIMAC,ANTABAMBA,EL ORO,URBANO,sierra,342.0,84.42
CP008419,0.0,0.0,0,030202,APURIMAC,ANDAHUAYLAS,ANDARAPA,URBANO,sierra,427.0,60.2
CP008453,0.0,0.0,0,030203,APURIMAC,ANDAHUAYLAS,CHIARA,URBANO,sierra,566.0,87.35667
CP008482,0.0,0.0,0,021507,ANCASH,PALLASCA,LLAPO,URBANO,sierra,679.0,136.955
CP008487,0.0,0.0,0,021508,ANCASH,PALLASCA,PALLASCA,URBANO,sierra,1077.0,95.903336
CP008518,0.0027573453659250294,27.573453659250294,3,030213,APURIMAC,ANDAHUAYLAS,SAN JERONIMO,URBANO,sierra,8566.0,2.9383333
CP008532,0.0020695783188387183,20.695783188387182,3,030213,APURIMAC,ANDAHUAYLAS,SAN JERONIMO,RURAL,sierra,2440.0,18.108334
CP008549,0.0,0.0,0,030214,APURIMAC,ANDAHUAYLAS,SAN MIGUEL DE CHACCRAMPA,URBANO,sierra,693.0,92.191666
CP008578,0.0,0.0,0,030303,APURIMAC,ANTABAMBA,HUAQUIRCA,URBANO,sierra,962.0,131.79834
CP008711,0.0011979868631802905,11.979868631802905,9,021801,ANCASH,SANTA,CHIMBOTE,URBANO,costa,193154.0,2.8366666
CP008716,0.0012391871060601762,12.391871060601762,9,021801,ANCASH,SANTA,CHIMBOTE,URBANO,costa,2757.0,23.886667
CP008838,0.0,0.0,0,021604,ANCASH,POMABAMBA,QUINUABAMBA,URBANO,sierra,266.0,69.5
CP008880,0.0013985333546773205,13.985333546773205,5,021701,ANCASH,RECUAY,RECUAY,URBANO,sierra,2430.0,2.7583334
CP008930,0.0,0.0,0,021704,ANCASH,RECUAY,HUAYLLAPAMPA,URBANO,sierra,679.0,111.23
CP008968,0.00205149446783228,20.5149446783228,3,030209,APURIMAC,ANDAHUAYLAS,PACUCHA,URBANO,sierra,1142.0,18.385
CP008992,0.0,0.0,0,021506,ANCASH,PALLASCA,LACABAMBA,URBANO,sierra,378.0,103.97833
CP009047,0.00018189603722482833,1.8189603722482832,2,021805,ANCASH,SANTA,MORO,URBANO,costa,2978.0,50.828335
CP009086,0.0,0.0,0,021905,ANCASH,SIHUAS,CHINGALPO,URBANO,sierra,542.0,102.57333
CP009097,0.0004886397925871669,4.88639792587167,1,021906,ANCASH,SIHUAS,HUAYLLABAMBA,URBANO,sierra,412.0,39.735
CP009195,0.0008545234439997565,8.545234439997564,7,022002,ANCASH,YUNGAY,CASCAPARA,URBANO,sierra,158.0,15.923333
CP009220,0.0,0.0,0,030210,APURIMAC,ANDAHUAYLAS,PAMPACHIRI,URBANO,sierra,690.0,60.338333
CP009321,0.0,0.0,0,030217,APURIMAC,ANDAHUAYLAS,TUMAY HUARACA,URBANO,sierra,730.0,77.98
CP009404,0.0,0.0,0,030204,APURIMAC,ANDAHUAYLAS,HUANCARAMA,URBANO,sierra,2260.0,77.56
CP009441,0.0008866486948835145,8.866486948835146,3,030205,APURIMAC,ANDAHUAYLAS,HUANCARAY,URBANO,sierra,409.0,35.093334
CP009483,0.0,0.0,0,021509,ANCASH,PALLASCA,PAMPAS,URBANO,sierra,2505.0,102.73167
CP009503,0.0017203060954752427,17.203060954752427,10,021801,ANCASH,SANTA,CHIMBOTE,URBANO,costa,4404.0,12.75
CP009541,0.0004189710095502798,4.189710095502798,3,030218,APURIMAC,ANDAHUAYLAS,TURPO,URBANO,sierra,739.0,46.225
CP009576,0.0003122982490213061,3.1229824902130607,3,030219,APURIMAC,ANDAHUAYLAS,KAQUIABAMBA,URBANO,sierra,713.0,50.51
CP009585,0.0,0.0,0,030301,APURIMAC,ANTABAMBA,ANTABAMBA,URBANO,sierra,2013.0,105.526665
CP009634,0.0,0.0,0,021502,ANCASH,PALLASCA,BOLOGNESI,URBANO,sierra,470.0,149.435
CP009654,0.0,0.0,0,021503,ANCASH,PALLASCA,CONCHUCOS,URBANO,sierra,3103.0,107.38
CP009713,0.0,0.0,0,021802,ANCASH,SANTA,CACERES DEL PERU,URBANO,sierra,1095.0,77.23167
CP009745,0.0,0.0,0,022008,ANCASH,YUNGAY,YANAMA,URBANO,sierra,556.0,124.26667
CP009864,0.001109279348270783,11.09279348270783,5,021702,ANCASH,RECUAY,CATAC,URBANO,sierra,2405.0,9.943334
CP009871,0.0,0.0,0,021907,ANCASH,SIHUAS,QUICHES,URBANO,sierra,627.0,125.875
CP009912,0.0,0.0,0,021705,ANCASH,RECUAY,LLACLLIN,URBANO,sierra,723.0,101.416664
CP009920,0.0,0.0,0,021706,ANCASH,RECUAY,MARCA,URBANO,sierra,635.0,82.261665
CP009982,0.005032970161324101,50.32970161324101,3,030101,APURIMAC,ABANCAY,ABANCAY,URBANO,sierra,45864.0,1.0433333
CP010047,0.0008945172305655153,8.945172305655152,5,021806,ANCASH,SANTA,NEPENA,URBANO,costa,1829.0,29.268333
CP010056,0.0004289660513133056,4.289660513133056,3,021806,ANCASH,SANTA,NEPENA,URBANO,costa,8476.0,40.841667
CP010084,0.0013692372929073394,13.692372929073393,1,021908,ANCASH,SIHUAS,RAGASH,URBANO,sierra,403.0,18.456667
CP010148,0.001192103950896873,11.92103950896873,7,022003,ANCASH,YUNGAY,MANCOS,URBANO,sierra,1371.0,7.4
CP010195,0.0008593816451104024,8.593816451104024,7,022004,ANCASH,YUNGAY,MATACOTO,URBANO,sierra,218.0,12.703333
CP010314,0.0,0.0,0,030105,APURIMAC,ABANCAY,HUANIPACA,URBANO,sierra,910.0,61.946667
CP010335,0.0008768477538915404,8.768477538915404,1,030108,APURIMAC,ABANCAY,SAN PEDRO DE CACHORA,URBANO,sierra,805.0,36.16
CP010434,0.0,0.0,0,030206,APURIMAC,ANDAHUAYLAS,HUAYANA,URBANO,sierra,539.0,83.85667
CP010494,0.0,0.0,0,021510,ANCASH,PALLASCA,SANTA ROSA,URBANO,sierra,380.0,111.345
CP010683,0.0033513152353559167,33.513152353559164,32,040122,AREQUIPA,AREQUIPA,SOCABAYA,URBANO,sierra,50901.0,7.3516665
CP010687,0.0027379341355427407,27.379341355427407,32,040122,AREQUIPA,AREQUIPA,SOCABAYA,URBANO,sierra,8365.0,14.626667
CP010692,0.0030072295331548195,30.072295331548194,32,040123,AREQUIPA,AREQUIPA,TIABAYA,URBANO,sierra,9695.0,13.083333
CP010695,0.0029590149030139863,29.590149030139862,32,040123,AREQUIPA,AREQUIPA,TIABAYA,URBANO,sierra,2798.0,11.005
CP010703,0.0023844627881424336,23.844627881424337,32,040124,AREQUIPA,AREQUIPA,UCHUMAYO,URBANO,sierra,1158.0,18.236666
CP010722,0.002440769977112587,24.407699771125873,32,040124,AREQUIPA,AREQUIPA,UCHUMAYO,URBANO,sierra,4036.0,19.375
CP010723,0.002619523694167924,26.19523694167924,32,040124,AREQUIPA,AREQUIPA,UCHUMAYO,URBANO,sierra,3602.0,17.446667
CP010732,0.0,0.0,0,040410,AREQUIPA,CASTILLA,PAMPACOLCA,URBANO,sierra,1807.0,81.385
CP010757,0.0,0.0,0,040207,AREQUIPA,CAMANA,QUILCA,URBANO,costa,207.0,67.54667
CP010776,0.0,0.0,0,040208,AREQUIPA,CAMANA,SAMUEL PASTOR,URBANO,costa,8099.0,70.605
CP010781,0.0,0.0,0,040208,AREQUIPA,CAMANA,SAMUEL PASTOR,URBANO,costa,2949.0,71.86
CP010803,0.007140842268864731,71.40842268864732,1,040310,AREQUIPA,CARAVELI,JAQUI,URBANO,costa,1402.0,1.095
CP010830,3.616142036906247e-05,0.3616142036906247,1,040311,AREQUIPA,CARAVELI,LOMAS,URBANO,costa,1059.0,59.893333
CP010834,0.0,0.0,0,040312,AREQUIPA,CARAVELI,QUICACHA,URBANO,sierra,312.0,110.346664
CP010856,0.0,0.0,0,030307,APURIMAC,ANTABAMBA,SABAINO,URBANO,sierra,737.0,110.105
CP010858,0.003041332820604494,30.41332820604494,32,040116,AREQUIPA,AREQUIPA,SABANDIA,URBANO,sierra,3044.0,7.685
CP010867,0.003458537209447555,34.58537209447555,32,040117,AREQUIPA,AREQUIPA,SACHACA,URBANO,sierra,17096.0,6.435
CP010870,0.0006307229950126475,6.307229950126475,1,040118,AREQUIPA,AREQUIPA,SAN JUAN DE SIGUAS,URBANO,sierra,430.0,15.585
CP010887,0.0,0.0,0,040119,AREQUIPA,AREQUIPA,SAN JUAN DE TARUCANI,URBANO,sierra,296.0,136.17166
CP010981,0.0,0.0,0,040502,AREQUIPA,CAYLLOMA,ACHOMA,URBANO,sierra,1044.0,202.62334
CP010996,0.0,0.0,0,030417,APURIMAC,AYMARAES,YANACA,URBANO,sierra,648.0,67.14167
CP011070,0.002055750118277833,20.55750118277833,1,040407,AREQUIPA,CASTILLA,HUANCARQUI,URBANO,sierra,1191.0,5.758333
CP011104,0.0,0.0,0,030410,APURIMAC,AYMARAES,POCOHUANCA,URBANO,sierra,332.0,89.581665
CP011124,0.0,0.0,0,030411,APURIMAC,AYMARAES,SAN JUAN DE CHACNA,URBANO,sierra,593.0,64.003334
CP011171,0.002600185042873631,26.001850428736308,1,030501,APURIMAC,COTABAMBAS,TAMBOBAMBA,URBANO,sierra,3154.0,1.285
CP011247,0.0005578085423219822,5.578085423219822,2,030504,APURIMAC,COTABAMBAS,HAQUIRA,URBANO,sierra,2738.0,45.295
CP011258,0.004214281594405183,42.14281594405183,1,030406,APURIMAC,AYMARAES,COTARUSE,URBANO,sierra,539.0,16.196667
CP011317,0.0001263532853478189,1.2635328534781889,2,030605,APURIMAC,CHINCHEROS,OCOBAMBA,URBANO,sierra,772.0,57.328335
CP011346,0.0001492419784639191,1.492419784639191,1,040125,AREQUIPA,AREQUIPA,VITOR,URBANO,sierra,1427.0,44.44
CP011355,0.0,0.0,0,030702,APURIMAC,GRAU,CURPAHUASI,URBANO,sierra,424.0,112.68166
CP011383,0.0,0.0,0,030703,APURIMAC,GRAU,GAMARRA,URBANO,sierra,423.0,117.58833
CP011420,0.0037085447696209783,37.08544769620978,32,040101,AREQUIPA,AREQUIPA,AREQUIPA,URBANO,sierra,61519.0,1.7483333
CP011421,0.003488167786952174,34.88167786952174,32,040102,AREQUIPA,AREQUIPA,ALTO SELVA ALEGRE,URBANO,sierra,72696.0,5.0866666
CP011422,0.0036058297396017788,36.058297396017785,32,040103,AREQUIPA,AREQUIPA,CAYMA,URBANO,sierra,74766.0,1.4783334
CP011425,0.0034690997102632386,34.69099710263239,32,040104,AREQUIPA,AREQUIPA,CERRO COLORADO,URBANO,sierra,65262.0,1.505
CP011426,0.0024834273334741765,24.834273334741766,32,040104,AREQUIPA,AREQUIPA,CERRO COLORADO,URBANO,sierra,47347.0,11.6866665
CP011434,0.0026790597834322216,26.790597834322217,32,040105,AREQUIPA,AREQUIPA,CHARACATO,URBANO,sierra,5957.0,11.925
CP011442,0.001835686248014857,18.356862480148568,32,040106,AREQUIPA,AREQUIPA,CHIGUATA,URBANO,sierra,464.0,23.103333
CP011574,0.0035996050141919303,35.996050141919305,32,040126,AREQUIPA,AREQUIPA,YANAHUARA,URBANO,sierra,22890.0,2.1066666
CP011575,0.0017563264880785957,17.563264880785958,32,040127,AREQUIPA,AREQUIPA,YARABAMBA,URBANO,sierra,323.0,23.243334
CP011587,0.001060309470063743,10.603094700637431,32,040128,AREQUIPA,AREQUIPA,YURA,URBANO,sierra,239.0,31.618334
CP011588,0.002168555372633221,21.685553726332213,32,040128,AREQUIPA,AREQUIPA,YURA,URBANO,sierra,14542.0,18.21
CP011599,0.0,0.0,0,040301,AREQUIPA,CARAVELI,CARAVELI,URBANO,sierra,3708.0,156.48666
CP011611,0.0,0.0,0,040302,AREQUIPA,CARAVELI,ACARI,URBANO,costa,3532.0,65.28833
CP011624,0.0,0.0,0,040303,AREQUIPA,CARAVELI,ATICO,URBANO,costa,199.0,146.18
CP011625,0.0,0.0,0,040303,AREQUIPA,CARAVELI,ATICO,URBANO,costa,3089.0,146.02333
CP011648,0.0,0.0,0,040304,AREQUIPA,CARAVELI,ATIQUIPA,URBANO,costa,137.0,60.661667
CP011663,0.002622367251084849,26.22367251084849,1,040313,AREQUIPA,CARAVELI,YAUCA,URBANO,costa,1442.0,34.713333
CP011673,0.0021096370798338875,21.096370798338874,1,040401,AREQUIPA,CASTILLA,APLAO,URBANO,sierra,3108.0,1.4366666
CP011712,0.0,0.0,0,040402,AREQUIPA,CASTILLA,ANDAGUA,URBANO,sierra,859.0,134.91333
CP011718,0.005242000838029325,52.42000838029325,1,030401,APURIMAC,AYMARAES,CHALHUANCA,URBANO,sierra,3641.0,0.3
CP011805,0.0,0.0,0,040414,AREQUIPA,CASTILLA,VIRACO,URBANO,sierra,1319.0,73.21167
CP011833,0.0,0.0,0,040501,AREQUIPA,CAYLLOMA,CHIVAY,URBANO,sierra,6284.0,182.87334
CP011922,0.0022387125309255382,22.38712530925538,1,030402,APURIMAC,AYMARAES,CAPAYA,URBANO,sierra,276.0,31.976667
CP011950,0.0,0.0,0,040408,AREQUIPA,CASTILLA,MACHAGUAY,URBANO,sierra,370.0,78.36
CP011987,0.0,0.0,0,040409,AREQUIPA,CASTILLA,ORCOPAMPA,URBANO,sierra,6759.0,175.53334
CP012007,0.0032245091007401133,32.245091007401136,1,030412,APURIMAC,AYMARAES,SANAYCA,URBANO,sierra,550.0,24.166666
CP012034,0.0028931985983034238,28.931985983034238,1,030413,APURIMAC,AYMARAES,SORAYA,URBANO,sierra,147.0,26.726667
CP012172,0.0032911626354756173,32.91162635475617,32,040107,AREQUIPA,AREQUIPA,JACOBO HUNTER,URBANO,sierra,46092.0,9.796667
CP012173,0.0,0.0,0,040108,AREQUIPA,AREQUIPA,LA JOYA,URBANO,sierra,6165.0,63.975
CP012247,0.0,0.0,0,030606,APURIMAC,CHINCHEROS,ONGOY,URBANO,sierra,230.0,68.98167
CP012318,0.0,0.0,0,030704,APURIMAC,GRAU,HUAYLLATI,URBANO,sierra,515.0,89.68667
CP012334,0.0,0.0,0,030705,APURIMAC,GRAU,MAMARA,URBANO,sierra,663.0,129.58833
CP012348,0.0,0.0,0,030706,APURIMAC,GRAU,MICAELA BASTIDAS,URBANO,sierra,537.0,94.48
CP012375,0.0,0.0,0,040403,AREQUIPA,CASTILLA,AYO,URBANO,sierra,262.0,169.02667
CP012380,0.0,0.0,0,040404,AREQUIPA,CASTILLA,CHACHAS,URBANO,sierra,563.0,161.33833
CP012440,0.0015440623304959938,15.440623304959937,1,030601,APURIMAC,CHINCHEROS,CHINCHEROS,URBANO,sierra,1764.0,1.245
CP012470,0.001368070798249874,13.68070798249874,1,030602,APURIMAC,CHINCHEROS,ANCO_HUALLO,URBANO,sierra,5587.0,12.123333
CP012537,0.003425534299357748,34.25534299357748,32,040129,AREQUIPA,AREQUIPA,JOSE LUIS BUSTAMANTE Y RIVERO,URBANO,sierra,76410.0,2.5183334
CP012538,0.0,0.0,0,040201,AREQUIPA,CAMANA,CAMANA,URBANO,costa,14642.0,72.63333
CP012541,0.0,0.0,0,040202,AREQUIPA,CAMANA,JOSE MARIA QUIMPER,URBANO,costa,744.0,77.43833
CP012561,0.0,0.0,0,040305,AREQUIPA,CARAVELI,BELLA UNION,URBANO,costa,1255.0,65.871666
CP012603,0.0,0.0,0,040306,AREQUIPA,CARAVELI,CAHUACHO,URBANO,sierra,252.0,88.831665
CP012616,4.3625331125870724e-05,0.43625331125870725,1,040108,AREQUIPA,AREQUIPA,LA JOYA,URBANO,sierra,6386.0,58.761665
CP012659,0.0036390531577080733,36.390531577080736,32,040109,AREQUIPA,AREQUIPA,MARIANO MELGAR,URBANO,sierra,52144.0,2.9783332
CP012660,0.0036888132902803167,36.888132902803164,32,040110,AREQUIPA,AREQUIPA,MIRAFLORES,URBANO,sierra,50704.0,1.8033333
CP012661,0.0021979527631877807,21.979527631877808,32,040111,AREQUIPA,AREQUIPA,MOLLEBAYA,URBANO,sierra,426.0,17.185
CP012784,0.0,0.0,0,030305,APURIMAC,ANTABAMBA,OROPESA,URBANO,sierra,1432.0,139.18834
CP012887,0.0,0.0,0,040405,AREQUIPA,CASTILLA,CHILCAYMARCA,URBANO,sierra,477.0,176.50667
CP012951,0.000311276171992435,3.11276171992435,1,030414,APURIMAC,AYMARAES,TAPAIRIHUA,URBANO,sierra,278.0,58.253334
CP012990,0.0005905043951915784,5.9050439519157845,1,030415,APURIMAC,AYMARAES,TINTAY,URBANO,sierra,740.0,51.225
CP013039,0.0,0.0,0,030502,APURIMAC,COTABAMBAS,COTABAMBAS,URBANO,sierra,1397.0,74.46667
CP013062,0.0,0.0,0,030707,APURIMAC,GRAU,PATAYPAMPA,URBANO,sierra,243.0,140.045
CP013070,0.004411364421894668,44.113644218946675,1,030403,APURIMAC,AYMARAES,CARAYBAMBA,URBANO,sierra,630.0,14.401667
CP013091,0.0,0.0,0,030404,APURIMAC,AYMARAES,CHAPIMARCA,URBANO,sierra,343.0,81.22667
CP013127,0.002225623027067608,22.25623027067608,1,030407,APURIMAC,AYMARAES,HUAYLLO,URBANO,sierra,178.0,32.086666
CP013144,0.0,0.0,0,030408,APURIMAC,AYMARAES,JUSTO APU SAHUARAURA,URBANO,sierra,381.0,65.26
CP013173,0.0,0.0,0,030607,APURIMAC,CHINCHEROS,URANMARCA,URBANO,sierra,689.0,64.848335
CP013200,0.0006415998932719426,6.415998932719426,1,030608,APURIMAC,CHINCHEROS,RANRACANCHA,URBANO,sierra,1084.0,32.51
CP013222,0.0,0.0,0,030701,APURIMAC,GRAU,CHUQUIBAMBILLA,URBANO,sierra,2612.0,96.46
CP013242,0.0,0.0,0,030708,APURIMAC,GRAU,PROGRESO,URBANO,sierra,708.0,61.886665
CP013279,0.0,0.0,0,030709,APURIMAC,GRAU,SAN ANTONIO,URBANO,sierra,314.0,109.71
CP013371,0.0001313437506406702,1.3134375064067019,1,030603,APURIMAC,CHINCHEROS,COCHARCAS,URBANO,sierra,529.0,54.433334
CP013397,8.398974872258384e-05,0.8398974872258383,1,030604,APURIMAC,CHINCHEROS,HUACCANA,URBANO,sierra,887.0,59.163334
CP013415,0.0,0.0,0,040203,AREQUIPA,CAMANA,MARIANO NICOLAS VALCARCEL,URBANO,costa,223.0,181.74333
CP013434,0.0,0.0,0,040204,AREQUIPA,CAMANA,MARISCAL CACERES,URBANO,costa,1226.0,77.03667
CP013439,0.0,0.0,0,040204,AREQUIPA,CAMANA,MARISCAL CACERES,URBANO,costa,2675.0,85.46333
CP013448,0.0,0.0,0,040205,AREQUIPA,CAMANA,NICOLAS DE PIEROLA,URBANO,costa,3316.0,77.11
CP013475,0.0,0.0,0,040307,AREQUIPA,CARAVELI,CHALA,URBANO,costa,4776.0,82.3
CP013482,0.0,0.0,0,040308,AREQUIPA,CARAVELI,CHAPARRA,URBANO,sierra,352.0,122.666664
CP013530,0.0,0.0,0,040309,AREQUIPA,CARAVELI,HUANUHUANU,URBANO,sierra,91.0,112.99
CP013547,0.0034900240392770677,34.90024039277068,32,040112,AREQUIPA,AREQUIPA,PAUCARPATA,URBANO,sierra,120446.0,2.45
CP013548,0.0008945373400183099,8.9453734001831,32,040113,AREQUIPA,AREQUIPA,POCSI,URBANO,sierra,203.0,33.483334
CP013560,0.0005657376932833749,5.657376932833749,31,040114,AREQUIPA,AREQUIPA,POLOBAYA,URBANO,sierra,136.0,39.666668
CP013601,0.0005044453686121029,5.044453686121029,1,040120,AREQUIPA,AREQUIPA,SANTA ISABEL DE SIGUAS,URBANO,sierra,79.0,22.613333
CP013637,0.00020556253519818095,2.0556253519818095,1,040121,AREQUIPA,AREQUIPA,SANTA RITA DE SIGUAS,URBANO,sierra,4014.0,39.876667
CP013660,0.00022104235825181774,2.2104235825181773,1,040411,AREQUIPA,CASTILLA,TIPAN,URBANO,sierra,151.0,52.086666
CP013683,0.0,0.0,0,040412,AREQUIPA,CASTILLA,UNON,URBANO,sierra,263.0,69.665
CP013690,0.0016036621899957612,16.036621899957613,1,040413,AREQUIPA,CASTILLA,URACA,URBANO,costa,2238.0,18.21
CP013747,0.0,0.0,0,030306,APURIMAC,ANTABAMBA,PACHACONAS,URBANO,sierra,723.0,106.011665
CP013777,0.0,0.0,0,040406,AREQUIPA,CASTILLA,CHOCO,URBANO,sierra,219.0,255.16333
CP013837,0.0,0.0,0,040503,AREQUIPA,CAYLLOMA,CABANACONDE,URBANO,sierra,2129.0,212.255
CP013859,0.0,0.0,0,040504,AREQUIPA,CAYLLOMA,CALLALLI,URBANO,sierra,1064.0,159.69667
CP013908,0.0010690657510726656,10.690657510726655,1,030416,APURIMAC,AYMARAES,TORAYA,URBANO,sierra,550.0,43.711666
CP013962,0.0,0.0,0,030503,APURIMAC,COTABAMBAS,COYLLURQUI,URBANO,sierra,1025.0,125.18833
CP013975,0.0,0.0,0,030710,APURIMAC,GRAU,SANTA ROSA,URBANO,sierra,331.0,124.14
CP013983,0.0,0.0,0,030711,APURIMAC,GRAU,TURPAY,URBANO,sierra,603.0,153.17
CP014000,0.0007355736764221954,7.3557367642219535,1,030405,APURIMAC,AYMARAES,COLCABAMBA,URBANO,sierra,532.0,48.58
CP014011,0.0008025846973208696,8.025846973208695,1,030505,APURIMAC,COTABAMBAS,MARA,URBANO,sierra,1098.0,37.606667
CP014041,0.0,0.0,0,030409,APURIMAC,AYMARAES,LUCRE,URBANO,sierra,119.0,61.373333
CP014132,0.0,0.0,0,040206,AREQUIPA,CAMANA,OCONA,URBANO,costa,1465.0,123.69334
CP014149,0.0,0.0,0,030712,APURIMAC,GRAU,VILCABAMBA,URBANO,sierra,991.0,103.815
CP014166,0.0,0.0,0,030713,APURIMAC,GRAU,VIRUNDO,URBANO,sierra,898.0,167.975
CP014183,0.0,0.0,0,030714,APURIMAC,GRAU,CURASCO,URBANO,sierra,447.0,83.74834
CP014253,0.0011455471318741297,11.455471318741298,1,030506,APURIMAC,COTABAMBAS,CHALLHUAHUACHO,URBANO,sierra,1667.0,31.411667
CP014265,0.0015271899740001353,15.271899740001352,32,040115,AREQUIPA,AREQUIPA,QUEQUENA,URBANO,sierra,924.0,25.921667
CP014385,0.0,0.0,0,040509,AREQUIPA,CAYLLOMA,ICHUPAMPA,URBANO,sierra,710.0,196.54
CP014407,0.0,0.0,0,040510,AREQUIPA,CAYLLOMA,LARI,URBANO,sierra,1252.0,213.30167
CP014476,0.0,0.0,0,040515,AREQUIPA,CAYLLOMA,SIBAYO,URBANO,sierra,527.0,164.00833
CP014580,0.0,0.0,0,040519,AREQUIPA,CAYLLOMA,YANQUE,URBANO,sierra,1356.0,190.15167
CP014639,0.00033082434019469356,3.308243401946936,1,040603,AREQUIPA,CONDESUYOS,CAYARANI,URBANO,sierra,457.0,37.181667
CP014710,0.0,0.0,0,040608,AREQUIPA,CONDESUYOS,YANAQUIHUA,URBANO,sierra,554.0,111.3
CP014804,0.0,0.0,0,040809,AREQUIPA,LA UNION,TAURIA,URBANO,sierra,182.0,258.99335
CP014814,0.0,0.0,0,040810,AREQUIPA,LA UNION,TOMEPAMPA,URBANO,sierra,357.0,224.07666
CP014826,0.0,0.0,0,040811,AREQUIPA,LA UNION,TORO,URBANO,sierra,364.0,217.60667
CP014891,0.001020893185180992,10.20893185180992,6,050107,AYACUCHO,HUAMANGA,PACAYCASA,URBANO,sierra,466.0,21.3
CP014905,0.0005620875524464189,5.620875524464188,6,050108,AYACUCHO,HUAMANGA,QUINUA,URBANO,sierra,2340.0,33.775
CP015022,0.001279881115678465,12.79881115678465,6,050115,AYACUCHO,HUAMANGA,JESUS NAZARENO,URBANO,sierra,14316.0,2.1966667
CP015037,0.001292421622185601,12.92421622185601,6,050116,AYACUCHO,HUAMANGA,ANDRES AVELINO CACERES DORREGARAY,URBANO,sierra,35000.0,2.8816667
CP015160,0.0,0.0,0,040505,AREQUIPA,CAYLLOMA,CAYLLOMA,URBANO,sierra,1813.0,112.895
CP015265,0.0,0.0,0,040511,AREQUIPA,CAYLLOMA,LLUTA,URBANO,sierra,398.0,107.956665
CP015366,0.0,0.0,0,040516,AREQUIPA,CAYLLOMA,TAPAY,URBANO,sierra,121.0,271.34332
CP015437,0.0,0.0,0,040805,AREQUIPA,LA UNION,PAMPAMARCA,URBANO,sierra,219.0,232.69333
CP015541,0.0,0.0,0,040604,AREQUIPA,CONDESUYOS,CHICHAS,URBANO,sierra,185.0,233.57
CP015578,0.0023850542491413193,23.850542491413194,2,040701,AREQUIPA,ISLAY,MOLLENDO,URBANO,costa,22789.0,1.5116667
CP015590,0.0009082762583953693,9.082762583953693,2,040702,AREQUIPA,ISLAY,COCACHACRA,URBANO,costa,5385.0,33.935
CP015650,0.0,0.0,0,040806,AREQUIPA,LA UNION,PUYCA,URBANO,sierra,676.0,201.19833
CP015674,0.001281596051175824,12.815960511758242,6,050101,AYACUCHO,HUAMANGA,AYACUCHO,URBANO,sierra,97390.0,3.5083334
CP015698,0.0,0.0,0,050102,AYACUCHO,HUAMANGA,ACOCRO,URBANO,sierra,543.0,62.73
CP015908,0.0006218928218393068,6.218928218393067,1,050204,AYACUCHO,CANGALLO,MARIA PARADO DE BELLIDO,URBANO,sierra,437.0,31.758333
CP015944,0.0,0.0,0,050205,AYACUCHO,CANGALLO,PARAS,URBANO,sierra,638.0,145.91667
CP016045,0.0,0.0,0,040506,AREQUIPA,CAYLLOMA,COPORAQUE,URBANO,sierra,1189.0,193.87833
CP016056,0.0,0.0,0,040507,AREQUIPA,CAYLLOMA,HUAMBO,URBANO,sierra,530.0,155.43666
CP016156,0.0002555407793623062,2.555407793623062,5,050109,AYACUCHO,HUAMANGA,SAN JOSE DE TICLLAS,URBANO,sierra,169.0,42.631668
CP016184,0.001288319851739968,12.88319851739968,6,050110,AYACUCHO,HUAMANGA,SAN JUAN BAUTISTA,URBANO,sierra,37685.0,3.58
CP016214,0.0,0.0,0,040517,AREQUIPA,CAYLLOMA,TISCO,URBANO,sierra,199.0,169.83667
CP016295,0.0,0.0,0,040518,AREQUIPA,CAYLLOMA,TUTI,URBANO,sierra,747.0,177.435
CP016317,0.0007134598642886945,7.134598642886945,1,040520,AREQUIPA,CAYLLOMA,MAJES,URBANO,sierra,20063.0,9.735
CP016346,0.0,0.0,0,050111,AYACUCHO,HUAMANGA,SANTIAGO DE PISCHA,URBANO,sierra,138.0,70.096664
CP016385,0.0006301981348499302,6.301981348499302,5,050112,AYACUCHO,HUAMANGA,SOCOS,URBANO,sierra,758.0,27.798334
CP016409,0.0012530264531754294,12.530264531754295,2,040703,AREQUIPA,ISLAY,DEAN VALDIVIA,URBANO,costa,2413.0,27.693333
CP016416,0.0010999458428333068,10.999458428333067,2,040703,AREQUIPA,ISLAY,DEAN VALDIVIA,URBANO,costa,2181.0,30.375
CP016427,0.002104916364251491,21.04916364251491,2,040704,AREQUIPA,ISLAY,ISLAY,URBANO,costa,4823.0,12.19
CP016428,0.001892055506048769,18.92055506048769,2,040705,AREQUIPA,ISLAY,MEJIA,URBANO,costa,683.0,16.591667
CP016436,0.0008597961327412944,8.597961327412944,2,040706,AREQUIPA,ISLAY,PUNTA DE BOMBON,URBANO,costa,5754.0,34.888332
CP016448,0.0,0.0,0,040801,AREQUIPA,LA UNION,COTAHUASI,URBANO,sierra,1938.0,215.82167
CP016536,0.0003364237830302292,3.3642378303022924,5,050103,AYACUCHO,HUAMANGA,ACOS VINCHOS,URBANO,sierra,623.0,39.201668
CP016578,0.0012565003334550169,12.565003334550168,6,050104,AYACUCHO,HUAMANGA,CARMEN ALTO,URBANO,sierra,7735.0,5.22
CP016579,0.0006877182775245806,6.877182775245806,5,050105,AYACUCHO,HUAMANGA,CHIARA,URBANO,sierra,328.0,24.685
CP016676,0.001000761740142908,10.00761740142908,1,050203,AYACUCHO,CANGALLO,LOS MOROCHUCOS,URBANO,sierra,2239.0,20.901667
CP016895,0.0,0.0,0,040508,AREQUIPA,CAYLLOMA,HUANCA,URBANO,sierra,929.0,112.27333
CP016943,0.0,0.0,0,040512,AREQUIPA,CAYLLOMA,MACA,URBANO,sierra,908.0,213.37334
CP016950,0.0,0.0,0,040513,AREQUIPA,CAYLLOMA,MADRIGAL,URBANO,sierra,690.0,223.045
CP016956,0.0,0.0,0,040514,AREQUIPA,CAYLLOMA,SAN ANTONIO DE CHUCA,URBANO,sierra,456.0,134.53166
CP016991,0.000569762558662084,5.697625586620839,1,040605,AREQUIPA,CONDESUYOS,IRAY,URBANO,sierra,305.0,39.68833
CP017005,0.0,0.0,0,040606,AREQUIPA,CONDESUYOS,RIO GRANDE,URBANO,costa,362.0,183.38333
CP017006,0.0,0.0,0,040606,AREQUIPA,CONDESUYOS,RIO GRANDE,URBANO,sierra,2207.0,172.64
CP017030,0.0,0.0,0,040607,AREQUIPA,CONDESUYOS,SALAMANCA,URBANO,sierra,547.0,199.59
CP017151,0.00034395753112562735,3.4395753112562737,1,040601,AREQUIPA,CONDESUYOS,CHUQUIBAMBA,URBANO,sierra,2796.0,46.708332
CP017187,0.0,0.0,0,040602,AREQUIPA,CONDESUYOS,ANDARAY,URBANO,sierra,351.0,127.15667
CP017212,0.0006916729325508243,6.916729325508243,5,050113,AYACUCHO,HUAMANGA,TAMBILLO,URBANO,sierra,192.0,22.035
CP017257,9.509273929108445e-05,0.9509273929108445,5,050114,AYACUCHO,HUAMANGA,VINCHOS,URBANO,sierra,669.0,54.533333
CP017269,0.0,0.0,0,040802,AREQUIPA,LA UNION,ALCA,URBANO,sierra,481.0,225.14
CP017282,0.0,0.0,0,040803,AREQUIPA,LA UNION,CHARCANA,URBANO,sierra,367.0,240.20667
CP017303,0.0,0.0,0,040804,AREQUIPA,LA UNION,HUAYNACOTAS,URBANO,sierra,247.0,225.20166
CP017339,0.0,0.0,0,040807,AREQUIPA,LA UNION,QUECHUALLA,URBANO,sierra,59.0,266.15668
CP017362,0.0,0.0,0,040808,AREQUIPA,LA UNION,SAYLA,URBANO,sierra,143.0,242.685
CP017371,0.0014386414542439173,14.386414542439173,1,050201,AYACUCHO,CANGALLO,CANGALLO,URBANO,sierra,2280.0,0.8566667
CP017415,0.0,0.0,0,050106,AYACUCHO,HUAMANGA,OCROS,URBANO,sierra,592.0,71.261665
CP017572,0.0,0.0,0,050202,AYACUCHO,CANGALLO,CHUSCHI,URBANO,sierra,1302.0,62.763332
CP017679,0.0,0.0,0,050612,AYACUCHO,LUCANAS,OCANA,URBANO,sierra,572.0,78.51833
CP017746,0.0,0.0,0,050615,AYACUCHO,LUCANAS,SAN CRISTOBAL,URBANO,sierra,1116.0,70.11
CP017764,0.0,0.0,0,050301,AYACUCHO,HUANCA SANCOS,SANCOS,URBANO,sierra,3036.0,114.04667
CP017792,3.9755783150770845e-05,0.39755783150770846,1,050609,AYACUCHO,LUCANAS,LEONCIO PRADO,URBANO,sierra,338.0,58.935
CP017832,0.0,0.0,0,050620,AYACUCHO,LUCANAS,SANTA ANA DE HUAYCAHUACHO,URBANO,sierra,730.0,77.098335
CP017839,0.0,0.0,0,050621,AYACUCHO,LUCANAS,SANTA LUCIA,URBANO,sierra,200.0,127.37334
CP017952,0.002561108024009839,25.611080240098392,1,050501,AYACUCHO,LA MAR,SAN MIGUEL,URBANO,sierra,2966.0,0.5733333
CP017954,0.00034229119387675666,3.4229119387675664,2,050509,AYACUCHO,LA MAR,SAMUGARI,URBANO,sierra,2711.0,41.68
CP017992,0.0005736269065210353,5.736269065210353,6,050401,AYACUCHO,HUANTA,HUANTA,URBANO,sierra,26026.0,0.735
CP018028,0.00048443743820518844,4.8443743820518845,3,050405,AYACUCHO,HUANTA,LURICOCHA,URBANO,sierra,842.0,6.4816666
CP018144,0.0,0.0,0,050303,AYACUCHO,HUANCA SANCOS,SACSAMARCA,URBANO,sierra,977.0,116.19666
CP018243,0.00018488116609662356,1.8488116609662357,1,050604,AYACUCHO,LUCANAS,CARMEN SALCEDO,URBANO,sierra,2964.0,51.631668
CP018499,0.0008697785810762276,8.697785810762277,1,050616,AYACUCHO,LUCANAS,SAN JUAN,URBANO,sierra,712.0,28.371666
CP018511,0.0006219259628958887,6.219259628958888,1,050617,AYACUCHO,LUCANAS,SAN PEDRO,URBANO,sierra,517.0,34.756668
CP018663,0.0017295386067523704,17.295386067523705,1,050702,AYACUCHO,PARINACOCHAS,CHUMPI,URBANO,sierra,1261.0,13.111667
CP018756,0.0,0.0,0,050619,AYACUCHO,LUCANAS,SANCOS,URBANO,sierra,526.0,61.633335
CP018777,0.0,0.0,0,050410,AYACUCHO,HUANTA,UCHURACCAY,RURAL,sierra,234.0,62.698334
CP018847,6.872686613147509e-05,0.6872686613147508,1,050406,AYACUCHO,HUANTA,SANTILLANA,URBANO,sierra,625.0,47.90333
CP018924,0.0,0.0,0,050502,AYACUCHO,LA MAR,ANCO,URBANO,sierra,530.0,74.85167
CP018927,0.0,0.0,0,050510,AYACUCHO,LA MAR,ANCHIHUAY,RURAL,sierra,2229.0,63.18833
CP019004,0.0,0.0,0,050506,AYACUCHO,LA MAR,LUIS CARRANZA,URBANO,sierra,127.0,60.72
CP019022,0.0,0.0,0,050602,AYACUCHO,LUCANAS,AUCARA,URBANO,sierra,1978.0,66.07667
CP019035,0.0018975964996016295,18.975964996016295,2,050605,AYACUCHO,LUCANAS,CHAVINA,URBANO,sierra,1567.0,12.021667
CP019079,0.0,0.0,0,050613,AYACUCHO,LUCANAS,OTOCA,URBANO,sierra,923.0,88.03167
CP019118,0.0,0.0,0,050618,AYACUCHO,LUCANAS,SAN PEDRO DE PALCO,URBANO,sierra,202.0,108.915
CP019171,0.0010943224275003181,10.943224275003182,3,050507,AYACUCHO,LA MAR,SANTA ROSA,URBANO,sierra,4702.0,21.026667
CP019364,0.0,0.0,0,050610,AYACUCHO,LUCANAS,LLAUTA,URBANO,sierra,267.0,71.168335
CP019598,0.0,0.0,0,050402,AYACUCHO,HUANTA,AYAHUANCO,URBANO,sierra,740.0,124.33833
CP019661,0.0016740168262462643,16.740168262462642,3,050407,AYACUCHO,HUANTA,SIVIA,URBANO,sierra,3319.0,0.6483333
CP019717,0.0,0.0,0,050302,AYACUCHO,HUANCA SANCOS,CARAPO,URBANO,sierra,560.0,84.545
CP019760,0.0,0.0,0,050304,AYACUCHO,HUANCA SANCOS,SANTIAGO DE LUCANAMARCA,URBANO,sierra,620.0,108.99333
CP019855,0.0,0.0,0,050606,AYACUCHO,LUCANAS,CHIPAO,URBANO,sierra,1216.0,91.215
CP019917,0.001918041875345059,19.18041875345059,3,050503,AYACUCHO,LA MAR,AYNA,URBANO,sierra,4823.0,0.88166666
CP019946,0.0,0.0,0,050608,AYACUCHO,LUCANAS,LARAMATE,URBANO,sierra,809.0,109.138336
CP019972,0.0021069394634747776,21.069394634747777,1,050508,AYACUCHO,LA MAR,TAMBO,URBANO,sierra,5546.0,15.326667
CP020084,0.0,0.0,0,050614,AYACUCHO,LUCANAS,SAISA,URBANO,sierra,503.0,96.871666
CP020108,0.0,0.0,0,050206,AYACUCHO,CANGALLO,TOTOS,URBANO,sierra,1001.0,137.38
CP020186,0.0011932459584007291,11.932459584007292,1,050611,AYACUCHO,LUCANAS,LUCANAS,URBANO,sierra,1614.0,20.615
CP020234,0.00199471741400422,19.947174140042197,1,050701,AYACUCHO,PARINACOCHAS,CORACORA,URBANO,sierra,10131.0,0.7033333
CP020429,0.0006182541578583026,6.182541578583026,6,050403,AYACUCHO,HUANTA,HUAMANGUILLA,URBANO,sierra,1419.0,25.898333
CP020462,0.0006238977613557995,6.238977613557995,6,050404,AYACUCHO,HUANTA,IGUAIN,URBANO,sierra,466.0,13.408334
CP020485,0.000961112746312629,9.611127463126289,3,050408,AYACUCHO,HUANTA,LLOCHEGUA,URBANO,sierra,2570.0,20.963333
CP020488,4.210012561687358e-05,0.4210012561687358,1,050409,AYACUCHO,HUANTA,CANAYRE,URBANO,costa,1091.0,59.588333
CP020643,0.0,0.0,0,050603,AYACUCHO,LUCANAS,CABANA,URBANO,sierra,2401.0,64.255
CP020698,0.0,0.0,0,050607,AYACUCHO,LUCANAS,HUAC-HUAS,URBANO,sierra,705.0,83.865
CP020718,0.0007102535065410023,7.102535065410023,1,050504,AYACUCHO,LA MAR,CHILCAS,URBANO,sierra,252.0,39.263332
CP020750,0.0,0.0,0,050505,AYACUCHO,LA MAR,CHUNGUI,URBANO,sierra,551.0,109.96667
CP020796,0.0016938975710579485,16.938975710579484,1,050601,AYACUCHO,LUCANAS,PUQUIO,URBANO,sierra,11956.0,1.9883333
CP020860,0.0,0.0,0,050908,AYACUCHO,SUCRE,SAN PEDRO DE LARCAY,URBANO,sierra,553.0,67.21333
CP020882,0.0,0.0,0,050909,AYACUCHO,SUCRE,SAN SALVADOR DE QUIJE,URBANO,sierra,355.0,155.05
CP020902,0.0006579546765133279,6.579546765133279,1,051002,AYACUCHO,VICTOR FAJARDO,ALCAMENCA,URBANO,sierra,490.0,30.673334
CP020920,0.0,0.0,0,051003,AYACUCHO,VICTOR FAJARDO,APONGO,URBANO,sierra,898.0,121.94
CP020925,0.0,0.0,0,051004,AYACUCHO,VICTOR FAJARDO,ASQUIPATA,URBANO,sierra,178.0,144.60834
CP020932,0.0,0.0,0,051005,AYACUCHO,VICTOR FAJARDO,CANARIA,URBANO,sierra,1291.0,60.796665
CP020948,0.0001803265574032225,1.803265574032225,8,060102,CAJAMARCA,CAJAMARCA,ASUNCION,URBANO,sierra,940.0,52.525
CP020961,0.0008561013761178711,8.56101376117871,1,051009,AYACUCHO,VICTOR FAJARDO,HUANCARAYLLA,URBANO,sierra,573.0,24.99
CP021025,0.0,0.0,0,051105,AYACUCHO,VILCAS HUAMAN,HUAMBALPA,URBANO,sierra,433.0,107.46333
CP021055,0.0,0.0,0,051106,AYACUCHO,VILCAS HUAMAN,INDEPENDENCIA,URBANO,sierra,610.0,98.86
CP021219,0.00031828180085722115,3.1828180085722115,8,060109,CAJAMARCA,CAJAMARCA,MAGDALENA,URBANO,sierra,2136.0,45.77833
CP021277,0.0,0.0,0,060202,CAJAMARCA,CAJABAMBA,CACHACHI,URBANO,sierra,355.0,74.69334
CP021373,0.0032181895994772827,32.18189599477283,2,060301,CAJAMARCA,CELENDIN,CELENDIN,URBANO,sierra,16721.0,0.0
CP021402,0.0028891504355219224,28.891504355219222,2,060306,CAJAMARCA,CELENDIN,JOSE GALVEZ,URBANO,sierra,891.0,11.508333
CP021422,0.0,0.0,0,060307,CAJAMARCA,CELENDIN,MIGUEL IGLESIAS,URBANO,sierra,538.0,94.82166
CP021443,0.0,0.0,0,060308,CAJAMARCA,CELENDIN,OXAMARCA,URBANO,sierra,449.0,65.333336
CP021509,0.0026627449545106917,26.627449545106916,2,060310,CAJAMARCA,CELENDIN,SUCRE,URBANO,sierra,1122.0,15.175
CP021524,0.0,0.0,0,050807,AYACUCHO,PAUCAR DEL SARA SARA,PARARCA,URBANO,sierra,439.0,79.81834
CP021525,0.0005038009879214743,5.038009879214743,5,060409,CAJAMARCA,CHOTA,HUAMBOS,URBANO,sierra,1123.0,37.683334
CP021582,0.0012542404002754927,12.542404002754926,6,060410,CAJAMARCA,CHOTA,LAJAS,URBANO,sierra,2064.0,6.1833334
CP021671,0.0,0.0,0,050801,AYACUCHO,PAUCAR DEL SARA SARA,PAUSA,URBANO,sierra,1970.0,91.80167
CP021681,0.0,0.0,0,050808,AYACUCHO,PAUCAR DEL SARA SARA,SAN JAVIER DE ALPABAMBA,URBANO,sierra,80.0,115.69334
CP021693,0.0,0.0,0,050809,AYACUCHO,PAUCAR DEL SARA SARA,SAN JOSE DE USHUA,URBANO,sierra,127.0,193.135
CP021700,0.0,0.0,0,050810,AYACUCHO,PAUCAR DEL SARA SARA,SARA SARA,URBANO,sierra,662.0,70.30334
CP021711,0.0,0.0,0,050901,AYACUCHO,SUCRE,QUEROBAMBA,URBANO,sierra,1628.0,116.69666
CP021729,0.0,0.0,0,050910,AYACUCHO,SUCRE,SANTIAGO DE PAUCARAY,URBANO,sierra,275.0,99.21333
CP021751,0.0,0.0,0,051107,AYACUCHO,VILCAS HUAMAN,SAURAMA,URBANO,sierra,326.0,114.261665
CP021804,0.0003951158303046757,3.951158303046757,1,051010,AYACUCHO,VICTOR FAJARDO,HUAYA,URBANO,sierra,2222.0,39.416668
CP021858,0.0,0.0,0,051101,AYACUCHO,VILCAS HUAMAN,VILCAS HUAMAN,URBANO,sierra,2927.0,69.575
CP021903,0.00016730149669367416,1.6730149669367416,1,051108,AYACUCHO,VILCAS HUAMAN,VISCHONGO,URBANO,sierra,736.0,50.856667
CP021966,0.0001873120211339338,1.873120211339338,8,060103,CAJAMARCA,CAJAMARCA,CHETILLA,URBANO,sierra,405.0,51.785
CP022003,0.0,0.0,0,060104,CAJAMARCA,CAJAMARCA,COSPAN,URBANO,sierra,665.0,111.19334
CP022047,0.0012748930624718324,12.748930624718325,8,060106,CAJAMARCA,CAJAMARCA,JESUS,URBANO,sierra,2343.0,21.078333
CP022141,0.0008576336206066735,8.576336206066735,8,060110,CAJAMARCA,CAJAMARCA,MATARA,URBANO,sierra,763.0,29.58
CP022231,0.00031259484683486885,3.1259484683486884,1,050706,AYACUCHO,PARINACOCHAS,PUYUSCA,URBANO,sierra,776.0,47.198334
CP022317,0.0002295257956359972,2.295257956359972,2,060309,CAJAMARCA,CELENDIN,SOROCHUCO,URBANO,sierra,713.0,55.506668
CP022343,0.0011391694961615866,11.391694961615867,6,060407,CAJAMARCA,CHOTA,COCHABAMBA,URBANO,sierra,1274.0,23.423334
CP022373,0.0005831816060195316,5.831816060195316,6,060408,CAJAMARCA,CHOTA,CONCHAN,URBANO,sierra,419.0,30.178333
CP022408,0.0008398444394155264,8.398444394155264,6,060404,CAJAMARCA,CHOTA,CHIGUIRIP,URBANO,sierra,403.0,27.83
CP022425,0.0,0.0,0,060405,CAJAMARCA,CHOTA,CHIMBAN,URBANO,sierra,727.0,133.98666
CP022452,0.0,0.0,0,060406,CAJAMARCA,CHOTA,CHOROPAMPA,URBANO,sierra,320.0,83.17
CP022465,0.0,0.0,0,050911,AYACUCHO,SUCRE,SORAS,URBANO,sierra,1060.0,77.005
CP022486,0.000590457009992709,5.90457009992709,1,051006,AYACUCHO,VICTOR FAJARDO,CAYARA,URBANO,sierra,919.0,32.725
CP022507,0.0,0.0,0,061105,CAJAMARCA,SAN MIGUEL,EL PRADO,URBANO,sierra,259.0,119.56167
CP022533,0.0,0.0,0,050802,AYACUCHO,PAUCAR DEL SARA SARA,COLTA,URBANO,sierra,324.0,135.41833
CP022553,0.0,0.0,0,050803,AYACUCHO,PAUCAR DEL SARA SARA,CORCULLA,URBANO,sierra,303.0,207.11833
CP022562,0.0,0.0,0,050804,AYACUCHO,PAUCAR DEL SARA SARA,LAMPA,URBANO,sierra,353.0,108.50667
CP022576,0.0,0.0,0,050902,AYACUCHO,SUCRE,BELEN,URBANO,sierra,506.0,171.62833
CP022580,0.0,0.0,0,050903,AYACUCHO,SUCRE,CHALCOS,URBANO,sierra,253.0,162.93834
CP022595,0.0,0.0,0,050904,AYACUCHO,SUCRE,CHILCAYOC,URBANO,sierra,310.0,153.27333
CP022643,0.0011224841396061086,11.224841396061086,1,051001,AYACUCHO,VICTOR FAJARDO,HUANCAPI,URBANO,sierra,2148.0,17.29
CP022650,0.0020239835617612734,20.239835617612734,8,060101,CAJAMARCA,CAJAMARCA,CAJAMARCA,URBANO,sierra,150197.0,1.4533334
CP022681,0.0,0.0,0,060302,CAJAMARCA,CELENDIN,CHUMUCH,URBANO,sierra,237.0,117.25166
CP022702,0.0,0.0,0,060303,CAJAMARCA,CELENDIN,CORTEGANA,URBANO,sierra,388.0,119.445
CP022734,0.0,0.0,0,051011,AYACUCHO,VICTOR FAJARDO,SARHUA,URBANO,sierra,1260.0,77.69666
CP022753,0.0,0.0,0,051012,AYACUCHO,VICTOR FAJARDO,VILCANCHOS,URBANO,sierra,388.0,148.01666
CP022793,0.0,0.0,0,051102,AYACUCHO,VILCAS HUAMAN,ACCOMARCA,URBANO,sierra,639.0,73.665
CP022809,0.0,0.0,0,051103,AYACUCHO,VILCAS HUAMAN,CARHUANCA,URBANO,sierra,500.0,128.00667
CP022870,0.0018645450597871204,18.645450597871204,8,060101,CAJAMARCA,CAJAMARCA,CAJAMARCA,RURAL,sierra,3186.0,7.1683335
CP022931,0.001113026121027013,11.130261210270131,2,060304,CAJAMARCA,CELENDIN,HUASMIN,URBANO,sierra,216.0,34.905
CP022971,0.0018324410412139162,18.324410412139162,8,060107,CAJAMARCA,CAJAMARCA,LLACANORA,URBANO,sierra,648.0,8.746667
CP023025,0.0013593532512425673,13.593532512425673,8,060111,CAJAMARCA,CAJAMARCA,NAMORA,URBANO,sierra,1475.0,19.4
CP023071,0.0010025573231606086,10.025573231606085,8,060112,CAJAMARCA,CAJAMARCA,SAN JUAN,URBANO,sierra,908.0,27.761667
CP023126,0.0005522856858732623,5.522856858732623,1,060203,CAJAMARCA,CAJABAMBA,CONDEBAMBA,URBANO,sierra,637.0,16.783333
CP023157,0.0,0.0,0,050707,AYACUCHO,PARINACOCHAS,SAN FRANCISCO DE RAVACAYCO,URBANO,sierra,174.0,97.34
CP023193,0.0005967424813718464,5.967424813718464,1,051007,AYACUCHO,VICTOR FAJARDO,COLCA,URBANO,sierra,714.0,32.53
CP023214,0.0013505547589410104,13.505547589410105,6,060401,CAJAMARCA,CHOTA,CHOTA,URBANO,sierra,16531.0,2.0266666
CP023303,0.0,0.0,0,060402,CAJAMARCA,CHOTA,ANGUIA,URBANO,sierra,339.0,63.318333
CP023318,4.643509494381596e-05,0.4643509494381596,1,060403,CAJAMARCA,CHOTA,CHADIN,URBANO,sierra,424.0,48.503334
CP023327,0.0,0.0,0,050905,AYACUCHO,SUCRE,HUACANA,URBANO,sierra,395.0,91.915
CP023338,0.0,0.0,0,050703,AYACUCHO,PARINACOCHAS,CORONEL CASTANEDA,URBANO,sierra,195.0,98.636665
CP023365,0.0,0.0,0,050704,AYACUCHO,PARINACOCHAS,PACAPAUSA,URBANO,sierra,520.0,89.31333
CP023396,0.0,0.0,0,051008,AYACUCHO,VICTOR FAJARDO,HUAMANQUIQUIA,URBANO,sierra,518.0,93.64333
CP023436,0.0,0.0,0,050805,AYACUCHO,PAUCAR DEL SARA SARA,MARCABAMBA,URBANO,sierra,442.0,113.82833
CP023445,0.0,0.0,0,050806,AYACUCHO,PAUCAR DEL SARA SARA,OYOLO,URBANO,sierra,622.0,172.88834
CP023480,0.0,0.0,0,050906,AYACUCHO,SUCRE,MORCOLLA,URBANO,sierra,511.0,109.513336
CP023600,0.0004971456009599354,4.971456009599354,8,060105,CAJAMARCA,CAJAMARCA,ENCANADA,URBANO,sierra,1217.0,39.491665
CP023670,0.001911158121223646,19.11158121223646,8,060108,CAJAMARCA,CAJAMARCA,LOS BANOS DEL INCA,URBANO,sierra,9442.0,7.463333
CP023677,0.0,0.0,0,051104,AYACUCHO,VILCAS HUAMAN,CONCEPCION,URBANO,sierra,365.0,83.62
CP023847,0.002213579469030633,22.13579469030633,2,060305,CAJAMARCA,CELENDIN,JORGE CHAVEZ,URBANO,sierra,214.0,21.258333
CP023857,0.0,0.0,0,050708,AYACUCHO,PARINACOCHAS,UPAHUACHO,URBANO,sierra,191.0,80.905
CP023944,0.0006916433743824787,6.916433743824787,1,060201,CAJAMARCA,CAJABAMBA,CAJABAMBA,URBANO,sierra,14528.0,3.36
CP024018,5.365764892732456e-05,0.5365764892732456,1,060204,CAJAMARCA,CAJABAMBA,SITACOCHA,URBANO,sierra,1883.0,55.52833
CP024127,0.0,0.0,0,060411,CAJAMARCA,CHOTA,LLAMA,URBANO,sierra,968.0,66.495
CP024175,0.001023925725551011,10.23925725551011,2,060311,CAJAMARCA,CELENDIN,UTCO,URBANO,sierra,80.0,36.935
CP024208,0.0,0.0,0,060312,CAJAMARCA,CELENDIN,LA LIBERTAD DE PALLAN,URBANO,sierra,601.0,70.15833
CP024228,0.0,0.0,0,050907,AYACUCHO,SUCRE,PAICO,URBANO,sierra,472.0,101.54
CP024250,0.0002696926115665945,2.6969261156659448,1,050705,AYACUCHO,PARINACOCHAS,PULLO,URBANO,sierra,567.0,49.041668
CP024370,0.00033572426972771323,3.3572426972771323,8,061001,CAJAMARCA,SAN MARCOS,PEDRO GALVEZ,URBANO,sierra,8093.0,43.90167
CP024464,0.0,0.0,0,061101,CAJAMARCA,SAN MIGUEL,SAN MIGUEL,URBANO,sierra,3124.0,89.918335
CP024533,0.0,0.0,0,061202,CAJAMARCA,SAN PABLO,SAN BERNARDINO,URBANO,sierra,179.0,67.675
CP024574,0.0,0.0,0,061203,CAJAMARCA,SAN PABLO,SAN LUIS,URBANO,sierra,96.0,68.151665
CP024607,0.00043813349632456765,4.381334963245677,6,061304,CAJAMARCA,SANTA CRUZ,CHANCAYBANOS,URBANO,sierra,321.0,31.421667
CP024636,0.00010297650847708876,1.0297650847708877,3,061305,CAJAMARCA,SANTA CRUZ,LA ESPERANZA,URBANO,sierra,179.0,48.826668
CP024701,0.0,0.0,0,060416,CAJAMARCA,CHOTA,SAN JUAN DE LICUPIS,URBANO,sierra,193.0,117.08667
CP024744,0.0,0.0,0,061110,CAJAMARCA,SAN MIGUEL,SAN GREGORIO,URBANO,sierra,189.0,82.42
CP024853,0.0,0.0,0,060602,CAJAMARCA,CUTERVO,CALLAYUC,URBANO,sierra,525.0,71.848335
CP024918,0.0,0.0,0,060609,CAJAMARCA,CUTERVO,SAN JUAN DE CUTERVO,URBANO,sierra,469.0,101.19833
CP024936,0.00012110427358454491,1.2110427358454492,2,060610,CAJAMARCA,CUTERVO,SAN LUIS DE LUCMA,URBANO,sierra,492.0,49.083332
CP024956,0.00024177717304081598,2.41777173040816,7,060611,CAJAMARCA,CUTERVO,SANTA CRUZ,URBANO,sierra,263.0,57.84667
CP025012,0.0,0.0,0,060502,CAJAMARCA,CONTUMAZA,CHILETE,URBANO,sierra,2442.0,64.705
CP025072,0.0037579597799601854,37.579597799601856,15,060802,CAJAMARCA,JAEN,BELLAVISTA,URBANO,costa,2855.0,23.516666
CP025111,0.0003200737316532596,3.2007373165325963,7,060805,CAJAMARCA,JAEN,HUABAL,URBANO,sierra,732.0,54.385
CP025142,0.0022164064643537375,22.164064643537376,9,060806,CAJAMARCA,JAEN,LAS PIRIAS,URBANO,sierra,778.0,27.441668
CP025184,0.0,0.0,0,060810,CAJAMARCA,JAEN,SAN FELIPE,URBANO,sierra,382.0,109.78333
CP025311,0.0,0.0,0,060905,CAJAMARCA,SAN IGNACIO,NAMBALLE,URBANO,sierra,1509.0,206.63333
CP025350,0.0,0.0,0,060906,CAJAMARCA,SAN IGNACIO,SAN JOSE DE LOURDES,URBANO,sierra,1015.0,151.345
CP025366,0.0,0.0,0,061303,CAJAMARCA,SANTA CRUZ,CATACHE,URBANO,sierra,717.0,79.84
CP025391,0.00016696232415915272,1.669623241591527,8,061002,CAJAMARCA,SAN MARCOS,CHANCAY,URBANO,sierra,502.0,52.2
CP025416,0.00013372519450625844,1.3372519450625844,1,061003,CAJAMARCA,SAN MARCOS,EDUARDO VILLANUEVA,URBANO,sierra,535.0,44.565
CP025426,0.00018144779370426998,1.8144779370426998,8,061004,CAJAMARCA,SAN MARCOS,GREGORIO PITA,URBANO,sierra,401.0,51.27833
CP025431,0.00398041931865262,39.8041931865262,12,080101,CUSCO,CUSCO,CUSCO,URBANO,sierra,106400.0,3.5333333
CP025485,0.0,0.0,0,061102,CAJAMARCA,SAN MIGUEL,BOLIVAR,URBANO,sierra,571.0,79.895
CP025525,0.0,0.0,0,060902,CAJAMARCA,SAN IGNACIO,CHIRINOS,URBANO,sierra,1531.0,100.29833
CP025559,0.0,0.0,0,061111,CAJAMARCA,SAN MIGUEL,SAN SILVESTRE DE COCHAN,URBANO,sierra,259.0,73.64667
CP025665,0.0017613285925714905,17.613285925714905,12,080102,CUSCO,CUSCO,CCORCA,URBANO,sierra,311.0,26.516666
CP025691,0.0031865142230129958,31.86514223012996,12,080103,CUSCO,CUSCO,POROY,URBANO,sierra,961.0,14.13
CP025697,0.0002349933408177974,2.349933408177974,5,060417,CAJAMARCA,CHOTA,TACABAMBA,URBANO,sierra,3491.0,43.93
CP025762,0.0,0.0,0,060418,CAJAMARCA,CHOTA,TOCMOCHE,URBANO,sierra,219.0,102.02
CP025797,0.0,0.0,0,061112,CAJAMARCA,SAN MIGUEL,TONGOD,URBANO,sierra,1001.0,76.82166
CP025816,0.0,0.0,0,061113,CAJAMARCA,SAN MIGUEL,UNION AGUA BLANCA,URBANO,sierra,466.0,99.42834
CP025834,0.0,0.0,0,060507,CAJAMARCA,CONTUMAZA,TANTARICA,URBANO,sierra,316.0,129.14
CP025870,0.00011881012483822569,1.1881012483822568,4,060508,CAJAMARCA,CONTUMAZA,YONAN,URBANO,costa,3870.0,48.298332
CP025900,0.00023524235940985705,2.3524235940985707,7,060603,CAJAMARCA,CUTERVO,CHOROS,URBANO,costa,367.0,58.128334
CP025929,0.0,0.0,0,060604,CAJAMARCA,CUTERVO,CUJILLO,URBANO,sierra,277.0,79.208336
CP025949,0.0,0.0,0,060605,CAJAMARCA,CUTERVO,LA RAMADA,URBANO,sierra,572.0,70.83
CP025987,5.19936943824607e-05,0.519936943824607,2,060612,CAJAMARCA,CUTERVO,SANTO DOMINGO DE LA CAPILLA,URBANO,sierra,794.0,58.451668
CP026015,0.0,0.0,0,060613,CAJAMARCA,CUTERVO,SANTO TOMAS,URBANO,sierra,1226.0,82.28
CP026038,0.0,0.0,0,060503,CAJAMARCA,CONTUMAZA,CUPISNIQUE,URBANO,sierra,233.0,86.10167
CP026123,0.0,0.0,0,060803,CAJAMARCA,JAEN,CHONTALI,URBANO,sierra,1401.0,116.863335
CP026154,0.0,0.0,0,060807,CAJAMARCA,JAEN,POMAHUACA,URBANO,sierra,1041.0,74.25
CP026252,0.0,0.0,0,061103,CAJAMARCA,SAN MIGUEL,CALQUIS,URBANO,sierra,97.0,99.24333
CP026253,1.8311724931498058e-05,0.18311724931498058,1,061104,CAJAMARCA,SAN MIGUEL,CATILLUC,URBANO,sierra,369.0,58.913334
CP026390,0.0,0.0,0,061309,CAJAMARCA,SANTA CRUZ,SEXI,URBANO,sierra,279.0,67.12666
CP026433,0.00018139368353318577,1.8139368353318577,8,061005,CAJAMARCA,SAN MARCOS,ICHOCAN,URBANO,sierra,616.0,51.281666
CP026448,0.0,0.0,0,061006,CAJAMARCA,SAN MARCOS,JOSE MANUEL QUIROZ,URBANO,sierra,626.0,89.61667
CP026482,0.0,0.0,0,060811,CAJAMARCA,JAEN,SAN JOSE DEL ALTO,URBANO,sierra,175.0,123.175
CP026558,0.0,0.0,0,060903,CAJAMARCA,SAN IGNACIO,HUARANGO,URBANO,sierra,760.0,105.96333
CP026609,0.000163274147406075,1.6327414740607502,3,061310,CAJAMARCA,SANTA CRUZ,UTICYACU,URBANO,sierra,201.0,43.15
CP026619,0.0,0.0,0,061311,CAJAMARCA,SANTA CRUZ,YAUYUCAN,URBANO,sierra,802.0,82.208336
CP026636,0.002875610009149237,28.75610009149237,230,070101,CALLAO,CALLAO,CALLAO,URBANO,costa,415888.0,2.8633332
CP026637,0.002968570516062468,29.685705160624682,230,070102,CALLAO,CALLAO,BELLAVISTA,URBANO,costa,75163.0,1.4383334
CP026638,0.0032406238361669393,32.406238361669395,232,070103,CALLAO,CALLAO,CARMEN DE LA LEGUA REYNOSO,URBANO,costa,41863.0,1.4516667
CP026639,0.0030905900231363295,30.905900231363294,230,070104,CALLAO,CALLAO,LA PERLA,URBANO,costa,61698.0,2.6383333
CP026640,0.0025147721381431867,25.147721381431868,230,070105,CALLAO,CALLAO,LA PUNTA,URBANO,costa,4370.0,7.545
CP026641,0.0011579835939044454,11.579835939044454,228,070106,CALLAO,CALLAO,VENTANILLA,URBANO,costa,277895.0,1.81
CP026642,0.0013002934323888774,13.002934323888773,229,070107,CALLAO,CALLAO,MI PERU,URBANO,costa,51522.0,3.7816668
CP026696,0.0,0.0,0,060412,CAJAMARCA,CHOTA,MIRACOSTA,URBANO,sierra,180.0,130.60333
CP026724,0.0,0.0,0,061106,CAJAMARCA,SAN MIGUEL,LA FLORIDA,URBANO,sierra,592.0,110.99
CP026750,0.0,0.0,0,061107,CAJAMARCA,SAN MIGUEL,LLAPA,URBANO,sierra,732.0,81.30167
CP026802,7.241563891817138e-05,0.7241563891817139,5,061201,CAJAMARCA,SAN PABLO,SAN PABLO,URBANO,sierra,3185.0,56.93833
CP026853,0.0011296329261866048,11.296329261866049,5,060601,CAJAMARCA,CUTERVO,CUTERVO,URBANO,sierra,16728.0,1.5083333
CP026922,0.0,0.0,0,060606,CAJAMARCA,CUTERVO,PIMPINGOS,URBANO,sierra,498.0,64.57833
CP026960,0.0,0.0,0,060607,CAJAMARCA,CUTERVO,QUEROCOTILLO,URBANO,sierra,901.0,80.45167
CP027004,7.97478061287433e-05,0.797478061287433,3,060419,CAJAMARCA,CHOTA,CHALAMARCA,URBANO,sierra,776.0,50.231667
CP027054,0.0,0.0,0,060504,CAJAMARCA,CONTUMAZA,GUZMANGO,URBANO,sierra,222.0,108.60667
CP027098,0.0,0.0,0,060505,CAJAMARCA,CONTUMAZA,SAN BENITO,URBANO,sierra,546.0,72.62
CP027145,0.0,0.0,0,060804,CAJAMARCA,JAEN,COLASAY,URBANO,sierra,975.0,74.96333
CP027203,0.00012957036206127516,1.2957036206127517,4,060808,CAJAMARCA,JAEN,PUCARA,URBANO,sierra,3396.0,59.476665
CP027235,0.0,0.0,0,060809,CAJAMARCA,JAEN,SALLIQUE,URBANO,sierra,894.0,144.46
CP027280,0.0005682544729456061,5.682544729456061,2,060614,CAJAMARCA,CUTERVO,SOCOTA,URBANO,sierra,2218.0,23.978333
CP027316,0.0,0.0,0,060702,CAJAMARCA,HUALGAYOC,CHUGUR,URBANO,sierra,234.0,73.53833
CP027334,0.00043944401900176255,4.394440190017626,4,060703,CAJAMARCA,HUALGAYOC,HUALGAYOC,URBANO,sierra,2407.0,19.276667
CP027385,0.0,0.0,0,060907,CAJAMARCA,SAN IGNACIO,TABACONAS,URBANO,sierra,443.0,160.805
CP027440,8.577369098325063e-05,0.8577369098325063,3,061301,CAJAMARCA,SANTA CRUZ,SANTA CRUZ,URBANO,sierra,4660.0,50.913334
CP027486,0.0,0.0,0,061007,CAJAMARCA,SAN MARCOS,JOSE SABOGAL,URBANO,sierra,275.0,117.75
CP027494,0.0,0.0,0,060812,CAJAMARCA,JAEN,SANTA ROSA,URBANO,sierra,1431.0,78.57833
CP027558,0.0,0.0,0,061108,CAJAMARCA,SAN MIGUEL,NANCHOC,URBANO,costa,264.0,65.20167
CP027618,0.0,0.0,0,060904,CAJAMARCA,SAN IGNACIO,LA COIPA,URBANO,sierra,942.0,88.128334
CP027675,0.0,0.0,0,061302,CAJAMARCA,SANTA CRUZ,ANDABAMBA,URBANO,sierra,253.0,85.513336
CP027712,7.139126455230547e-05,0.7139126455230547,1,060413,CAJAMARCA,CHOTA,PACCHA,URBANO,sierra,1003.0,42.845
CP027734,0.0,0.0,0,060414,CAJAMARCA,CHOTA,PION,URBANO,sierra,471.0,93.371666
CP027746,0.0,0.0,0,060415,CAJAMARCA,CHOTA,QUEROCOTO,URBANO,sierra,417.0,72.261665
CP027797,0.0,0.0,0,061109,CAJAMARCA,SAN MIGUEL,NIEPOS,URBANO,sierra,638.0,129.29834
CP027817,0.0,0.0,0,060501,CAJAMARCA,CONTUMAZA,CONTUMAZA,URBANO,sierra,3221.0,109.16
CP027828,0.0,0.0,0,061306,CAJAMARCA,SANTA CRUZ,NINABAMBA,URBANO,sierra,386.0,65.705
CP027842,0.0,0.0,0,061307,CAJAMARCA,SANTA CRUZ,PULAN,URBANO,sierra,432.0,91.57
CP027873,0.0,0.0,0,061308,CAJAMARCA,SANTA CRUZ,SAUCEPAMPA,URBANO,sierra,283.0,71.06834
CP028017,0.00011033631167344777,1.1033631167344777,2,060608,CAJAMARCA,CUTERVO,SAN ANDRES DE CUTERVO,URBANO,sierra,1151.0,50.2
CP028137,0.0,0.0,0,060506,CAJAMARCA,CONTUMAZA,SANTA CRUZ DE TOLED,URBANO,sierra,119.0,125.16333
CP028147,0.005211372314929737,52.11372314929737,12,060801,CAJAMARCA,JAEN,JAEN,URBANO,sierra,63208.0,0.9816667
CP028288,0.0,0.0,0,060615,CAJAMARCA,CUTERVO,TORIBIO CASANOVA,URBANO,sierra,389.0,81.535
CP028313,0.0008312294379931855,8.312294379931854,4,060701,CAJAMARCA,HUALGAYOC,BAMBAMARCA,URBANO,sierra,15632.0,1.875
CP028347,0.0,0.0,0,060901,CAJAMARCA,SAN IGNACIO,SAN IGNACIO,URBANO,sierra,11266.0,158.46834
CP028350,0.004930900725856445,49.30900725856445,11,060801,CAJAMARCA,JAEN,JAEN,URBANO,sierra,6135.0,3.7833333
CP028455,0.0008581039949148798,8.581039949148797,12,080305,CUSCO,ANTA,HUAROCONDO,URBANO,sierra,2237.0,40.035
CP028705,4.8686693205739746e-05,0.48686693205739745,2,080504,CUSCO,CANAS,LANGUI,URBANO,sierra,341.0,58.008335
CP028884,7.409219324957642e-05,0.7409219324957642,2,080605,CUSCO,CANCHIS,PITUMARCA,URBANO,sierra,2996.0,53.43667
CP028950,0.0004163245365381066,4.163245365381067,2,080608,CUSCO,CANCHIS,TINTA,URBANO,sierra,2574.0,28.01
CP028972,0.0010422299711351011,10.42229971135101,1,080701,CUSCO,CHUMBIVILCAS,SANTO TOMAS,URBANO,sierra,7575.0,1.865
CP029208,0.0007442303741575692,7.442303741575692,1,080706,CUSCO,CHUMBIVILCAS,LLUSCO,URBANO,sierra,967.0,20.203333
CP029386,4.727426602368787e-05,0.47274266023687866,2,080202,CUSCO,ACOMAYO,ACOPIA,URBANO,sierra,1466.0,58.265
CP029391,0.0,0.0,0,080203,CUSCO,ACOMAYO,ACOS,URBANO,sierra,759.0,97.20333
CP029397,0.0,0.0,0,080404,CUSCO,CALCA,LARES,URBANO,sierra,522.0,113.168335
CP029422,0.0024884835846332295,24.884835846332294,12,080301,CUSCO,ANTA,ANTA,URBANO,sierra,6652.0,21.188334
CP029548,0.0024788199568999397,24.788199568999396,12,080308,CUSCO,ANTA,PUCYURA,URBANO,sierra,1479.0,21.283333
CP029577,0.0004707532774324865,4.707532774324865,12,080309,CUSCO,ANTA,ZURITE,URBANO,sierra,1480.0,47.68833
CP029685,5.0223211961532815e-05,0.5022321196153281,2,080501,CUSCO,CANAS,YANAOCA,URBANO,sierra,2308.0,57.638332
CP029746,0.0,0.0,0,080505,CUSCO,CANAS,LAYO,URBANO,sierra,593.0,63.865
CP030161,0.00011308307856103874,1.1308307856103874,2,080204,CUSCO,ACOMAYO,MOSOC LLACTA,URBANO,sierra,620.0,48.456665
CP030177,0.0,0.0,0,080205,CUSCO,ACOMAYO,POMACANCHI,URBANO,sierra,3563.0,72.345
CP030190,0.001436653655284298,14.366536552842978,12,080405,CUSCO,CALCA,PISAC,URBANO,sierra,3422.0,28.218334
CP030257,0.0004520859479316172,4.520859479316172,12,080302,CUSCO,ANTA,ANCAHUASI,URBANO,sierra,1623.0,48.163334
CP030388,4.20947279678234e-05,0.420947279678234,4,080401,CUSCO,CALCA,CALCA,URBANO,sierra,10413.0,53.921665
CP030390,0.0003276085667021819,3.276085667021819,2,080603,CUSCO,CANCHIS,COMBAPATA,URBANO,sierra,1967.0,32.74
CP030414,0.000884261103948257,8.84261103948257,12,080406,CUSCO,CALCA,SAN SALVADOR,URBANO,sierra,1198.0,35.676666
CP030442,0.0011733470754025466,11.733470754025465,12,080407,CUSCO,CALCA,TARAY,URBANO,sierra,489.0,31.503334
CP030506,0.002935386585793825,29.35386585793825,12,080303,CUSCO,ANTA,CACHIMAYO,URBANO,sierra,1529.0,16.748333
CP030521,0.0,0.0,0,080304,CUSCO,ANTA,CHINCHAYPUJIO,URBANO,sierra,943.0,72.066666
CP030531,0.0,0.0,0,080306,CUSCO,ANTA,LIMATAMBO,URBANO,sierra,1852.0,71.12334
CP030697,0.0003292909529401351,3.292909529401351,1,080704,CUSCO,CHUMBIVILCAS,COLQUEMARCA,URBANO,sierra,1190.0,37.256668
CP030742,0.00039755289643904736,3.9755289643904734,2,080502,CUSCO,CANAS,CHECCA,URBANO,sierra,247.0,45.05
CP030816,0.00011069721633349071,1.1069721633349072,2,080506,CUSCO,CANAS,PAMPAMARCA,URBANO,sierra,680.0,48.72
CP030828,0.0,0.0,0,080507,CUSCO,CANAS,QUEHUE,URBANO,sierra,257.0,67.94
CP030878,6.018931816930532e-05,0.6018931816930532,2,080508,CUSCO,CANAS,TUPAC AMARU,URBANO,sierra,436.0,55.72167
CP031056,0.0006013677293085863,6.013677293085863,2,080606,CUSCO,CANCHIS,SAN PABLO,URBANO,sierra,1582.0,18.545
CP031133,0.0,0.0,0,080702,CUSCO,CHUMBIVILCAS,CAPACMARCA,URBANO,sierra,624.0,62.618332
CP031321,0.00021577617485166227,2.1577617485166227,1,080708,CUSCO,CHUMBIVILCAS,VELILLE,URBANO,sierra,1989.0,43.543335
CP031379,0.0034860837314025415,34.86083731402542,12,080104,CUSCO,CUSCO,SAN JERONIMO,URBANO,sierra,29678.0,10.211667
CP031423,0.003955370857682737,39.55370857682737,12,080105,CUSCO,CUSCO,SAN SEBASTIAN,URBANO,sierra,89648.0,2.2316666
CP031431,0.0,0.0,0,080408,CUSCO,CALCA,YANATILE,URBANO,sierra,2573.0,106.80666
CP031622,0.0,0.0,0,080307,CUSCO,ANTA,MOLLEPATA,URBANO,sierra,1162.0,68.58667
CP031676,0.0007172792526227554,7.172792526227554,12,080402,CUSCO,CALCA,COYA,URBANO,sierra,1266.0,38.521667
CP031701,0.00046090481375724,4.6090481375724,12,080403,CUSCO,CALCA,LAMAY,URBANO,sierra,1809.0,44.02
CP031706,0.0006237427921475258,6.237427921475258,2,080604,CUSCO,CANCHIS,MARANGANI,URBANO,sierra,2430.0,17.373333
CP031821,0.0002506817061814818,2.5068170618148176,2,080503,CUSCO,CANAS,KUNTURKANKI,URBANO,sierra,1136.0,50.803333
CP031875,0.0007993455018583315,7.993455018583315,2,080601,CUSCO,CANCHIS,SICUANI,URBANO,sierra,41352.0,2.0866666
CP031949,0.00014105022952335406,1.4105022952335406,2,080602,CUSCO,CANCHIS,CHECACUPE,URBANO,sierra,1971.0,45.638332
CP031979,0.0,0.0,0,080705,CUSCO,CHUMBIVILCAS,LIVITACA,URBANO,sierra,948.0,101.986664
CP032079,0.000564972997017297,5.64972997017297,2,080607,CUSCO,CANCHIS,SAN PEDRO,URBANO,sierra,1204.0,20.461666
CP032175,0.0,0.0,0,080703,CUSCO,CHUMBIVILCAS,CHAMACA,URBANO,sierra,689.0,70.236664
CP032222,0.0,0.0,0,080206,CUSCO,ACOMAYO,RONDOCAN,URBANO,sierra,289.0,63.468334
CP032272,0.0,0.0,0,080207,CUSCO,ACOMAYO,SANGARARA,URBANO,sierra,1360.0,72.69666
CP032301,0.002180455690108899,21.80455690108899,2,080801,CUSCO,ESPINAR,ESPINAR,URBANO,sierra,23867.0,1.9483334
CP032398,0.0005533809186870377,5.533809186870377,1,080707,CUSCO,CHUMBIVILCAS,QUINOTA,URBANO,sierra,726.0,27.645
CP032414,0.0039670462657962775,39.67046265796277,12,080106,CUSCO,CUSCO,SANTIAGO,URBANO,sierra,64075.0,1.2033334
CP032434,0.0029381491342249074,29.381491342249074,12,080107,CUSCO,CUSCO,SAYLLA,URBANO,sierra,1255.0,16.308332
CP032455,0.00407295994380018,40.7295994380018,12,080108,CUSCO,CUSCO,WANCHAQ,URBANO,sierra,59134.0,1.245
CP032456,0.0,0.0,0,080201,CUSCO,ACOMAYO,ACOMAYO,URBANO,sierra,2154.0,89.42667
CP032507,0.0,0.0,0,081002,CUSCO,PARURO,ACCHA,URBANO,sierra,1281.0,107.26667
CP032570,0.0,0.0,0,081007,CUSCO,PARURO,PACCARITAMBO,URBANO,sierra,734.0,60.94
CP032601,0.0,0.0,0,081206,CUSCO,QUISPICANCHI,CUSIPATA,URBANO,sierra,1185.0,67.526665
CP032617,0.0012045666105284113,12.045666105284113,12,081102,CUSCO,PAUCARTAMBO,CAICAY,URBANO,sierra,333.0,34.666668
CP032641,0.0,0.0,0,081103,CUSCO,PAUCARTAMBO,CHALLABAMBA,URBANO,sierra,875.0,115.596664
CP032705,0.0,0.0,0,080911,CUSCO,LA CONVENCION,INKAWASI,RURAL,sierra,619.0,259.45834
CP032744,0.0,0.0,0,081204,CUSCO,QUISPICANCHI,CCARHUAYO,URBANO,sierra,593.0,136.72333
CP032837,0.0005223450789097944,5.223450789097944,12,081207,CUSCO,QUISPICANCHI,HUARO,URBANO,sierra,1420.0,46.08
CP032885,0.0,0.0,0,080802,CUSCO,ESPINAR,CONDOROMA,URBANO,sierra,476.0,105.175
CP032948,0.0,0.0,0,081106,CUSCO,PAUCARTAMBO,KOSNIPATA,URBANO,sierra,1631.0,198.74834
CP033093,0.0017605192855808089,17.605192855808088,2,080806,CUSCO,ESPINAR,PICHIGUA,URBANO,sierra,266.0,15.966666
CP033295,0.004777291662470378,47.77291662470378,4,080904,CUSCO,LA CONVENCION,MARANURA,URBANO,sierra,730.0,10.856667
CP033414,0.0,0.0,0,080909,CUSCO,LA CONVENCION,VILCABAMBA,URBANO,sierra,395.0,79.09333
CP033534,0.0,0.0,0,081003,CUSCO,PARURO,CCAPI,URBANO,sierra,862.0,95.42834
CP033581,0.0,0.0,0,081008,CUSCO,PARURO,PILLPINTO,URBANO,sierra,587.0,102.778336
CP033591,0.0010273312349338504,10.273312349338504,12,081009,CUSCO,PARURO,YAURISQUE,URBANO,sierra,492.0,36.733334
CP033948,0.0053185743279939605,53.18574327993961,4,080901,CUSCO,LA CONVENCION,SANTA ANA,URBANO,sierra,26573.0,0.265
CP033968,0.0004111374229338514,4.111374229338514,11,081201,CUSCO,QUISPICANCHI,URCOS,URBANO,sierra,5114.0,48.671665
CP034037,0.0005900334021197484,5.900334021197485,2,080805,CUSCO,ESPINAR,PALLPATA,URBANO,sierra,1486.0,37.823334
CP034214,0.0,0.0,0,080912,CUSCO,LA CONVENCION,VILLA VIRGEN,RURAL,sierra,1587.0,94.16333
CP034328,0.0,0.0,0,080905,CUSCO,LA CONVENCION,OCOBAMBA,URBANO,sierra,400.0,130.62334
CP034373,0.001927374648545319,19.273746485453188,3,080907,CUSCO,LA CONVENCION,KIMBIRI,URBANO,sierra,4369.0,1.4716667
CP034419,0.0,0.0,0,081101,CUSCO,PAUCARTAMBO,PAUCARTAMBO,URBANO,sierra,3556.0,100.56167
CP034544,0.0,0.0,0,081004,CUSCO,PARURO,COLCHA,URBANO,sierra,194.0,83.82833
CP034557,9.389016504759434e-05,0.9389016504759433,4,081005,CUSCO,PARURO,HUANOQUITE,URBANO,sierra,1328.0,56.118332
CP034765,0.0019040300856364265,19.040300856364265,3,080910,CUSCO,LA CONVENCION,PICHARI,URBANO,sierra,5236.0,10.203333
CP034932,0.00017740443103050316,1.7740443103050316,2,080807,CUSCO,ESPINAR,SUYCKUTAMBO,URBANO,sierra,279.0,54.27
CP034969,0.0,0.0,0,081104,CUSCO,PAUCARTAMBO,COLQUEPATA,URBANO,sierra,559.0,73.595
CP034999,0.0007113788536557702,7.113788536557703,12,081202,CUSCO,QUISPICANCHI,ANDAHUAYLILLAS,URBANO,sierra,2184.0,42.191666
CP035025,0.0,0.0,0,081203,CUSCO,QUISPICANCHI,CAMANTI,URBANO,sierra,1310.0,242.73167
CP035239,0.0016449237589965006,16.449237589965005,2,080803,CUSCO,ESPINAR,COPORAQUE,URBANO,sierra,265.0,17.813334
CP035366,0.0014926180236503322,14.926180236503322,4,080906,CUSCO,LA CONVENCION,QUELLOUNO,URBANO,sierra,1286.0,38.678333
CP035407,0.0007034132059741765,7.034132059741765,4,080908,CUSCO,LA CONVENCION,SANTA TERESA,URBANO,sierra,1522.0,48.74
CP035462,0.004235724596382199,42.35724596382199,4,080902,CUSCO,LA CONVENCION,ECHARATE,URBANO,sierra,1380.0,16.175
CP035611,0.0,0.0,0,081006,CUSCO,PARURO,OMACHA,URBANO,sierra,398.0,137.71333
CP035803,0.0,0.0,0,081001,CUSCO,PARURO,PARURO,URBANO,sierra,1680.0,61.8
CP035842,0.0,0.0,0,081205,CUSCO,QUISPICANCHI,CCATCA,URBANO,sierra,538.0,68.49834
CP036000,0.0002373247690880165,2.3732476908801647,10,081105,CUSCO,PAUCARTAMBO,HUANCARANI,URBANO,sierra,1303.0,54.356667
CP036015,0.0013500374538990675,13.500374538990675,12,081208,CUSCO,QUISPICANCHI,LUCRE,URBANO,sierra,2023.0,32.835
CP036050,0.0,0.0,0,081209,CUSCO,QUISPICANCHI,MARCAPATA,URBANO,sierra,556.0,249.87167
CP036186,0.0009663113735056653,9.663113735056653,2,080808,CUSCO,ESPINAR,ALTO PICHIGUA,URBANO,sierra,247.0,29.461666
CP036285,0.0,0.0,0,080804,CUSCO,ESPINAR,OCORURO,URBANO,sierra,158.0,68.57833
CP036557,0.0016242682815564744,16.242682815564745,4,080903,CUSCO,LA CONVENCION,HUAYOPATA,URBANO,sierra,1513.0,37.193333
CP036597,0.002171700249729773,21.717002497297727,3,090101,HUANCAVELICA,HUANCAVELICA,HUANCAVELICA,URBANO,sierra,30918.0,0.8333333
CP036690,0.0,0.0,0,090104,HUANCAVELICA,HUANCAVELICA,CONAYCA,URBANO,sierra,706.0,69.19666
CP036707,0.0,0.0,0,090105,HUANCAVELICA,HUANCAVELICA,CUENCA,URBANO,sierra,422.0,70.99
CP036736,0.00016125501143829916,1.6125501143829917,2,090110,HUANCAVELICA,HUANCAVELICA,MANTA,URBANO,sierra,362.0,54.923332
CP036768,0.0006432795276608595,6.432795276608595,2,090114,HUANCAVELICA,HUANCAVELICA,PALCA,URBANO,sierra,736.0,37.65
CP036859,0.0003960109764971517,3.9601097649715173,2,090119,HUANCAVELICA,HUANCAVELICA,HUANDO,URBANO,sierra,1337.0,44.716667
CP036886,0.00034422522372353127,3.4422522372353126,2,090203,HUANCAVELICA,ACOBAMBA,ANTA,URBANO,sierra,517.0,38.981667
CP036978,0.0009807967264896362,9.807967264896362,4,090301,HUANCAVELICA,ANGARAES,LIRCAY,URBANO,sierra,6563.0,1.805
CP037078,0.0002739329882446613,2.739329882446613,1,090307,HUANCAVELICA,ANGARAES,HUANCA-HUANCA,URBANO,sierra,853.0,34.595
CP037103,0.0006803837722623047,6.803837722623046,1,090308,HUANCAVELICA,ANGARAES,HUAYLLAY GRANDE,URBANO,sierra,1598.0,10.175
CP037241,0.0,0.0,0,090404,HUANCAVELICA,CASTROVIRREYNA,CAPILLAS,URBANO,sierra,112.0,108.92
CP037402,0.0020925353462250278,20.92535346225028,12,081211,CUSCO,QUISPICANCHI,OROPESA,URBANO,sierra,3001.0,24.721666
CP037418,0.0005106583184486698,5.106583184486698,4,081304,CUSCO,URUBAMBA,MACHUPICCHU,URBANO,sierra,4446.0,52.498333
CP037453,0.00043026107037759945,4.302610703775994,12,081305,CUSCO,URUBAMBA,MARAS,URBANO,sierra,1632.0,48.738335
CP037491,0.0,0.0,0,090102,HUANCAVELICA,HUANCAVELICA,ACOBAMBILLA,URBANO,sierra,788.0,82.60667
CP037579,0.0005667896760428092,5.667896760428093,2,090204,HUANCAVELICA,ACOBAMBA,CAJA,URBANO,sierra,816.0,21.111666
CP037626,0.0,0.0,0,090111,HUANCAVELICA,HUANCAVELICA,MARISCAL CACERES,URBANO,sierra,760.0,63.06167
CP037627,0.0,0.0,0,090112,HUANCAVELICA,HUANCAVELICA,MOYA,URBANO,sierra,693.0,77.90667
CP037650,0.0,0.0,0,090115,HUANCAVELICA,HUANCAVELICA,PILCHACA,URBANO,sierra,413.0,76.96167
CP037662,0.0,0.0,0,090116,HUANCAVELICA,HUANCAVELICA,VILCA,URBANO,sierra,293.0,68.05334
CP037697,0.0007744999880525869,7.744999880525869,2,090302,HUANCAVELICA,ANGARAES,ANCHONGA,URBANO,sierra,280.0,12.36
CP037794,0.0004061903372183927,4.061903372183927,2,090205,HUANCAVELICA,ACOBAMBA,MARCAS,URBANO,sierra,680.0,33.96
CP037920,0.0004047004946142155,4.047004946142155,1,090303,HUANCAVELICA,ANGARAES,CALLANMARCA,URBANO,sierra,652.0,26.978333
CP037927,0.0009179868128891667,9.179868128891666,3,090304,HUANCAVELICA,ANGARAES,CCOCHACCASA,URBANO,sierra,1062.0,24.715
CP037936,0.0,0.0,0,090309,HUANCAVELICA,ANGARAES,JULCAMARCA,URBANO,sierra,816.0,68.371666
CP037955,8.648287454806299e-05,0.8648287454806298,5,090310,HUANCAVELICA,ANGARAES,SAN ANTONIO DE ANTAPARCO,URBANO,sierra,555.0,56.046665
CP037971,0.0,0.0,0,090311,HUANCAVELICA,ANGARAES,SANTO TOMAS DE PATA,URBANO,sierra,556.0,67.371666
CP038026,0.0,0.0,0,090402,HUANCAVELICA,CASTROVIRREYNA,ARMA,URBANO,sierra,284.0,152.24667
CP038053,0.0,0.0,0,081212,CUSCO,QUISPICANCHI,QUIQUIJANA,URBANO,sierra,1486.0,73.888336
CP038149,0.0,0.0,0,090408,HUANCAVELICA,CASTROVIRREYNA,HUAMATAMBO,URBANO,sierra,174.0,115.87666
CP038183,0.0,0.0,0,090409,HUANCAVELICA,CASTROVIRREYNA,MOLLEPAMPA,URBANO,sierra,141.0,111.79833
CP038187,0.0005498124482766014,5.498124482766014,2,090103,HUANCAVELICA,HUANCAVELICA,ACORIA,URBANO,sierra,1180.0,40.073334
CP038229,0.00012148750070780815,1.2148750070780816,1,090106,HUANCAVELICA,HUANCAVELICA,HUACHOCOLPA,URBANO,sierra,892.0,46.625
CP038239,0.0,0.0,0,090113,HUANCAVELICA,HUANCAVELICA,NUEVO OCCORO,URBANO,sierra,649.0,73.24834
CP038301,0.0,0.0,0,081306,CUSCO,URUBAMBA,OLLANTAYTAMBO,URBANO,sierra,2982.0,71.365
CP038471,0.0,0.0,0,090107,HUANCAVELICA,HUANCAVELICA,HUAYLLAHUARA,URBANO,sierra,581.0,96.625
CP038476,0.0005811931409160284,5.811931409160285,2,090206,HUANCAVELICA,ACOBAMBA,PAUCARA,URBANO,sierra,7127.0,23.903334
CP038495,0.0,0.0,0,090403,HUANCAVELICA,CASTROVIRREYNA,AURAHUA,URBANO,sierra,492.0,126.47
CP038517,0.0012651762834059177,12.651762834059177,3,090117,HUANCAVELICA,HUANCAVELICA,YAULI,URBANO,sierra,4186.0,25.421667
CP038596,0.0008039192894331639,8.03919289433164,2,090201,HUANCAVELICA,ACOBAMBA,ACOBAMBA,URBANO,sierra,4686.0,1.6183333
CP038763,0.000104697067502385,1.04697067502385,5,090305,HUANCAVELICA,ANGARAES,CHINCHO,URBANO,sierra,83.0,53.99
CP038799,0.0,0.0,0,090312,HUANCAVELICA,ANGARAES,SECCLLA,URBANO,sierra,478.0,83.21167
CP038830,0.0,0.0,0,090401,HUANCAVELICA,CASTROVIRREYNA,CASTROVIRREYNA,URBANO,sierra,1313.0,125.28167
CP038935,0.00016779252792038148,1.6779252792038148,7,081301,CUSCO,URUBAMBA,URUBAMBA,URBANO,sierra,11817.0,55.25
CP038975,0.0,0.0,0,090406,HUANCAVELICA,CASTROVIRREYNA,COCAS,URBANO,sierra,158.0,150.30833
CP039015,0.0,0.0,0,090407,HUANCAVELICA,CASTROVIRREYNA,HUACHOS,URBANO,sierra,754.0,106.64333
CP039067,0.0,0.0,0,081210,CUSCO,QUISPICANCHI,OCONGATE,URBANO,sierra,1986.0,131.27834
CP039211,8.089991467566781e-05,0.8089991467566781,4,081307,CUSCO,URUBAMBA,YUCAY,URBANO,sierra,2919.0,57.033333
CP039304,0.00017375032122524166,1.7375032122524166,2,090108,HUANCAVELICA,HUANCAVELICA,IZCUCHACA,URBANO,sierra,580.0,54.665
CP039315,0.0,0.0,0,090109,HUANCAVELICA,HUANCAVELICA,LARIA,URBANO,sierra,496.0,84.24834
CP039444,0.002160568011018678,21.605680110186782,3,090118,HUANCAVELICA,HUANCAVELICA,ASCENSION,URBANO,sierra,9086.0,1.5533333
CP039453,0.0,0.0,0,090306,HUANCAVELICA,ANGARAES,CONGALLA,URBANO,sierra,675.0,65.10667
CP039485,0.0003887324374624479,3.887324374624479,2,090202,HUANCAVELICA,ACOBAMBA,ANDABAMBA,URBANO,sierra,940.0,31.265
CP039543,0.0005875034472122494,5.875034472122494,1,090207,HUANCAVELICA,ACOBAMBA,POMACOCHA,URBANO,sierra,408.0,17.83
CP039568,0.00021989792916109413,2.198979291610941,1,090208,HUANCAVELICA,ACOBAMBA,ROSARIO,URBANO,sierra,407.0,38.715
CP039773,0.0017565689509820804,17.565689509820803,12,081302,CUSCO,URUBAMBA,CHINCHERO,URBANO,sierra,2664.0,28.596666
CP039808,0.0,0.0,0,081303,CUSCO,URUBAMBA,HUAYLLABAMBA,URBANO,sierra,1271.0,62.243332
CP039866,0.0,0.0,0,090410,HUANCAVELICA,CASTROVIRREYNA,SAN JUAN,URBANO,sierra,146.0,88.25
CP039898,0.0,0.0,0,090405,HUANCAVELICA,CASTROVIRREYNA,CHUPAMARCA,URBANO,sierra,274.0,118.87666
CP039985,2.5822373434499264e-05,0.25822373434499263,1,090705,HUANCAVELICA,TAYACAJA,COLCABAMBA,URBANO,sierra,2026.0,59.62
CP039998,0.0,0.0,0,090720,HUANCAVELICA,TAYACAJA,ANDAYMARCA,RURAL,sierra,306.0,129.165
CP040040,0.0017220157585806058,17.220157585806056,10,100104,HUANUCO,HUANUCO,CHURUBAMBA,URBANO,sierra,323.0,26.571667
CP040045,0.0,0.0,0,090707,HUANCAVELICA,TAYACAJA,HUACHOCOLPA,URBANO,sierra,1142.0,132.34166
CP040083,6.968027126614263e-05,0.6968027126614262,1,090709,HUANCAVELICA,TAYACAJA,HUARIBAMBA,URBANO,sierra,787.0,48.59667
CP040103,0.0,0.0,0,090716,HUANCAVELICA,TAYACAJA,SAN MARCOS DE ROCCHAC,URBANO,sierra,558.0,68.816666
CP040138,0.0,0.0,0,090717,HUANCAVELICA,TAYACAJA,SURCUBAMBA,URBANO,sierra,422.0,116.085
CP040176,0.0,0.0,0,090616,HUANCAVELICA,HUAYTARA,TAMBO,URBANO,sierra,306.0,156.27167
CP040237,0.0002916705826302513,2.916705826302513,10,100104,HUANUCO,HUANUCO,CHURUBAMBA,RURAL,sierra,2281.0,51.2
CP040293,0.001432287468693046,14.32287468693046,10,100106,HUANUCO,HUANUCO,QUISQUI (KICHKI),URBANO,sierra,1012.0,32.58
CP040424,0.0007415659820323505,7.415659820323505,10,100103,HUANUCO,HUANUCO,CHINCHAO,URBANO,sierra,1335.0,39.983334
CP040443,4.095818660887521e-05,0.40958186608875213,1,090501,HUANCAVELICA,CHURCAMPA,CHURCAMPA,URBANO,sierra,2718.0,54.006668
CP040479,0.0001260287505499254,1.2602875054992542,1,090505,HUANCAVELICA,CHURCAMPA,LA MERCED,URBANO,sierra,647.0,39.573334
CP040485,0.0,0.0,0,090506,HUANCAVELICA,CHURCAMPA,LOCROJA,URBANO,sierra,1156.0,70.308334
CP040563,0.0,0.0,0,090606,HUANCAVELICA,HUAYTARA,OCOYO,URBANO,sierra,212.0,77.585
CP040702,0.0,0.0,0,090611,HUANCAVELICA,HUAYTARA,SAN FRANCISCO DE SANGAYAICO,URBANO,sierra,391.0,117.025
CP040882,2.5092327002880397e-05,0.250923270028804,1,090719,HUANCAVELICA,TAYACAJA,QUICHUAS,URBANO,sierra,661.0,59.908333
CP040936,0.0009579410125720896,9.579410125720896,16,090710,HUANCAVELICA,TAYACAJA,NAHUIMPUQUIO,URBANO,sierra,1031.0,34.495
CP040946,0.0016758489273592614,16.758489273592613,17,090711,HUANCAVELICA,TAYACAJA,PAZOS,URBANO,sierra,1326.0,25.733334
CP041038,0.0006898855651587568,6.898855651587568,15,090701,HUANCAVELICA,TAYACAJA,PAMPAS,URBANO,sierra,6027.0,1.9816667
CP041069,0.00035972992214759845,3.5972992214759842,10,100112,HUANUCO,HUANUCO,YACUS,URBANO,sierra,1995.0,51.486668
CP041180,0.0,0.0,0,090602,HUANCAVELICA,HUAYTARA,AYAVI,URBANO,sierra,206.0,172.325
CP041206,0.0,0.0,0,090412,HUANCAVELICA,CASTROVIRREYNA,TANTARA,URBANO,sierra,406.0,107.628334
CP041295,0.0,0.0,0,090507,HUANCAVELICA,CHURCAMPA,PAUCARBAMBA,URBANO,sierra,786.0,93.85667
CP041347,0.0,0.0,0,090609,HUANCAVELICA,HUAYTARA,QUITO-ARMA,URBANO,sierra,151.0,122.91167
CP041380,0.0,0.0,0,090603,HUANCAVELICA,HUAYTARA,CORDOVA,URBANO,sierra,379.0,108.761665
CP041428,0.0,0.0,0,090607,HUANCAVELICA,HUAYTARA,PILPICHACA,URBANO,sierra,673.0,135.18
CP041472,0.00013845209287747398,1.3845209287747398,1,090502,HUANCAVELICA,CHURCAMPA,ANCO,URBANO,sierra,785.0,45.33
CP041485,0.0,0.0,0,090511,HUANCAVELICA,CHURCAMPA,COSME,URBANO,sierra,1074.0,87.223335
CP041575,0.0,0.0,0,090612,HUANCAVELICA,HUAYTARA,SAN ISIDRO,URBANO,sierra,583.0,124.555
CP041616,0.0,0.0,0,090613,HUANCAVELICA,HUAYTARA,SANTIAGO DE CHOCORVOS,URBANO,sierra,507.0,104.28167
CP041636,0.0,0.0,0,090718,HUANCAVELICA,TAYACAJA,TINTAY PUNCU,URBANO,sierra,1082.0,156.17166
CP041814,0.0,0.0,0,090713,HUANCAVELICA,TAYACAJA,QUISHUAR,URBANO,sierra,854.0,69.21667
CP041823,2.9483783353365067e-05,0.2948378335336507,1,090714,HUANCAVELICA,TAYACAJA,SALCABAMBA,URBANO,sierra,208.0,58.268333
CP041856,0.0,0.0,0,090614,HUANCAVELICA,HUAYTARA,SANTIAGO DE QUIRAHUARA,URBANO,sierra,311.0,83.10833
CP041900,0.000611359765168648,6.113597651686479,16,090702,HUANCAVELICA,TAYACAJA,ACOSTAMBO,URBANO,sierra,901.0,41.008335
CP041964,0.0,0.0,0,100108,HUANUCO,HUANUCO,SAN PEDRO DE CHAULAN,URBANO,sierra,1528.0,62.34
CP042039,0.0,0.0,0,090411,HUANCAVELICA,CASTROVIRREYNA,SANTA ANA,URBANO,sierra,78.0,112.43833
CP042191,0.00018493037934973165,1.8493037934973164,1,090508,HUANCAVELICA,CHURCAMPA,SAN MIGUEL DE MAYOCC,URBANO,sierra,711.0,33.245
CP042202,0.0,0.0,0,090509,HUANCAVELICA,CHURCAMPA,SAN PEDRO DE CORIS,URBANO,sierra,894.0,115.28667
CP042235,0.0,0.0,0,090510,HUANCAVELICA,CHURCAMPA,PACHAMARCA,URBANO,sierra,192.0,99.17
CP042239,0.0,0.0,0,090610,HUANCAVELICA,HUAYTARA,SAN ANTONIO DE CUSICANCHA,URBANO,sierra,193.0,128.655
CP042319,0.0,0.0,0,090413,HUANCAVELICA,CASTROVIRREYNA,TICRAPO,URBANO,sierra,910.0,97.613335
CP042622,0.0006759292642343906,6.7592926423439055,15,090706,HUANCAVELICA,TAYACAJA,DANIEL HERNANDEZ,URBANO,sierra,3946.0,2.575
CP042691,0.0,0.0,0,090715,HUANCAVELICA,TAYACAJA,SALCAHUASI,URBANO,sierra,377.0,82.85
CP042733,0.0,0.0,0,090615,HUANCAVELICA,HUAYTARA,SANTO DOMINGO DE CAPILLAS,URBANO,sierra,219.0,141.00333
CP042749,0.003837995594151296,38.37995594151296,10,100101,HUANUCO,HUANUCO,HUANUCO,URBANO,sierra,71707.0,1.6966667
CP042755,0.00047762467004285215,4.776246700428522,2,090703,HUANCAVELICA,TAYACAJA,ACRAQUIA,URBANO,sierra,799.0,8.001667
CP042788,0.0005787925025168307,5.787925025168307,10,090704,HUANCAVELICA,TAYACAJA,AHUAYCHA,URBANO,sierra,794.0,5.475
CP042871,0.00020804864317422732,2.080486431742273,9,100105,HUANUCO,HUANUCO,MARGOS,URBANO,sierra,2763.0,56.72333
CP042927,0.0,0.0,0,090604,HUANCAVELICA,HUAYTARA,HUAYACUNDO ARMA,URBANO,sierra,250.0,123.48167
CP042976,0.003793369557693844,37.93369557693844,10,100102,HUANUCO,HUANUCO,AMARILIS,URBANO,sierra,57596.0,0.795
CP043024,0.003012760379496263,30.12760379496263,10,100107,HUANUCO,HUANUCO,SAN FRANCISCO DE CAYRAN,URBANO,sierra,527.0,13.755
CP043058,0.0,0.0,0,090503,HUANCAVELICA,CHURCAMPA,CHINCHIHUASI,URBANO,sierra,438.0,94.03167
CP043105,0.0,0.0,0,090601,HUANCAVELICA,HUAYTARA,HUAYTARA,URBANO,sierra,818.0,99.25166
CP043136,0.0,0.0,0,090605,HUANCAVELICA,HUAYTARA,LARAMARCA,URBANO,sierra,796.0,126.526665
CP043263,0.0,0.0,0,090504,HUANCAVELICA,CHURCAMPA,EL CARMEN,URBANO,sierra,217.0,65.89833
CP043420,0.0,0.0,0,090608,HUANCAVELICA,HUAYTARA,QUERCO,URBANO,sierra,505.0,109.35833
CP043547,0.0018044962164714354,18.044962164714356,10,100208,HUANUCO,AMBO,TOMAY KICHWA,URBANO,sierra,2047.0,26.763334
CP043691,0.0,0.0,0,100317,HUANUCO,DOS DE MAYO,RIPAN,URBANO,sierra,2278.0,117.058334
CP043712,0.0,0.0,0,100505,HUANUCO,HUAMALIES,JIRCAN,URBANO,sierra,282.0,210.57666
CP043724,0.0,0.0,0,100323,HUANUCO,DOS DE MAYO,YANAS,URBANO,sierra,894.0,156.28334
CP043809,0.0,0.0,0,100501,HUANUCO,HUAMALIES,LLATA,URBANO,sierra,4308.0,119.903336
CP043877,0.0,0.0,0,100504,HUANUCO,HUAMALIES,JACAS GRANDE,URBANO,sierra,478.0,167.62167
CP044011,0.0,0.0,0,100510,HUANUCO,HUAMALIES,SINGA,URBANO,sierra,1369.0,114.57
CP044052,0.0,0.0,0,100604,HUANUCO,LEONCIO PRADO,JOSE CRESPO Y CASTILLO,URBANO,sierra,14028.0,65.98167
CP044251,0.0,0.0,0,100803,HUANUCO,PACHITEA,MOLINO,URBANO,sierra,1721.0,65.291664
CP044313,0.0,0.0,0,101001,HUANUCO,LAURICOCHA,JESUS,URBANO,sierra,1566.0,100.83833
CP044353,0.0,0.0,0,100301,HUANUCO,DOS DE MAYO,LA UNION,URBANO,sierra,4836.0,116.67834
CP044418,0.0,0.0,0,100313,HUANUCO,DOS DE MAYO,PACHAS,URBANO,sierra,2138.0,128.84
CP044577,0.0,0.0,0,100307,HUANUCO,DOS DE MAYO,CHUQUIS,URBANO,sierra,840.0,147.83333
CP044733,0.0,0.0,0,100506,HUANUCO,HUAMALIES,MIRAFLORES,URBANO,sierra,1462.0,133.73
CP044742,0.0,0.0,0,100401,HUANUCO,HUACAYBAMBA,HUACAYBAMBA,URBANO,sierra,1402.0,115.825
CP044967,0.0,0.0,0,100507,HUANUCO,HUAMALIES,MONZON,URBANO,sierra,1210.0,66.26
CP044968,0.00015193485175409225,1.5193485175409225,2,100507,HUANUCO,HUAMALIES,MONZON,URBANO,sierra,2341.0,43.076668
CP044997,0.0,0.0,0,100802,HUANUCO,PACHITEA,CHAGLLA,URBANO,sierra,2604.0,88.875
CP045004,0.0,0.0,0,100511,HUANUCO,HUAMALIES,TANTAMAYO,URBANO,sierra,319.0,172.705
CP045055,0.0,0.0,0,100904,HUANUCO,PUERTO INCA,TOURNAVISTA,URBANO,costa,903.0,89.245
CP045126,0.00041469631470899176,4.1469631470899175,10,100110,HUANUCO,HUANUCO,YARUMAYO,URBANO,sierra,705.0,49.86
CP045154,0.0036717114547983915,36.71711454798391,10,100111,HUANUCO,HUANUCO,PILLCO MARCA,URBANO,sierra,17447.0,4.225
CP045156,0.0032915044414188917,32.91504441418892,10,100111,HUANUCO,HUANUCO,PILLCO MARCA,URBANO,sierra,2460.0,10.323334
CP045240,0.0,0.0,0,100203,HUANUCO,AMBO,COLPAS,URBANO,sierra,361.0,83.46
CP045279,0.0,0.0,0,100905,HUANUCO,PUERTO INCA,YUYAPICHIS,URBANO,costa,739.0,221.015
CP045327,0.0,0.0,0,100903,HUANUCO,PUERTO INCA,HONORIA,URBANO,costa,787.0,73.316666
CP045495,0.0,0.0,0,100321,HUANUCO,DOS DE MAYO,SHUNQUI,URBANO,sierra,570.0,135.805
CP045503,0.0,0.0,0,100206,HUANUCO,AMBO,SAN FRANCISCO,URBANO,sierra,775.0,63.725
CP045530,0.0013707111999346916,13.707111999346916,1,100207,HUANUCO,AMBO,SAN RAFAEL,URBANO,sierra,1711.0,23.488333
CP045611,0.0,0.0,0,100311,HUANUCO,DOS DE MAYO,MARIAS,URBANO,sierra,1157.0,155.36
CP045626,0.0,0.0,0,100702,HUANUCO,MARANON,CHOLON,URBANO,sierra,577.0,222.67833
CP045742,0.0,0.0,0,100322,HUANUCO,DOS DE MAYO,SILLAPATA,URBANO,sierra,504.0,138.01167
CP045791,0.0,0.0,0,100402,HUANUCO,HUACAYBAMBA,CANCHABAMBA,URBANO,sierra,613.0,228.35167
CP045848,0.0,0.0,0,100502,HUANUCO,HUAMALIES,ARANCAY,URBANO,sierra,394.0,223.25333
CP045864,0.0,0.0,0,100503,HUANUCO,HUAMALIES,CHAVIN DE PARIARCA,URBANO,sierra,977.0,159.45334
CP045886,0.0,0.0,0,100703,HUANUCO,MARANON,SAN BUENAVENTURA,URBANO,sierra,451.0,198.09666
CP045938,0.0011510535242739604,11.510535242739603,10,100201,HUANUCO,AMBO,AMBO,URBANO,sierra,4753.0,34.691666
CP046029,0.0008776937799291069,8.776937799291069,2,100601,HUANUCO,LEONCIO PRADO,RUPA-RUPA,URBANO,sierra,48361.0,2.705
CP046057,0.0008454876392138944,8.454876392138944,2,100601,HUANUCO,LEONCIO PRADO,RUPA-RUPA,URBANO,sierra,2053.0,7.4083333
CP046076,0.0008360242379220027,8.360242379220027,2,100605,HUANUCO,LEONCIO PRADO,LUYANDO,URBANO,sierra,1755.0,4.61
CP046125,0.000428834325783052,4.28834325783052,2,100606,HUANUCO,LEONCIO PRADO,MARIANO DAMASO BERAUN,URBANO,sierra,364.0,26.038334
CP046148,0.0012144197016640984,12.144197016640984,10,100201,HUANUCO,AMBO,AMBO,URBANO,sierra,2035.0,33.835
CP046248,0.0,0.0,0,100901,HUANUCO,PUERTO INCA,PUERTO INCA,URBANO,costa,1460.0,179.67
CP046266,0.0018769180841227918,18.769180841227918,10,100204,HUANUCO,AMBO,CONCHAMARCA,URBANO,sierra,358.0,25.968334
CP046312,0.0,0.0,0,100902,HUANUCO,PUERTO INCA,CODO DEL POZUZO,URBANO,costa,871.0,191.31833
CP046373,0.002915445255996146,29.154452559961463,10,100109,HUANUCO,HUANUCO,SANTA MARIA DEL VALLE,URBANO,sierra,1237.0,13.768333
CP046440,0.0,0.0,0,100316,HUANUCO,DOS DE MAYO,QUIVILLA,URBANO,sierra,1072.0,146.85834
CP046501,0.0006458066769971149,6.458066769971149,10,100205,HUANUCO,AMBO,HUACAR,URBANO,sierra,1073.0,42.93833
CP046572,0.0,0.0,0,100403,HUANUCO,HUACAYBAMBA,COCHABAMBA,URBANO,sierra,588.0,166.92
CP046798,0.0,0.0,0,100404,HUANUCO,HUACAYBAMBA,PINRA,URBANO,sierra,577.0,188.225
CP046884,0.0,0.0,0,100801,HUANUCO,PACHITEA,PANAO,URBANO,sierra,3710.0,69.43833
CP046943,0.0,0.0,0,100508,HUANUCO,HUAMALIES,PUNCHAO,URBANO,sierra,1798.0,133.025
CP046959,0.0,0.0,0,100509,HUANUCO,HUAMALIES,PUNOS,URBANO,sierra,1127.0,117.92834
CP047011,0.0005427927072265192,5.4279270722651916,2,100602,HUANUCO,LEONCIO PRADO,DANIEL ALOMIAS ROBLES,URBANO,sierra,336.0,20.815
CP047056,0.0,0.0,0,100603,HUANUCO,LEONCIO PRADO,HERMILIO VALDIZAN,URBANO,sierra,272.0,69.805
CP047112,0.0,0.0,0,100701,HUANUCO,MARANON,HUACRACHUCO,URBANO,sierra,2382.0,118.206665
CP047139,0.0,0.0,0,100202,HUANUCO,AMBO,CAYNA,URBANO,sierra,976.0,87.488335
CP047302,0.0005456732488092079,5.456732488092079,10,100804,HUANUCO,PACHITEA,UMARI,URBANO,sierra,594.0,43.956665
CP047381,0.0011492506458578233,11.492506458578232,1,110404,ICA,PALPA,SANTA CRUZ,URBANO,sierra,39.0,22.813334
CP047407,0.0,0.0,0,110405,ICA,PALPA,TIBILLO,URBANO,sierra,178.0,108.543335
CP047441,0.0,0.0,0,120104,JUNIN,HUANCAYO,CARHUACALLANGA,URBANO,sierra,828.0,84.38333
CP047448,0.0,0.0,0,120105,JUNIN,HUANCAYO,CHACAPAMPA,URBANO,sierra,303.0,71.8
CP047463,0.00023553175950063754,2.3553175950063756,14,120106,JUNIN,HUANCAYO,CHICCHE,URBANO,sierra,250.0,51.681667
CP047474,0.003005236556166537,30.05236556166537,20,120107,JUNIN,HUANCAYO,CHILCA,URBANO,sierra,73371.0,3.475
CP047483,2.0355697053016057e-05,0.20355697053016056,1,120108,JUNIN,HUANCAYO,CHONGOS ALTO,URBANO,sierra,828.0,59.768333
CP047544,0.0027108847385645383,27.108847385645383,19,120129,JUNIN,HUANCAYO,SAN AGUSTIN,URBANO,sierra,8756.0,10.211667
CP047554,0.002280367184500652,22.80367184500652,19,120130,JUNIN,HUANCAYO,SAN JERONIMO DE TUNAN,URBANO,sierra,8630.0,10.481667
CP047572,0.0018437416855971948,18.437416855971946,15,110210,ICA,CHINCHA,SUNAMPE,URBANO,costa,23112.0,6.3566666
CP047579,0.0018128692083625411,18.12869208362541,15,110211,ICA,CHINCHA,TAMBO DE MORA,URBANO,costa,4230.0,13.611667
CP047590,0.0008183486244402071,8.18348624440207,2,110301,ICA,NAZCA,NAZCA,URBANO,sierra,21993.0,1.7983333
CP047625,0.0,0.0,0,120209,JUNIN,CONCEPCION,MARISCAL CASTILLA,URBANO,sierra,365.0,98.56167
CP047656,0.0005168740917526485,5.168740917526486,2,120302,JUNIN,CHANCHAMAYO,PERENE,URBANO,sierra,18057.0,3.4
CP047788,0.0,0.0,0,101002,HUANUCO,LAURICOCHA,BANOS,URBANO,sierra,1354.0,134.18
CP047818,0.001459746621027143,14.59746621027143,18,120210,JUNIN,CONCEPCION,MATAHUASI,URBANO,sierra,2909.0,6.76
CP047835,0.00232114354971182,23.2114354971182,19,120211,JUNIN,CONCEPCION,MITO,URBANO,sierra,660.0,13.216666
CP047841,0.0016376112199960621,16.37611219996062,18,120212,JUNIN,CONCEPCION,NUEVE DE JULIO,URBANO,sierra,1291.0,3.48
CP047848,0.0025955978533514735,25.955978533514735,19,120213,JUNIN,CONCEPCION,ORCOTUNA,URBANO,sierra,3050.0,14.755
CP047853,0.00010433651951287108,1.0433651951287108,7,120214,JUNIN,CONCEPCION,SAN JOSE DE QUERO,URBANO,sierra,383.0,58.231667
CP047864,0.0,0.0,0,101007,HUANUCO,LAURICOCHA,SAN MIGUEL DE CAURI,URBANO,sierra,1329.0,115.00166
CP047996,0.0,0.0,0,101101,HUANUCO,YAROWILCA,CHAVINILLO,URBANO,sierra,1645.0,102.706665
CP048058,0.0,0.0,0,101005,HUANUCO,LAURICOCHA,RONDOS,URBANO,sierra,709.0,125.125
CP048115,0.0017581665588433772,17.581665588433772,10,110103,ICA,ICA,LOS AQUIJES,URBANO,costa,2471.0,8.538333
CP048128,0.0018087048157139924,18.087048157139925,10,110103,ICA,ICA,LOS AQUIJES,URBANO,costa,3867.0,7.0216665
CP048132,0.0018467423996398106,18.467423996398107,10,110103,ICA,ICA,LOS AQUIJES,URBANO,costa,2059.0,5.84
CP048136,0.0016745909944015783,16.745909944015782,10,110103,ICA,ICA,LOS AQUIJES,URBANO,costa,3111.0,10.795
CP048141,0.0007072241556761075,7.0722415567610755,9,110104,ICA,ICA,OCUCAJE,URBANO,costa,1423.0,32.025
CP048160,0.0015883376373297025,15.883376373297025,10,110105,ICA,ICA,PACHACUTEC,URBANO,costa,5180.0,12.97
CP048182,0.0017076886130708547,17.076886130708548,10,110110,ICA,ICA,SAN JUAN BAUTISTA,URBANO,costa,1120.0,7.7233334
CP048207,0.0018010180647966409,18.010180647966408,10,110110,ICA,ICA,SAN JUAN BAUTISTA,URBANO,costa,6654.0,5.0233335
CP048208,0.0015539161360108987,15.539161360108988,10,110111,ICA,ICA,SANTIAGO,URBANO,costa,6891.0,13.773334
CP048218,0.0025721782719013184,25.721782719013184,20,120111,JUNIN,HUANCAYO,CHUPURO,URBANO,sierra,363.0,11.845
CP048254,0.0008386235646362747,8.386235646362747,11,110205,ICA,CHINCHA,EL CARMEN,URBANO,costa,2199.0,19.93
CP048283,0.002320486199325087,23.20486199325087,19,120132,JUNIN,HUANCAYO,SANO,URBANO,sierra,3039.0,15.27
CP048301,0.0,0.0,0,101106,HUANUCO,YAROWILCA,OBAS,URBANO,sierra,1056.0,138.64833
CP048362,0.0007208396338515123,7.208396338515123,9,110501,ICA,PISCO,PISCO,URBANO,costa,50477.0,2.885
CP048369,0.0007917533143067015,7.917533143067015,9,110501,ICA,PISCO,PISCO,URBANO,costa,4200.0,7.3033333
CP048374,0.0,0.0,0,110502,ICA,PISCO,HUANCANO,URBANO,sierra,355.0,63.306667
CP048409,0.00014618480320931844,1.4618480320931844,3,110503,ICA,PISCO,HUMAY,URBANO,costa,662.0,38.448334
CP048416,0.0005287249828657228,5.287249828657228,2,120303,JUNIN,CHANCHAMAYO,PICHANAQUI,URBANO,sierra,23593.0,1.5016667
CP048426,0.0,0.0,0,120112,JUNIN,HUANCAYO,COLCA,URBANO,sierra,1090.0,62.343334
CP048438,0.0020276651325054026,20.276651325054026,18,120113,JUNIN,HUANCAYO,CULLHUAS,URBANO,sierra,559.0,19.731667
CP048454,0.003098381954328248,30.98381954328248,20,120114,JUNIN,HUANCAYO,EL TAMBO,URBANO,sierra,139380.0,2.4716666
CP048469,0.0023307180797640793,23.307180797640793,20,120116,JUNIN,HUANCAYO,HUACRAPUQUIO,URBANO,sierra,1274.0,15.246667
CP048476,0.0024366318191398396,24.366318191398395,19,120117,JUNIN,HUANCAYO,HUALHUAS,URBANO,sierra,2423.0,14.776667
CP048486,0.002535665228316702,25.35665228316702,20,120133,JUNIN,HUANCAYO,SAPALLANGA,URBANO,sierra,4694.0,12.35
CP048487,0.0026684624993946805,26.684624993946805,20,120133,JUNIN,HUANCAYO,SAPALLANGA,URBANO,sierra,3096.0,10.098333
CP048503,0.002782070624214455,27.82070624214455,19,120134,JUNIN,HUANCAYO,SICAYA,URBANO,sierra,7198.0,10.755
CP048508,0.0,0.0,0,120135,JUNIN,HUANCAYO,SANTO DOMINGO DE ACOBAMBA,URBANO,sierra,472.0,187.56833
CP048566,0.0011667159323587766,11.667159323587766,2,110302,ICA,NAZCA,CHANGUILLO,URBANO,costa,247.0,24.588333
CP048592,0.0007551585473245731,7.551585473245731,2,110303,ICA,NAZCA,EL INGENIO,URBANO,costa,427.0,34.836666
CP048682,0.0009281081434439987,9.281081434439987,18,120401,JUNIN,JAUJA,JAUJA,URBANO,sierra,16424.0,2.0183334
CP048684,0.0007890092701293101,7.890092701293101,19,120402,JUNIN,JAUJA,ACOLLA,URBANO,sierra,4032.0,7.825
CP048698,0.0010722886909129486,10.722886909129485,18,120403,JUNIN,JAUJA,APATA,URBANO,sierra,1005.0,13.268333
CP048799,0.0013335672075357819,13.335672075357818,18,120215,JUNIN,CONCEPCION,SANTA ROSA DE OCOPA,URBANO,sierra,1289.0,8.16
CP048805,0.0026614587942500444,26.614587942500446,2,120301,JUNIN,CHANCHAMAYO,CHANCHAMAYO,URBANO,sierra,21885.0,3.13
CP048970,0.0013845985929107395,13.845985929107394,10,110111,ICA,ICA,SANTIAGO,URBANO,costa,3927.0,17.515
CP049005,0.0,0.0,0,101102,HUANUCO,YAROWILCA,CAHUAC,URBANO,sierra,1427.0,118.675
CP049119,0.001813439567448117,18.13439567448117,10,110106,ICA,ICA,PARCONA,URBANO,costa,28232.0,6.5016665
CP049128,0.0019168971009236777,19.168971009236778,10,110106,ICA,ICA,PARCONA,URBANO,costa,20858.0,2.27
CP049137,0.0016886340232856994,16.886340232856995,10,110107,ICA,ICA,PUEBLO NUEVO,URBANO,costa,1446.0,10.493333
CP049154,0.0016058040538339778,16.058040538339778,10,110108,ICA,ICA,SALAS,URBANO,costa,11229.0,13.065
CP049182,0.0010365672446812071,10.365672446812072,10,110111,ICA,ICA,SANTIAGO,URBANO,costa,2401.0,24.828333
CP049208,0.0017710786815258563,17.71078681525856,10,110112,ICA,ICA,SUBTANJALLA,URBANO,costa,18254.0,8.75
CP049215,0.0017245397247731917,17.24539724773192,10,110113,ICA,ICA,TATE,URBANO,costa,2096.0,9.54
CP049223,0.0006038000377224565,6.038000377224565,9,110114,ICA,ICA,YAUCA DEL ROSARIO,URBANO,sierra,120.0,34.681667
CP049262,0.0024658732367289016,24.658732367289016,20,120136,JUNIN,HUANCAYO,VIQUES,URBANO,sierra,2000.0,13.673333
CP049265,0.0018896606373383735,18.896606373383737,18,120201,JUNIN,CONCEPCION,CONCEPCION,URBANO,sierra,11682.0,4.693333
CP049279,0.0016554627580439045,16.554627580439046,18,120202,JUNIN,CONCEPCION,ACO,URBANO,sierra,1342.0,21.675
CP049283,0.0,0.0,0,120203,JUNIN,CONCEPCION,ANDAMARCA,URBANO,sierra,395.0,177.96333
CP049301,0.0,0.0,0,130302,LA LIBERTAD,BOLIVAR,BAMBAMARCA,URBANO,sierra,841.0,96.20333
CP049398,0.00036777864643799317,3.6777864643799316,9,110504,ICA,PISCO,INDEPENDENCIA,URBANO,costa,2883.0,27.583334
CP049440,0.0028610949379402006,28.610949379402005,20,120119,JUNIN,HUANCAYO,HUANCAN,URBANO,sierra,14161.0,6.46
CP049446,0.0,0.0,0,120120,JUNIN,HUANCAYO,HUASICANCHA,URBANO,sierra,691.0,69.67667
CP049454,0.002648578134290024,26.48578134290024,20,120121,JUNIN,HUANCAYO,HUAYUCACHI,URBANO,sierra,3870.0,10.375
CP049455,0.002775289429523882,27.75289429523882,20,120121,JUNIN,HUANCAYO,HUAYUCACHI,URBANO,sierra,2015.0,8.128333
CP049462,0.001358396413064942,13.58396413064942,18,120122,JUNIN,HUANCAYO,INGENIO,URBANO,sierra,963.0,10.396667
CP049477,0.0,0.0,0,120124,JUNIN,HUANCAYO,PARIAHUANCA,URBANO,sierra,267.0,72.2
CP049519,0.002074348844282014,20.743488442820137,15,110206,ICA,CHINCHA,GROCIO PRADO,URBANO,costa,18769.0,6.4416666
CP049546,0.001903476054118734,19.034760541187342,15,110207,ICA,CHINCHA,PUEBLO NUEVO,URBANO,costa,52143.0,0.6816667
CP049547,0.0,0.0,0,110208,ICA,CHINCHA,SAN JUAN DE YANAC,URBANO,sierra,104.0,110.555
CP049579,3.801399728408326e-05,0.3801399728408326,1,110304,ICA,NAZCA,MARCONA,URBANO,costa,12795.0,59.39
CP049584,0.0008171602763931247,8.171602763931247,2,110305,ICA,NAZCA,VISTA ALEGRE,URBANO,sierra,11947.0,2.1733334
CP049612,0.001818440005729081,18.18440005729081,2,110401,ICA,PALPA,PALPA,URBANO,costa,4394.0,2.0666666
CP049678,0.0015664814766603913,15.664814766603913,2,120306,JUNIN,CHANCHAMAYO,VITOC,URBANO,sierra,519.0,25.09
CP049779,0.001320343845068322,13.20343845068322,18,120204,JUNIN,CONCEPCION,CHAMBARA,URBANO,sierra,688.0,29.723333
CP049799,0.0,0.0,0,120205,JUNIN,CONCEPCION,COCHAS,URBANO,sierra,488.0,95.458336
CP049826,0.0013254169901885384,13.254169901885383,3,120302,JUNIN,CHANCHAMAYO,PERENE,URBANO,sierra,6909.0,29.286667
CP050044,0.0,0.0,0,101003,HUANUCO,LAURICOCHA,JIVIA,URBANO,sierra,405.0,107.488335
CP050106,0.0,0.0,0,101006,HUANUCO,LAURICOCHA,SAN FRANCISCO DE ASIS,URBANO,sierra,492.0,119.723335
CP050197,0.0002822828178076546,2.8228281780765463,3,110505,ICA,PISCO,PARACAS,URBANO,costa,1560.0,26.743334
CP050214,0.001971192896000116,19.711928960001163,15,110201,ICA,CHINCHA,CHINCHA ALTA,URBANO,costa,59574.0,1.2616667
CP050215,0.0015113948961754146,15.113948961754145,15,110202,ICA,CHINCHA,ALTO LARAN,URBANO,costa,3686.0,8.9366665
CP050268,0.0,0.0,0,101103,HUANUCO,YAROWILCA,CHACABAMBA,URBANO,sierra,687.0,103.54833
CP050317,0.0,0.0,0,101104,HUANUCO,YAROWILCA,APARICIO POMARES,URBANO,sierra,1260.0,141.20334
CP050330,0.0,0.0,0,101107,HUANUCO,YAROWILCA,PAMPAMARCA,URBANO,sierra,544.0,152.42667
CP050399,0.0006638568970465287,6.638568970465287,9,110506,ICA,PISCO,SAN ANDRES,URBANO,costa,11495.0,5.915
CP050425,0.0009541214485948977,9.541214485948977,13,110507,ICA,PISCO,SAN CLEMENTE,URBANO,costa,18849.0,8.148334
CP050441,0.0007799904259070821,7.799904259070821,9,110508,ICA,PISCO,TUPAC AMARU INCA,URBANO,costa,14529.0,6.278333
CP050472,0.0029524485561934267,29.524485561934267,19,120125,JUNIN,HUANCAYO,PILCOMAYO,URBANO,sierra,13295.0,6.306667
CP050473,0.0024141438366396565,24.141438366396564,20,120126,JUNIN,HUANCAYO,PUCARA,URBANO,sierra,1908.0,14.4383335
CP050492,0.0012896363380833485,12.896363380833485,18,120127,JUNIN,HUANCAYO,QUICHUAY,URBANO,sierra,1070.0,8.515
CP050511,0.0021971668781443432,21.971668781443434,19,120128,JUNIN,HUANCAYO,QUILCAS,URBANO,sierra,2574.0,15.84
CP050554,0.0,0.0,0,110209,ICA,CHINCHA,SAN PEDRO DE HUACARPANA,URBANO,sierra,408.0,124.32667
CP050563,0.0,0.0,0,120206,JUNIN,CONCEPCION,COMAS,URBANO,sierra,967.0,72.846664
CP050588,0.0017898415675102171,17.89841567510217,2,110402,ICA,PALPA,LLIPATA,URBANO,costa,336.0,6.78
CP050602,0.0016763726703474579,16.76372670347458,1,110403,ICA,PALPA,RIO GRANDE,URBANO,costa,1271.0,8.171667
CP050628,0.001650692709030903,16.50692709030903,3,120304,JUNIN,CHANCHAMAYO,SAN LUIS DE SHUARO,URBANO,sierra,948.0,29.085
CP050785,0.0005526212921384061,5.526212921384062,18,120207,JUNIN,CONCEPCION,HEROINAS TOLEDO,URBANO,sierra,174.0,22.503334
CP050801,0.001863584996800412,18.63584996800412,18,120208,JUNIN,CONCEPCION,MANZANARES,URBANO,sierra,1377.0,22.651667
CP050852,0.0025362180123819664,25.362180123819662,3,120305,JUNIN,CHANCHAMAYO,SAN RAMON,URBANO,sierra,19041.0,10.148334
CP050979,0.0,0.0,0,110203,ICA,CHINCHA,CHAVIN,URBANO,sierra,502.0,91.37
CP050998,0.0,0.0,0,101004,HUANUCO,LAURICOCHA,QUEROPALCA,URBANO,sierra,863.0,170.03667
CP051129,0.0008842764978458734,8.842764978458733,9,110109,ICA,ICA,SAN JOSE DE LOS MOLINOS,URBANO,sierra,2258.0,26.173334
CP051134,0.0031205557568393383,31.20555756839338,20,120101,JUNIN,HUANCAYO,HUANCAYO,URBANO,sierra,110303.0,0.545
CP051187,0.0018482893329568042,18.482893329568043,15,110204,ICA,CHINCHA,CHINCHA BAJA,URBANO,costa,4075.0,7.943333
CP051247,0.0,0.0,0,101105,HUANUCO,YAROWILCA,JACAS CHICO,URBANO,sierra,667.0,74.35167
CP051264,0.0,0.0,0,101108,HUANUCO,YAROWILCA,CHORAS,URBANO,sierra,638.0,98.065
CP051305,0.0019486745565578337,19.48674556557834,10,110101,ICA,ICA,ICA,URBANO,costa,124789.0,1.8316667
CP051313,0.001799851918018907,17.99851918018907,10,110102,ICA,ICA,LA TINGUINA,URBANO,costa,27289.0,5.5016665
CP051394,0.0002466620723274559,2.466620723274559,1,120704,JUNIN,TARMA,HUASAHUASI,URBANO,sierra,5373.0,46.228333
CP051450,0.0005681693962643683,5.681693962643683,2,120602,JUNIN,SATIPO,COVIRIALI,URBANO,sierra,175.0,10.4366665
CP051468,0.0007534560470598314,7.534560470598314,3,120607,JUNIN,SATIPO,RIO NEGRO,URBANO,sierra,2044.0,6.6983333
CP051629,0.0009247649123345683,9.247649123345683,2,120801,JUNIN,YAULI,LA OROYA,URBANO,sierra,15751.0,7.7366667
CP051659,6.119740604731975e-05,0.6119740604731976,1,120802,JUNIN,YAULI,CHACAPALPA,URBANO,sierra,376.0,56.43667
CP051677,0.0,0.0,0,120804,JUNIN,YAULI,MARCAPOMACOCHA,URBANO,sierra,358.0,114.07166
CP051719,0.001252065617466928,12.520656174669279,40,130207,LA LIBERTAD,ASCOPE,SANTIAGO DE CAO,URBANO,costa,2098.0,32.73
CP051776,0.000862913790191093,8.62913790191093,1,130305,LA LIBERTAD,BOLIVAR,UCHUMARCA,URBANO,sierra,1174.0,59.041668
CP051797,0.00026116904217623804,2.6116904217623804,1,120810,JUNIN,YAULI,YAULI,URBANO,sierra,2999.0,37.965
CP051838,0.0007699881382710762,7.699881382710762,4,130403,LA LIBERTAD,CHEPEN,PUEBLO NUEVO,URBANO,costa,3937.0,10.828333
CP051843,0.000576874116125362,5.768741161253621,4,130403,LA LIBERTAD,CHEPEN,PUEBLO NUEVO,URBANO,costa,2637.0,18.265
CP051852,0.00404828694619419,40.482869461941895,40,130107,LA LIBERTAD,TRUJILLO,MOCHE,URBANO,costa,16000.0,6.025
CP051889,0.003830979646982703,38.30979646982703,39,130107,LA LIBERTAD,TRUJILLO,MOCHE,URBANO,costa,9614.0,2.2566667
CP051893,0.0011184875039553697,11.184875039553697,39,130108,LA LIBERTAD,TRUJILLO,POROTO,URBANO,sierra,753.0,33.025
CP051910,2.5992294755928023e-06,0.025992294755928024,1,130606,LA LIBERTAD,OTUZCO,LA CUESTA,URBANO,sierra,75.0,58.135
CP051914,0.0011651115014734877,11.651115014734877,39,130207,LA LIBERTAD,ASCOPE,SANTIAGO DE CAO,URBANO,costa,13389.0,20.025
CP051916,0.0017077441424149043,17.077441424149043,40,130207,LA LIBERTAD,ASCOPE,SANTIAGO DE CAO,URBANO,costa,2433.0,23.511667
CP051927,0.0010890009596165743,10.890009596165743,37,130208,LA LIBERTAD,ASCOPE,CASA GRANDE,URBANO,costa,20078.0,8.911667
CP051948,0.0013159924111331208,13.159924111331208,39,130208,LA LIBERTAD,ASCOPE,CASA GRANDE,URBANO,costa,6800.0,11.573334
CP051951,0.015686162582958033,156.86162582958033,1,130301,LA LIBERTAD,BOLIVAR,BOLIVAR,URBANO,sierra,1478.0,0.835
CP052004,0.0,0.0,0,130306,LA LIBERTAD,BOLIVAR,UCUNCHA,URBANO,sierra,633.0,101.76
CP052060,0.0011601123343394637,11.601123343394637,2,130501,LA LIBERTAD,JULCAN,JULCAN,URBANO,sierra,2681.0,1.2
CP052103,0.0011098486557398115,11.098486557398115,2,130608,LA LIBERTAD,OTUZCO,MACHE,URBANO,sierra,708.0,12.301666
CP052128,0.0,0.0,0,130610,LA LIBERTAD,OTUZCO,PARANDAY,URBANO,sierra,191.0,62.113335
CP052143,0.00036921460742692157,3.692146074269216,2,130611,LA LIBERTAD,OTUZCO,SALPO,URBANO,sierra,709.0,39.315
CP052157,0.0005916448788529471,5.916448788529471,18,120415,JUNIN,JAUJA,MARCO,URBANO,sierra,1245.0,12.445
CP052162,0.0007067148231840215,7.067148231840215,18,120416,JUNIN,JAUJA,MASMA,URBANO,sierra,785.0,12.203333
CP052171,0.0004140286430615571,4.140286430615571,12,120417,JUNIN,JAUJA,MASMA CHICCHE,URBANO,sierra,354.0,20.471666
CP052181,0.0006770373641528932,6.7703736415289315,18,120418,JUNIN,JAUJA,MOLINOS,URBANO,sierra,754.0,9.033334
CP052192,0.00033985801899490565,3.3985801899490564,2,120419,JUNIN,JAUJA,MONOBAMBA,URBANO,sierra,344.0,49.396667
CP052209,0.001504221792562384,15.04221792562384,18,120420,JUNIN,JAUJA,MUQUI,URBANO,sierra,1057.0,11.138333
CP052299,7.683244970687779e-05,0.7683244970687779,1,120504,JUNIN,JUNIN,ULCUMAYO,URBANO,sierra,1022.0,54.97333
CP052370,0.00035579828847442664,3.5579828847442663,2,120603,JUNIN,SATIPO,LLAYLLA,URBANO,sierra,589.0,36.101665
CP052571,0.0012267377780175196,12.267377780175197,2,120705,JUNIN,TARMA,LA UNION,URBANO,sierra,2110.0,18.665
CP052587,0.001473447419560996,14.73447419560996,4,120706,JUNIN,TARMA,PALCA,URBANO,sierra,2119.0,17.415
CP052696,0.0001696030071313864,1.696030071313864,1,120805,JUNIN,YAULI,MOROCOCHA,URBANO,sierra,4182.0,44.273335
CP052707,0.000794137889182182,7.941378891821819,2,120806,JUNIN,YAULI,PACCHA,URBANO,sierra,1362.0,21.45
CP052779,0.0009026761451914508,9.026761451914508,4,130401,LA LIBERTAD,CHEPEN,CHEPEN,URBANO,costa,36770.0,2.1683333
CP052793,0.0026120041007542723,26.120041007542724,19,120901,JUNIN,CHUPACA,CHUPACA,URBANO,sierra,13519.0,11.5616665
CP052805,0.0021301694014441625,21.301694014441626,19,120902,JUNIN,CHUPACA,AHUAC,URBANO,sierra,3238.0,18.163334
CP052833,0.002460245547892055,24.60245547892055,20,120903,JUNIN,CHUPACA,CHONGOS BAJO,URBANO,sierra,3156.0,13.185
CP052867,0.00341258106700649,34.1258106700649,39,130109,LA LIBERTAD,TRUJILLO,SALAVERRY,URBANO,costa,8816.0,6.725
CP052869,0.003629586350490475,36.29586350490475,39,130109,LA LIBERTAD,TRUJILLO,SALAVERRY,URBANO,costa,5014.0,1.0733334
CP052873,0.0013764797176619896,13.764797176619897,39,130110,LA LIBERTAD,TRUJILLO,SIMBAL,URBANO,sierra,805.0,27.851667
CP052903,0.004242732752249848,42.42732752249848,40,130111,LA LIBERTAD,TRUJILLO,VICTOR LARCO HERRERA,URBANO,costa,55738.0,1.8266667
CP052906,0.000861844708733532,8.61844708733532,32,130201,LA LIBERTAD,ASCOPE,ASCOPE,URBANO,costa,5980.0,1.0466666
CP052925,0.0005833966354846437,5.833966354846437,18,120423,JUNIN,JAUJA,PACCHA,URBANO,sierra,665.0,18.188334
CP052939,0.0008668206612012611,8.668206612012611,18,120424,JUNIN,JAUJA,PANCAN,URBANO,sierra,704.0,3.445
CP052943,0.0005419509661161575,5.419509661161575,18,120425,JUNIN,JAUJA,PARCO,URBANO,sierra,535.0,19.358334
CP052951,0.00018902323961139761,1.8902323961139762,3,120426,JUNIN,JAUJA,POMACANCHA,URBANO,sierra,63.0,34.795
CP052965,0.00018838816756462496,1.8838816756462495,3,120427,JUNIN,JAUJA,RICRAN,URBANO,sierra,735.0,51.496666
CP053012,0.0007773300783500841,7.773300783500841,4,130402,LA LIBERTAD,CHEPEN,PACANGA,URBANO,costa,3617.0,10.543333
CP053025,0.0007016428297992956,7.016428297992956,8,130402,LA LIBERTAD,CHEPEN,PACANGA,URBANO,costa,6334.0,14.411667
CP053062,0.0,0.0,0,130605,LA LIBERTAD,OTUZCO,HUARANCHAL,URBANO,sierra,1031.0,84.183334
CP053126,0.001285898291251224,12.858982912512241,3,130602,LA LIBERTAD,OTUZCO,AGALLPAMPA,URBANO,sierra,580.0,17.306667
CP053165,0.00017971971576546085,1.7971971576546084,1,130604,LA LIBERTAD,OTUZCO,CHARAT,URBANO,sierra,189.0,45.29
CP053203,0.0001567198481497341,1.567198481497341,1,120608,JUNIN,SATIPO,RIO TAMBO,URBANO,costa,915.0,46.145
CP053294,0.0010339260485099139,10.339260485099139,3,120502,JUNIN,JUNIN,CARHUAMAYO,URBANO,sierra,7469.0,28.8
CP053369,6.296495043872252e-05,0.6296495043872252,1,120605,JUNIN,SATIPO,PAMPA HERMOSA,URBANO,sierra,510.0,49.135
CP053445,0.0013271845460425867,13.271845460425867,18,120421,JUNIN,JAUJA,MUQUIYAUYO,URBANO,sierra,2359.0,8.985
CP053448,0.0005405559190121192,5.405559190121192,18,120422,JUNIN,JAUJA,PACA,URBANO,sierra,769.0,11.616667
CP053475,0.0015463267992920106,15.463267992920105,4,120701,JUNIN,TARMA,TARMA,URBANO,sierra,39105.0,1.4566667
CP053541,0.0012281809936998019,12.281809936998018,2,120707,JUNIN,TARMA,PALCAMAYO,URBANO,sierra,4084.0,24.05
CP053602,4.6478741364510896e-05,0.46478741364510895,1,120803,JUNIN,YAULI,HUAY-HUAY,URBANO,sierra,514.0,59.293335
CP053664,0.0,0.0,0,130303,LA LIBERTAD,BOLIVAR,CONDORMARCA,URBANO,sierra,160.0,259.32666
CP053710,0.0008316830236958784,8.316830236958785,1,120808,JUNIN,YAULI,SANTA ROSA DE SACCO,URBANO,sierra,11257.0,7.03
CP053725,0.0,0.0,0,120809,JUNIN,YAULI,SUITUCANCHA,URBANO,sierra,538.0,75.293335
CP053770,0.0019463797116560072,19.463797116560073,18,120904,JUNIN,CHUPACA,HUACHAC,URBANO,sierra,1433.0,21.441668
CP053778,0.0030189412839733607,30.189412839733606,20,120905,JUNIN,CHUPACA,HUAMANCACA CHICO,URBANO,sierra,4019.0,3.7566667
CP053783,0.002262135348803476,22.62135348803476,20,120906,JUNIN,CHUPACA,SAN JUAN DE ISCOS,URBANO,sierra,695.0,15.918333
CP053792,0.0,0.0,0,120907,JUNIN,CHUPACA,SAN JUAN DE JARPA,URBANO,sierra,1394.0,61.22167
CP053803,0.0027700732389149786,27.700732389149785,20,120908,JUNIN,CHUPACA,TRES DE DICIEMBRE,URBANO,sierra,1920.0,8.316667
CP053804,0.0,0.0,0,120909,JUNIN,CHUPACA,YANACANCHA,URBANO,sierra,586.0,62.535
CP053817,0.001436649408828389,14.36649408828389,2,130601,LA LIBERTAD,OTUZCO,OTUZCO,URBANO,sierra,11489.0,0.46833333
CP053827,0.0020665723878288502,20.665723878288503,40,130202,LA LIBERTAD,ASCOPE,CHICAMA,URBANO,costa,4875.0,11.241667
CP053831,0.0009946976998519794,9.946976998519794,11,130202,LA LIBERTAD,ASCOPE,CHICAMA,URBANO,costa,4321.0,28.168333
CP053835,0.0018440393916471238,18.440393916471237,40,130202,LA LIBERTAD,ASCOPE,CHICAMA,URBANO,costa,4053.0,9.39
CP053851,0.001327717903600781,13.27717903600781,39,130203,LA LIBERTAD,ASCOPE,CHOCOPE,URBANO,costa,4910.0,1.13
CP053865,0.0008019165094647527,8.019165094647526,37,130204,LA LIBERTAD,ASCOPE,MAGDALENA DE CAO,URBANO,costa,1206.0,17.033333
CP053893,0.0012697819410372384,12.697819410372384,18,120428,JUNIN,JAUJA,SAN LORENZO,URBANO,sierra,1833.0,10.793333
CP053901,0.0006218756814217651,6.218756814217651,18,120429,JUNIN,JAUJA,SAN PEDRO DE CHUNAN,URBANO,sierra,558.0,9.92
CP053904,0.0010658133750001799,10.658133750001799,18,120430,JUNIN,JAUJA,SAUSA,URBANO,sierra,2792.0,3.7166667
CP053906,0.0018896071399010707,18.896071399010708,18,120431,JUNIN,JAUJA,SINCOS,URBANO,sierra,1127.0,18.786667
CP053925,0.0005210665822514779,5.210665822514779,15,120432,JUNIN,JAUJA,TUNAN MARCA,URBANO,sierra,1141.0,14.506667
CP053931,0.0006756739015734845,6.756739015734845,18,120433,JUNIN,JAUJA,YAULI,URBANO,sierra,843.0,8.343333
CP053946,0.0004014653690838311,4.014653690838311,1,130503,LA LIBERTAD,JULCAN,CARABAMBA,URBANO,sierra,1149.0,33.865
CP053977,0.0,0.0,0,130504,LA LIBERTAD,JULCAN,HUASO,URBANO,sierra,416.0,66.30334
CP054116,0.0008380255588400622,8.380255588400622,18,120404,JUNIN,JAUJA,ATAURA,URBANO,sierra,1045.0,9.016666
CP054118,2.141666297826147e-05,0.2141666297826147,2,120405,JUNIN,JAUJA,CANCHAYLLO,URBANO,sierra,746.0,56.548332
CP054128,6.4497407912225e-05,0.64497407912225,2,120406,JUNIN,JAUJA,CURICACA,URBANO,sierra,311.0,43.486668
CP054204,0.0,0.0,0,120807,JUNIN,YAULI,SANTA BARBARA DE CARHUACAYAN,URBANO,sierra,647.0,70.32667
CP054237,0.0005162020192191282,5.1620201921912825,1,120503,JUNIN,JUNIN,ONDORES,URBANO,sierra,872.0,27.073334
CP054274,0.0007831194512358385,7.831194512358385,3,120601,JUNIN,SATIPO,SATIPO,URBANO,sierra,21894.0,0.9583333
CP054439,0.0015822433759677414,15.822433759677414,4,120702,JUNIN,TARMA,ACOBAMBA,URBANO,sierra,4742.0,10.0616665
CP054482,0.0012099942259746676,12.099942259746676,3,120703,JUNIN,TARMA,HUARICOLCA,URBANO,sierra,1169.0,18.793333
CP054501,0.0011478108423745538,11.478108423745537,3,120708,JUNIN,TARMA,SAN PEDRO DE CAJAS,URBANO,sierra,3516.0,20.116667
CP054547,0.0007198994943761611,7.198994943761611,1,120709,JUNIN,TARMA,TAPO,URBANO,sierra,1060.0,29.153334
CP054606,0.0,0.0,0,130304,LA LIBERTAD,BOLIVAR,LONGOTEA,URBANO,sierra,346.0,85.666664
CP054706,0.004521347273354965,45.21347273354965,41,130101,LA LIBERTAD,TRUJILLO,TRUJILLO,URBANO,costa,294730.0,0.44166666
CP054710,0.004292577018860944,42.925770188609434,40,130102,LA LIBERTAD,TRUJILLO,EL PORVENIR,URBANO,costa,140507.0,1.5466666
CP054711,0.004412014212279533,44.12014212279533,40,130103,LA LIBERTAD,TRUJILLO,FLORENCIA DE MORA,URBANO,costa,40014.0,0.87
CP054712,0.0033654750381288826,33.65475038128883,39,130104,LA LIBERTAD,TRUJILLO,HUANCHACO,URBANO,costa,9009.0,14.833333
CP054714,0.003771100058994602,37.71100058994602,40,130104,LA LIBERTAD,TRUJILLO,HUANCHACO,URBANO,costa,24625.0,7.016667
CP054718,0.004096913704996566,40.96913704996566,40,130104,LA LIBERTAD,TRUJILLO,HUANCHACO,URBANO,costa,7366.0,7.725
CP054721,0.0043268240743995,43.268240743995,40,130104,LA LIBERTAD,TRUJILLO,HUANCHACO,URBANO,costa,2107.0,3.3266666
CP054727,0.0044232847751781495,44.23284775178149,40,130105,LA LIBERTAD,TRUJILLO,LA ESPERANZA,URBANO,costa,151845.0,0.86
CP054728,0.003977550360205043,39.77550360205043,39,130106,LA LIBERTAD,TRUJILLO,LAREDO,URBANO,costa,22557.0,1.9866667
CP054765,0.0007975538500509183,7.975538500509184,21,130205,LA LIBERTAD,ASCOPE,PAIJAN,URBANO,costa,18931.0,13.725
CP054791,0.0003259775066508389,3.259775066508389,3,130206,LA LIBERTAD,ASCOPE,RAZURI,URBANO,costa,4922.0,29.071667
CP054841,0.0009576696203942033,9.576696203942033,18,120434,JUNIN,JAUJA,YAUYOS,URBANO,sierra,8764.0,2.4916666
CP054846,0.0011055113083393493,11.055113083393493,3,120501,JUNIN,JUNIN,JUNIN,URBANO,sierra,9974.0,1.3116666
CP054891,0.0,0.0,0,130613,LA LIBERTAD,OTUZCO,SINSICAP,URBANO,sierra,327.0,68.97
CP054910,5.0283695593108794e-05,0.5028369559310879,1,130613,LA LIBERTAD,OTUZCO,SINSICAP,URBANO,sierra,2391.0,59.84833
CP054958,0.00011316779652720403,1.1316779652720403,1,130502,LA LIBERTAD,JULCAN,CALAMARCA,URBANO,sierra,364.0,55.088333
CP055005,0.0008603705210195178,8.603705210195178,18,120407,JUNIN,JAUJA,EL MANTARO,URBANO,sierra,2465.0,19.585
CP055009,0.0007679772728020891,7.6797727280208905,18,120408,JUNIN,JAUJA,HUAMALI,URBANO,sierra,1383.0,11.263333
CP055015,0.0012382391494050143,12.382391494050143,18,120409,JUNIN,JAUJA,HUARIPAMPA,URBANO,sierra,1026.0,7.335
CP055019,0.0008074224610390953,8.074224610390953,18,120410,JUNIN,JAUJA,HUERTAS,URBANO,sierra,681.0,5.1916666
CP055035,8.418691043473743e-05,0.8418691043473743,2,120411,JUNIN,JAUJA,JANJAILLO,URBANO,sierra,91.0,39.121666
CP055050,0.0006568559536242633,6.568559536242634,18,120412,JUNIN,JAUJA,JULCAN,URBANO,sierra,845.0,10.148334
CP055052,0.001644568494047272,16.44568494047272,18,120413,JUNIN,JAUJA,LEONOR ORDONEZ,URBANO,sierra,1112.0,15.475
CP055060,9.836015904576271e-05,0.9836015904576271,2,120414,JUNIN,JAUJA,LLOCLLAPAMPA,URBANO,sierra,643.0,37.318333
CP055062,0.0010288030099373552,10.288030099373552,22,140119,LAMBAYEQUE,CHICLAYO,PUCALA,URBANO,costa,6277.0,15.0616665
CP055084,0.0017738449639371251,17.73844963937125,22,140120,LAMBAYEQUE,CHICLAYO,TUMAN,URBANO,costa,22886.0,5.34
CP055107,0.0013331404422552548,13.331404422552549,22,140201,LAMBAYEQUE,FERRENAFE,FERRENAFE,URBANO,costa,31777.0,22.608334
CP055116,0.0032121796534491306,32.12179653449131,230,150104,LIMA,LIMA,BARRANCO,URBANO,costa,33903.0,4.7683334
CP055117,0.0035200066749206836,35.20006674920683,232,150105,LIMA,LIMA,BRENA,URBANO,costa,81909.0,3.0566666
CP055118,0.001419651986225113,14.19651986225113,229,150106,LIMA,LIMA,CARABAYLLO,URBANO,costa,206137.0,6.53
CP055131,0.001010555117792058,10.10555117792058,22,140204,LAMBAYEQUE,FERRENAFE,MANUEL ANTONIO MESONES MURO,URBANO,costa,1483.0,21.755
CP055167,0.0007905531652801806,7.905531652801806,22,140205,LAMBAYEQUE,FERRENAFE,PITIPO,URBANO,costa,1086.0,30.026667
CP055197,0.0011193591372619307,11.193591372619307,22,140305,LAMBAYEQUE,LAMBAYEQUE,MOCHUMI,URBANO,costa,6963.0,14.835
CP055235,0.0007752647080479002,7.752647080479002,22,140306,LAMBAYEQUE,LAMBAYEQUE,MORROPE,URBANO,costa,6307.0,21.596666
CP055246,0.0010027424475658488,10.027424475658488,4,130702,LA LIBERTAD,PACASMAYO,GUADALUPE,URBANO,costa,20605.0,0.9483333
CP055256,0.001881352328422087,18.81352328422087,22,140108,LAMBAYEQUE,CHICLAYO,MONSEFU,URBANO,costa,22165.0,10.68
CP055300,6.613197058208047e-06,0.06613197058208047,1,140109,LAMBAYEQUE,CHICLAYO,NUEVA ARICA,URBANO,costa,1733.0,58.463333
CP055308,0.0,0.0,0,140110,LAMBAYEQUE,CHICLAYO,OYOTUN,URBANO,costa,5518.0,65.84333
CP055372,0.001129366507331474,11.29366507331474,228,150107,LIMA,LIMA,CHACLACAYO,URBANO,sierra,41110.0,12.048333
CP055373,0.0031379712933989547,31.37971293398955,230,150108,LIMA,LIMA,CHORRILLOS,URBANO,costa,286977.0,0.64666665
CP055374,0.0011235492892743698,11.235492892743698,227,150109,LIMA,LIMA,CIENEGUILLA,URBANO,costa,26540.0,20.786667
CP055415,0.0017948693920413511,17.94869392041351,8,150203,LIMA,BARRANCA,PATIVILCA,URBANO,costa,11398.0,9.851666
CP055469,0.0008453107891245447,8.453107891245446,4,130702,LA LIBERTAD,PACASMAYO,GUADALUPE,URBANO,costa,3758.0,16.595
CP055471,0.0010404995531122663,10.404995531122664,4,130702,LA LIBERTAD,PACASMAYO,GUADALUPE,URBANO,costa,6678.0,9.551666
CP055485,0.0008735382016871239,8.73538201687124,4,130703,LA LIBERTAD,PACASMAYO,JEQUETEPEQUE,URBANO,costa,2161.0,10.881667
CP055506,0.0009527915679592331,9.527915679592331,5,130704,LA LIBERTAD,PACASMAYO,PACASMAYO,URBANO,costa,26105.0,2.6866667
CP055542,0.0006419299056944494,6.419299056944494,22,140309,LAMBAYEQUE,LAMBAYEQUE,PACORA,URBANO,costa,3599.0,24.766666
CP055561,3.051151840203412e-06,0.03051151840203412,1,140310,LAMBAYEQUE,LAMBAYEQUE,SALAS,URBANO,costa,2082.0,56.501667
CP055585,0.0,0.0,0,130808,LA LIBERTAD,PATAZ,PARCOY,RURAL,sierra,2125.0,81.331665
CP055586,0.0,0.0,0,130809,LA LIBERTAD,PATAZ,PATAZ,URBANO,sierra,1707.0,177.745
CP055669,2.5210691566417597e-05,0.252106915664176,1,130902,LA LIBERTAD,SANCHEZ CARRION,CHUGAY,URBANO,sierra,1216.0,59.376667
CP055789,0.0,0.0,0,130804,LA LIBERTAD,PATAZ,HUANCASPATA,URBANO,sierra,1176.0,63.995
CP055860,0.0,0.0,0,131005,LA LIBERTAD,SANTIAGO DE CHUCO,MOLLEPATA,URBANO,sierra,179.0,70.51667
CP055874,0.0,0.0,0,140202,LAMBAYEQUE,FERRENAFE,CANARIS,URBANO,sierra,323.0,106.11
CP055924,0.0,0.0,0,131102,LA LIBERTAD,GRAN CHIMU,LUCMA,URBANO,sierra,652.0,63.336666
CP055957,0.0014266467229624247,14.266467229624247,2,131202,LA LIBERTAD,VIRU,CHAO,URBANO,costa,12325.0,5.12
CP055985,0.0013999856619653119,13.99985661965312,2,131202,LA LIBERTAD,VIRU,CHAO,URBANO,costa,3553.0,8.568334
CP056018,0.0,0.0,0,130908,LA LIBERTAD,SANCHEZ CARRION,SARTIMBAMBA,URBANO,sierra,600.0,115.805
CP056130,0.002897609439443142,28.976094394431417,232,150103,LIMA,LIMA,ATE,URBANO,costa,478278.0,0.31833333
CP056132,0.0035669873771083716,35.669873771083715,232,150130,LIMA,LIMA,SAN BORJA,URBANO,costa,105076.0,0.90166664
CP056133,0.0037149893676803997,37.149893676804,232,150131,LIMA,LIMA,SAN ISIDRO,URBANO,costa,58056.0,1.0466666
CP056134,0.0034665194377619954,34.665194377619954,232,150132,LIMA,LIMA,SAN JUAN DE LURIGANCHO,URBANO,costa,898443.0,3.895
CP056135,0.0031358982888449547,31.358982888449546,232,150133,LIMA,LIMA,SAN JUAN DE MIRAFLORES,URBANO,costa,362643.0,0.875
CP056136,0.003683290401942565,36.83290401942565,232,150134,LIMA,LIMA,SAN LUIS,URBANO,costa,54634.0,2.5833333
CP056139,3.177553994575655e-06,0.03177553994575655,1,140205,LAMBAYEQUE,FERRENAFE,PITIPO,URBANO,costa,2008.0,56.068333
CP056144,0.00010811715742862459,1.0811715742862458,17,140205,LAMBAYEQUE,FERRENAFE,PITIPO,URBANO,costa,2692.0,48.006668
CP056192,0.001305696537212337,13.05696537212337,22,140206,LAMBAYEQUE,FERRENAFE,PUEBLO NUEVO,URBANO,costa,11128.0,23.088333
CP056206,0.0004994733990398386,4.994733990398386,22,140306,LAMBAYEQUE,LAMBAYEQUE,MORROPE,URBANO,costa,2743.0,28.496666
CP056258,0.0009316422970717657,9.316422970717657,4,130705,LA LIBERTAD,PACASMAYO,SAN JOSE,URBANO,costa,3830.0,16.195
CP056259,0.0010341866010489932,10.341866010489932,4,130705,LA LIBERTAD,PACASMAYO,SAN JOSE,URBANO,costa,3464.0,12.791667
CP056287,0.0018586480989570555,18.586480989570553,22,140111,LAMBAYEQUE,CHICLAYO,PICSI,URBANO,costa,4306.0,13.316667
CP056291,0.001985251522328685,19.85251522328685,22,140111,LAMBAYEQUE,CHICLAYO,PICSI,URBANO,costa,2893.0,10.4366665
CP056302,0.001740805045186447,17.40805045186447,22,140112,LAMBAYEQUE,CHICLAYO,PIMENTEL,URBANO,costa,15319.0,14.031667
CP056309,0.002103981561586907,21.03981561586907,22,140112,LAMBAYEQUE,CHICLAYO,PIMENTEL,URBANO,costa,10072.0,4.0433335
CP056329,0.0035613318117362017,35.61331811736202,232,150135,LIMA,LIMA,SAN MARTIN DE PORRES,URBANO,costa,579561.0,3.4433334
CP056330,0.0033176232877380938,33.17623287738094,230,150136,LIMA,LIMA,SAN MIGUEL,URBANO,costa,129107.0,3.775
CP056331,0.0035460366911573664,35.460366911573665,232,150137,LIMA,LIMA,SANTA ANITA,URBANO,costa,184614.0,1.3283334
CP056332,0.0005006458956109281,5.006458956109281,190,150138,LIMA,LIMA,SANTA MARIA DEL MAR,URBANO,costa,133.0,31.835
CP056334,0.0008504182125831041,8.504182125831042,208,150139,LIMA,LIMA,SANTA ROSA,URBANO,costa,10903.0,14.081667
CP056335,0.0033218433752168525,33.21843375216852,232,150140,LIMA,LIMA,SANTIAGO DE SURCO,URBANO,costa,289597.0,4.5416665
CP056336,0.003610198187026023,36.10198187026023,232,150141,LIMA,LIMA,SURQUILLO,URBANO,costa,89283.0,0.7
CP056337,0.0023947878820657917,23.947878820657916,227,150142,LIMA,LIMA,VILLA EL SALVADOR,URBANO,costa,381790.0,3.28
CP056338,0.0029688421387327564,29.688421387327562,232,150143,LIMA,LIMA,VILLA MARIA DEL TRIUNFO,URBANO,costa,378470.0,2.4916666
CP056339,0.001977328741719163,19.773287417191632,8,150201,LIMA,BARRANCA,BARRANCA,URBANO,costa,53964.0,1.385
CP056378,0.001502281738105291,15.02281738105291,8,150202,LIMA,BARRANCA,PARAMONGA,URBANO,costa,21018.0,16.13
CP056411,0.0,0.0,0,150302,LIMA,CAJATAMBO,COPA,URBANO,sierra,481.0,220.50333
CP056417,0.0,0.0,0,150303,LIMA,CAJATAMBO,GORGOR,URBANO,sierra,515.0,231.89833
CP056466,0.0024453821391053378,24.453821391053378,1,130801,LA LIBERTAD,PATAZ,TAYABAMBA,URBANO,sierra,3536.0,2.26
CP056594,0.0,0.0,0,130810,LA LIBERTAD,PATAZ,PIAS,URBANO,sierra,544.0,127.78833
CP056623,0.0,0.0,0,130811,LA LIBERTAD,PATAZ,SANTIAGO DE CHALLAS,URBANO,sierra,986.0,60.87
CP056693,0.0,0.0,0,130903,LA LIBERTAD,SANCHEZ CARRION,COCHORCO,URBANO,sierra,734.0,127.89333
CP056714,0.000277736748670252,2.77736748670252,1,130906,LA LIBERTAD,SANCHEZ CARRION,SANAGORAN,URBANO,sierra,279.0,25.341667
CP056762,0.0010909861524547662,10.909861524547662,9,131203,LA LIBERTAD,VIRU,GUADALUPITO,URBANO,costa,1857.0,21.763334
CP056797,0.0014140690282217628,14.140690282217628,1,130805,LA LIBERTAD,PATAZ,HUAYLILLAS,URBANO,sierra,598.0,25.755
CP056838,0.0007247262108287244,7.247262108287243,3,131006,LA LIBERTAD,SANTIAGO DE CHUCO,QUIRUVILCA,URBANO,sierra,6070.0,36.378334
CP056956,4.712196990704809e-06,0.04712196990704809,1,140307,LAMBAYEQUE,LAMBAYEQUE,MOTUPE,URBANO,costa,13382.0,51.673332
CP057006,0.0,0.0,0,140308,LAMBAYEQUE,LAMBAYEQUE,OLMOS,URBANO,costa,9807.0,70.61667
CP057123,0.0,0.0,0,140203,LAMBAYEQUE,FERRENAFE,INCAHUASI,URBANO,sierra,644.0,141.87334
CP057147,0.001863328312504467,18.63328312504467,22,140301,LAMBAYEQUE,LAMBAYEQUE,LAMBAYEQUE,URBANO,costa,48273.0,1.7283334
CP057214,0.0011907632170604589,11.907632170604588,9,131203,LA LIBERTAD,VIRU,GUADALUPITO,URBANO,costa,2181.0,19.895
CP057218,0.0022889623867478723,22.889623867478722,22,140101,LAMBAYEQUE,CHICLAYO,CHICLAYO,URBANO,costa,260794.0,0.63
CP057220,0.00023882614704781767,2.388261470478177,21,140102,LAMBAYEQUE,CHICLAYO,CHONGOYAPE,URBANO,costa,7679.0,40.34667
CP057260,0.0002835377365370405,2.835377365370405,21,140102,LAMBAYEQUE,CHICLAYO,CHONGOYAPE,URBANO,costa,3187.0,33.666668
CP057283,0.001947606859469742,19.47606859469742,22,140113,LAMBAYEQUE,CHICLAYO,REQUE,URBANO,costa,8201.0,12.19
CP057301,0.0015285928477374068,15.285928477374068,22,140114,LAMBAYEQUE,CHICLAYO,SANTA ROSA,URBANO,costa,10827.0,17.328333
CP057305,0.0005613842118004084,5.613842118004085,25,140115,LAMBAYEQUE,CHICLAYO,SANA,URBANO,costa,3910.0,37.65333
CP057306,0.0011217793534595351,11.217793534595351,22,140115,LAMBAYEQUE,CHICLAYO,SANA,URBANO,costa,3896.0,12.615
CP057397,0.00012085024151300274,1.2085024151300274,1,130614,LA LIBERTAD,OTUZCO,USQUIL,URBANO,sierra,961.0,50.28
CP057528,0.001636639055574775,16.366390555747753,22,140311,LAMBAYEQUE,LAMBAYEQUE,SAN JOSE,URBANO,costa,8355.0,14.545
CP057536,0.0019147350956670796,19.147350956670795,22,140311,LAMBAYEQUE,LAMBAYEQUE,SAN JOSE,URBANO,costa,2426.0,9.971666
CP057542,0.0009389872787373345,9.389872787373346,22,140312,LAMBAYEQUE,LAMBAYEQUE,TUCUME,URBANO,costa,7916.0,18.29
CP057586,0.003570983403850264,35.709834038502635,232,150101,LIMA,LIMA,LIMA,URBANO,costa,299493.0,2.87
CP057587,0.001074594817615622,10.74594817615622,218,150102,LIMA,LIMA,ANCON,URBANO,costa,33367.0,11.158334
CP057593,0.0,0.0,0,130806,LA LIBERTAD,PATAZ,HUAYO,URBANO,sierra,290.0,162.01666
CP057606,0.0001865401602725684,1.865401602725684,1,130812,LA LIBERTAD,PATAZ,TAURIJA,URBANO,sierra,1085.0,55.655
CP057629,0.00025406209972116253,2.5406209972116254,1,130813,LA LIBERTAD,PATAZ,URPAY,URBANO,sierra,555.0,52.213333
CP057800,0.0,0.0,0,130807,LA LIBERTAD,PATAZ,ONGON,URBANO,sierra,101.0,
CP057824,0.0010682793396248435,10.682793396248435,1,131007,LA LIBERTAD,SANTIAGO DE CHUCO,SANTA CRUZ DE CHUCA,URBANO,sierra,702.0,18.356667
CP057837,0.0,0.0,0,131008,LA LIBERTAD,SANTIAGO DE CHUCO,SITABAMBA,URBANO,sierra,867.0,141.82167
CP057865,0.002929553434047504,29.295534340475044,1,131101,LA LIBERTAD,GRAN CHIMU,CASCAS,URBANO,sierra,4571.0,0.29
CP057895,0.0,0.0,0,131103,LA LIBERTAD,GRAN CHIMU,MARMOT,URBANO,sierra,557.0,63.608334
CP057924,0.0,0.0,0,131104,LA LIBERTAD,GRAN CHIMU,SAYAPULLO,URBANO,sierra,764.0,82.605
CP057942,2.4605343922699005e-06,0.024605343922699006,1,140302,LAMBAYEQUE,LAMBAYEQUE,CHOCHOPE,URBANO,costa,294.0,58.745
CP057988,4.131959370888028e-05,0.4131959370888028,1,130907,LA LIBERTAD,SANCHEZ CARRION,SARIN,URBANO,sierra,727.0,54.146667
CP058011,0.0014133003639805728,14.133003639805729,1,131001,LA LIBERTAD,SANTIAGO DE CHUCO,SANTIAGO DE CHUCO,URBANO,sierra,5881.0,0.7966667
CP058131,0.002415332449229659,24.15332449229659,230,150110,LIMA,LIMA,COMAS,URBANO,costa,486977.0,1.685
CP058132,0.0035401565383968167,35.40156538396817,232,150111,LIMA,LIMA,EL AGUSTINO,URBANO,costa,180262.0,1.6633333
CP058133,0.0031888175084100545,31.888175084100546,232,150112,LIMA,LIMA,INDEPENDENCIA,URBANO,costa,207647.0,4.265
CP058145,0.0007933903749858086,7.933903749858086,22,140303,LAMBAYEQUE,LAMBAYEQUE,ILLIMO,URBANO,costa,4699.0,21.3
CP058166,0.0004849619479886207,4.849619479886207,22,140304,LAMBAYEQUE,LAMBAYEQUE,JAYANCA,URBANO,costa,7282.0,28.941668
CP058203,0.0016979407833512643,16.979407833512642,22,140103,LAMBAYEQUE,CHICLAYO,ETEN,URBANO,costa,9601.0,14.141666
CP058209,0.0016291278277278374,16.291278277278373,22,140104,LAMBAYEQUE,CHICLAYO,ETEN PUERTO,URBANO,costa,2238.0,15.761666
CP058210,0.002247507356226409,22.475073562264093,22,140105,LAMBAYEQUE,CHICLAYO,JOSE LEONARDO ORTIZ,URBANO,costa,161110.0,3.7
CP058215,0.0022573740943378183,22.573740943378183,22,140106,LAMBAYEQUE,CHICLAYO,LA VICTORIA,URBANO,costa,74779.0,2.1733334
CP058243,0.0009761520981222747,9.761520981222747,25,140107,LAMBAYEQUE,CHICLAYO,LAGUNAS,URBANO,costa,4429.0,33.361668
CP058265,0.0004011091166794447,4.011091166794447,24,140116,LAMBAYEQUE,CHICLAYO,CAYALTI,URBANO,costa,13681.0,33.56333
CP058282,0.0014917059513966434,14.917059513966434,22,140117,LAMBAYEQUE,CHICLAYO,PATAPO,URBANO,costa,15270.0,11.071667
CP058295,0.001031494500928467,10.31494500928467,22,140117,LAMBAYEQUE,CHICLAYO,PATAPO,URBANO,costa,2464.0,19.208334
CP058309,0.002073216243649268,20.73216243649268,22,140118,LAMBAYEQUE,CHICLAYO,POMALCA,URBANO,costa,18047.0,8.77
CP058329,0.0037134564805465812,37.134564805465814,232,150113,LIMA,LIMA,JESUS MARIA,URBANO,costa,66171.0,2.02
CP058330,0.0029289957090498603,29.289957090498604,232,150114,LIMA,LIMA,LA MOLINA,URBANO,costa,132498.0,2.75
CP058331,0.0037904158218489913,37.90415821848991,232,150115,LIMA,LIMA,LA VICTORIA,URBANO,costa,192724.0,0.13666667
CP058332,0.003764487361235727,37.64487361235727,232,150116,LIMA,LIMA,LINCE,URBANO,costa,55242.0,1.0366666
CP058333,0.002838355566457765,28.383555664577653,232,150117,LIMA,LIMA,LOS OLIVOS,URBANO,costa,318140.0,3.0283334
CP058334,0.0006995882313170525,6.995882313170526,200,150118,LIMA,LIMA,LURIGANCHO,URBANO,sierra,169359.0,1.6233333
CP058335,0.001428379401237185,14.28379401237185,224,150119,LIMA,LIMA,LURIN,URBANO,costa,61274.0,13.995
CP058345,0.003382613450677334,33.82613450677334,230,150120,LIMA,LIMA,MAGDALENA DEL MAR,URBANO,costa,50764.0,4.6683335
CP058346,0.0035130514511413358,35.13051451141336,232,150121,LIMA,LIMA,PUEBLO LIBRE,URBANO,costa,74164.0,1.4783334
CP058347,0.003546235541297498,35.46235541297498,232,150122,LIMA,LIMA,MIRAFLORES,URBANO,costa,85065.0,3.4266667
CP058348,0.00117107659233775,11.710765923377501,222,150123,LIMA,LIMA,PACHACAMAC,URBANO,costa,67553.0,17.471666
CP058359,0.00012062189009172747,1.2062189009172746,69,150124,LIMA,LIMA,PUCUSANA,URBANO,costa,10566.0,43.451668
CP058367,0.0015927364913967581,15.927364913967581,230,150125,LIMA,LIMA,PUENTE PIEDRA,URBANO,costa,233602.0,1.725
CP058368,0.0010380024816701652,10.380024816701653,215,150126,LIMA,LIMA,PUNTA HERMOSA,URBANO,costa,5423.0,22.093334
CP058377,0.0009610424385144118,9.610424385144118,214,150127,LIMA,LIMA,PUNTA NEGRA,URBANO,costa,5283.0,23.291666
CP058379,0.003547449635475233,35.47449635475233,232,150128,LIMA,LIMA,RIMAC,URBANO,costa,176169.0,3.8283334
CP058380,0.000705510424770928,7.05510424770928,203,150129,LIMA,LIMA,SAN BARTOLO,URBANO,costa,6308.0,27.67
CP058437,0.0008779030482846991,8.779030482846991,5,130701,LA LIBERTAD,PACASMAYO,SAN PEDRO DE LLOC,URBANO,costa,12171.0,9.178333
CP058458,0.00026830121565043575,2.6830121565043576,1,130904,LA LIBERTAD,SANCHEZ CARRION,CURGOS,URBANO,sierra,1912.0,26.148333
CP058526,0.0020345818535731797,20.345818535731798,8,150204,LIMA,BARRANCA,SUPE,URBANO,costa,10967.0,1.6183333
CP058571,0.001986012731545039,19.86012731545039,8,150205,LIMA,BARRANCA,SUPE PUERTO,URBANO,costa,11066.0,4.8366666
CP058577,0.0,0.0,0,150301,LIMA,CAJATAMBO,CAJATAMBO,URBANO,sierra,1431.0,269.53
CP058608,0.00047142813845755784,4.714281384575578,1,130901,LA LIBERTAD,SANCHEZ CARRION,HUAMACHUCO,URBANO,sierra,28330.0,2.5266666
CP058691,0.0005365592070989854,5.3655920709898535,2,130905,LA LIBERTAD,SANCHEZ CARRION,MARCABAL,URBANO,sierra,447.0,28.43
CP058710,0.00030292201436235404,3.02922014362354,1,130802,LA LIBERTAD,PATAZ,BULDIBUYO,URBANO,sierra,849.0,50.148335
CP058741,0.0,0.0,0,130803,LA LIBERTAD,PATAZ,CHILLIA,URBANO,sierra,1557.0,100.865
CP058795,0.0,0.0,0,130808,LA LIBERTAD,PATAZ,PARCOY,URBANO,sierra,903.0,88.33667
CP058825,0.0,0.0,0,130808,LA LIBERTAD,PATAZ,PARCOY,URBANO,sierra,3713.0,85.405
CP058932,0.001239277820212976,12.392778202129762,23,131201,LA LIBERTAD,VIRU,VIRU,URBANO,costa,8968.0,0.91333336
CP058954,0.001407985689406013,14.07985689406013,39,131201,LA LIBERTAD,VIRU,VIRU,URBANO,costa,2742.0,8.853333
CP058955,0.0013803873006578541,13.803873006578542,39,131201,LA LIBERTAD,VIRU,VIRU,URBANO,costa,8369.0,11.93
CP058960,0.0013841802469310974,13.841802469310974,37,131201,LA LIBERTAD,VIRU,VIRU,URBANO,costa,8995.0,5.076667
CP058965,0.0012874846954153013,12.874846954153012,6,131201,LA LIBERTAD,VIRU,VIRU,URBANO,costa,3093.0,7.195
CP059045,0.0006018209625461836,6.018209625461836,1,131002,LA LIBERTAD,SANTIAGO DE CHUCO,ANGASMARCA,URBANO,sierra,2088.0,32.04
CP059056,0.0012115948471949393,12.115948471949393,1,131003,LA LIBERTAD,SANTIAGO DE CHUCO,CACHICADAN,URBANO,sierra,2234.0,13.626667
CP059089,0.0,0.0,0,131004,LA LIBERTAD,SANTIAGO DE CHUCO,MOLLEBAMBA,URBANO,sierra,478.0,64.875
CP059123,0.0,0.0,0,150503,LIMA,CANETE,CALANGO,URBANO,costa,651.0,65.03667
CP059146,0.0008737498914945612,8.737498914945611,4,150510,LIMA,CANETE,NUEVO IMPERIAL,URBANO,costa,3038.0,16.605
CP059165,0.0,0.0,0,150511,LIMA,CANETE,PACARAN,URBANO,sierra,918.0,70.825
CP059174,0.0005494454632228111,5.494454632228111,1,150512,LIMA,CANETE,QUILMANA,URBANO,costa,7913.0,22.453333
CP059209,0.0012967443201934365,12.967443201934366,13,150604,LIMA,HUARAL,AUCALLAMA,URBANO,costa,2525.0,16.986666
CP059217,0.0013146474641282492,13.146474641282492,9,150604,LIMA,HUARAL,AUCALLAMA,URBANO,costa,2716.0,15.033334
CP059266,0.0015608574601558478,15.608574601558479,10,150605,LIMA,HUARAL,CHANCAY,URBANO,costa,32312.0,1.755
CP059268,0.001668549878018867,16.68549878018867,14,150605,LIMA,HUARAL,CHANCAY,URBANO,costa,2199.0,11.24
CP059269,0.0015104418525758291,15.104418525758291,11,150605,LIMA,HUARAL,CHANCAY,URBANO,costa,5776.0,13.086667
CP059280,0.0011618686022618386,11.618686022618386,3,150701,LIMA,HUAROCHIRI,MATUCANA,URBANO,sierra,2674.0,0.8466667
CP059318,0.0,0.0,0,150702,LIMA,HUAROCHIRI,ANTIOQUIA,URBANO,sierra,337.0,68.16
CP059346,0.0,0.0,0,150710,LIMA,HUAROCHIRI,LAHUAYTAMBO,URBANO,sierra,383.0,124.28333
CP059371,0.0,0.0,0,150711,LIMA,HUAROCHIRI,LANGA,URBANO,sierra,548.0,107.45333
CP059402,0.0,0.0,0,150718,LIMA,HUAROCHIRI,SAN DAMIAN,URBANO,sierra,818.0,115.98
CP059440,0.00012003381737339687,1.2003381737339687,3,150723,LIMA,HUAROCHIRI,SAN MATEO DE OTAO,URBANO,sierra,114.0,37.018333
CP059470,0.0,0.0,0,150724,LIMA,HUAROCHIRI,SAN PEDRO DE CASTA,URBANO,sierra,1005.0,66.39
CP059477,0.0,0.0,0,150725,LIMA,HUAROCHIRI,SAN PEDRO DE HUANCAYRE,URBANO,sierra,243.0,152.10333
CP059502,0.0010525720509808685,10.525720509808686,3,150732,LIMA,HUAROCHIRI,SURCO,URBANO,sierra,969.0,12.021667
CP059541,0.0,0.0,0,150807,LIMA,HUAURA,LEONCIO PRADO,URBANO,sierra,187.0,120.50833
CP059578,0.0,0.0,0,150808,LIMA,HUAURA,PACCHO,URBANO,sierra,393.0,112.511665
CP059639,0.0009160811539738841,9.160811539738841,9,150811,LIMA,HUAURA,SAYAN,URBANO,costa,2054.0,40.90333
CP059721,0.0,0.0,0,151004,LIMA,YAUYOS,AYAVIRI,URBANO,sierra,734.0,157.52667
CP059731,0.0,0.0,0,151005,LIMA,YAUYOS,AZANGARO,URBANO,sierra,194.0,132.49667
CP059760,0.0,0.0,0,151007,LIMA,YAUYOS,CARANIA,URBANO,sierra,233.0,225.86
CP059767,0.0,0.0,0,151008,LIMA,YAUYOS,CATAHUASI,URBANO,sierra,386.0,105.80167
CP059787,0.0,0.0,0,151009,LIMA,YAUYOS,CHOCOS,URBANO,sierra,328.0,137.57333
CP059842,0.0,0.0,0,151021,LIMA,YAUYOS,MIRAFLORES,URBANO,sierra,322.0,174.445
CP059853,0.0,0.0,0,151022,LIMA,YAUYOS,OMAS,URBANO,sierra,249.0,96.94
CP059862,0.00013366046482083708,1.3366046482083709,5,150513,LIMA,CANETE,SAN ANTONIO,URBANO,costa,3115.0,48.108334
CP059882,0.0,0.0,0,150305,LIMA,CAJATAMBO,MANAS,URBANO,sierra,213.0,184.99667
CP059922,0.0,0.0,0,150405,LIMA,CANTA,LACHAQUI,URBANO,sierra,766.0,112.48333
CP059933,0.0,0.0,0,150406,LIMA,CANTA,SAN BUENAVENTURA,URBANO,sierra,134.0,95.80334
CP059972,0.0012825954848896186,12.825954848896185,10,150504,LIMA,CANETE,CERRO AZUL,URBANO,costa,4287.0,8.658334
CP060001,0.0001795894331244713,1.795894331244713,100,150505,LIMA,CANETE,CHILCA,URBANO,costa,10174.0,40.676666
CP060024,0.0012922487775843875,12.922487775843875,10,150514,LIMA,CANETE,SAN LUIS,URBANO,costa,5375.0,2.105
CP060031,0.0011338945959309748,11.338945959309749,9,150514,LIMA,CANETE,SAN LUIS,URBANO,costa,2479.0,6.1783333
CP060059,8.363180993493898e-05,0.8363180993493898,2,150515,LIMA,CANETE,SANTA CRUZ DE FLORES,URBANO,costa,1585.0,53.303333
CP060090,0.0,0.0,0,150606,LIMA,HUARAL,IHUARI,URBANO,sierra,426.0,103.44666
CP060143,8.774284891825064e-05,0.8774284891825064,4,150703,LIMA,HUAROCHIRI,CALLAHUANCA,URBANO,sierra,1944.0,28.79
CP060152,0.0,0.0,0,150704,LIMA,HUAROCHIRI,CARAMPOMA,URBANO,sierra,1101.0,84.755
CP060186,0.0,0.0,0,150712,LIMA,HUAROCHIRI,LARAOS,URBANO,sierra,1208.0,90.93833
CP060197,0.0,0.0,0,150713,LIMA,HUAROCHIRI,MARIATANA,URBANO,sierra,268.0,161.08
CP060206,0.0,0.0,0,150719,LIMA,HUAROCHIRI,SAN JUAN DE IRIS,URBANO,sierra,998.0,83.755
CP060210,0.0,0.0,0,150720,LIMA,HUAROCHIRI,SAN JUAN DE TANTARANCHE,URBANO,sierra,319.0,143.45166
CP060216,0.0,0.0,0,150721,LIMA,HUAROCHIRI,SAN LORENZO DE QUINTI,URBANO,sierra,1036.0,160.28334
CP060235,0.0,0.0,0,150726,LIMA,HUAROCHIRI,SANGALLAYA,URBANO,sierra,151.0,166.71666
CP060256,0.0006967619616980887,6.967619616980888,9,150727,LIMA,HUAROCHIRI,SANTA CRUZ DE COCACHACRA,URBANO,sierra,763.0,25.423334
CP060264,0.0004158279422211308,4.158279422211308,92,150728,LIMA,HUAROCHIRI,SANTA EULALIA,URBANO,sierra,7937.0,9.305
CP060274,0.0025790564500802688,25.790564500802688,9,150801,LIMA,HUAURA,HUACHO,URBANO,costa,53998.0,2.24
CP060294,0.0,0.0,0,150802,LIMA,HUAURA,AMBAR,URBANO,sierra,462.0,92.331665
CP060355,0.0,0.0,0,150809,LIMA,HUAURA,SANTA LEONOR,URBANO,sierra,235.0,137.405
CP060409,0.0022703960202876457,22.70396020287646,9,150812,LIMA,HUAURA,VEGUETA,URBANO,costa,4152.0,12.865
CP060419,0.0021409730056046535,21.409730056046534,9,150812,LIMA,HUAURA,VEGUETA,URBANO,costa,5801.0,16.818333
CP060482,0.0,0.0,0,150401,LIMA,CANTA,CANTA,URBANO,sierra,1772.0,95.236664
CP060536,0.0,0.0,0,151006,LIMA,YAUYOS,CACRA,URBANO,sierra,179.0,138.895
CP060550,5.241114206763811e-05,0.5241114206763811,24,150407,LIMA,CANTA,SANTA ROSA DE QUIVES,URBANO,sierra,568.0,40.91
CP060565,0.0,0.0,0,151020,LIMA,YAUYOS,MADEAN,URBANO,sierra,258.0,155.73167
CP060596,0.0,0.0,0,151017,LIMA,YAUYOS,HUANEC,URBANO,sierra,456.0,181.765
CP060601,0.0,0.0,0,151018,LIMA,YAUYOS,LARAOS,URBANO,sierra,530.0,181.495
CP060615,0.0,0.0,0,151019,LIMA,YAUYOS,LINCHA,URBANO,sierra,198.0,155.30167
CP060643,0.0,0.0,0,150607,LIMA,HUARAL,LAMPIAN,URBANO,sierra,329.0,96.24834
CP060659,0.0,0.0,0,150608,LIMA,HUARAL,PACARAOS,URBANO,sierra,404.0,125.97
CP060728,0.0014871678298402076,14.871678298402076,10,150501,LIMA,CANETE,SAN VICENTE DE CANETE,URBANO,costa,26730.0,4.8033333
CP060754,0.00013822308397281607,1.3822308397281606,1,150506,LIMA,CANETE,COAYLLO,URBANO,costa,363.0,46.503334
CP060781,0.001185986062374844,11.85986062374844,10,150507,LIMA,CANETE,IMPERIAL,URBANO,costa,26867.0,10.8
CP060788,0.0,0.0,0,150516,LIMA,CANETE,ZUNIGA,URBANO,sierra,665.0,74.403336
CP060797,0.0016986237775675128,16.98623777567513,9,150601,LIMA,HUARAL,HUARAL,URBANO,costa,70862.0,2.9433334
CP060858,0.0,0.0,0,150902,LIMA,OYON,ANDAJES,URBANO,sierra,621.0,124.13
CP060878,0.0,0.0,0,150903,LIMA,OYON,CAUJUL,URBANO,sierra,412.0,107.10167
CP060894,0.0,0.0,0,150904,LIMA,OYON,COCHAMARCA,URBANO,sierra,424.0,108.865
CP060918,0.00023580035090578047,2.358003509057805,1,150705,LIMA,HUAROCHIRI,CHICLA,URBANO,sierra,1192.0,43.588333
CP060921,7.268876461193322e-05,0.7268876461193322,1,150705,LIMA,HUAROCHIRI,CHICLA,URBANO,sierra,2776.0,57.568333
CP060939,0.0,0.0,0,150706,LIMA,HUAROCHIRI,CUENCA,URBANO,sierra,90.0,104.066666
CP060959,0.0,0.0,0,150707,LIMA,HUAROCHIRI,HUACHUPAMPA,URBANO,sierra,955.0,60.93667
CP061005,0.000516064055152011,5.16064055152011,119,150714,LIMA,HUAROCHIRI,RICARDO PALMA,URBANO,sierra,4920.0,7.4183335
CP061012,0.0,0.0,0,150715,LIMA,HUAROCHIRI,SAN ANDRES DE TUPICOCHA,URBANO,sierra,705.0,79.60333
CP061074,0.0,0.0,0,150905,LIMA,OYON,NAVAN,URBANO,sierra,362.0,109.77167
CP061089,0.0,0.0,0,150906,LIMA,OYON,PACHANGARA,URBANO,sierra,1889.0,91.99333
CP061105,0.0,0.0,0,151001,LIMA,YAUYOS,YAUYOS,URBANO,sierra,2080.0,196.94167
CP061231,0.002589171299160086,25.89171299160086,9,150810,LIMA,HUAURA,SANTA MARIA,URBANO,costa,25194.0,2.7833333
CP061252,0.0002746905776399498,2.746905776399498,5,150811,LIMA,HUAURA,SAYAN,URBANO,sierra,4016.0,46.548332
CP061285,0.0,0.0,0,150901,LIMA,OYON,OYON,URBANO,sierra,7706.0,114.433334
CP061353,0.0,0.0,0,150402,LIMA,CANTA,ARAHUAY,URBANO,sierra,356.0,88.04
CP061381,0.0,0.0,0,151012,LIMA,YAUYOS,HONGOS,URBANO,sierra,371.0,156.38167
CP061391,0.0,0.0,0,151013,LIMA,YAUYOS,HUAMPARA,URBANO,sierra,241.0,169.65334
CP061399,0.0,0.0,0,151014,LIMA,YAUYOS,HUANCAYA,URBANO,sierra,629.0,148.88333
CP061406,0.0,0.0,0,151015,LIMA,YAUYOS,HUANGASCAR,URBANO,sierra,309.0,135.46167
CP061409,0.001212714425855391,12.12714425855391,10,150501,LIMA,CANETE,SAN VICENTE DE CANETE,URBANO,costa,2590.0,10.24
CP061444,0.0,0.0,0,151016,LIMA,YAUYOS,HUANTAN,URBANO,sierra,549.0,204.13667
CP061534,0.0,0.0,0,150609,LIMA,HUARAL,SAN MIGUEL DE ACOS,URBANO,sierra,507.0,78.005
CP061542,0.0,0.0,0,150610,LIMA,HUARAL,SANTA CRUZ DE ANDAMARCA,URBANO,sierra,430.0,130.28667
CP061552,0.0,0.0,0,150611,LIMA,HUARAL,SUMBILCA,URBANO,sierra,442.0,118.44
CP061567,0.0,0.0,0,150612,LIMA,HUARAL,VEINTISIETE DE NOVIEMBRE,URBANO,sierra,375.0,104.49167
CP061592,0.0016531733633357998,16.531733633357998,10,150501,LIMA,CANETE,SAN VICENTE DE CANETE,URBANO,costa,2072.0,14.216666
CP061612,0.0016241146876392865,16.241146876392865,10,150501,LIMA,CANETE,SAN VICENTE DE CANETE,URBANO,costa,2558.0,14.286667
CP061641,0.0003514152526952551,3.514152526952551,1,150502,LIMA,CANETE,ASIA,URBANO,costa,890.0,32.268333
CP061644,0.0,0.0,0,150708,LIMA,HUAROCHIRI,HUANZA,URBANO,sierra,1450.0,84.10333
CP061647,0.0009963229191709486,9.963229191709486,8,150507,LIMA,CANETE,IMPERIAL,URBANO,costa,2072.0,14.693334
CP061665,6.41689262275346e-05,0.641689262275346,1,150508,LIMA,CANETE,LUNAHUANA,URBANO,costa,2529.0,55.54
CP061677,0.00012228736492091323,1.2228736492091323,1,150509,LIMA,CANETE,MALA,URBANO,costa,19332.0,48.06
CP061685,0.00011612959152173291,1.161295915217329,1,150509,LIMA,CANETE,MALA,URBANO,costa,3541.0,48.701668
CP061708,0.0008961434475109314,8.961434475109314,4,150510,LIMA,CANETE,NUEVO IMPERIAL,URBANO,costa,4823.0,16.501667
CP061713,0.0,0.0,0,150716,LIMA,HUAROCHIRI,SAN ANTONIO,URBANO,sierra,1323.0,75.29667
CP061726,0.0,0.0,0,150602,LIMA,HUARAL,ATAVILLOS ALTO,URBANO,sierra,489.0,124.56
CP061746,0.0,0.0,0,150603,LIMA,HUARAL,ATAVILLOS BAJO,URBANO,sierra,590.0,87.44833
CP061763,0.0,0.0,0,150729,LIMA,HUAROCHIRI,SANTIAGO DE ANCHUCAYA,URBANO,sierra,538.0,141.37
CP061774,6.3668788562922555e-06,0.06366878856292256,1,150730,LIMA,HUAROCHIRI,SANTIAGO DE TUNA,URBANO,sierra,533.0,59.366665
CP061783,0.0,0.0,0,150731,LIMA,HUAROCHIRI,SANTO DOMINGO DE LOS OLLEROS,URBANO,sierra,91.0,110.41333
CP061818,0.0,0.0,0,150709,LIMA,HUAROCHIRI,HUAROCHIRI,URBANO,sierra,1325.0,154.69
CP061876,0.000680987547324815,6.80987547324815,5,150717,LIMA,HUAROCHIRI,SAN BARTOLOME,URBANO,sierra,896.0,28.066668
CP061915,0.0006735967914576795,6.735967914576795,1,150722,LIMA,HUAROCHIRI,SAN MATEO,URBANO,sierra,4160.0,25.27
CP061954,0.0,0.0,0,151002,LIMA,YAUYOS,ALIS,URBANO,sierra,198.0,166.37833
CP061974,0.0,0.0,0,151003,LIMA,YAUYOS,ALLAUCA,URBANO,sierra,283.0,153.48833
CP062014,0.002433802731379865,24.33802731379865,9,150803,LIMA,HUAURA,CALETA DE CARQUIN,URBANO,costa,5985.0,4.2816668
CP062016,0.0,0.0,0,150804,LIMA,HUAURA,CHECRAS,URBANO,sierra,240.0,121.78333
CP062034,0.00257598125705079,25.7598125705079,9,150805,LIMA,HUAURA,HUALMAY,URBANO,costa,26780.0,2.7066667
CP062038,0.0026459574632299887,26.459574632299887,9,150806,LIMA,HUAURA,HUAURA,URBANO,costa,21685.0,3.335
CP062067,0.0013064267148866539,13.064267148866538,9,150806,LIMA,HUAURA,HUAURA,URBANO,costa,3143.0,21.961666
CP062109,0.00041007273806223913,4.100727380622391,5,150811,LIMA,HUAURA,SAYAN,URBANO,sierra,3520.0,41.79
CP062202,0.0,0.0,0,150403,LIMA,CANTA,HUAMANTANGA,URBANO,sierra,595.0,113.36833
CP062218,0.0,0.0,0,150404,LIMA,CANTA,HUAROS,URBANO,sierra,341.0,123.861664
CP062277,0.0,0.0,0,151023,LIMA,YAUYOS,PUTINZA,URBANO,sierra,403.0,151.15334
CP062289,0.0,0.0,0,151024,LIMA,YAUYOS,QUINCHES,URBANO,sierra,809.0,181.735
CP062316,0.0,0.0,0,151010,LIMA,YAUYOS,COCHAS,URBANO,sierra,262.0,173.11833
CP062328,0.0,0.0,0,151011,LIMA,YAUYOS,COLONIA,URBANO,sierra,190.0,193.17667
CP062372,0.0008892085072150208,8.892085072150207,4,150510,LIMA,CANETE,NUEVO IMPERIAL,URBANO,costa,2720.0,14.431666
CP062408,0.0,0.0,0,150304,LIMA,CAJATAMBO,HUANCAPON,URBANO,sierra,447.0,205.365
CP062432,0.0,0.0,0,170104,MADRE DE DIOS,TAMBOPATA,LABERINTO,URBANO,selva,2946.0,100.055
CP062463,0.0,0.0,0,170201,MADRE DE DIOS,MANU,MANU,URBANO,sierra,851.0,244.40834
CP062499,0.0,0.0,0,180102,MOQUEGUA,MARISCAL NIETO,CARUMAS,URBANO,sierra,923.0,126.816666
CP062542,0.0,0.0,0,180207,MOQUEGUA,GENERAL SANCHEZ CERRO,MATALAQUE,URBANO,sierra,349.0,167.2
CP062578,0.0,0.0,0,180103,MOQUEGUA,MARISCAL NIETO,CUCHUMBAYA,URBANO,sierra,683.0,139.285
CP062586,0.003170473465882695,31.70473465882695,3,180104,MOQUEGUA,MARISCAL NIETO,SAMEGUA,URBANO,sierra,5854.0,6.6516666
CP062651,0.0,0.0,0,160706,LORETO,DATEM DEL MARANON,ANDOAS,URBANO,selva,471.0,
CP062750,0.0,0.0,0,180208,MOQUEGUA,GENERAL SANCHEZ CERRO,PUQUINA,URBANO,sierra,910.0,73.57333
CP062777,0.0,0.0,0,151032,LIMA,YAUYOS,VINAC,URBANO,sierra,266.0,157.76334
CP062882,0.0,0.0,0,180203,MOQUEGUA,GENERAL SANCHEZ CERRO,COALAQUE,URBANO,sierra,365.0,139.23
CP062908,0.0,0.0,0,160801,LORETO,PUTUMAYO,PUTUMAYO,URBANO,selva,2902.0,
CP062909,0.0,0.0,0,160802,LORETO,PUTUMAYO,ROSA PANDURO,RURAL,selva,308.0,
CP062948,0.0,0.0,0,160804,LORETO,PUTUMAYO,YAGUAS,RURAL,selva,199.0,
CP062959,0.0037207713619855,37.207713619855,3,160201,LORETO,ALTO AMAZONAS,YURIMAGUAS,URBANO,selva,45348.0,1.07
CP063016,0.0,0.0,0,160509,LORETO,REQUENA,TAPICHE,URBANO,selva,520.0,
CP063039,0.0,0.0,0,160210,LORETO,ALTO AMAZONAS,SANTA CRUZ,URBANO,selva,787.0,862.695
CP063075,0.0,0.0,0,160211,LORETO,ALTO AMAZONAS,TENIENTE CESAR LOPEZ ROJAS,URBANO,selva,1304.0,136.0
CP063100,0.0,0.0,0,160105,LORETO,MAYNAS,LAS AMAZONAS,URBANO,selva,924.0,
CP063185,0.0,0.0,0,160404,LORETO,MARISCAL RAMON CASTILLA,SAN PABLO,URBANO,selva,2554.0,3853.6667
CP063217,0.0,0.0,0,160510,LORETO,REQUENA,JENARO HERRERA,URBANO,selva,3450.0,
CP063231,0.0,0.0,0,160511,LORETO,REQUENA,YAQUERANA,URBANO,selva,672.0,
CP063249,0.0,0.0,0,160601,LORETO,UCAYALI,CONTAMANA,URBANO,selva,15036.0,
CP063288,0.0,0.0,0,160702,LORETO,DATEM DEL MARANON,CAHUAPANAS,URBANO,selva,824.0,
CP063350,0.0,0.0,0,160305,LORETO,LORETO,URARINAS,URBANO,selva,405.0,
CP063409,0.0,0.0,0,170202,MADRE DE DIOS,MANU,FITZCARRALD,URBANO,selva,361.0,375.40668
CP063420,0.0,0.0,0,170203,MADRE DE DIOS,MANU,MADRE DE DIOS,URBANO,selva,1168.0,
CP063452,0.0,0.0,0,170204,MADRE DE DIOS,MANU,HUEPETUHE,URBANO,selva,4056.0,388.2753
CP063536,0.0,0.0,0,180105,MOQUEGUA,MARISCAL NIETO,SAN CRISTOBAL,URBANO,sierra,1347.0,146.03667
CP063582,0.0024913994396915866,24.913994396915864,3,180106,MOQUEGUA,MARISCAL NIETO,TORATA,URBANO,sierra,1048.0,16.8
CP063589,0.0,0.0,0,151033,LIMA,YAUYOS,VITIS,URBANO,sierra,503.0,153.76
CP063643,0.0009908656408349728,9.908656408349728,2,170101,MADRE DE DIOS,TAMBOPATA,TAMBOPATA,URBANO,selva,56382.0,2.6433334
CP063690,0.0,0.0,0,180206,MOQUEGUA,GENERAL SANCHEZ CERRO,LLOQUE,URBANO,sierra,466.0,210.91
CP063718,0.0,0.0,0,160110,LORETO,MAYNAS,TORRES CAUSANA,URBANO,selva,564.0,
CP063733,0.0,0.0,0,180211,MOQUEGUA,GENERAL SANCHEZ CERRO,YUNGA,URBANO,sierra,1196.0,176.31
CP063747,0.0014080692570525811,14.08069257052581,3,180301,MOQUEGUA,ILO,ILO,URBANO,costa,58649.0,1.505
CP063750,0.0011816064287903261,11.816064287903261,3,180302,MOQUEGUA,ILO,EL ALGARROBAL,URBANO,costa,38.0,13.066667
CP063773,0.002762822365468913,27.628223654689126,10,160101,LORETO,MAYNAS,IQUITOS,URBANO,selva,155029.0,2.55
CP063792,0.0,0.0,0,160102,LORETO,MAYNAS,ALTO NANAY,URBANO,selva,854.0,
CP063812,0.0,0.0,0,160103,LORETO,MAYNAS,FERNANDO LORES,URBANO,selva,4638.0,
CP063861,0.0,0.0,0,180204,MOQUEGUA,GENERAL SANCHEZ CERRO,ICHUNA,URBANO,sierra,1175.0,142.54333
CP063916,0.002706303079415687,27.06303079415687,10,160112,LORETO,MAYNAS,BELEN,URBANO,selva,57824.0,3.8366666
CP063955,0.0,0.0,0,160404,LORETO,MARISCAL RAMON CASTILLA,SAN PABLO,RURAL,selva,2128.0,
CP063999,0.0008634080863048762,8.634080863048762,3,160201,LORETO,ALTO AMAZONAS,YURIMAGUAS,URBANO,selva,2089.0,40.501667
CP064016,0.0,0.0,0,160202,LORETO,ALTO AMAZONAS,BALSAPUERTO,URBANO,selva,649.0,97.17167
CP064046,0.0,0.0,0,160301,LORETO,LORETO,NAUTA,URBANO,selva,14646.0,126.88167
CP064079,0.0,0.0,0,160703,LORETO,DATEM DEL MARANON,MANSERICHE,URBANO,selva,1555.0,62.283333
CP064108,0.0,0.0,0,160106,LORETO,MAYNAS,MAZAN,URBANO,selva,3626.0,
CP064171,0.0,0.0,0,160501,LORETO,REQUENA,REQUENA,URBANO,selva,22055.0,
CP064217,0.0,0.0,0,160502,LORETO,REQUENA,ALTO TAPICHE,URBANO,selva,785.0,
CP064252,0.0,0.0,0,160602,LORETO,UCAYALI,INAHUAYA,URBANO,selva,1190.0,
CP064259,0.0,0.0,0,160603,LORETO,UCAYALI,PADRE MARQUEZ,URBANO,selva,652.0,
CP064282,0.0,0.0,0,160604,LORETO,UCAYALI,PAMPA HERMOSA,URBANO,selva,2689.0,
CP064376,0.0,0.0,0,160401,LORETO,MARISCAL RAMON CASTILLA,RAMON CASTILLA,URBANO,selva,7885.0,4901.655
CP064422,0.0,0.0,0,170301,MADRE DE DIOS,TAHUAMANU,INAPARI,URBANO,selva,959.0,273.67834
CP064429,0.0,0.0,0,170302,MADRE DE DIOS,TAHUAMANU,IBERIA,URBANO,selva,5396.0,203.01167
CP064446,0.0,0.0,0,170303,MADRE DE DIOS,TAHUAMANU,TAHUAMANU,URBANO,selva,263.0,177.46333
CP064459,0.0031295983009514685,31.295983009514686,3,180101,MOQUEGUA,MARISCAL NIETO,MOQUEGUA,URBANO,sierra,29312.0,4.18
CP064538,0.0,0.0,0,151025,LIMA,YAUYOS,QUINOCAY,URBANO,sierra,227.0,145.30333
CP064578,0.0,0.0,0,160704,LORETO,DATEM DEL MARANON,MORONA,URBANO,selva,502.0,
CP064639,0.0,0.0,0,170102,MADRE DE DIOS,TAMBOPATA,INAMBARI,URBANO,selva,3586.0,159.79
CP064732,0.0,0.0,0,151026,LIMA,YAUYOS,SAN JOAQUIN,URBANO,sierra,260.0,175.62
CP064747,0.0,0.0,0,151027,LIMA,YAUYOS,SAN PEDRO DE PILAS,URBANO,sierra,317.0,121.04667
CP064803,0.0,0.0,0,180201,MOQUEGUA,GENERAL SANCHEZ CERRO,OMATE,URBANO,sierra,1323.0,152.715
CP064873,0.002527614469595208,25.276144695952077,10,160113,LORETO,MAYNAS,SAN JUAN BAUTISTA,URBANO,selva,78153.0,5.4
CP064874,0.0019268598345554317,19.268598345554317,10,160113,LORETO,MAYNAS,SAN JUAN BAUTISTA,RURAL,selva,2275.0,14.635
CP064875,0.0017934932276042746,17.934932276042744,10,160113,LORETO,MAYNAS,SAN JUAN BAUTISTA,URBANO,selva,3685.0,16.506666
CP065081,0.0,0.0,0,160107,LORETO,MAYNAS,NAPO,URBANO,selva,2685.0,
CP065132,0.0,0.0,0,160503,LORETO,REQUENA,CAPELO,URBANO,selva,2046.0,
CP065145,0.0,0.0,0,160504,LORETO,REQUENA,EMILIO SAN MARTIN,URBANO,selva,1416.0,
CP065176,0.0,0.0,0,160505,LORETO,REQUENA,MAQUIA,URBANO,selva,128.0,
CP065192,0.0030891655895018107,30.891655895018108,3,180101,MOQUEGUA,MARISCAL NIETO,MOQUEGUA,URBANO,sierra,15633.0,5.6566668
CP065203,0.0,0.0,0,160605,LORETO,UCAYALI,SARAYACU,URBANO,selva,403.0,
CP065206,0.0,0.0,0,160605,LORETO,UCAYALI,SARAYACU,URBANO,selva,2211.0,
CP065304,0.0,0.0,0,160302,LORETO,LORETO,PARINARI,URBANO,selva,237.0,
CP065358,0.0,0.0,0,160402,LORETO,MARISCAL RAMON CASTILLA,PEBAS,URBANO,selva,3825.0,2204.3667
CP065549,0.0,0.0,0,160705,LORETO,DATEM DEL MARANON,PASTAZA,URBANO,selva,1013.0,455.38275
CP065581,0.0001711099097448688,1.7110990974486882,2,170103,MADRE DE DIOS,TAMBOPATA,LAS PIEDRAS,URBANO,selva,844.0,45.998333
CP065660,0.0,0.0,0,180205,MOQUEGUA,GENERAL SANCHEZ CERRO,LA CAPILLA,URBANO,sierra,214.0,106.08833
CP065686,0.0,0.0,0,151028,LIMA,YAUYOS,TANTA,URBANO,sierra,449.0,153.94
CP065693,0.0,0.0,0,151029,LIMA,YAUYOS,TAURIPAMPA,URBANO,sierra,380.0,119.30167
CP065720,0.0,0.0,0,151030,LIMA,YAUYOS,TOMAS,URBANO,sierra,358.0,152.25667
CP065729,0.0,0.0,0,151031,LIMA,YAUYOS,TUPE,URBANO,sierra,300.0,140.62167
CP065761,0.0,0.0,0,180202,MOQUEGUA,GENERAL SANCHEZ CERRO,CHOJATA,URBANO,sierra,727.0,219.31166
CP065807,0.0,0.0,0,180209,MOQUEGUA,GENERAL SANCHEZ CERRO,QUINISTAQUILLAS,URBANO,sierra,524.0,142.87833
CP065834,0.0,0.0,0,180210,MOQUEGUA,GENERAL SANCHEZ CERRO,UBINAS,URBANO,sierra,498.0,146.14166
CP065865,0.0015602679570481896,15.602679570481895,10,160113,LORETO,MAYNAS,SAN JUAN BAUTISTA,URBANO,selva,2361.0,19.786667
CP065884,0.0,0.0,0,160803,LORETO,PUTUMAYO,TENIENTE MANUEL CLAVERO,URBANO,selva,467.0,
CP065925,0.0,0.0,0,160205,LORETO,ALTO AMAZONAS,JEBEROS,URBANO,selva,2009.0,
CP065951,0.0,0.0,0,160206,LORETO,ALTO AMAZONAS,LAGUNAS,URBANO,selva,7396.0,1726.02
CP066012,0.0,0.0,0,160104,LORETO,MAYNAS,INDIANA,URBANO,selva,3421.0,
CP066083,0.0029186388598096418,29.186388598096418,10,160108,LORETO,MAYNAS,PUNCHANA,URBANO,selva,69308.0,2.0683334
CP066144,0.0,0.0,0,160506,LORETO,REQUENA,PUINAHUA,URBANO,selva,1612.0,
CP066162,0.0,0.0,0,160507,LORETO,REQUENA,SAQUENA,URBANO,selva,1152.0,
CP066179,0.0,0.0,0,160508,LORETO,REQUENA,SOPLIN,URBANO,selva,221.0,
CP066195,0.0,0.0,0,160606,LORETO,UCAYALI,VARGAS GUERRA,URBANO,selva,6192.0,
CP066215,0.0,0.0,0,160701,LORETO,DATEM DEL MARANON,BARRANCA,URBANO,selva,6532.0,416.56198
CP066255,0.0,0.0,0,160303,LORETO,LORETO,TIGRE,URBANO,selva,1688.0,
CP066298,0.0,0.0,0,160304,LORETO,LORETO,TROMPETEROS,URBANO,selva,3420.0,
CP066363,0.0,0.0,0,160403,LORETO,MARISCAL RAMON CASTILLA,YAVARI,URBANO,selva,2310.0,
CP066512,0.00020471654819448684,2.0471654819448686,2,190206,PASCO,DANIEL ALCIDES CARRION,SANTA ANA DE TUSI,URBANO,sierra,5202.0,55.363335
CP066517,0.001922287475841897,19.22287475841897,3,190111,PASCO,PASCO,TINYAHUARCO,URBANO,sierra,495.0,20.076666
CP066526,0.0022255683791909723,22.25568379190972,3,190111,PASCO,PASCO,TINYAHUARCO,URBANO,sierra,2906.0,15.621667
CP066540,0.001584974866280685,15.849748662806851,3,190112,PASCO,PASCO,VICCO,URBANO,sierra,1269.0,25.386667
CP066738,0.0005816923123923553,5.816923123923553,23,200110,PIURA,PIURA,LA UNION,URBANO,costa,17226.0,23.328333
CP066742,0.0007438021895058508,7.438021895058508,24,200110,PIURA,PIURA,LA UNION,URBANO,costa,3356.0,20.078333
CP066744,0.0003128194585294642,3.1281945852946422,17,200110,PIURA,PIURA,LA UNION,URBANO,costa,2422.0,31.8
CP066747,0.0035726268630132223,35.726268630132225,2,190301,PASCO,OXAPAMPA,OXAPAMPA,URBANO,sierra,9250.0,1.4216666
CP066869,0.0,0.0,0,190305,PASCO,OXAPAMPA,POZUZO,URBANO,sierra,1038.0,105.596664
CP066920,0.0013521217986031623,13.521217986031623,1,190307,PASCO,OXAPAMPA,VILLA RICA,URBANO,sierra,10761.0,0.8433333
CP066951,0.0003808180735171839,3.8081807351718386,17,200110,PIURA,PIURA,LA UNION,URBANO,costa,4303.0,28.981667
CP066961,5.406143116597197e-05,0.5406143116597196,7,200111,PIURA,PIURA,LAS LOMAS,URBANO,costa,8307.0,56.108334
CP067130,0.0,0.0,0,200203,PIURA,AYABACA,JILILI,URBANO,sierra,351.0,137.005
CP067151,0.0,0.0,0,200204,PIURA,AYABACA,LAGUNAS,URBANO,sierra,246.0,126.53833
CP067177,0.0,0.0,0,200206,PIURA,AYABACA,PACAIPAMPA,URBANO,sierra,1180.0,108.94833
CP067232,0.0,0.0,0,200302,PIURA,HUANCABAMBA,CANCHAQUE,URBANO,sierra,871.0,92.905
CP067310,0.00021168319718562018,2.1168319718562016,2,190104,PASCO,PASCO,HUAYLLAY,URBANO,sierra,6736.0,54.17
CP067363,0.001083804869671568,10.83804869671568,3,190105,PASCO,PASCO,NINACACA,URBANO,sierra,2033.0,36.905
CP067428,0.0020144917867290025,20.144917867290026,3,190108,PASCO,PASCO,SAN FRANCISCO DE ASIS DE YARUSYACAN,URBANO,sierra,917.0,19.381666
CP067495,0.002000791723962481,20.00791723962481,3,190110,PASCO,PASCO,TICLACAYAN,URBANO,sierra,2962.0,20.985
CP067547,0.002884343845802383,28.843438458023833,3,190113,PASCO,PASCO,YANACANCHA,URBANO,sierra,24105.0,2.03
CP067663,0.0,0.0,0,190202,PASCO,DANIEL ALCIDES CARRION,CHACAYAN,URBANO,sierra,1039.0,67.71
CP067672,0.0,0.0,0,190202,PASCO,DANIEL ALCIDES CARRION,CHACAYAN,URBANO,sierra,2055.0,62.735
CP067804,0.0011692840848113516,11.692840848113516,2,190303,PASCO,OXAPAMPA,HUANCABAMBA,URBANO,sierra,680.0,36.59667
CP067996,0.0007948279564159871,7.948279564159871,26,200114,PIURA,PIURA,TAMBO GRANDE,URBANO,costa,20194.0,34.145
CP068029,0.00030059987905487444,3.005998790548744,15,200114,PIURA,PIURA,TAMBO GRANDE,URBANO,costa,3497.0,44.173332
CP068159,0.0,0.0,0,200205,PIURA,AYABACA,MONTERO,URBANO,sierra,1077.0,117.848335
CP068190,0.0,0.0,0,200301,PIURA,HUANCABAMBA,HUANCABAMBA,URBANO,sierra,6852.0,154.87334
CP068323,0.003242424214958661,32.42424214958661,2,190302,PASCO,OXAPAMPA,CHONTABAMBA,URBANO,sierra,226.0,10.826667
CP068333,0.0,0.0,0,190201,PASCO,DANIEL ALCIDES CARRION,YANAHUANCA,URBANO,sierra,5393.0,77.73333
CP068406,0.0017742244066378007,17.742244066378007,3,190106,PASCO,PASCO,PALLANCHACRA,URBANO,sierra,1644.0,20.156666
CP068439,0.0020259338328000704,20.259338328000705,3,190108,PASCO,PASCO,SAN FRANCISCO DE ASIS DE YARUSYACAN,URBANO,sierra,2229.0,23.573334
CP068469,0.002241386066772371,22.41386066772371,2,190109,PASCO,PASCO,SIMON BOLIVAR,URBANO,sierra,913.0,12.185
CP068678,0.0,0.0,0,190306,PASCO,OXAPAMPA,PUERTO BERMUDEZ,URBANO,costa,3243.0,176.62833
CP068682,0.0004683415071351396,4.683415071351396,2,190203,PASCO,DANIEL ALCIDES CARRION,GOYLLARISQUIZGA,URBANO,sierra,2368.0,45.633335
CP068689,0.0,0.0,0,190204,PASCO,DANIEL ALCIDES CARRION,PAUCAR,URBANO,sierra,702.0,101.46333
CP068723,0.0,0.0,0,190205,PASCO,DANIEL ALCIDES CARRION,SAN PEDRO DE PILLAO,URBANO,sierra,1210.0,98.651665
CP068741,0.0,0.0,0,190207,PASCO,DANIEL ALCIDES CARRION,TAPUC,URBANO,sierra,2559.0,67.64833
CP068869,0.0,0.0,0,190308,PASCO,OXAPAMPA,CONSTITUCION,URBANO,costa,2176.0,254.48167
CP068933,0.0020007013227395275,20.007013227395277,27,200101,PIURA,PIURA,PIURA,URBANO,costa,253384.0,1.7283334
CP068966,0.0019497273657474463,19.497273657474462,27,200104,PIURA,PIURA,CASTILLA,URBANO,costa,115060.0,0.34
CP068981,0.001503062601289595,15.03062601289595,27,200105,PIURA,PIURA,CATACAOS,URBANO,costa,44242.0,5.8683333
CP068982,0.001938399856097654,19.38399856097654,27,200105,PIURA,PIURA,CATACAOS,URBANO,costa,7548.0,6.5833335
CP068983,0.0018002620148235005,18.002620148235003,27,200105,PIURA,PIURA,CATACAOS,URBANO,costa,3918.0,0.9166667
CP068989,0.001146042920768892,11.46042920768892,25,200105,PIURA,PIURA,CATACAOS,URBANO,costa,3136.0,11.898334
CP069129,0.0,0.0,0,200207,PIURA,AYABACA,PAIMAS,URBANO,sierra,1797.0,87.87334
CP069168,0.0,0.0,0,200208,PIURA,AYABACA,SAPILLICA,URBANO,sierra,821.0,113.94
CP069234,0.0,0.0,0,200209,PIURA,AYABACA,SICCHEZ,URBANO,sierra,453.0,157.30333
CP069247,0.0,0.0,0,200210,PIURA,AYABACA,SUYO,URBANO,costa,985.0,81.76833
CP069275,0.0013804858348491697,13.804858348491697,3,180303,MOQUEGUA,ILO,PACOCHA,URBANO,costa,4381.0,1.785
CP069279,0.0028412081990052936,28.412081990052936,3,190101,PASCO,PASCO,CHAUPIMARCA,URBANO,sierra,27840.0,3.5
CP069284,0.0,0.0,0,190102,PASCO,PASCO,HUACHON,URBANO,sierra,1309.0,85.71
CP069401,0.0,0.0,0,190107,PASCO,PASCO,PAUCARTAMBO,URBANO,sierra,6934.0,82.541664
CP069468,0.00282431022291941,28.2431022291941,3,190109,PASCO,PASCO,SIMON BOLIVAR,URBANO,sierra,6316.0,4.326667
CP069481,0.002813682072421628,28.136820724216278,3,190109,PASCO,PASCO,SIMON BOLIVAR,URBANO,sierra,2785.0,1.3066666
CP069617,0.0,0.0,0,190304,PASCO,OXAPAMPA,PALCAZU,URBANO,costa,1757.0,156.83
CP069633,0.0,0.0,0,200202,PIURA,AYABACA,FRIAS,URBANO,sierra,1803.0,79.14333
CP069744,0.0,0.0,0,190208,PASCO,DANIEL ALCIDES CARRION,VILCABAMBA,URBANO,sierra,1235.0,61.853333
CP069947,0.0010047060764054095,10.047060764054095,25,200107,PIURA,PIURA,CURA MORI,URBANO,costa,7541.0,14.626667
CP069951,0.0007848155897805815,7.848155897805815,24,200107,PIURA,PIURA,CURA MORI,URBANO,costa,2184.0,19.138334
CP069962,0.0003928453301580338,3.928453301580338,17,200108,PIURA,PIURA,EL TALLAN,URBANO,costa,1789.0,28.518333
CP069972,0.0008929927830336541,8.92992783033654,24,200109,PIURA,PIURA,LA ARENA,URBANO,costa,14184.0,16.776667
CP069977,0.0009271840377546014,9.271840377546013,24,200109,PIURA,PIURA,LA ARENA,URBANO,costa,2146.0,16.06
CP069980,0.0005982250862765324,5.982250862765325,23,200109,PIURA,PIURA,LA ARENA,URBANO,costa,3221.0,22.863333
CP069992,0.0008019587484124855,8.019587484124855,24,200109,PIURA,PIURA,LA ARENA,URBANO,costa,3185.0,18.753334
CP070007,0.00048521169355325653,4.852116935532566,26,200114,PIURA,PIURA,TAMBO GRANDE,RURAL,costa,2868.0,31.145
CP070046,0.0020866849130852017,20.866849130852017,27,200115,PIURA,PIURA,VEINTISEIS DE OCTUBRE,URBANO,costa,130000.0,1.185
CP070047,0.0,0.0,0,200201,PIURA,AYABACA,AYABACA,URBANO,sierra,6047.0,129.66333
CP070131,0.0,0.0,0,200303,PIURA,HUANCABAMBA,EL CARMEN DE LA FRONTERA,URBANO,sierra,487.0,176.40167
CP070176,0.0,0.0,0,200304,PIURA,HUANCABAMBA,HUARMACA,URBANO,sierra,2186.0,134.81667
CP070273,0.00225238010857978,22.523801085797803,2,190103,PASCO,PASCO,HUARIACA,URBANO,sierra,6421.0,3.055
CP070344,0.0006455483027285813,6.455483027285813,2,210204,PUNO,AZANGARO,ASILLO,URBANO,sierra,2463.0,23.238333
CP070423,0.000838731521443828,8.38731521443828,1,210209,PUNO,AZANGARO,POTONI,URBANO,sierra,420.0,53.318333
CP070425,0.0023868878877791057,23.868878877791058,1,210209,PUNO,AZANGARO,POTONI,URBANO,sierra,2119.0,39.825
CP070484,0.00042307140468291816,4.230714046829181,1,210213,PUNO,AZANGARO,SAN JUAN DE SALINAS,URBANO,sierra,181.0,20.195
CP070566,0.0006440924373609363,6.440924373609363,2,210201,PUNO,AZANGARO,AZANGARO,URBANO,sierra,16035.0,1.72
CP070710,0.0016762886148109276,16.762886148109278,25,200601,PIURA,SULLANA,SULLANA,URBANO,costa,5484.0,1.9616667
CP070827,0.0012531375119904647,12.531375119904647,1,210303,PUNO,CARABAYA,AYAPATA,URBANO,sierra,2288.0,48.583332
CP070853,0.0,0.0,0,200407,PIURA,MORROPON,SAN JUAN DE BIGOTE,URBANO,costa,2302.0,69.113335
CP070887,7.34245663211601e-05,0.734245663211601,2,200408,PIURA,MORROPON,SANTA CATALINA DE MOSSA,URBANO,sierra,301.0,47.645
CP070931,0.0016388501460859086,16.388501460859086,25,200602,PIURA,SULLANA,BELLAVISTA,URBANO,costa,36072.0,5.005
CP070932,0.001000504429735075,10.00504429735075,25,200603,PIURA,SULLANA,IGNACIO ESCUDERO,URBANO,costa,7577.0,18.168333
CP070940,0.0011041840286390822,11.041840286390823,25,200603,PIURA,SULLANA,IGNACIO ESCUDERO,URBANO,costa,2325.0,15.715
CP070941,0.0009117996408393506,9.117996408393505,25,200603,PIURA,SULLANA,IGNACIO ESCUDERO,URBANO,costa,2543.0,20.311666
CP070944,0.0007628263777719951,7.628263777719951,24,200603,PIURA,SULLANA,IGNACIO ESCUDERO,URBANO,costa,3136.0,23.463333
CP070948,0.00025854086355997703,2.5854086355997703,7,200604,PIURA,SULLANA,LANCONES,URBANO,costa,346.0,39.303333
CP070975,0.0012207554419897265,12.207554419897265,24,200607,PIURA,SULLANA,QUERECOTILLO,URBANO,costa,2028.0,12.823334
CP070986,0.0015956220178606428,15.956220178606427,24,200608,PIURA,SULLANA,SALITRAL,URBANO,costa,4976.0,4.7066665
CP070994,0.0008889709817152933,8.889709817152932,3,200701,PIURA,TALARA,PARINAS,URBANO,costa,83743.0,1.6133333
CP071000,0.0009260453622338739,9.260453622338739,3,200701,PIURA,TALARA,PARINAS,URBANO,costa,2221.0,15.601666
CP071008,0.00011866121361808876,1.1866121361808877,2,200702,PIURA,TALARA,EL ALTO,URBANO,costa,6866.0,43.523335
CP071010,0.0006681018765738247,6.681018765738248,3,200703,PIURA,TALARA,LA BREA,URBANO,costa,12144.0,11.521667
CP071018,0.000690500691412869,6.90500691412869,3,200704,PIURA,TALARA,LOBITOS,URBANO,costa,1456.0,13.931666
CP071020,5.8088220818193324e-05,0.5808822081819333,2,200705,PIURA,TALARA,LOS ORGANOS,URBANO,costa,8379.0,52.423332
CP071031,0.0018780528262522193,18.780528262522193,8,210112,PUNO,PUNO,PLATERIA,URBANO,sierra,554.0,26.203333
CP071051,0.0,0.0,0,200308,PIURA,HUANCABAMBA,SONDORILLO,URBANO,sierra,311.0,156.98833
CP071085,0.0006925593735929924,6.925593735929924,19,200401,PIURA,MORROPON,CHULUCANAS,URBANO,costa,36613.0,0.7216667
CP071087,0.000485583357156406,4.85583357156406,9,200401,PIURA,MORROPON,CHULUCANAS,URBANO,costa,4001.0,15.211667
CP071137,0.0003951709923592784,3.9517099235927837,6,210105,PUNO,PUNO,CAPACHICA,URBANO,sierra,537.0,40.301666
CP071177,0.000380182004095697,3.80182004095697,7,210109,PUNO,PUNO,MANAZO,URBANO,sierra,2665.0,48.68667
CP071314,0.0,0.0,0,210113,PUNO,PUNO,SAN ANTONIO,URBANO,sierra,427.0,103.615
CP071344,0.0014413752039302426,14.413752039302427,9,210102,PUNO,PUNO,ACORA,URBANO,sierra,2725.0,24.023333
CP071507,0.0012860017929687926,12.860017929687926,9,210210,PUNO,AZANGARO,SAMAN,URBANO,sierra,407.0,19.5
CP071556,0.0006326586718220107,6.326586718220107,2,210214,PUNO,AZANGARO,SANTIAGO DE PUPUJA,URBANO,sierra,210.0,23.646667
CP071850,0.0,0.0,0,200706,PIURA,TALARA,MANCORA,URBANO,costa,10128.0,66.75833
CP071853,7.201829131583773e-05,0.7201829131583773,10,200801,PIURA,SECHURA,SECHURA,URBANO,costa,23250.0,46.356667
CP071897,0.0,0.0,0,210304,PUNO,CARABAYA,COASA,URBANO,sierra,5763.0,73.53
CP071926,0.0005746063558462529,5.746063558462529,18,200401,PIURA,MORROPON,CHULUCANAS,URBANO,costa,2761.0,6.675
CP071929,0.0005249730686241715,5.2497306862417155,15,200401,PIURA,MORROPON,CHULUCANAS,URBANO,costa,2059.0,10.795
CP071941,0.0,0.0,0,200409,PIURA,MORROPON,SANTO DOMINGO,URBANO,sierra,1138.0,73.32
CP072071,0.0,0.0,0,200801,PIURA,SECHURA,SECHURA,URBANO,costa,4515.0,68.81
CP072098,0.00038550538022899555,3.8550538022899556,17,200802,PIURA,SECHURA,BELLAVISTA DE LA UNION,URBANO,costa,1315.0,28.8
CP072104,0.00040519930178686863,4.0519930178686865,17,200802,PIURA,SECHURA,BELLAVISTA DE LA UNION,URBANO,costa,2029.0,28.051666
CP072105,0.00032185300841601987,3.2185300841601987,17,200803,PIURA,SECHURA,BERNAL,URBANO,costa,3425.0,31.403334
CP072119,0.00022974565280634246,2.2974565280634245,17,200804,PIURA,SECHURA,CRISTO NOS VALGA,URBANO,costa,1514.0,35.891666
CP072136,0.0007044766201371919,7.044766201371919,19,200401,PIURA,MORROPON,CHULUCANAS,URBANO,costa,2457.0,8.521667
CP072149,0.0005788612875075875,5.7886128750758745,19,200401,PIURA,MORROPON,CHULUCANAS,URBANO,costa,2340.0,10.156667
CP072154,0.0006406700917615922,6.406700917615923,19,200401,PIURA,MORROPON,CHULUCANAS,URBANO,costa,2269.0,14.523334
CP072241,0.0025894215871022147,25.894215871022148,8,210106,PUNO,PUNO,CHUCUITO,URBANO,sierra,1146.0,16.635
CP072297,0.0030987958148262357,30.987958148262358,14,210110,PUNO,PUNO,PAUCARCOLLA,URBANO,sierra,616.0,19.268333
CP072351,0.0005092118584999437,5.0921185849994375,2,210215,PUNO,AZANGARO,TIRAPATA,URBANO,sierra,691.0,29.465
CP072382,0.008862672937491442,88.62672937491442,1,210301,PUNO,CARABAYA,MACUSANI,URBANO,sierra,8645.0,3.0916667
CP072514,0.0012960314601799434,12.960314601799434,9,210205,PUNO,AZANGARO,CAMINACA,URBANO,sierra,113.0,18.106667
CP072570,0.00022983931127310353,2.2983931127310355,2,210211,PUNO,AZANGARO,SAN ANTON,URBANO,sierra,3379.0,38.64
CP072737,0.0009289794795440767,9.289794795440766,11,210202,PUNO,AZANGARO,ACHAYA,URBANO,sierra,117.0,33.47333
CP072803,0.0016812274334279949,16.812274334279948,1,210307,PUNO,CARABAYA,ITUATA,URBANO,sierra,535.0,44.801666
CP072819,0.0,0.0,0,200410,PIURA,MORROPON,YAMANGO,URBANO,sierra,973.0,75.58
CP073020,0.0,0.0,0,210305,PUNO,CARABAYA,CORANI,URBANO,sierra,340.0,60.946667
CP073030,0.00012575936584774863,1.2575936584774863,2,200402,PIURA,MORROPON,BUENOS AIRES,URBANO,costa,2899.0,40.06
CP073090,0.00047022088780166056,4.702208878016606,23,200501,PIURA,PAITA,PAITA,URBANO,costa,66584.0,3.3766668
CP073094,9.58743637170802e-06,0.09587436371708019,1,200501,PIURA,PAITA,PAITA,URBANO,costa,2911.0,56.966667
CP073164,0.001671186731481665,16.71186731481665,25,200605,PIURA,SULLANA,MARCAVELICA,URBANO,costa,3011.0,3.18
CP073200,0.0,0.0,0,200305,PIURA,HUANCABAMBA,LALAQUIZ,URBANO,sierra,568.0,108.066666
CP073259,0.0,0.0,0,200403,PIURA,MORROPON,CHALACO,URBANO,sierra,1207.0,81.845
CP073329,0.0011692004649795239,11.692004649795239,13,210107,PUNO,PUNO,COATA,URBANO,sierra,460.0,24.13
CP073378,0.0001873915356544781,1.873915356544781,2,210206,PUNO,AZANGARO,CHUPA,URBANO,sierra,1771.0,41.018333
CP073428,0.0003101515577169684,3.101515577169684,7,210111,PUNO,PUNO,PICHACANI,URBANO,sierra,1657.0,50.82
CP073457,0.00036907147979810446,3.6907147979810446,17,200805,PIURA,SECHURA,VICE,URBANO,costa,4849.0,29.443333
CP073459,0.00025556828100436655,2.5556828100436655,17,200805,PIURA,SECHURA,VICE,URBANO,costa,3650.0,34.52
CP073460,0.0002050940096190329,2.0509400961903292,17,200805,PIURA,SECHURA,VICE,URBANO,costa,3266.0,37.31167
CP073466,0.0003291518856465861,3.291518856465861,17,200806,PIURA,SECHURA,RINCONADA LLICUAR,URBANO,costa,2823.0,31.088333
CP073473,0.0035863164802802643,35.86316480280264,14,210101,PUNO,PUNO,PUNO,URBANO,sierra,117277.0,1.5133333
CP073522,0.0013928709246135657,13.928709246135657,11,210114,PUNO,PUNO,TIQUILLACA,URBANO,sierra,261.0,30.611666
CP073641,0.0008199548738383302,8.199548738383301,4,210207,PUNO,AZANGARO,JOSE DOMINGO CHOQUEHUANCA,URBANO,sierra,3332.0,26.548334
CP073659,0.0001326370251875861,1.326370251875861,2,210208,PUNO,AZANGARO,MUNANI,URBANO,sierra,2436.0,45.67
CP073694,0.00020363583969270838,2.0363583969270835,1,210212,PUNO,AZANGARO,SAN JOSE,URBANO,sierra,1142.0,35.868332
CP073831,0.0006371910664962888,6.371910664962888,8,210203,PUNO,AZANGARO,ARAPA,URBANO,sierra,907.0,32.136665
CP073916,0.0008332875086752836,8.332875086752836,1,210306,PUNO,CARABAYA,CRUCERO,URBANO,sierra,4570.0,53.391666
CP073930,0.00038619510445908877,3.861951044590888,10,200502,PIURA,PAITA,AMOTAPE,URBANO,costa,1202.0,27.46
CP074006,0.004308300739383429,43.083007393834286,1,210302,PUNO,CARABAYA,AJOYANI,URBANO,sierra,1130.0,29.603333
CP074135,0.0003698018243650464,3.698018243650464,9,200503,PIURA,PAITA,ARENAL,URBANO,costa,601.0,25.375
CP074139,0.00027550026609268725,2.7550026609268725,8,200504,PIURA,PAITA,COLAN,URBANO,costa,9874.0,27.656666
CP074147,0.0006572496547636918,6.572496547636918,9,200505,PIURA,PAITA,LA HUACA,URBANO,costa,3548.0,26.813334
CP074156,0.0008094002819286003,8.094002819286002,18,200505,PIURA,PAITA,LA HUACA,URBANO,costa,3928.0,23.22
CP074163,0.00047483574249678693,4.748357424967869,8,200506,PIURA,PAITA,TAMARINDO,URBANO,costa,3022.0,31.848333
CP074169,0.00023638722818593313,2.363872281859331,10,200507,PIURA,PAITA,VICHAYAL,URBANO,costa,2088.0,36.966667
CP074178,0.001758077752978389,17.58077752978389,25,200601,PIURA,SULLANA,SULLANA,URBANO,costa,128746.0,2.28
CP074184,0.00045911883829355193,4.59118838293552,8,200601,PIURA,SULLANA,SULLANA,URBANO,costa,2529.0,31.971666
CP074194,0.0009558405926633415,9.558405926633414,24,200601,PIURA,SULLANA,SULLANA,URBANO,costa,2657.0,19.915
CP074195,0.000998163205816813,9.981632058168131,24,200601,PIURA,SULLANA,SULLANA,URBANO,costa,3739.0,18.943333
CP074233,0.001302460573709787,13.02460573709787,25,200605,PIURA,SULLANA,MARCAVELICA,URBANO,costa,2284.0,11.291667
CP074234,0.001303432242000681,13.03432242000681,25,200605,PIURA,SULLANA,MARCAVELICA,URBANO,costa,4615.0,11.211667
CP074237,0.0016466367760443646,16.466367760443646,25,200605,PIURA,SULLANA,MARCAVELICA,URBANO,costa,5470.0,3.7266667
CP074253,0.001289037800832022,12.890378008320221,25,200606,PIURA,SULLANA,MIGUEL CHECA,URBANO,costa,3699.0,11.42
CP074254,0.0016053538186881597,16.053538186881596,25,200606,PIURA,SULLANA,MIGUEL CHECA,URBANO,costa,3537.0,3.2983334
CP074263,0.0014032679504509616,14.032679504509616,24,200607,PIURA,SULLANA,QUERECOTILLO,URBANO,costa,12714.0,8.901667
CP074281,0.0,0.0,0,200306,PIURA,HUANCABAMBA,SAN MIGUEL DE EL FAIQUE,URBANO,sierra,983.0,97.831665
CP074323,0.0,0.0,0,200307,PIURA,HUANCABAMBA,SONDOR,URBANO,sierra,987.0,163.25833
CP074336,0.0004833744884946162,4.833744884946162,19,200404,PIURA,MORROPON,LA MATANZA,URBANO,costa,5828.0,20.466667
CP074337,0.0003613630598527559,3.613630598527559,10,200404,PIURA,MORROPON,LA MATANZA,URBANO,costa,2286.0,24.495
CP074366,0.00022540645294162197,2.25406452941622,2,200405,PIURA,MORROPON,MORROPON,URBANO,costa,8297.0,30.436666
CP074390,0.0,0.0,0,200406,PIURA,MORROPON,SALITRAL,URBANO,costa,889.0,62.421665
CP074412,0.001199741571405347,11.997415714053469,14,210108,PUNO,PUNO,HUATA,URBANO,sierra,823.0,28.266666
CP074617,0.0009624559313205393,9.624559313205394,13,210115,PUNO,PUNO,VILQUE,URBANO,sierra,731.0,38.86
CP074640,9.49322671143909e-05,0.949322671143909,6,210103,PUNO,PUNO,AMANTANI,URBANO,sierra,399.0,57.656666
CP074663,0.0020891591121606234,20.891591121606233,14,210104,PUNO,PUNO,ATUNCOLLA,URBANO,sierra,321.0,24.553333
CP074805,0.000787511123468096,7.8751112346809595,9,210501,PUNO,EL COLLAO,ILAVE,URBANO,sierra,21127.0,2.18
CP074867,0.0005702415424852573,5.702415424852573,2,210503,PUNO,EL COLLAO,PILCUYO,URBANO,sierra,769.0,16.271667
CP074996,0.0008620750484866127,8.620750484866127,8,210605,PUNO,HUANCANE,PUSI,URBANO,sierra,828.0,26.803333
CP075033,0.0004303394917725546,4.303394917725546,7,210608,PUNO,HUANCANE,VILQUE CHICO,URBANO,sierra,511.0,9.113334
CP075144,0.0014218507107590147,14.218507107590147,11,210703,PUNO,LAMPA,CALAPUJA,URBANO,sierra,375.0,34.138332
CP075292,0.0,0.0,0,210709,PUNO,LAMPA,SANTA LUCIA,URBANO,sierra,4609.0,64.496666
CP075419,6.214461332103489e-05,0.6214461332103489,1,210804,PUNO,MELGAR,LLALLI,URBANO,sierra,2006.0,54.161667
CP075570,5.725475059479576e-05,0.5725475059479576,1,210808,PUNO,MELGAR,SANTA ROSA,URBANO,sierra,2856.0,55.06333
CP075618,0.0,0.0,0,210310,PUNO,CARABAYA,USICAYOS,URBANO,sierra,3616.0,77.361664
CP075689,0.0,0.0,0,210403,PUNO,CHUCUITO,HUACULLANI,URBANO,sierra,2879.0,78.11833
CP075798,0.000605392063698501,6.053920636985009,3,210406,PUNO,CHUCUITO,POMATA,URBANO,sierra,1777.0,27.82
CP075922,0.0,0.0,0,210504,PUNO,EL COLLAO,SANTA ROSA,URBANO,sierra,829.0,72.53167
CP075984,4.8090069011207226e-05,0.48090069011207226,1,210602,PUNO,HUANCANE,COJATA,URBANO,sierra,1082.0,47.056667
CP076042,7.761850859578039e-05,0.7761850859578039,1,210606,PUNO,HUANCANE,ROSASPATA,URBANO,sierra,478.0,40.485
CP076168,0.0007130795803555753,7.130795803555753,10,210704,PUNO,LAMPA,NICASIO,URBANO,sierra,433.0,42.43
CP076196,0.0,0.0,0,210705,PUNO,LAMPA,OCUVIRI,URBANO,sierra,823.0,94.11667
CP076478,0.00024967733916427546,2.4967733916427544,1,210805,PUNO,MELGAR,MACARI,URBANO,sierra,1838.0,35.52833
CP076616,0.00010737423529407805,1.0737423529407806,2,210807,PUNO,MELGAR,ORURILLO,URBANO,sierra,1159.0,51.77
CP076705,0.0,0.0,0,210505,PUNO,EL COLLAO,CONDURIRI,URBANO,sierra,480.0,60.306667
CP076742,0.0,0.0,0,210404,PUNO,CHUCUITO,KELLUYO,URBANO,sierra,3181.0,70.94666
CP076832,0.000257802454376475,2.5780245437647498,2,210407,PUNO,CHUCUITO,ZEPITA,URBANO,sierra,1742.0,31.3
CP076980,0.0016053678092495204,16.053678092495204,1,210802,PUNO,MELGAR,ANTAUTA,URBANO,sierra,1607.0,45.416668
CP077034,0.0003621063822676188,3.6210638226761884,7,210603,PUNO,HUANCANE,HUATASANI,URBANO,sierra,1966.0,18.305
CP077164,0.0025879645920467696,25.879645920467695,9,210701,PUNO,LAMPA,LAMPA,URBANO,sierra,4949.0,1.865
CP077275,0.000797995976635843,7.97995976635843,3,210401,PUNO,CHUCUITO,JULI,URBANO,sierra,8157.0,1.6933334
CP077375,0.00023853369096828137,2.3853369096828136,2,210710,PUNO,LAMPA,VILAVILA,URBANO,sierra,990.0,51.53
CP077418,0.0007524230347060361,7.524230347060361,2,210801,PUNO,MELGAR,AYAVIRI,URBANO,sierra,18881.0,1.3316667
CP077680,0.002375566636835761,23.755666368357613,1,210308,PUNO,CARABAYA,OLLACHEA,URBANO,sierra,1620.0,39.896667
CP077728,0.0005906509388186248,5.906509388186248,7,210601,PUNO,HUANCANE,HUANCANE,URBANO,sierra,7332.0,0.88
CP077785,0.0,0.0,0,210405,PUNO,CHUCUITO,PISACOMA,URBANO,sierra,3027.0,110.52167
CP077839,5.0486110733836784e-05,0.5048611073383679,1,210604,PUNO,HUANCANE,INCHUPALLA,URBANO,sierra,267.0,46.431667
CP077905,0.0011602107653061018,11.602107653061017,8,210607,PUNO,HUANCANE,TARACO,URBANO,sierra,1387.0,20.426666
CP077972,0.0,0.0,0,210502,PUNO,EL COLLAO,CAPAZO,URBANO,sierra,146.0,161.125
CP078166,0.0014920146541850476,14.920146541850476,9,210702,PUNO,LAMPA,CABANILLA,URBANO,sierra,895.0,30.491667
CP078223,9.162430871692068e-05,0.9162430871692068,1,210803,PUNO,MELGAR,CUPI,URBANO,sierra,317.0,49.668335
CP078330,0.0004928810526309473,4.928810526309473,2,210706,PUNO,LAMPA,PALCA,URBANO,sierra,969.0,42.251667
CP078362,0.0,0.0,0,210707,PUNO,LAMPA,PARATIA,URBANO,sierra,1050.0,98.45167
CP078377,0.0008384612235419476,8.384612235419477,4,210708,PUNO,LAMPA,PUCARA,URBANO,sierra,1738.0,24.561666
CP078512,0.00011728064006276005,1.1728064006276004,1,210402,PUNO,CHUCUITO,DESAGUADERO,URBANO,sierra,14365.0,41.705
CP078576,0.0005724968299433661,5.7249682994336615,1,210809,PUNO,MELGAR,UMACHIRI,URBANO,sierra,634.0,16.28
CP078642,0.0,0.0,0,210806,PUNO,MELGAR,NUNOA,URBANO,sierra,5075.0,67.14667
CP078690,0.0,0.0,0,210309,PUNO,CARABAYA,SAN GABAN,URBANO,sierra,1288.0,79.12
CP078762,0.0014440671949682653,14.440671949682653,9,220510,SAN MARTIN,LAMAS,TABALOSOS,URBANO,sierra,7282.0,20.283333
CP078814,0.0009104687277359946,9.104687277359947,2,220603,SAN MARTIN,MARISCAL CACERES,HUICUNGO,URBANO,selva,2858.0,20.278334
CP078845,0.0010733058559502726,10.733058559502725,2,220604,SAN MARTIN,MARISCAL CACERES,PACHIZA,URBANO,selva,1016.0,15.735
CP078864,0.0,0.0,0,220704,SAN MARTIN,PICOTA,PILLUANA,URBANO,selva,486.0,64.598335
CP078875,0.0009531148168244723,9.531148168244723,9,220705,SAN MARTIN,PICOTA,PUCACACA,URBANO,selva,1101.0,33.463333
CP078897,0.0009450315410326387,9.450315410326386,2,220706,SAN MARTIN,PICOTA,SAN CRISTOBAL,URBANO,selva,1188.0,17.696667
CP078929,0.0016356020435472126,16.356020435472125,2,220406,SAN MARTIN,HUALLAGA,TINGO DE SAPOSOA,URBANO,selva,675.0,8.58
CP078938,0.0025918460181627166,25.918460181627168,9,220501,SAN MARTIN,LAMAS,LAMAS,URBANO,sierra,8883.0,2.8266666
CP078961,0.00011306687138728055,1.1306687138728055,3,220502,SAN MARTIN,LAMAS,ALONSO DE ALVARADO,URBANO,sierra,2431.0,49.008335
CP078980,0.0,0.0,0,220905,SAN MARTIN,SAN MARTIN,CHIPURANA,URBANO,selva,498.0,144.025
CP078989,0.0,0.0,0,220906,SAN MARTIN,SAN MARTIN,EL PORVENIR,URBANO,selva,1041.0,135.325
CP079002,0.0,0.0,0,220907,SAN MARTIN,SAN MARTIN,HUIMBAYOC,URBANO,selva,1235.0,169.77333
CP079027,0.0024577858090231446,24.577858090231445,9,220914,SAN MARTIN,SAN MARTIN,SHAPAJA,URBANO,selva,1546.0,19.446667
CP079034,0.000690966929008992,6.90966929008992,1,221001,SAN MARTIN,TOCACHE,TOCACHE,URBANO,sierra,15505.0,1.3366667
CP079146,2.3143516916120786e-05,0.23143516916120788,1,210902,PUNO,MOHO,CONIMA,URBANO,sierra,803.0,55.616665
CP079150,0.0,0.0,0,211208,PUNO,SANDIA,YANAHUAYA,URBANO,sierra,1265.0,88.875
CP079172,0.0001975569843777542,1.9755698437775422,3,220805,SAN MARTIN,RIOJA,PARDO MIGUEL,URBANO,sierra,5260.0,48.631668
CP079302,0.0,0.0,0,211203,PUNO,SANDIA,LIMBANI,URBANO,sierra,1705.0,115.246666
CP079369,0.0002237336986328908,2.237336986328908,1,211209,PUNO,SANDIA,ALTO INAMBARI,URBANO,sierra,1108.0,56.251667
CP079509,0.0017041690995109784,17.041690995109786,6,220105,SAN MARTIN,MOYOBAMBA,SORITOR,URBANO,sierra,11974.0,22.118334
CP079594,0.0004915671519327143,4.915671519327143,1,220205,SAN MARTIN,BELLAVISTA,SAN PABLO,URBANO,selva,979.0,29.833334
CP079618,0.0,0.0,0,220305,SAN MARTIN,EL DORADO,SHATOJA,URBANO,selva,1230.0,64.611664
CP079628,0.0005431196399217522,5.431196399217522,2,220401,SAN MARTIN,HUALLAGA,SAPOSOA,URBANO,selva,6620.0,40.165
CP079664,0.0010450601864868685,10.450601864868684,2,220707,SAN MARTIN,PICOTA,SAN HILARION,URBANO,selva,3098.0,14.91
CP079675,0.0003656570869112091,3.656570869112091,1,211303,PUNO,YUNGUYO,COPANI,URBANO,sierra,545.0,19.308332
CP079704,0.0005621969055624559,5.621969055624559,2,211304,PUNO,YUNGUYO,CUTURAPI,URBANO,sierra,648.0,11.335
CP079721,0.0003584877714915571,3.5848777149155713,1,211305,PUNO,YUNGUYO,OLLARAYA,URBANO,sierra,409.0,19.915
CP079754,0.0026519570236982707,26.519570236982705,9,220511,SAN MARTIN,LAMAS,ZAPATERO,URBANO,selva,766.0,17.573334
CP079776,0.0015281866906073813,15.281866906073814,2,220601,SAN MARTIN,MARISCAL CACERES,JUANJUI,URBANO,selva,23441.0,1.04
CP079797,0.0037865838049690025,37.865838049690026,9,220910,SAN MARTIN,SAN MARTIN,MORALES,URBANO,selva,22874.0,0.95166665
CP079840,0.0013414609571589103,13.414609571589104,2,220605,SAN MARTIN,MARISCAL CACERES,PAJARILLO,URBANO,selva,912.0,17.27
CP079863,0.0002104859718366312,2.104859718366312,1,221004,SAN MARTIN,TOCACHE,SHUNTE,URBANO,sierra,282.0,37.818333
CP079884,0.0,0.0,0,220708,SAN MARTIN,PICOTA,SHAMBOYACU,URBANO,selva,1730.0,74.9
CP079972,0.0,0.0,0,220503,SAN MARTIN,LAMAS,BARRANQUITA,URBANO,selva,1087.0,97.278336
CP079986,0.0018900768048280502,18.9007680482805,6,220806,SAN MARTIN,RIOJA,POSIC,URBANO,sierra,1081.0,8.496667
CP080018,0.0,0.0,0,220911,SAN MARTIN,SAN MARTIN,PAPAPLAYA,URBANO,selva,1210.0,152.66
CP080029,0.003002940926055589,30.02940926055589,9,220912,SAN MARTIN,SAN MARTIN,SAN ANTONIO,URBANO,selva,852.0,12.476666
CP080034,0.0003921546890832818,3.921546890832818,8,220913,SAN MARTIN,SAN MARTIN,SAUCE,URBANO,sierra,7971.0,49.128334
CP080048,0.0014234009470173489,14.234009470173488,9,211103,PUNO,SAN ROMAN,CABANILLAS,URBANO,sierra,2288.0,27.226667
CP080067,0.0001473860198212734,1.473860198212734,1,221005,SAN MARTIN,TOCACHE,UCHIZA,URBANO,sierra,6841.0,43.11
CP080081,0.000333698458257947,3.33698458257947,1,221005,SAN MARTIN,TOCACHE,UCHIZA,URBANO,selva,4575.0,29.605
CP080146,0.0,0.0,0,210903,PUNO,MOHO,HUAYRAPATA,URBANO,sierra,1476.0,60.705
CP080193,0.0007359749267121048,7.359749267121048,5,220807,SAN MARTIN,RIOJA,SAN FERNANDO,URBANO,sierra,1965.0,30.141666
CP080203,0.0011689560854196831,11.68956085419683,6,220808,SAN MARTIN,RIOJA,YORONGOS,URBANO,sierra,2208.0,21.533333
CP080211,0.0008501168203343696,8.501168203343695,6,220809,SAN MARTIN,RIOJA,YURACYACU,URBANO,sierra,3473.0,28.671667
CP080220,0.0037518312229087823,37.518312229087826,9,220901,SAN MARTIN,SAN MARTIN,TARAPOTO,URBANO,selva,67362.0,2.61
CP080229,0.0003464926495923425,3.4649264959234247,8,220902,SAN MARTIN,SAN MARTIN,ALBERTO LEVEAU,URBANO,selva,443.0,50.565
CP080232,0.0034967161783970016,34.96716178397001,9,220903,SAN MARTIN,SAN MARTIN,CACATACHI,URBANO,selva,2430.0,8.126667
CP080251,0.0,0.0,0,211002,PUNO,SAN ANTONIO DE PUTINA,ANANEA,RURAL,sierra,2251.0,96.54833
CP080252,0.00015660608743181244,1.5660608743181244,1,211003,PUNO,SAN ANTONIO DE PUTINA,PEDRO VILCA APAZA,URBANO,sierra,338.0,28.205
CP080285,0.002299832735190567,22.998327351905672,17,211104,PUNO,SAN ROMAN,CARACOTO,URBANO,sierra,782.0,8.148334
CP080329,0.0,0.0,0,211204,PUNO,SANDIA,PATAMBUCO,URBANO,sierra,455.0,100.56834
CP080358,0.0,0.0,0,211205,PUNO,SANDIA,PHARA,URBANO,sierra,1247.0,122.775
CP080400,0.0,0.0,0,211210,PUNO,SANDIA,SAN PEDRO DE PUTINA PUNCO,URBANO,sierra,1546.0,132.38667
CP080520,0.0019856053293900063,19.85605329390006,6,220106,SAN MARTIN,MOYOBAMBA,YANTALO,URBANO,sierra,1588.0,1.7883333
CP080527,0.0014823637521270625,14.823637521270625,2,220201,SAN MARTIN,BELLAVISTA,BELLAVISTA,URBANO,selva,8876.0,3.9533334
CP080573,0.000593162570342211,5.93162570342211,2,220205,SAN MARTIN,BELLAVISTA,SAN PABLO,URBANO,selva,2240.0,28.108334
CP080605,0.0012193024669511425,12.193024669511425,2,220206,SAN MARTIN,BELLAVISTA,SAN RAFAEL,URBANO,selva,1116.0,9.986667
CP080701,0.00027534746322361095,2.7534746322361094,1,211306,PUNO,YUNGUYO,TINICACHI,URBANO,sierra,982.0,26.715
CP080704,0.0003327525748794573,3.327525748794573,1,211307,PUNO,YUNGUYO,UNICACHI,URBANO,sierra,1292.0,22.048334
CP080722,0.002160991463704876,21.609914637048757,6,220101,SAN MARTIN,MOYOBAMBA,MOYOBAMBA,URBANO,sierra,39250.0,1.7233334
CP080802,0.00011267376537443276,1.1267376537443277,1,221003,SAN MARTIN,TOCACHE,POLVORA,URBANO,sierra,776.0,46.703335
CP080826,0.0009653180754563613,9.653180754563612,10,220701,SAN MARTIN,PICOTA,PICOTA,URBANO,selva,5860.0,27.313334
CP080862,0.0,0.0,0,220402,SAN MARTIN,HUALLAGA,ALTO SAPOSOA,URBANO,selva,1228.0,67.77
CP080876,0.000776858281074795,7.76858281074795,2,220403,SAN MARTIN,HUALLAGA,EL ESLABON,URBANO,selva,1350.0,34.515
CP080910,0.00018904901465171577,1.8904901465171577,1,220709,SAN MARTIN,PICOTA,TINGO DE PONASA,URBANO,selva,421.0,45.148335
CP080930,0.0,0.0,0,220504,SAN MARTIN,LAMAS,CAYNARACHI,URBANO,selva,1921.0,62.57
CP080961,0.002874690660945727,28.74690660945727,9,220505,SAN MARTIN,LAMAS,CUNUMBUQUI,URBANO,selva,1083.0,15.305
CP081093,0.00010497011241827841,1.049701124182784,1,210901,PUNO,MOHO,MOHO,URBANO,sierra,4262.0,35.725
CP081126,0.0,0.0,0,220710,SAN MARTIN,PICOTA,TRES UNIDOS,URBANO,selva,2008.0,78.253334
CP081159,0.0021873265387146465,21.873265387146464,6,220801,SAN MARTIN,RIOJA,RIOJA,URBANO,sierra,18757.0,0.5316667
CP081179,0.0,0.0,0,210904,PUNO,MOHO,TILALI,URBANO,sierra,657.0,75.1
CP081196,6.761614928460802e-05,0.6761614928460802,2,220904,SAN MARTIN,SAN MARTIN,CHAZUTA,URBANO,selva,4127.0,59.235
CP081229,6.335072077094428e-05,0.6335072077094428,1,211004,PUNO,SAN ANTONIO DE PUTINA,QUILCAPUNCU,URBANO,sierra,1739.0,43.395
CP081278,0.0031137378307942256,31.137378307942257,1,211201,PUNO,SANDIA,SANDIA,URBANO,sierra,3675.0,0.038333334
CP081352,0.0,0.0,0,211206,PUNO,SANDIA,QUIACA,URBANO,sierra,369.0,86.56333
CP081400,0.0001286982467970857,1.286982467970857,1,211001,PUNO,SAN ANTONIO DE PUTINA,PUTINA,URBANO,sierra,14318.0,32.115
CP081460,0.0,0.0,0,211005,PUNO,SAN ANTONIO DE PUTINA,SINA,URBANO,sierra,363.0,122.72
CP081497,0.00019682980645337295,1.9682980645337296,1,220202,SAN MARTIN,BELLAVISTA,ALTO BIAVO,URBANO,selva,795.0,44.608334
CP081562,0.00018223204136512893,1.8223204136512894,6,220301,SAN MARTIN,EL DORADO,SAN JOSE DE SISA,URBANO,selva,6546.0,52.675
CP081588,0.00014598489393352276,1.4598489393352276,1,220302,SAN MARTIN,EL DORADO,AGUA BLANCA,URBANO,selva,1371.0,48.466667
CP081617,0.0005538340412025457,5.538340412025457,2,211301,PUNO,YUNGUYO,YUNGUYO,URBANO,sierra,11934.0,1.9016666
CP081728,0.001231756034057727,12.31756034057727,9,220506,SAN MARTIN,LAMAS,PINTO RECODO,URBANO,selva,977.0,21.615
CP081741,0.0005118667663947994,5.118667663947995,1,220602,SAN MARTIN,MARISCAL CACERES,CAMPANILLA,URBANO,selva,2054.0,31.281666
CP081791,0.0031018851532777798,31.0188515327778,9,220908,SAN MARTIN,SAN MARTIN,JUAN GUERRA,URBANO,selva,3049.0,12.131667
CP081812,0.0011794570802897038,11.794570802897038,9,220702,SAN MARTIN,PICOTA,BUENOS AIRES,URBANO,selva,780.0,38.335
CP081860,0.0007705684521032592,7.705684521032593,2,220404,SAN MARTIN,HUALLAGA,PISCOYACU,URBANO,selva,1785.0,34.65333
CP081876,0.001643837588633657,16.43837588633657,2,220405,SAN MARTIN,HUALLAGA,SACANCHE,URBANO,selva,1280.0,17.111666
CP081896,0.0005367475813720583,5.367475813720583,4,220802,SAN MARTIN,RIOJA,AWAJUN,URBANO,sierra,1131.0,35.073334
CP081934,0.003202765451071052,32.02765451071052,9,220507,SAN MARTIN,LAMAS,RUMISAPA,URBANO,selva,646.0,12.271667
CP081982,0.0037146535891613495,37.146535891613496,9,220909,SAN MARTIN,SAN MARTIN,LA BANDA DE SHILCAYO,URBANO,selva,24932.0,2.9066668
CP082107,0.0015692998233955528,15.692998233955528,6,220803,SAN MARTIN,RIOJA,ELIAS SOPLIN VARGAS,URBANO,sierra,6412.0,14.515
CP082120,0.0012479294830787502,12.479294830787502,6,220804,SAN MARTIN,RIOJA,NUEVA CAJAMARCA,URBANO,sierra,19834.0,20.43
CP082121,0.00045999698189606587,4.599969818960659,4,220804,SAN MARTIN,RIOJA,NUEVA CAJAMARCA,URBANO,sierra,4210.0,37.52667
CP082165,0.00025414032778441173,2.5414032778441173,1,221002,SAN MARTIN,TOCACHE,NUEVO PROGRESO,URBANO,sierra,2972.0,34.695
CP082212,0.0023057026655788552,23.05702665578855,16,211101,PUNO,SAN ROMAN,JULIACA,URBANO,sierra,216716.0,2.71
CP082239,0.0009726459781526961,9.72645978152696,1,211202,PUNO,SANDIA,CUYOCUYO,URBANO,sierra,1065.0,37.393333
CP082271,0.0008614569254829084,8.614569254829084,2,220203,SAN MARTIN,BELLAVISTA,BAJO BIAVO,URBANO,selva,1319.0,20.25
CP082299,0.0,0.0,0,211207,PUNO,SANDIA,SAN JUAN DEL ORO,URBANO,sierra,2484.0,95.738335
CP082353,0.0,0.0,0,211002,PUNO,SAN ANTONIO DE PUTINA,ANANEA,URBANO,sierra,1833.0,73.32333
CP082354,0.0,0.0,0,211002,PUNO,SAN ANTONIO DE PUTINA,ANANEA,URBANO,sierra,2891.0,90.746666
CP082355,0.0,0.0,0,211002,PUNO,SAN ANTONIO DE PUTINA,ANANEA,URBANO,sierra,12183.0,88.35
CP082449,0.0012400962620879123,12.400962620879124,13,211102,PUNO,SAN ROMAN,CABANA,URBANO,sierra,824.0,29.346666
CP082522,0.001289040599944926,12.890405999449259,2,220204,SAN MARTIN,BELLAVISTA,HUALLAGA,URBANO,selva,922.0,20.733334
CP082533,0.0,0.0,0,220303,SAN MARTIN,EL DORADO,SAN MARTIN,URBANO,selva,2138.0,68.9
CP082575,0.0002538581819052004,2.538581819052004,1,220304,SAN MARTIN,EL DORADO,SANTA ROSA,URBANO,selva,260.0,41.038334
CP082590,0.0009620881628983556,9.620881628983556,4,220703,SAN MARTIN,PICOTA,CASPISAPA,URBANO,selva,1507.0,19.105
CP082654,0.00028978154232689224,2.8978154232689226,1,211302,PUNO,YUNGUYO,ANAPIA,URBANO,sierra,1533.0,25.54
CP082685,0.0023526314676065455,23.526314676065454,6,220102,SAN MARTIN,MOYOBAMBA,CALZADA,URBANO,sierra,2698.0,12.851666
CP082691,0.002125208234172854,21.25208234172854,6,220103,SAN MARTIN,MOYOBAMBA,HABANA,URBANO,sierra,1210.0,15.873333
CP082700,0.00034014373059352437,3.401437305935244,5,220104,SAN MARTIN,MOYOBAMBA,JEPELACIO,URBANO,sierra,3032.0,34.261665
CP082724,0.002441276148928359,24.41276148928359,9,220508,SAN MARTIN,LAMAS,SAN ROQUE DE CUMBAZA,URBANO,sierra,647.0,19.81
CP082729,0.0018140698495074173,18.140698495074172,9,220509,SAN MARTIN,LAMAS,SHANAO,URBANO,selva,1013.0,15.845
CP082821,0.0,0.0,0,230302,TACNA,JORGE BASADRE,ILABAYA,URBANO,sierra,425.0,120.06834
CP082823,0.0,0.0,0,230302,TACNA,JORGE BASADRE,ILABAYA,URBANO,sierra,2226.0,100.153336
CP082883,0.0,0.0,0,250103,UCAYALI,CORONEL PORTILLO,IPARIA,URBANO,selva,462.0,
CP082900,0.0013103929616102496,13.103929616102496,4,230102,TACNA,TACNA,ALTO DE LA ALIANZA,URBANO,sierra,34817.0,4.3416667
CP082918,0.00115422530671159,11.5422530671159,4,230103,TACNA,TACNA,CALANA,URBANO,sierra,400.0,7.215
CP082950,0.0,0.0,0,250203,UCAYALI,ATALAYA,TAHUANIA,URBANO,selva,1188.0,
CP082990,6.578200038475234e-05,0.6578200038475235,2,230303,TACNA,JORGE BASADRE,ITE,URBANO,costa,998.0,55.988335
CP083007,0.0012996272886981546,12.996272886981545,4,230104,TACNA,TACNA,CIUDAD NUEVA,URBANO,sierra,34225.0,6.5633335
CP083009,0.00018446476248752563,1.8446476248752564,4,230105,TACNA,TACNA,INCLAN,URBANO,sierra,826.0,45.818333
CP083065,0.0,0.0,0,230401,TACNA,TARATA,TARATA,URBANO,sierra,2882.0,113.64
CP083134,0.0,0.0,0,250104,UCAYALI,CORONEL PORTILLO,MASISEA,URBANO,selva,2227.0,97.21667
CP083160,0.0009475737996345046,9.475737996345046,4,230106,TACNA,TACNA,PACHIA,URBANO,sierra,380.0,13.58
CP083180,6.331668364535802e-05,0.6331668364535802,2,230107,TACNA,TACNA,PALCA,URBANO,sierra,189.0,51.6
CP083205,0.0,0.0,0,250204,UCAYALI,ATALAYA,YURUA,URBANO,selva,238.0,
CP083228,0.0,0.0,0,250301,UCAYALI,PADRE ABAD,PADRE ABAD,URBANO,selva,13363.0,126.45
CP083242,0.0,0.0,0,250301,UCAYALI,PADRE ABAD,PADRE ABAD,URBANO,selva,2334.0,122.83
CP083344,0.0,0.0,0,230402,TACNA,TARATA,HEROES ALBARRACIN,URBANO,sierra,261.0,128.96167
CP083356,0.0,0.0,0,230403,TACNA,TARATA,ESTIQUE,URBANO,sierra,262.0,96.723335
CP083362,0.0,0.0,0,230404,TACNA,TARATA,ESTIQUE-PAMPA,URBANO,sierra,402.0,94.46
CP083494,0.0,0.0,0,230405,TACNA,TARATA,SITAJARA,URBANO,sierra,451.0,155.21834
CP083497,0.0,0.0,0,230406,TACNA,TARATA,SUSAPAYA,URBANO,sierra,420.0,172.74333
CP083501,0.0013149016562896475,13.149016562896474,4,230108,TACNA,TACNA,POCOLLAY,URBANO,sierra,16193.0,3.81
CP083507,0.00019045288631149002,1.9045288631149002,4,230109,TACNA,TACNA,SAMA,URBANO,costa,585.0,45.423332
CP083535,0.0018877590086996173,18.87759008699617,6,250105,UCAYALI,CORONEL PORTILLO,YARINACOCHA,URBANO,selva,75953.0,7.391667
CP083611,0.0,0.0,0,230407,TACNA,TARATA,TARUCACHI,URBANO,sierra,416.0,101.64333
CP083619,0.0,0.0,0,250302,UCAYALI,PADRE ABAD,IRAZOLA,URBANO,selva,3594.0,86.54833
CP083650,0.00013988669785824285,1.3988669785824286,5,250302,UCAYALI,PADRE ABAD,IRAZOLA,URBANO,selva,2959.0,47.218334
CP083661,0.0,0.0,0,250302,UCAYALI,PADRE ABAD,IRAZOLA,URBANO,selva,2554.0,68.066666
CP083711,0.0,0.0,0,230408,TACNA,TARATA,TICACO,URBANO,sierra,741.0,125.831665
CP083731,0.0012549588370354852,12.549588370354853,3,240101,TUMBES,TUMBES,TUMBES,URBANO,costa,91365.0,1.795
CP083733,0.0011423581533175392,11.423581533175392,3,240101,TUMBES,TUMBES,TUMBES,URBANO,costa,3386.0,10.733334
CP083740,0.001164072935200866,11.640729352008659,3,240102,TUMBES,TUMBES,CORRALES,URBANO,costa,16196.0,6.6116667
CP083746,0.0011057710982884776,11.057710982884776,3,240102,TUMBES,TUMBES,CORRALES,URBANO,costa,2685.0,9.006667
CP083751,0.0008399705112420946,8.399705112420946,3,240103,TUMBES,TUMBES,LA CRUZ,URBANO,costa,7737.0,17.973333
CP083757,0.0008615022332553901,8.6150223325539,3,240104,TUMBES,TUMBES,PAMPAS DE HOSPITAL,URBANO,costa,2482.0,20.613333
CP083772,0.0,0.0,0,250303,UCAYALI,PADRE ABAD,CURIMANA,URBANO,selva,1918.0,80.28167
CP083789,0.0,0.0,0,230201,TACNA,CANDARAVE,CANDARAVE,URBANO,sierra,1248.0,171.58833
CP083824,0.00012153897826566363,1.2153897826566362,5,250106,UCAYALI,CORONEL PORTILLO,NUEVA REQUENA,URBANO,selva,1995.0,48.845
CP083859,0.0,0.0,0,250401,UCAYALI,PURUS,PURUS,URBANO,selva,1251.0,
CP083896,0.0009986574477576823,9.986574477576823,3,240105,TUMBES,TUMBES,SAN JACINTO,URBANO,costa,2399.0,12.85
CP083897,0.00021910529283898617,2.191052928389862,8,061204,CAJAMARCA,SAN PABLO,TUMBADEN,URBANO,sierra,134.0,48.663334
CP083925,0.0016107150953354836,16.107150953354836,6,250107,UCAYALI,CORONEL PORTILLO,MANANTAY,URBANO,selva,67844.0,4.0816665
CP083983,0.0011946298970032703,11.946298970032704,3,240106,TUMBES,TUMBES,SAN JUAN DE LA VIRGEN,URBANO,costa,1232.0,9.248333
CP083990,0.0004970745772106075,4.970745772106074,3,240201,TUMBES,CONTRALMIRANTE VILLAR,ZORRITOS,URBANO,costa,6388.0,29.141666
CP084057,0.0,0.0,0,230202,TACNA,CANDARAVE,CAIRANI,URBANO,sierra,604.0,162.53166
CP084059,0.0013873081565138907,13.873081565138907,1,250201,UCAYALI,ATALAYA,RAYMONDI,URBANO,selva,9103.0,3.6
CP084102,0.0,0.0,0,240202,TUMBES,CONTRALMIRANTE VILLAR,CASITAS,URBANO,costa,351.0,75.53833
CP084128,0.0,0.0,0,240203,TUMBES,CONTRALMIRANTE VILLAR,CANOAS DE PUNTA SAL,URBANO,costa,3426.0,66.67834
CP084215,0.0009695703880195848,9.695703880195849,3,240301,TUMBES,ZARUMILLA,ZARUMILLA,URBANO,costa,18338.0,16.778334
CP084218,0.0008582891157950383,8.582891157950383,3,240302,TUMBES,ZARUMILLA,AGUAS VERDES,URBANO,costa,2683.0,20.258333
CP084219,0.0008998051762769682,8.998051762769682,3,240302,TUMBES,ZARUMILLA,AGUAS VERDES,URBANO,costa,11953.0,18.976667
CP084228,0.00023561765578370222,2.3561765578370224,3,240303,TUMBES,ZARUMILLA,MATAPALO,URBANO,costa,343.0,43.601665
CP084238,0.0006414935519802932,6.414935519802932,3,240304,TUMBES,ZARUMILLA,PAPAYAL,URBANO,costa,736.0,26.955
CP084251,0.0016011217976169803,16.011217976169803,6,250101,UCAYALI,CORONEL PORTILLO,CALLERIA,URBANO,selva,126983.0,2.0733333
CP084264,0.0,0.0,0,230203,TACNA,CANDARAVE,CAMILACA,URBANO,sierra,274.0,142.06833
CP084290,0.0,0.0,0,230204,TACNA,CANDARAVE,CURIBAYA,URBANO,sierra,135.0,147.03667
CP084296,0.0,0.0,0,230205,TACNA,CANDARAVE,HUANUARA,URBANO,sierra,750.0,162.25166
CP084306,0.0,0.0,0,230206,TACNA,CANDARAVE,QUILAHUANI,URBANO,sierra,655.0,179.20833
CP084436,0.0,0.0,0,250202,UCAYALI,ATALAYA,SEPAHUA,URBANO,selva,3075.0,
CP084446,0.0,0.0,0,230301,TACNA,JORGE BASADRE,LOCUMBA,URBANO,sierra,993.0,75.886665
CP084468,0.0006059044402730499,6.059044402730499,5,250102,UCAYALI,CORONEL PORTILLO,CAMPOVERDE,URBANO,selva,4256.0,25.515
CP084505,0.0013327521739099517,13.327521739099517,4,230101,TACNA,TACNA,TACNA,URBANO,sierra,86095.0,2.41
CP084508,0.0011356033596901162,11.356033596901163,4,230101,TACNA,TACNA,TACNA,URBANO,costa,2263.0,9.758333
CP084514,0.0012622061887554731,12.622061887554732,4,230110,TACNA,TACNA,CORONEL GREGORIO ALBARRACIN LANCHIPA,URBANO,sierra,68858.0,6.318333
CP084589,0.002977986756283163,29.77986756283163,19,120101,JUNIN,HUANCAYO,HUANCAYO,URBANO,sierra,4049.0,2.7783334
CP084590,0.0,0.0,0,160203,LORETO,ALTO AMAZONAS,BARRANCA,URBANO,selva,3793.0,415.3415
CP084591,0.0019248193776298655,19.248193776298656,22,140112,LAMBAYEQUE,CHICLAYO,PIMENTEL,URBANO,costa,2536.0,10.43
CP084592,0.0012711474087148248,12.711474087148249,25,200105,PIURA,PIURA,CATACAOS,URBANO,costa,2371.0,17.858334
CP084593,0.000494430383130397,4.94430383130397,3,050507,AYACUCHO,LA MAR,SANTA ROSA,URBANO,sierra,2252.0,37.51
CP087246,0.0034100884782179183,34.100884782179186,2,010101,AMAZONAS,CHACHAPOYAS,CHACHAPOYAS,RURAL,sierra,1015.0,21.273333
CP000043,0.0,0.0,0,010102,AMAZONAS,CHACHAPOYAS,ASUNCION,RURAL,sierra,139.0,86.14167
CP000050,0.0,0.0,0,010103,AMAZONAS,CHACHAPOYAS,BALSAS,RURAL,sierra,1145.0,160.98666
CP000074,0.002523963994798481,25.239639947984813,3,010104,AMAZONAS,CHACHAPOYAS,CHETO,RURAL,sierra,204.0,30.111666
CP000108,0.0,0.0,0,010105,AMAZONAS,CHACHAPOYAS,CHILIQUIN,RURAL,sierra,623.0,95.63167
CP000086,0.0,0.0,0,010105,AMAZONAS,CHACHAPOYAS,CHILIQUIN,URBANO,sierra,146.0,65.54
CP000125,0.0,0.0,0,010106,AMAZONAS,CHACHAPOYAS,CHUQUIBAMBA,RURAL,sierra,1451.0,143.485
CP000146,0.0,0.0,0,010107,AMAZONAS,CHACHAPOYAS,GRANADA,RURAL,sierra,283.0,67.848335
CP085130,0.004549307126939526,45.493071269395266,2,010108,AMAZONAS,CHACHAPOYAS,HUANCAS,RURAL,sierra,335.0,9.151667
CP000162,0.0,0.0,0,010109,AMAZONAS,CHACHAPOYAS,LA JALCA,RURAL,sierra,3155.0,82.776665
CP000487,0.0,0.0,0,010110,AMAZONAS,CHACHAPOYAS,LEIMEBAMBA,RURAL,sierra,2061.0,93.77167
CP000478,0.0,0.0,0,010110,AMAZONAS,CHACHAPOYAS,LEIMEBAMBA,URBANO,sierra,628.0,90.265
CP000524,0.002979014610420367,29.790146104203668,2,010111,AMAZONAS,CHACHAPOYAS,LEVANTO,RURAL,sierra,537.0,24.768333
CP000386,0.0,0.0,0,010112,AMAZONAS,CHACHAPOYAS,MAGDALENA,RURAL,sierra,206.0,74.06333
CP000410,0.0,0.0,0,010113,AMAZONAS,CHACHAPOYAS,MARISCAL CASTILLA,RURAL,sierra,587.0,77.918335
CP000399,0.0,0.0,0,010113,AMAZONAS,CHACHAPOYAS,MARISCAL CASTILLA,URBANO,sierra,296.0,72.60667
CP000218,0.0019191903010035447,19.191903010035446,3,010114,AMAZONAS,CHACHAPOYAS,MOLINOPAMPA,RURAL,sierra,2073.0,31.268333
CP000236,0.0,0.0,0,010115,AMAZONAS,CHACHAPOYAS,MONTEVIDEO,RURAL,sierra,72.0,79.208336
CP000243,0.0,0.0,0,010116,AMAZONAS,CHACHAPOYAS,OLLEROS,RURAL,sierra,251.0,110.23
CP000343,0.001262833020950093,12.62833020950093,3,010117,AMAZONAS,CHACHAPOYAS,QUINJALCA,RURAL,sierra,791.0,41.54
CP000355,0.003962875382260133,39.628753822601325,3,010118,AMAZONAS,CHACHAPOYAS,SAN FRANCISCO DE DAGUAS,RURAL,sierra,71.0,19.643333
CP000352,0.003837208194230802,38.37208194230802,3,010118,AMAZONAS,CHACHAPOYAS,SAN FRANCISCO DE DAGUAS,URBANO,sierra,178.0,20.965
CP000363,0.0004739420627935348,4.739420627935348,2,010119,AMAZONAS,CHACHAPOYAS,SAN ISIDRO DE MAINO,RURAL,sierra,213.0,53.016666
CP000429,0.002190926936484664,21.90926936484664,2,010120,AMAZONAS,CHACHAPOYAS,SOLOCO,RURAL,sierra,1115.0,31.413334
CP000436,0.0007930692478926283,7.930692478926283,2,010121,AMAZONAS,CHACHAPOYAS,SONCHE,RURAL,sierra,132.0,46.953335
CP000443,0.0006410273061898555,6.410273061898556,6,010201,AMAZONAS,BAGUA,BAGUA,RURAL,sierra,3319.0,29.666666
CP000267,0.0033051882740461297,33.051882740461295,13,010201,AMAZONAS,BAGUA,BAGUA,URBANO,selva,406.0,3.7416666
CP087437,0.0004975724347430222,4.975724347430222,6,010202,AMAZONAS,BAGUA,ARAMANGO,RURAL,sierra,4614.5,33.41
CP000302,4.8810892520349404e-05,0.488108925203494,2,010202,AMAZONAS,BAGUA,ARAMANGO,RURAL,sierra,4614.5,57.696667
CP000304,0.0007837621532921536,7.837621532921537,6,010202,AMAZONAS,BAGUA,ARAMANGO,URBANO,selva,1526.0,26.48
CP000689,0.0023167941399157774,23.167941399157773,6,010203,AMAZONAS,BAGUA,COPALLIN,RURAL,sierra,4489.0,19.303333
CP000711,0.0025872718580265686,25.872718580265687,13,010204,AMAZONAS,BAGUA,EL PARCO,RURAL,sierra,641.0,7.1383333
CP000765,0.0,0.0,0,010205,AMAZONAS,BAGUA,IMAZA,RURAL,selva,4012.0,76.98333
CP000797,0.0,0.0,0,010205,AMAZONAS,BAGUA,IMAZA,RURAL,selva,4012.0,84.583336
CP000752,0.0,0.0,0,010205,AMAZONAS,BAGUA,IMAZA,RURAL,selva,4012.0,84.583336
CP000779,0.0,0.0,0,010205,AMAZONAS,BAGUA,IMAZA,RURAL,selva,4012.0,74.613335
CP000717,0.0004491115651352799,4.491115651352799,1,010205,AMAZONAS,BAGUA,IMAZA,RURAL,selva,4012.0,38.58
CP000726,0.0,0.0,0,010205,AMAZONAS,BAGUA,IMAZA,URBANO,selva,1566.0,67.715
CP000451,0.000770452918736725,7.70452918736725,6,010206,AMAZONAS,BAGUA,LA PECA,RURAL,sierra,3190.0,26.76
CP000265,0.0018971837760586466,18.971837760586467,13,010206,AMAZONAS,BAGUA,LA PECA,URBANO,sierra,926.0,13.755
CP086868,0.0,0.0,0,010301,AMAZONAS,BONGARA,JUMBILLA,RURAL,sierra,188.0,115.246666
CP000839,0.0,0.0,0,010302,AMAZONAS,BONGARA,CHISQUILLA,RURAL,sierra,206.0,112.223335
CP000616,0.0003686652446868061,3.686652446868061,2,010303,AMAZONAS,BONGARA,CHURUJA,RURAL,sierra,24.0,54.831665
CP000631,0.0,0.0,0,010304,AMAZONAS,BONGARA,COROSHA,RURAL,sierra,621.0,108.513336
CP000640,0.0,0.0,0,010305,AMAZONAS,BONGARA,CUISPES,RURAL,sierra,418.0,76.345
CP000867,0.0,0.0,0,010306,AMAZONAS,BONGARA,FLORIDA,RURAL,sierra,2723.0,84.40833
CP000892,0.0,0.0,0,010307,AMAZONAS,BONGARA,JAZAN,RURAL,sierra,1829.0,64.255
CP000893,0.0,0.0,0,010307,AMAZONAS,BONGARA,JAZAN,URBANO,sierra,1228.0,80.62666
CP000913,0.0,0.0,0,010308,AMAZONAS,BONGARA,RECTA,RURAL,sierra,165.0,90.79
CP000922,0.0,0.0,0,010309,AMAZONAS,BONGARA,SAN CARLOS,RURAL,sierra,72.0,61.581665
CP000932,0.0006404210598586976,6.404210598586976,5,010310,AMAZONAS,BONGARA,SHIPASBAMBA,RURAL,sierra,562.0,41.216667
CP000943,5.576642702685017e-05,0.5576642702685016,1,010311,AMAZONAS,BONGARA,VALERA,RURAL,sierra,836.0,58.83
CP000544,0.0,0.0,0,010312,AMAZONAS,BONGARA,YAMBRASBAMBA,RURAL,sierra,3849.0,152.51833
CP000957,0.0,0.0,0,010312,AMAZONAS,BONGARA,YAMBRASBAMBA,URBANO,sierra,1573.0,100.18
CP001142,0.0015412633385776687,15.412633385776687,1,010401,AMAZONAS,CONDORCANQUI,NIEVA,RURAL,selva,4710.5,2.57
CP001316,0.0009866819101768628,9.866819101768629,1,010401,AMAZONAS,CONDORCANQUI,NIEVA,RURAL,selva,4710.5,23.293333
CP000578,0.0006403551714071366,6.403551714071367,1,010401,AMAZONAS,CONDORCANQUI,NIEVA,RURAL,selva,4710.5,32.59
CP001328,0.0010226119422116846,10.226119422116847,1,010401,AMAZONAS,CONDORCANQUI,NIEVA,RURAL,selva,4710.5,22.351667
CP001311,0.001548058174699561,15.48058174699561,1,010401,AMAZONAS,CONDORCANQUI,NIEVA,URBANO,selva,1214.0,1.1483333
CP001377,0.0,0.0,0,010402,AMAZONAS,CONDORCANQUI,EL CENEPA,RURAL,sierra,3817.5,
CP001381,0.0004201380981549265,4.201380981549264,1,010402,AMAZONAS,CONDORCANQUI,EL CENEPA,RURAL,selva,3817.5,39.605
CP000968,0.0,0.0,0,010403,AMAZONAS,CONDORCANQUI,RIO SANTIAGO,RURAL,selva,5299.5,
CP000974,0.0,0.0,0,010403,AMAZONAS,CONDORCANQUI,RIO SANTIAGO,RURAL,selva,5299.5,
CP000961,0.0,0.0,0,010403,AMAZONAS,CONDORCANQUI,RIO SANTIAGO,URBANO,selva,1398.0,
CP000992,0.0,0.0,0,010501,AMAZONAS,LUYA,LAMUD,RURAL,sierra,309.0,65.22833
CP001009,0.0,0.0,0,010502,AMAZONAS,LUYA,CAMPORREDONDO,RURAL,sierra,2233.0,149.50667
CP001080,0.0,0.0,0,010503,AMAZONAS,LUYA,COCABAMBA,RURAL,sierra,1919.0,137.995
CP084669,0.0009205806895735386,9.205806895735385,2,010504,AMAZONAS,LUYA,COLCAMAR,RURAL,sierra,1459.0,43.951668
CP001224,0.0,0.0,0,010505,AMAZONAS,LUYA,CONILA,RURAL,sierra,840.0,91.46
CP001246,0.001429221745804968,14.292217458049679,2,010506,AMAZONAS,LUYA,INGUILPATA,RURAL,sierra,284.0,37.65167
CP001267,0.0,0.0,0,010507,AMAZONAS,LUYA,LONGUITA,RURAL,sierra,748.0,61.47167
CP001279,0.0,0.0,0,010508,AMAZONAS,LUYA,LONYA CHICO,RURAL,sierra,709.0,68.74167
CP001295,0.00040685779889693726,4.0685779889693725,2,010509,AMAZONAS,LUYA,LUYA,RURAL,sierra,1975.0,53.763332
CP086318,0.0,0.0,0,010510,AMAZONAS,LUYA,LUYA VIEJO,RURAL,sierra,69.0,72.24333
CP001024,0.0,0.0,0,010511,AMAZONAS,LUYA,MARIA,RURAL,sierra,399.0,83.75833
CP001032,0.0,0.0,0,010512,AMAZONAS,LUYA,OCALLI,RURAL,sierra,2245.0,158.17166
CP001557,0.0,0.0,0,010513,AMAZONAS,LUYA,OCUMAL,RURAL,sierra,3153.0,126.058334
CP001588,0.0,0.0,0,010514,AMAZONAS,LUYA,PISUQUIA,RURAL,sierra,5187.0,173.25833
CP001640,0.0,0.0,0,010515,AMAZONAS,LUYA,PROVIDENCIA,RURAL,sierra,1183.0,183.81166
CP001654,0.0,0.0,0,010516,AMAZONAS,LUYA,SAN CRISTOBAL,RURAL,sierra,209.0,62.84
CP001666,0.0,0.0,0,010517,AMAZONAS,LUYA,SAN FRANCISCO DEL YESO,RURAL,sierra,422.0,91.93833
CP001694,0.0,0.0,0,010518,AMAZONAS,LUYA,SAN JERONIMO,RURAL,sierra,606.0,79.065
CP001703,0.0,0.0,0,010519,AMAZONAS,LUYA,SAN JUAN DE LOPECANCHA,RURAL,sierra,471.0,76.61
CP001495,0.0,0.0,0,010520,AMAZONAS,LUYA,SANTA CATALINA,RURAL,sierra,1282.0,71.7
CP001519,0.0,0.0,0,010521,AMAZONAS,LUYA,SANTO TOMAS,RURAL,sierra,2619.0,79.60667
CP001746,0.0,0.0,0,010522,AMAZONAS,LUYA,TINGO,RURAL,sierra,630.0,61.636665
CP001744,0.0012095468568256388,12.095468568256388,2,010522,AMAZONAS,LUYA,TINGO,URBANO,sierra,468.0,40.155
CP001767,0.0,0.0,0,010523,AMAZONAS,LUYA,TRITA,RURAL,sierra,528.0,60.496666
CP001790,0.0015476248851177697,15.476248851177697,1,010601,AMAZONAS,RODRIGUEZ DE MENDOZA,SAN NICOLAS,RURAL,sierra,1558.0,3.2783334
CP001803,0.000607690952872518,6.07690952872518,1,010602,AMAZONAS,RODRIGUEZ DE MENDOZA,CHIRIMOTO,RURAL,sierra,1737.0,33.676666
CP001471,0.0011263588069264359,11.263588069264358,1,010603,AMAZONAS,RODRIGUEZ DE MENDOZA,COCHAMAL,RURAL,sierra,112.0,19.813334
CP001470,0.001215926641666997,12.15926641666997,1,010603,AMAZONAS,RODRIGUEZ DE MENDOZA,COCHAMAL,URBANO,sierra,329.0,17.338333
CP001474,0.0015376856978286779,15.37685697828678,1,010604,AMAZONAS,RODRIGUEZ DE MENDOZA,HUAMBO,RURAL,sierra,2611.0,4.3
CP002213,9.71009919844121e-05,0.971009919844121,1,010605,AMAZONAS,RODRIGUEZ DE MENDOZA,LIMABAMBA,RURAL,sierra,2061.0,57.775
CP002007,0.0007705102416925072,7.705102416925072,1,010606,AMAZONAS,RODRIGUEZ DE MENDOZA,LONGAR,RURAL,sierra,810.0,29.135
CP002019,0.0019334634501177075,19.334634501177074,3,010607,AMAZONAS,RODRIGUEZ DE MENDOZA,MARISCAL BENAVIDES,RURAL,sierra,785.0,9.428333
CP002027,0.0008975994834877235,8.975994834877236,1,010608,AMAZONAS,RODRIGUEZ DE MENDOZA,MILPUC,RURAL,sierra,646.0,25.795
CP002242,0.0008252526811628491,8.25252681162849,1,010609,AMAZONAS,RODRIGUEZ DE MENDOZA,OMIA,RURAL,sierra,3328.5,27.683332
CP002268,0.0008252526811628491,8.25252681162849,1,010609,AMAZONAS,RODRIGUEZ DE MENDOZA,OMIA,RURAL,sierra,3328.5,27.683332
CP002286,0.0013040553511026918,13.040553511026918,1,010610,AMAZONAS,RODRIGUEZ DE MENDOZA,SANTA ROSA,RURAL,sierra,388.0,14.715
CP001805,0.0008715674973316626,8.715674973316625,1,010611,AMAZONAS,RODRIGUEZ DE MENDOZA,TOTORA,RURAL,sierra,357.0,26.471666
CP001813,0.00036558916569352285,3.6558916569352284,6,010612,AMAZONAS,RODRIGUEZ DE MENDOZA,VISTA ALEGRE,RURAL,sierra,1080.0,46.698334
CP001941,0.0005038516892208155,5.038516892208156,4,010701,AMAZONAS,UTCUBAMBA,BAGUA GRANDE,RURAL,sierra,4447.0,43.45
CP001833,0.0025531496375188973,25.531496375188972,13,010701,AMAZONAS,UTCUBAMBA,BAGUA GRANDE,RURAL,sierra,4447.0,17.986666
CP001828,0.003620280536312549,36.20280536312549,13,010701,AMAZONAS,UTCUBAMBA,BAGUA GRANDE,RURAL,selva,4447.0,8.79
CP001958,0.0008674393798752901,8.6743937987529,6,010701,AMAZONAS,UTCUBAMBA,BAGUA GRANDE,RURAL,sierra,4447.0,36.56167
CP001970,0.0006441650661818766,6.441650661818766,5,010701,AMAZONAS,UTCUBAMBA,BAGUA GRANDE,URBANO,sierra,3577.0,41.133335
CP002138,0.0,0.0,0,010702,AMAZONAS,UTCUBAMBA,CAJARURO,RURAL,sierra,4552.5,62.105
CP002052,0.0009021636500390291,9.021636500390292,6,010702,AMAZONAS,UTCUBAMBA,CAJARURO,RURAL,sierra,4552.5,36.976665
CP002136,0.0,0.0,0,010702,AMAZONAS,UTCUBAMBA,CAJARURO,RURAL,sierra,4552.5,62.105
CP002086,0.0011357274523516655,11.357274523516654,6,010702,AMAZONAS,UTCUBAMBA,CAJARURO,RURAL,sierra,4552.5,33.218334
CP002055,0.00045816848675716437,4.581684867571644,4,010702,AMAZONAS,UTCUBAMBA,CAJARURO,URBANO,sierra,3331.0,45.388332
CP002139,0.00019880765615131477,1.9880765615131477,4,010702,AMAZONAS,UTCUBAMBA,CAJARURO,URBANO,sierra,3331.0,55.3
CP001896,0.0,0.0,0,010703,AMAZONAS,UTCUBAMBA,CUMBA,RURAL,sierra,6258.0,69.645
CP001892,0.00041154764274090754,4.115476427409075,9,010703,AMAZONAS,UTCUBAMBA,CUMBA,URBANO,selva,1381.0,53.31
CP001909,0.0030439550649444644,30.439550649444644,13,010704,AMAZONAS,UTCUBAMBA,EL MILAGRO,RURAL,selva,4096.0,7.5833335
CP002442,0.00016223029603644535,1.6223029603644537,4,010705,AMAZONAS,UTCUBAMBA,JAMALCA,RURAL,sierra,6169.0,57.456665
CP001931,0.0,0.0,0,010705,AMAZONAS,UTCUBAMBA,JAMALCA,URBANO,sierra,507.0,61.703335
CP002486,0.0,0.0,0,010706,AMAZONAS,UTCUBAMBA,LONYA GRANDE,RURAL,sierra,6357.0,100.42834
CP002469,0.0,0.0,0,010706,AMAZONAS,UTCUBAMBA,LONYA GRANDE,URBANO,sierra,519.0,76.475
CP002551,0.0,0.0,0,010707,AMAZONAS,UTCUBAMBA,YAMON,RURAL,selva,2436.0,63.373333
CP002540,0.0,0.0,0,010707,AMAZONAS,UTCUBAMBA,YAMON,URBANO,sierra,436.0,112.55666
CP002364,0.0013869367533099583,13.869367533099583,6,020101,ANCASH,HUARAZ,HUARAZ,RURAL,sierra,5884.0,19.88
CP002590,0.0019885276829101975,19.885276829101976,7,020101,ANCASH,HUARAZ,HUARAZ,URBANO,sierra,1907.0,5.9133334
CP002686,0.0,0.0,0,020102,ANCASH,HUARAZ,COCHABAMBA,RURAL,sierra,1590.0,83.388336
CP002709,6.793120874809862e-05,0.6793120874809863,1,020103,ANCASH,HUARAZ,COLCABAMBA,RURAL,sierra,294.0,46.795
CP002321,0.0,0.0,0,020104,ANCASH,HUARAZ,HUANCHAY,RURAL,sierra,2119.0,83.138336
CP002939,0.001440499009431666,14.404990094316659,6,020105,ANCASH,HUARAZ,INDEPENDENCIA,RURAL,sierra,4127.666666666667,16.158333
CP002950,0.0016524659461619345,16.524659461619343,6,020105,ANCASH,HUARAZ,INDEPENDENCIA,RURAL,sierra,4127.666666666667,12.69
CP002960,0.001293680900549603,12.936809005496029,6,020105,ANCASH,HUARAZ,INDEPENDENCIA,RURAL,sierra,4127.666666666667,20.276667
CP003158,0.0017417759250989164,17.417759250989164,7,020105,ANCASH,HUARAZ,INDEPENDENCIA,URBANO,sierra,2973.0,10.181666
CP003188,0.0011697492673540496,11.697492673540495,7,020106,ANCASH,HUARAZ,JANGAS,RURAL,sierra,2639.0,24.481667
CP003204,0.0013877182134322443,13.877182134322444,7,020106,ANCASH,HUARAZ,JANGAS,URBANO,sierra,300.0,20.705
CP002755,0.0,0.0,0,020107,ANCASH,HUARAZ,LA LIBERTAD,RURAL,sierra,954.0,85.70167
CP002775,0.0017911861901268359,17.91186190126836,6,020108,ANCASH,HUARAZ,OLLEROS,RURAL,sierra,1189.0,11.586667
CP002784,0.0011984155415189152,11.984155415189152,5,020108,ANCASH,HUARAZ,OLLEROS,URBANO,sierra,1120.0,16.913334
CP002990,0.0,0.0,0,020109,ANCASH,HUARAZ,PAMPAS,RURAL,sierra,908.0,116.67667
CP003057,0.0001099034768814702,1.099034768814702,1,020110,ANCASH,HUARAZ,PARIACOTO,RURAL,sierra,3181.0,40.145
CP003064,0.0001913422106488949,1.913422106488949,4,020111,ANCASH,HUARAZ,PIRA,RURAL,sierra,3343.0,50.795
CP002829,0.0016744746355051537,16.744746355051536,7,020112,ANCASH,HUARAZ,TARICA,RURAL,sierra,3824.0,15.885
CP002817,0.0017570505226255405,17.570505226255406,8,020112,ANCASH,HUARAZ,TARICA,URBANO,sierra,426.0,16.82
CP002850,0.0,0.0,0,020201,ANCASH,AIJA,AIJA,RURAL,sierra,1000.0,63.246666
CP003335,0.0,0.0,0,020201,ANCASH,AIJA,AIJA,URBANO,sierra,221.0,70.473335
CP003403,0.0,0.0,0,020202,ANCASH,AIJA,CORIS,RURAL,sierra,1692.0,76.58667
CP003450,0.0,0.0,0,020203,ANCASH,AIJA,HUACLLAN,RURAL,sierra,224.0,105.488335
CP003469,0.0,0.0,0,020204,ANCASH,AIJA,LA MERCED,RURAL,sierra,2064.0,63.895
CP003522,0.0,0.0,0,020205,ANCASH,AIJA,SUCCHA,RURAL,sierra,533.0,84.44334
CP003528,0.0,0.0,0,020301,ANCASH,ANTONIO RAYMONDI,LLAMELLIN,RURAL,sierra,2042.0,95.653336
CP003571,0.00023544506270304456,2.3544506270304457,1,020302,ANCASH,ANTONIO RAYMONDI,ACZO,RURAL,sierra,1914.0,46.84833
CP003578,0.0,0.0,0,020303,ANCASH,ANTONIO RAYMONDI,CHACCHO,RURAL,sierra,1370.0,137.52834
CP003234,0.0,0.0,0,020304,ANCASH,ANTONIO RAYMONDI,CHINGAS,RURAL,sierra,1359.0,107.41
CP003244,0.0,0.0,0,020305,ANCASH,ANTONIO RAYMONDI,MIRGAS,RURAL,sierra,4581.0,135.35333
CP004003,0.0,0.0,0,020306,ANCASH,ANTONIO RAYMONDI,SAN JUAN DE RONTOY,RURAL,sierra,1376.0,89.153336
CP004038,0.0,0.0,0,020401,ANCASH,ASUNCION,CHACAS,RURAL,sierra,3349.0,116.153336
CP085506,0.0,0.0,0,020402,ANCASH,ASUNCION,ACOCHACA,RURAL,sierra,3543.0,113.628334
CP004101,7.798360151114249e-05,0.779836015111425,1,020501,ANCASH,BOLOGNESI,CHIQUIAN,RURAL,sierra,454.0,43.411667
CP004073,0.0,0.0,0,020501,ANCASH,BOLOGNESI,CHIQUIAN,URBANO,sierra,397.0,77.77167
CP003641,0.0,0.0,0,020502,ANCASH,BOLOGNESI,ABELARDO PARDO LEZAMETA,RURAL,sierra,191.0,109.93
CP003645,0.0,0.0,0,020503,ANCASH,BOLOGNESI,ANTONIO RAYMONDI,RURAL,sierra,941.0,69.18166
CP003668,0.0,0.0,0,020504,ANCASH,BOLOGNESI,AQUIA,RURAL,sierra,1263.0,114.59
CP003669,0.0,0.0,0,020504,ANCASH,BOLOGNESI,AQUIA,URBANO,sierra,671.0,66.91333
CP003805,3.41543927604865e-05,0.341543927604865,1,020505,ANCASH,BOLOGNESI,CAJACAY,RURAL,sierra,1050.0,53.635
CP003906,0.0,0.0,0,020506,ANCASH,BOLOGNESI,CANIS,RURAL,sierra,29.0,114.55167
CP003910,0.00014483312922914168,1.4483312922914169,4,020507,ANCASH,BOLOGNESI,COLQUIOC,RURAL,sierra,1514.0,53.566666
CP003974,0.0,0.0,0,020508,ANCASH,BOLOGNESI,HUALLANCA,RURAL,sierra,3466.0,110.785
CP003965,0.0,0.0,0,020508,ANCASH,BOLOGNESI,HUALLANCA,URBANO,sierra,46.0,94.875
CP004326,0.0,0.0,0,020509,ANCASH,BOLOGNESI,HUASTA,RURAL,sierra,844.0,106.81167
CP004291,0.0,0.0,0,020509,ANCASH,BOLOGNESI,HUASTA,URBANO,sierra,929.0,102.761665
CP004367,0.0,0.0,0,020510,ANCASH,BOLOGNESI,HUAYLLACAYAN,RURAL,sierra,1021.0,98.02333
CP004193,0.0,0.0,0,020511,ANCASH,BOLOGNESI,LA PRIMAVERA,RURAL,sierra,157.0,135.27
CP004204,0.0,0.0,0,020512,ANCASH,BOLOGNESI,MANGAS,RURAL,sierra,114.0,239.32834
CP004399,0.0,0.0,0,020513,ANCASH,BOLOGNESI,PACLLON,RURAL,sierra,203.0,144.09666
CP004209,0.0,0.0,0,020513,ANCASH,BOLOGNESI,PACLLON,URBANO,sierra,427.0,111.315
CP004402,0.0,0.0,0,020514,ANCASH,BOLOGNESI,SAN MIGUEL DE CORPANQUI,RURAL,sierra,180.0,92.07833
CP004409,0.0,0.0,0,020515,ANCASH,BOLOGNESI,TICLLOS,RURAL,sierra,60.0,66.54833
CP004412,0.0,0.0,0,020515,ANCASH,BOLOGNESI,TICLLOS,URBANO,sierra,306.0,76.795
CP004489,0.0005255649320304786,5.255649320304785,7,020601,ANCASH,CARHUAZ,CARHUAZ,RURAL,sierra,3292.5,21.076666
CP004459,0.00018461808074463933,1.8461808074463932,2,020601,ANCASH,CARHUAZ,CARHUAZ,RURAL,sierra,3292.5,31.92
CP004430,0.0005382727276678411,5.382727276678412,7,020601,ANCASH,CARHUAZ,CARHUAZ,URBANO,sierra,1281.0,18.991667
CP004500,0.0012527738796129363,12.527738796129363,7,020602,ANCASH,CARHUAZ,ACOPAMPA,RURAL,sierra,1623.0,3.9483333
CP004513,0.00026415096212979174,2.641509621297917,3,020603,ANCASH,CARHUAZ,AMASHCA,RURAL,sierra,917.0,25.055
CP004126,0.0009418103306566302,9.418103306566302,8,020604,ANCASH,CARHUAZ,ANTA,RURAL,sierra,1700.0,21.363333
CP004156,0.0005979427568502625,5.979427568502626,7,020605,ANCASH,CARHUAZ,ATAQUERO,RURAL,sierra,1223.0,18.878334
CP004946,0.0007180781797604201,7.180781797604201,7,020606,ANCASH,CARHUAZ,MARCARA,RURAL,sierra,3659.5,19.036667
CP004937,0.00035553285098217723,3.555328509821772,6,020606,ANCASH,CARHUAZ,MARCARA,RURAL,sierra,3659.5,29.898333
CP004960,0.0012509057186157505,12.509057186157506,8,020607,ANCASH,CARHUAZ,PARIAHUANCA,RURAL,sierra,962.0,18.556667
CP004708,0.0008749501940086183,8.749501940086184,7,020608,ANCASH,CARHUAZ,SAN MIGUEL DE ACO,RURAL,sierra,2230.0,31.133333
CP004718,0.000622546793335963,6.22546793335963,7,020609,ANCASH,CARHUAZ,SHILLA,RURAL,sierra,1982.0,15.648334
CP004715,0.0006677232184840682,6.677232184840682,7,020609,ANCASH,CARHUAZ,SHILLA,URBANO,sierra,355.0,14.396667
CP004727,0.001282566116949752,12.825661169497518,7,020610,ANCASH,CARHUAZ,TINCO,RURAL,sierra,1841.0,4.7516665
CP004735,0.001310484652199657,13.104846521996569,7,020610,ANCASH,CARHUAZ,TINCO,URBANO,sierra,538.0,2.3883333
CP004748,0.0016912004686896155,16.912004686896154,8,020611,ANCASH,CARHUAZ,YUNGAR,RURAL,sierra,2564.0,15.528334
CP005016,0.0,0.0,0,020701,ANCASH,CARLOS FERMIN FITZCARRALD,SAN LUIS,RURAL,sierra,4998.0,124.93833
CP004576,0.0,0.0,0,020701,ANCASH,CARLOS FERMIN FITZCARRALD,SAN LUIS,RURAL,sierra,4998.0,108.361664
CP004986,0.0,0.0,0,020701,ANCASH,CARLOS FERMIN FITZCARRALD,SAN LUIS,URBANO,sierra,620.0,142.74834
CP004686,0.0,0.0,0,020702,ANCASH,CARLOS FERMIN FITZCARRALD,SAN NICOLAS,RURAL,sierra,3290.0,182.72166
CP004798,0.0,0.0,0,020703,ANCASH,CARLOS FERMIN FITZCARRALD,YAUYA,RURAL,sierra,5133.0,161.39166
CP004838,0.0004091759522141885,4.091759522141885,1,020801,ANCASH,CASMA,CASMA,RURAL,costa,4346.0,5.65
CP004909,0.00037344472685670624,3.734447268567062,1,020802,ANCASH,CASMA,BUENA VISTA ALTA,RURAL,costa,2916.0,11.905
CP004881,0.00017230544220405396,1.7230544220405395,1,020802,ANCASH,CASMA,BUENA VISTA ALTA,URBANO,costa,695.0,32.73
CP004602,0.00047904835396539387,4.7904835396539385,3,020803,ANCASH,CASMA,COMANDANTE NOEL,RURAL,costa,1050.0,10.928333
CP004603,0.00039631235023909934,3.9631235023909936,1,020803,ANCASH,CASMA,COMANDANTE NOEL,URBANO,costa,595.0,8.385
CP004636,0.00016297386026842048,1.6297386026842047,1,020804,ANCASH,CASMA,YAUTAN,RURAL,sierra,5111.0,33.736668
CP004629,0.00019962273476148887,1.9962273476148886,1,020804,ANCASH,CASMA,YAUTAN,URBANO,sierra,705.0,29.906666
CP005199,0.0,0.0,0,020901,ANCASH,CORONGO,CORONGO,RURAL,sierra,505.0,87.56834
CP005206,0.0,0.0,0,020902,ANCASH,CORONGO,ACO,RURAL,sierra,259.0,110.40833
CP005210,0.0,0.0,0,020903,ANCASH,CORONGO,BAMBAS,RURAL,sierra,341.0,130.94
CP005223,0.0004454666927922158,4.454666927922158,1,020904,ANCASH,CORONGO,CUSCA,RURAL,sierra,2298.0,41.11
CP005237,0.0,0.0,0,020905,ANCASH,CORONGO,LA PAMPA,RURAL,sierra,316.0,61.318333
CP005241,0.0002320848186866398,2.320848186866398,1,020906,ANCASH,CORONGO,YANAC,RURAL,sierra,436.0,49.735
CP005248,0.0,0.0,0,020907,ANCASH,CORONGO,YUPAN,RURAL,sierra,70.0,113.17667
CP005258,0.000734996551616533,7.349965516165329,1,021001,ANCASH,HUARI,HUARI,RURAL,sierra,4924.0,28.753334
CP005282,0.0012618745537020732,12.618745537020732,1,021001,ANCASH,HUARI,HUARI,URBANO,sierra,421.0,13.3133335
CP005299,0.0,0.0,0,021002,ANCASH,HUARI,ANRA,RURAL,sierra,1384.0,77.42
CP005334,0.0011605498142841905,11.605498142841904,1,021003,ANCASH,HUARI,CAJAY,RURAL,sierra,2381.0,16.668333
CP005148,0.00031626872621644367,3.162687262164437,1,021004,ANCASH,HUARI,CHAVIN DE HUANTAR,RURAL,sierra,3492.0,42.896667
CP005153,0.00023224833879852505,2.3224833879852507,1,021004,ANCASH,HUARI,CHAVIN DE HUANTAR,RURAL,sierra,3492.0,47.023335
CP005378,0.0,0.0,0,021005,ANCASH,HUARI,HUACACHI,RURAL,sierra,1286.0,66.59
CP005417,0.0,0.0,0,021006,ANCASH,HUARI,HUACCHIS,RURAL,sierra,655.0,129.74667
CP005405,0.0,0.0,0,021006,ANCASH,HUARI,HUACCHIS,URBANO,sierra,915.0,137.495
CP005462,0.0,0.0,0,021007,ANCASH,HUARI,HUACHIS,RURAL,sierra,2482.0,91.39333
CP005431,0.00030710243466790227,3.071024346679023,1,021007,ANCASH,HUARI,HUACHIS,URBANO,sierra,542.0,43.306667
CP005052,0.0004291275402233756,4.291275402233756,1,021008,ANCASH,HUARI,HUANTAR,RURAL,sierra,2151.0,38.385
CP005075,0.0005258249372981384,5.258249372981385,1,021009,ANCASH,HUARI,MASIN,RURAL,sierra,1177.0,35.06
CP005082,0.0009747828892129427,9.747828892129428,1,021009,ANCASH,HUARI,MASIN,URBANO,sierra,258.0,22.078333
CP005890,0.0,0.0,0,021010,ANCASH,HUARI,PAUCAS,RURAL,sierra,441.0,106.53333
CP005882,0.0,0.0,0,021010,ANCASH,HUARI,PAUCAS,URBANO,sierra,739.0,123.32
CP005896,0.0002611166451076275,2.6111664510762753,1,021011,ANCASH,HUARI,PONTO,RURAL,sierra,2710.0,45.501667
CP005678,0.0007100875305799469,7.10087530579947,1,021012,ANCASH,HUARI,RAHUAPAMPA,RURAL,sierra,259.0,29.465
CP005687,0.0,0.0,0,021013,ANCASH,HUARI,RAPAYAN,RURAL,sierra,951.0,150.94833
CP084869,0.0010504009547130087,10.504009547130087,1,021014,ANCASH,HUARI,SAN MARCOS,RURAL,sierra,5086.5,19.941668
CP005991,0.0,0.0,0,021014,ANCASH,HUARI,SAN MARCOS,RURAL,sierra,5086.5,77.346664
CP005955,0.00016682053703698474,1.6682053703698474,1,021014,ANCASH,HUARI,SAN MARCOS,URBANO,sierra,1439.0,51.076668
CP005492,0.0,0.0,0,021015,ANCASH,HUARI,SAN PEDRO DE CHANA,RURAL,sierra,1726.0,78.85333
CP005489,0.0,0.0,0,021015,ANCASH,HUARI,SAN PEDRO DE CHANA,URBANO,sierra,373.0,63.488335
CP005520,0.0,0.0,0,021016,ANCASH,HUARI,UCO,RURAL,sierra,953.0,78.933334
CP005533,0.0005903620800574858,5.903620800574858,1,021101,ANCASH,HUARMEY,HUARMEY,RURAL,costa,3507.0,32.108334
CP005614,0.0013238916861012398,13.238916861012399,1,021101,ANCASH,HUARMEY,HUARMEY,URBANO,costa,810.0,7.775
CP005653,0.0,0.0,0,021102,ANCASH,HUARMEY,COCHAPETI,RURAL,sierra,624.0,120.19
CP005665,0.0004915615574120199,4.915615574120199,1,021103,ANCASH,HUARMEY,CULEBRAS,RURAL,costa,1451.0,35.37
CP005741,0.000439542049158261,4.39542049158261,1,021103,ANCASH,HUARMEY,CULEBRAS,URBANO,costa,277.0,37.22167
CP005767,0.0002762665410726998,2.762665410726998,1,021104,ANCASH,HUARMEY,HUAYAN,RURAL,costa,657.0,44.085
CP005788,0.0,0.0,0,021105,ANCASH,HUARMEY,MALVAS,RURAL,sierra,683.0,81.53833
CP005819,0.0008185308824660606,8.185308824660606,3,021201,ANCASH,HUAYLAS,CARAZ,RURAL,sierra,5159.0,9.94
CP005831,0.0009288946875590456,9.288946875590456,3,021201,ANCASH,HUAYLAS,CARAZ,RURAL,sierra,5159.0,3.895
CP005548,0.0,0.0,0,021202,ANCASH,HUAYLAS,HUALLANCA,RURAL,sierra,555.0,90.956665
CP005575,0.00034533430430126977,3.4533430430126977,2,021203,ANCASH,HUAYLAS,HUATA,RURAL,sierra,1418.0,30.533333
CP005596,0.0,0.0,0,021204,ANCASH,HUAYLAS,HUAYLAS,RURAL,sierra,1318.0,61.14
CP006135,0.00019898520273387121,1.9898520273387121,2,021205,ANCASH,HUAYLAS,MATO,RURAL,sierra,1145.0,38.988335
CP006127,6.849842795784799e-05,0.6849842795784798,1,021205,ANCASH,HUAYLAS,MATO,URBANO,sierra,453.0,51.238335
CP006208,0.0,0.0,0,021206,ANCASH,HUAYLAS,PAMPAROMAS,RURAL,sierra,4103.5,104.39333
CP006171,0.0,0.0,0,021206,ANCASH,HUAYLAS,PAMPAROMAS,RURAL,sierra,4103.5,74.11667
CP006259,0.000370527669717273,3.7052766971727302,3,021207,ANCASH,HUAYLAS,PUEBLO LIBRE,RURAL,sierra,3281.0,35.36
CP006234,0.00014096517528794258,1.409651752879426,2,021207,ANCASH,HUAYLAS,PUEBLO LIBRE,RURAL,sierra,3281.0,48.101665
CP006238,0.000853665191311057,8.536651913110571,3,021207,ANCASH,HUAYLAS,PUEBLO LIBRE,URBANO,sierra,284.0,17.715
CP006282,0.0,0.0,0,021208,ANCASH,HUAYLAS,SANTA CRUZ,RURAL,sierra,4531.0,87.43
CP006082,0.0,0.0,0,021209,ANCASH,HUAYLAS,SANTO TORIBIO,RURAL,sierra,1084.0,81.155
CP006110,0.0,0.0,0,021210,ANCASH,HUAYLAS,YURACMARCA,RURAL,sierra,1348.0,87.22
CP006352,0.0004723931594634747,4.723931594634747,1,021301,ANCASH,MARISCAL LUZURIAGA,PISCOBAMBA,RURAL,sierra,2346.0,36.53
CP006397,0.0012910687166236762,12.910687166236762,1,021302,ANCASH,MARISCAL LUZURIAGA,CASCA,RURAL,sierra,4580.0,11.235
CP006417,0.0,0.0,0,021303,ANCASH,MARISCAL LUZURIAGA,ELEAZAR GUZMAN BARRON,RURAL,sierra,1129.0,132.305
CP006424,0.0,0.0,0,021304,ANCASH,MARISCAL LUZURIAGA,FIDEL OLIVAS ESCUDERO,RURAL,sierra,2103.0,89.28
CP006022,0.0,0.0,0,021305,ANCASH,MARISCAL LUZURIAGA,LLAMA,RURAL,sierra,1217.0,66.19666
CP006735,0.0,0.0,0,021306,ANCASH,MARISCAL LUZURIAGA,LLUMPA,RURAL,sierra,5720.0,93.96167
CP006578,0.00024170889470069006,2.4170889470069006,1,021307,ANCASH,MARISCAL LUZURIAGA,LUCMA,RURAL,sierra,3051.0,46.256668
CP006602,0.00015688010047016916,1.5688010047016916,1,021308,ANCASH,MARISCAL LUZURIAGA,MUSGA,RURAL,sierra,886.0,51.566666
CP006768,0.0,0.0,0,021401,ANCASH,OCROS,OCROS,RURAL,sierra,535.0,121.058334
CP006813,0.0,0.0,0,021402,ANCASH,OCROS,ACAS,RURAL,sierra,363.0,84.165
CP006439,0.0,0.0,0,021403,ANCASH,OCROS,CAJAMARQUILLA,RURAL,sierra,8.0,84.465
CP006443,0.0,0.0,0,021404,ANCASH,OCROS,CARHUAPAMPA,RURAL,sierra,155.0,126.53
CP006441,0.0,0.0,0,021404,ANCASH,OCROS,CARHUAPAMPA,URBANO,sierra,179.0,152.28833
CP006474,1.8287069963552255e-05,0.18287069963552255,1,021405,ANCASH,OCROS,COCHAS,RURAL,costa,1090.0,51.656666
CP006455,0.0,0.0,0,021405,ANCASH,OCROS,COCHAS,URBANO,sierra,174.0,93.33667
CP006534,0.0,0.0,0,021406,ANCASH,OCROS,CONGAS,RURAL,sierra,376.0,114.165
CP006546,0.0,0.0,0,021406,ANCASH,OCROS,CONGAS,URBANO,sierra,232.0,129.94833
CP006633,0.0,0.0,0,021407,ANCASH,OCROS,LLIPA,RURAL,sierra,216.0,152.13333
CP006642,0.0,0.0,0,021408,ANCASH,OCROS,SAN CRISTOBAL DE RAJAN,RURAL,sierra,123.0,177.975
CP006666,0.0002681806150367507,2.6818061503675072,4,021409,ANCASH,OCROS,SAN PEDRO,RURAL,sierra,981.0,46.055
CP006680,0.0,0.0,0,021410,ANCASH,OCROS,SANTIAGO DE CHILCAS,RURAL,sierra,73.0,132.24167
CP006694,0.0,0.0,0,021501,ANCASH,PALLASCA,CABANA,RURAL,sierra,936.0,154.955
CP085421,0.0,0.0,0,021502,ANCASH,PALLASCA,BOLOGNESI,RURAL,sierra,995.0,142.15167
CP010659,0.0,0.0,0,021503,ANCASH,PALLASCA,CONCHUCOS,RURAL,sierra,3618.0,117.97667
CP009667,0.0,0.0,0,021503,ANCASH,PALLASCA,CONCHUCOS,URBANO,sierra,1333.0,209.665
CP007523,0.0,0.0,0,021504,ANCASH,PALLASCA,HUACASCHUQUE,RURAL,sierra,447.0,102.42834
CP007703,0.0,0.0,0,021505,ANCASH,PALLASCA,HUANDOVAL,RURAL,sierra,435.0,132.135
CP008464,0.0,0.0,0,021506,ANCASH,PALLASCA,LACABAMBA,RURAL,sierra,278.0,113.57
CP008484,0.0,0.0,0,021507,ANCASH,PALLASCA,LLAPO,RURAL,sierra,9.0,137.21834
CP008503,0.0,0.0,0,021508,ANCASH,PALLASCA,PALLASCA,RURAL,sierra,1611.0,88.36
CP010256,0.0,0.0,0,021509,ANCASH,PALLASCA,PAMPAS,RURAL,sierra,3549.0,189.395
CP010455,0.0,0.0,0,021509,ANCASH,PALLASCA,PAMPAS,URBANO,sierra,1025.0,115.8
CP010507,0.0,0.0,0,021510,ANCASH,PALLASCA,SANTA ROSA,RURAL,sierra,786.0,119.93
CP007759,0.0,0.0,0,021511,ANCASH,PALLASCA,TAUCA,RURAL,sierra,1872.0,91.935
CP009781,0.0013738665678499728,13.738665678499729,1,021601,ANCASH,POMABAMBA,POMABAMBA,RURAL,sierra,5185.0,7.1783333
CP007791,0.0008557403248823145,8.557403248823146,2,021601,ANCASH,POMABAMBA,POMABAMBA,RURAL,sierra,5185.0,30.136667
CP006857,0.0010332751620059234,10.332751620059234,1,021602,ANCASH,POMABAMBA,HUAYLLAN,RURAL,sierra,3234.0,19.846666
CP007807,0.0,0.0,0,021603,ANCASH,POMABAMBA,PAROBAMBA,RURAL,sierra,5941.0,60.706665
CP007823,0.0,0.0,0,021603,ANCASH,POMABAMBA,PAROBAMBA,URBANO,sierra,370.0,64.51667
CP008858,0.0,0.0,0,021604,ANCASH,POMABAMBA,QUINUABAMBA,RURAL,sierra,2270.0,77.805
CP009628,0.0008847791255593593,8.847791255593593,5,021701,ANCASH,RECUAY,RECUAY,RURAL,sierra,2049.0,19.763334
CP009623,0.0015253989981327386,15.253989981327386,6,021701,ANCASH,RECUAY,RECUAY,URBANO,sierra,590.0,8.828333
CP007679,0.0011914979500583344,11.914979500583344,5,021702,ANCASH,RECUAY,CATAC,RURAL,sierra,1697.0,8.121667
CP008909,2.259728387172479e-05,0.22597283871724788,1,021703,ANCASH,RECUAY,COTAPARACO,RURAL,sierra,208.0,58.078335
CP009891,0.0,0.0,0,021704,ANCASH,RECUAY,HUAYLLAPAMPA,RURAL,sierra,472.0,98.26
CP009913,0.0,0.0,0,021705,ANCASH,RECUAY,LLACLLIN,RURAL,sierra,695.0,89.12
CP006956,0.0,0.0,0,021706,ANCASH,RECUAY,MARCA,RURAL,sierra,419.0,72.52
CP006976,0.0,0.0,0,021707,ANCASH,RECUAY,PAMPAS CHICO,RURAL,sierra,767.0,60.751667
CP006972,3.164933923190728e-05,0.3164933923190728,1,021707,ANCASH,RECUAY,PAMPAS CHICO,URBANO,sierra,576.0,54.481667
CP007951,0.0,0.0,0,021708,ANCASH,RECUAY,PARARIN,RURAL,sierra,900.0,73.6
CP007977,0.0,0.0,0,021709,ANCASH,RECUAY,TAPACOCHA,RURAL,sierra,213.0,87.51
CP008696,0.0008590537505505967,8.590537505505967,5,021710,ANCASH,RECUAY,TICAPAMPA,RURAL,sierra,1016.0,15.683333
CP009710,0.0017203280419786154,17.203280419786154,8,021801,ANCASH,SANTA,CHIMBOTE,RURAL,costa,4180.5,13.99
CP008747,0.0012181125988199324,12.181125988199323,9,021801,ANCASH,SANTA,CHIMBOTE,RURAL,costa,4180.5,21.271667
CP008714,0.0006936063064744626,6.936063064744626,8,021801,ANCASH,SANTA,CHIMBOTE,URBANO,costa,3583.5,31.733334
CP008742,0.0015929210568544707,15.929210568544708,10,021801,ANCASH,SANTA,CHIMBOTE,URBANO,costa,3583.5,19.621666
CP007014,0.0,0.0,0,021802,ANCASH,SANTA,CACERES DEL PERU,RURAL,sierra,3973.0,122.22667
CP007045,0.0,0.0,0,021802,ANCASH,SANTA,CACERES DEL PERU,URBANO,sierra,77.0,125.37
CP008051,0.0,0.0,0,021804,ANCASH,SANTA,MACATE,RURAL,sierra,3582.0,126.75667
CP009056,8.944552138948715e-05,0.8944552138948715,2,021805,ANCASH,SANTA,MORO,RURAL,sierra,4349.0,58.621666
CP010028,0.0001241376781609912,1.241376781609912,2,021805,ANCASH,SANTA,MORO,URBANO,costa,334.0,55.16
CP006878,0.0006993175494034894,6.993175494034894,5,021806,ANCASH,SANTA,NEPENA,RURAL,costa,1327.0,36.606667
CP007065,0.0009039085412314977,9.039085412314977,5,021806,ANCASH,SANTA,NEPENA,URBANO,costa,2249.0,32.005
CP007075,0.000831915892022793,8.31915892022793,5,021807,ANCASH,SANTA,SAMANCO,RURAL,costa,1423.0,33.165
CP007076,0.001043063020197425,10.43063020197425,5,021807,ANCASH,SANTA,SAMANCO,URBANO,costa,832.0,26.835
CP007085,0.0011687244561531052,11.687244561531053,9,021808,ANCASH,SANTA,SANTA,RURAL,costa,2299.0,19.193333
CP084730,0.0015114040051995637,15.114040051995637,9,021809,ANCASH,SANTA,NUEVO CHIMBOTE,RURAL,costa,1242.0,17.13
CP008068,0.0013647453875301363,13.647453875301363,1,021901,ANCASH,SIHUAS,SIHUAS,RURAL,sierra,1533.0,18.563334
CP008084,0.0,0.0,0,021902,ANCASH,SIHUAS,ACOBAMBA,RURAL,sierra,1744.0,115.7
CP008095,0.0,0.0,0,021903,ANCASH,SIHUAS,ALFONSO UGARTE,RURAL,sierra,616.0,153.61667
CP008104,0.0016821478419987168,16.82147841998717,1,021904,ANCASH,SIHUAS,CASHAPAMPA,RURAL,sierra,2913.0,9.66
CP009091,0.0,0.0,0,021905,ANCASH,SIHUAS,CHINGALPO,RURAL,sierra,613.0,79.73
CP009109,9.092907022157459e-05,0.9092907022157459,1,021906,ANCASH,SIHUAS,HUAYLLABAMBA,RURAL,sierra,3140.0,59.996666
CP009107,0.0,0.0,0,021906,ANCASH,SIHUAS,HUAYLLABAMBA,URBANO,sierra,749.0,76.55666
CP010078,0.0,0.0,0,021907,ANCASH,SIHUAS,QUICHES,RURAL,sierra,2152.0,127.985
CP010122,0.001775999734827771,17.75999734827771,1,021908,ANCASH,SIHUAS,RAGASH,RURAL,sierra,2374.0,5.298333
CP007156,0.0009975148686380828,9.975148686380829,1,021909,ANCASH,SIHUAS,SAN JUAN,RURAL,sierra,6148.0,26.856667
CP008153,0.001027290071916519,10.27290071916519,2,021910,ANCASH,SIHUAS,SICSIBAMBA,RURAL,sierra,1594.0,27.891666
CP009135,0.00029206404079241613,2.9206404079241612,3,022001,ANCASH,YUNGAY,YUNGAY,RURAL,sierra,3841.3333333333335,30.285
CP008171,0.0004862056181216982,4.862056181216982,3,022001,ANCASH,YUNGAY,YUNGAY,RURAL,sierra,3841.3333333333335,22.323334
CP008933,0.0010111898713939605,10.111898713939604,7,022001,ANCASH,YUNGAY,YUNGAY,RURAL,sierra,3841.3333333333335,4.78
CP009136,0.0011620688571220353,11.620688571220352,7,022001,ANCASH,YUNGAY,YUNGAY,URBANO,sierra,2375.0,2.4066668
CP009931,0.0002742653666672305,2.7426536666723047,3,022002,ANCASH,YUNGAY,CASCAPARA,RURAL,sierra,1911.0,33.381668
CP010180,0.0011573408297170427,11.573408297170426,7,022003,ANCASH,YUNGAY,MANCOS,RURAL,sierra,5296.0,10.143333
CP010184,0.0012455051928805406,12.455051928805405,7,022003,ANCASH,YUNGAY,MANCOS,URBANO,sierra,811.0,7.465
CP006996,0.000934675037896619,9.34675037896619,7,022004,ANCASH,YUNGAY,MATACOTO,RURAL,sierra,1264.0,10.708333
CP007252,0.0,0.0,0,022005,ANCASH,YUNGAY,QUILLO,RURAL,sierra,3802.3333333333335,72.685
CP007248,0.0,0.0,0,022005,ANCASH,YUNGAY,QUILLO,RURAL,sierra,3802.3333333333335,92.19833
CP007216,0.0,0.0,0,022005,ANCASH,YUNGAY,QUILLO,RURAL,sierra,3802.3333333333335,126.96
CP008234,0.0011296979909939503,11.296979909939504,7,022006,ANCASH,YUNGAY,RANRAHIRCA,RURAL,sierra,2017.0,6.925
CP008249,0.0007274220619669408,7.274220619669408,7,022007,ANCASH,YUNGAY,SHUPLUY,RURAL,sierra,2126.0,19.11
CP009962,0.0,0.0,0,022008,ANCASH,YUNGAY,YANAMA,RURAL,sierra,6423.0,105.16167
CP009992,0.004091019353593139,40.910193535931384,3,030101,APURIMAC,ABANCAY,ABANCAY,RURAL,sierra,5520.0,14.216666
CP007294,0.0,0.0,0,030102,APURIMAC,ABANCAY,CHACOCHE,RURAL,sierra,337.0,93.458336
CP007290,0.0001392595586329083,1.392595586329083,1,030102,APURIMAC,ABANCAY,CHACOCHE,URBANO,sierra,660.0,56.886665
CP007313,0.00017503076400960724,1.7503076400960724,1,030103,APURIMAC,ABANCAY,CIRCA,RURAL,sierra,2162.0,54.418335
CP007321,0.0,0.0,0,030103,APURIMAC,ABANCAY,CIRCA,URBANO,sierra,98.0,67.776665
CP009262,0.0024941031208432817,24.94103120843282,1,030104,APURIMAC,ABANCAY,CURAHUASI,RURAL,sierra,4219.0,7.165
CP009065,0.001204198973778672,12.04198973778672,2,030104,APURIMAC,ABANCAY,CURAHUASI,RURAL,sierra,4219.0,31.301666
CP009296,0.0,0.0,0,030104,APURIMAC,ABANCAY,CURAHUASI,RURAL,sierra,4219.0,66.63167
CP007372,0.0001370085544418651,1.370085544418651,1,030105,APURIMAC,ABANCAY,HUANIPACA,RURAL,sierra,3605.0,59.483334
CP008125,0.002334772767331678,23.34772767331678,3,030106,APURIMAC,ABANCAY,LAMBRAMA,RURAL,sierra,3551.0,27.281666
CP008340,0.00044231741917942935,4.423174191794294,3,030106,APURIMAC,ABANCAY,LAMBRAMA,URBANO,sierra,888.0,51.055
CP010130,0.0,0.0,0,030107,APURIMAC,ABANCAY,PICHIRHUA,RURAL,sierra,3641.0,65.888336
CP009129,0.001792352409218072,17.92352409218072,3,030107,APURIMAC,ABANCAY,PICHIRHUA,URBANO,sierra,363.0,32.136665
CP010376,0.0010328910227165337,10.328910227165338,4,030108,APURIMAC,ABANCAY,SAN PEDRO DE CACHORA,RURAL,sierra,2871.0,38.671665
CP007428,0.004162046285581607,41.62046285581607,3,030109,APURIMAC,ABANCAY,TAMBURCO,RURAL,sierra,2016.0,13.568334
CP008409,0.0013354865061495438,13.354865061495438,3,030201,APURIMAC,ANDAHUAYLAS,ANDAHUAYLAS,RURAL,sierra,5051.5,29.285
CP008401,0.0014945006691905647,14.945006691905647,3,030201,APURIMAC,ANDAHUAYLAS,ANDAHUAYLAS,RURAL,sierra,5051.5,26.746666
CP007452,0.002155114652963864,21.55114652963864,3,030201,APURIMAC,ANDAHUAYLAS,ANDAHUAYLAS,URBANO,sierra,473.0,17.161667
CP008420,0.0,0.0,0,030202,APURIMAC,ANDAHUAYLAS,ANDARAPA,RURAL,sierra,5865.0,76.831665
CP008436,0.00029391936499405594,2.9391936499405595,3,030202,APURIMAC,ANDAHUAYLAS,ANDARAPA,URBANO,sierra,149.0,51.216667
CP009397,0.0,0.0,0,030203,APURIMAC,ANDAHUAYLAS,CHIARA,RURAL,sierra,535.0,101.765
CP009396,0.0,0.0,0,030203,APURIMAC,ANDAHUAYLAS,CHIARA,URBANO,sierra,241.0,85.46333
CP009426,0.0,0.0,0,030204,APURIMAC,ANDAHUAYLAS,HUANCARAMA,RURAL,sierra,3873.0,70.27
CP009430,0.0,0.0,0,030204,APURIMAC,ANDAHUAYLAS,HUANCARAMA,URBANO,sierra,945.0,79.755
CP010399,0.0013553423380195952,13.553423380195952,3,030205,APURIMAC,ANDAHUAYLAS,HUANCARAY,RURAL,sierra,3978.0,27.435
CP010441,0.0,0.0,0,030206,APURIMAC,ANDAHUAYLAS,HUAYANA,RURAL,sierra,533.0,67.40833
CP007480,0.0,0.0,0,030207,APURIMAC,ANDAHUAYLAS,KISHUARA,RURAL,sierra,3334.0,77.28333
CP007477,0.0,0.0,0,030207,APURIMAC,ANDAHUAYLAS,KISHUARA,RURAL,sierra,3334.0,86.12
CP007476,0.00020372308437803543,2.037230843780354,3,030207,APURIMAC,ANDAHUAYLAS,KISHUARA,URBANO,sierra,508.0,55.298332
CP008942,0.0,0.0,0,030208,APURIMAC,ANDAHUAYLAS,PACOBAMBA,RURAL,sierra,4588.0,113.705
CP008971,0.001249150783608295,12.49150783608295,3,030209,APURIMAC,ANDAHUAYLAS,PACUCHA,RURAL,sierra,4373.0,30.255
CP009208,0.0009596956264877059,9.59695626487706,3,030209,APURIMAC,ANDAHUAYLAS,PACUCHA,RURAL,sierra,4373.0,34.998333
CP010247,0.0,0.0,0,030210,APURIMAC,ANDAHUAYLAS,PAMPACHIRI,RURAL,sierra,1938.0,72.613335
CP007535,0.0,0.0,0,030211,APURIMAC,ANDAHUAYLAS,POMACOCHA,RURAL,sierra,281.0,78.028336
CP007560,0.00017485792989163832,1.7485792989163833,3,030212,APURIMAC,ANDAHUAYLAS,SAN ANTONIO DE CACHI,RURAL,sierra,1866.0,55.675
CP007573,0.0,0.0,0,030212,APURIMAC,ANDAHUAYLAS,SAN ANTONIO DE CACHI,URBANO,sierra,1142.0,67.015
CP008533,0.0016021614795994287,16.02161479599429,3,030213,APURIMAC,ANDAHUAYLAS,SAN JERONIMO,RURAL,sierra,4836.5,24.99
CP008526,0.0021454539667585,21.454539667585,3,030213,APURIMAC,ANDAHUAYLAS,SAN JERONIMO,RURAL,sierra,4836.5,16.928333
CP008537,0.001378358989783672,13.78358989783672,3,030213,APURIMAC,ANDAHUAYLAS,SAN JERONIMO,URBANO,sierra,679.0,28.286667
CP007396,0.0,0.0,0,030214,APURIMAC,ANDAHUAYLAS,SAN MIGUEL DE CHACCRAMPA,RURAL,sierra,1157.0,96.475
CP007599,0.0018570098875462797,18.570098875462797,3,030215,APURIMAC,ANDAHUAYLAS,SANTA MARIA DE CHICMO,RURAL,sierra,5212.0,19.513334
CP007617,0.000300570923410382,3.0057092341038203,3,030215,APURIMAC,ANDAHUAYLAS,SANTA MARIA DE CHICMO,URBANO,sierra,3966.0,49.15333
CP010378,0.000980930336469677,9.80930336469677,3,030216,APURIMAC,ANDAHUAYLAS,TALAVERA,RURAL,sierra,4596.5,32.056667
CP010595,0.001710810758625888,17.10810758625888,3,030216,APURIMAC,ANDAHUAYLAS,TALAVERA,RURAL,sierra,4596.5,20.841667
CP009326,0.0,0.0,0,030217,APURIMAC,ANDAHUAYLAS,TUMAY HUARACA,RURAL,sierra,1414.0,62.1
CP009560,0.0002042607153730337,2.042607153730337,3,030218,APURIMAC,ANDAHUAYLAS,TURPO,RURAL,sierra,2865.0,54.543335
CP009554,0.000584381443891957,5.84381443891957,3,030218,APURIMAC,ANDAHUAYLAS,TURPO,URBANO,sierra,523.0,41.835
CP009578,8.338523311947124e-05,0.8338523311947124,1,030219,APURIMAC,ANDAHUAYLAS,KAQUIABAMBA,RURAL,sierra,1082.0,59.518333
CP009584,0.00038582902324730585,3.8582902324730584,3,030219,APURIMAC,ANDAHUAYLAS,KAQUIABAMBA,URBANO,sierra,615.0,47.966667
CP009618,0.0,0.0,0,030301,APURIMAC,ANTABAMBA,ANTABAMBA,RURAL,sierra,1154.0,116.941666
CP008574,0.0,0.0,0,030302,APURIMAC,ANTABAMBA,EL ORO,RURAL,sierra,174.0,74.92167
CP008582,0.0,0.0,0,030303,APURIMAC,ANTABAMBA,HUAQUIRCA,RURAL,sierra,321.0,170.04666
CP008598,0.0,0.0,0,030303,APURIMAC,ANTABAMBA,HUAQUIRCA,URBANO,sierra,180.0,110.55666
CP007662,0.0,0.0,0,030304,APURIMAC,ANTABAMBA,JUAN ESPINOZA MEDRANO,RURAL,sierra,291.0,109.72667
CP007646,0.0,0.0,0,030304,APURIMAC,ANTABAMBA,JUAN ESPINOZA MEDRANO,URBANO,sierra,1123.0,73.62
CP013537,0.0,0.0,0,030305,APURIMAC,ANTABAMBA,OROPESA,RURAL,sierra,1074.0,134.09666
CP013751,0.0,0.0,0,030306,APURIMAC,ANTABAMBA,PACHACONAS,RURAL,sierra,247.0,130.19667
CP013758,0.0,0.0,0,030306,APURIMAC,ANTABAMBA,PACHACONAS,URBANO,sierra,204.0,85.00667
CP011016,0.0,0.0,0,030307,APURIMAC,ANTABAMBA,SABAINO,RURAL,sierra,378.0,115.38
CP011022,0.0,0.0,0,030307,APURIMAC,ANTABAMBA,SABAINO,URBANO,sierra,340.0,113.03833
CP011891,0.004558735244800326,45.587352448003266,1,030401,APURIMAC,AYMARAES,CHALHUANCA,RURAL,sierra,919.0,12.958333
CP012890,0.002883120554862645,28.83120554862645,1,030402,APURIMAC,AYMARAES,CAPAYA,RURAL,sierra,453.0,26.805
CP013089,0.00305011333851845,30.5011333851845,1,030403,APURIMAC,AYMARAES,CARAYBAMBA,RURAL,sierra,96.0,25.511667
CP013075,0.004077811805721009,40.77811805721009,1,030403,APURIMAC,AYMARAES,CARAYBAMBA,URBANO,sierra,569.0,17.375
CP013100,0.0017737850687153294,17.737850687153294,1,030404,APURIMAC,AYMARAES,CHAPIMARCA,RURAL,sierra,1060.0,36.086666
CP013107,0.0,0.0,0,030404,APURIMAC,AYMARAES,CHAPIMARCA,URBANO,sierra,818.0,73.79833
CP014003,0.000991995622003348,9.91995622003348,1,030405,APURIMAC,AYMARAES,COLCABAMBA,RURAL,sierra,287.0,44.728333
CP011266,0.003452128893839606,34.52128893839606,1,030406,APURIMAC,AYMARAES,COTARUSE,RURAL,sierra,3243.0,22.406666
CP011994,0.0,0.0,0,030406,APURIMAC,AYMARAES,COTARUSE,URBANO,sierra,263.0,97.19833
CP013140,0.0024515896511529416,24.515896511529416,1,030407,APURIMAC,AYMARAES,HUAYLLO,RURAL,sierra,482.0,30.221666
CP013152,0.00033652243444369913,3.3652243444369914,1,030408,APURIMAC,AYMARAES,JUSTO APU SAHUARAURA,RURAL,sierra,656.0,57.443333
CP011086,0.0,0.0,0,030409,APURIMAC,AYMARAES,LUCRE,RURAL,sierra,1588.0,69.903336
CP014054,0.0,0.0,0,030409,APURIMAC,AYMARAES,LUCRE,URBANO,sierra,363.0,72.55167
CP011108,0.0,0.0,0,030410,APURIMAC,AYMARAES,POCOHUANCA,RURAL,sierra,552.0,83.99
CP011106,0.0,0.0,0,030410,APURIMAC,AYMARAES,POCOHUANCA,URBANO,sierra,274.0,96.59167
CP011131,0.0,0.0,0,030411,APURIMAC,AYMARAES,SAN JUAN DE CHACNA,RURAL,sierra,315.0,64.85667
CP012016,0.0035221363165464084,35.22136316546408,1,030412,APURIMAC,AYMARAES,SANAYCA,RURAL,sierra,749.0,21.861666
CP012036,0.004680857084675792,46.80857084675792,1,030413,APURIMAC,AYMARAES,SORAYA,RURAL,sierra,624.0,11.668333
CP012973,0.0005334495901816763,5.334495901816763,1,030414,APURIMAC,AYMARAES,TAPAIRIHUA,RURAL,sierra,1853.0,52.40333
CP012991,0.0,0.0,0,030415,APURIMAC,AYMARAES,TINTAY,RURAL,sierra,2351.0,88.831665
CP013913,0.0015166179648272472,15.166179648272472,1,030416,APURIMAC,AYMARAES,TORAYA,RURAL,sierra,1140.0,38.606667
CP011166,0.0,0.0,0,030417,APURIMAC,AYMARAES,YANACA,RURAL,sierra,534.0,72.333336
CP012075,0.0009155634402916965,9.155634402916965,1,030501,APURIMAC,COTABAMBAS,TAMBOBAMBA,RURAL,sierra,3580.5,35.44
CP013034,0.0024330671853169394,24.330671853169395,1,030501,APURIMAC,COTABAMBAS,TAMBOBAMBA,RURAL,sierra,3580.5,9.026667
CP013048,0.0,0.0,0,030502,APURIMAC,COTABAMBAS,COTABAMBAS,RURAL,sierra,2832.0,82.128334
CP011203,0.0,0.0,0,030503,APURIMAC,COTABAMBAS,COYLLURQUI,RURAL,sierra,3261.0,102.29833
CP011048,0.0,0.0,0,030503,APURIMAC,COTABAMBAS,COYLLURQUI,RURAL,sierra,3261.0,119.17167
CP084617,0.0004767267188543231,4.767267188543231,2,030504,APURIMAC,COTABAMBAS,HAQUIRA,RURAL,sierra,3769.0,47.255
CP011935,0.0,0.0,0,030504,APURIMAC,COTABAMBAS,HAQUIRA,RURAL,sierra,3769.0,67.17167
CP013302,0.0,0.0,0,030504,APURIMAC,COTABAMBAS,HAQUIRA,URBANO,sierra,1126.0,65.083336
CP014247,0.000600693232727424,6.0069323272742405,1,030505,APURIMAC,COTABAMBAS,MARA,RURAL,sierra,5043.0,41.981667
CP012428,0.0,0.0,0,030506,APURIMAC,COTABAMBAS,CHALLHUAHUACHO,RURAL,sierra,5750.0,79.611664
CP012444,0.0015375810229951857,15.375810229951858,1,030601,APURIMAC,CHINCHEROS,CHINCHEROS,RURAL,sierra,3583.0,2.57
CP012447,0.0015286050407703079,15.286050407703078,1,030601,APURIMAC,CHINCHEROS,CHINCHEROS,URBANO,sierra,359.0,3.6933334
CP012477,0.0012399427674866024,12.399427674866024,1,030602,APURIMAC,CHINCHEROS,ANCO_HUALLO,RURAL,sierra,3544.0,16.283333
CP012478,0.0012546694930447018,12.546694930447018,1,030602,APURIMAC,CHINCHEROS,ANCO_HUALLO,URBANO,sierra,1991.0,15.841666
CP013390,0.0,0.0,0,030603,APURIMAC,CHINCHEROS,COCHARCAS,RURAL,sierra,1725.0,65.611664
CP014313,0.0009236659493430155,9.236659493430155,1,030604,APURIMAC,CHINCHEROS,HUACCANA,RURAL,sierra,3325.5,24.88
CP014280,0.0,0.0,0,030604,APURIMAC,CHINCHEROS,HUACCANA,RURAL,sierra,3325.5,74.39
CP013404,0.0,0.0,0,030604,APURIMAC,CHINCHEROS,HUACCANA,URBANO,sierra,1656.0,73.62
CP012050,0.0011445174473679464,11.445174473679463,3,030605,APURIMAC,CHINCHEROS,OCOBAMBA,RURAL,sierra,3624.0,29.333334
CP011337,0.00030238880070223163,3.0238880070223164,4,030605,APURIMAC,CHINCHEROS,OCOBAMBA,RURAL,sierra,3624.0,54.508335
CP012249,0.0,0.0,0,030606,APURIMAC,CHINCHEROS,ONGOY,RURAL,sierra,3546.5,80.96667
CP012265,0.00011497424956204974,1.1497424956204974,1,030606,APURIMAC,CHINCHEROS,ONGOY,RURAL,sierra,3546.5,55.883335
CP012268,0.0,0.0,0,030606,APURIMAC,CHINCHEROS,ONGOY,URBANO,sierra,731.0,68.335
CP013195,0.0001658065210105807,1.658065210105807,3,030607,APURIMAC,CHINCHEROS,URANMARCA,RURAL,sierra,2038.0,55.658333
CP013177,0.00015326979819829304,1.5326979819829303,1,030607,APURIMAC,CHINCHEROS,URANMARCA,URBANO,sierra,313.0,52.701668
CP013210,0.0004964751230090553,4.964751230090553,1,030608,APURIMAC,CHINCHEROS,RANRACANCHA,RURAL,sierra,3558.0,36.946667
CP011190,0.0,0.0,0,030701,APURIMAC,GRAU,CHUQUIBAMBILLA,RURAL,sierra,2883.0,112.605
CP011375,0.0,0.0,0,030702,APURIMAC,GRAU,CURPAHUASI,RURAL,sierra,1922.0,125.69666
CP011401,0.0,0.0,0,030703,APURIMAC,GRAU,GAMARRA,RURAL,sierra,3542.0,114.85333
CP012324,0.0,0.0,0,030704,APURIMAC,GRAU,HUAYLLATI,RURAL,sierra,1315.0,94.75
CP012344,0.0,0.0,0,030705,APURIMAC,GRAU,MAMARA,RURAL,sierra,275.0,121.70167
CP013059,0.0,0.0,0,030706,APURIMAC,GRAU,MICAELA BASTIDAS,RURAL,sierra,718.0,105.3
CP013235,0.0,0.0,0,030707,APURIMAC,GRAU,PATAYPAMPA,RURAL,sierra,535.0,138.40167
CP013238,0.0,0.0,0,030707,APURIMAC,GRAU,PATAYPAMPA,URBANO,sierra,271.0,157.03166
CP013269,0.0005785157691424614,5.7851576914246134,1,030708,APURIMAC,GRAU,PROGRESO,RURAL,sierra,2015.0,42.516666
CP013287,0.0,0.0,0,030709,APURIMAC,GRAU,SAN ANTONIO,RURAL,sierra,47.0,115.683334
CP013980,0.0,0.0,0,030710,APURIMAC,GRAU,SANTA ROSA,RURAL,sierra,542.0,126.01667
CP014144,0.0,0.0,0,030711,APURIMAC,GRAU,TURPAY,RURAL,sierra,246.0,160.675
CP014154,0.0,0.0,0,030712,APURIMAC,GRAU,VILCABAMBA,RURAL,sierra,222.0,111.348335
CP014167,0.0,0.0,0,030713,APURIMAC,GRAU,VIRUNDO,RURAL,sierra,100.0,169.20833
CP014188,0.0,0.0,0,030714,APURIMAC,GRAU,CURASCO,RURAL,sierra,1022.0,76.10333
CP084637,0.0,0.0,0,040103,AREQUIPA,AREQUIPA,CAYMA,RURAL,sierra,593.0,64.05334
CP011427,0.0025171485587171046,25.171485587171045,32,040104,AREQUIPA,AREQUIPA,CERRO COLORADO,RURAL,sierra,562.0,14.383333
CP085786,0.002619645309862017,26.19645309862017,32,040105,AREQUIPA,AREQUIPA,CHARACATO,RURAL,sierra,1350.0,12.586667
CP011455,0.002028279092264168,20.28279092264168,32,040106,AREQUIPA,AREQUIPA,CHIGUATA,RURAL,sierra,820.0,20.981667
CP011452,0.0026724927003536013,26.724927003536013,32,040106,AREQUIPA,AREQUIPA,CHIGUATA,URBANO,sierra,1405.0,13.43
CP012645,4.465198191114232e-05,0.44651981911142324,1,040108,AREQUIPA,AREQUIPA,LA JOYA,RURAL,sierra,4155.0,58.523335
CP012621,0.0,0.0,0,040108,AREQUIPA,AREQUIPA,LA JOYA,RURAL,sierra,4155.0,64.81167
CP012615,4.18750829456228e-06,0.041875082945622796,1,040108,AREQUIPA,AREQUIPA,LA JOYA,URBANO,sierra,4233.0,59.841667
CP013358,0.002101328560746063,21.013285607460627,32,040111,AREQUIPA,AREQUIPA,MOLLEBAYA,RURAL,sierra,984.0,19.418333
CP013550,0.00041503419628198594,4.1503419628198595,31,040113,AREQUIPA,AREQUIPA,POCSI,RURAL,sierra,272.0,45.34833
CP013552,0.00044705790562824714,4.470579056282472,31,040113,AREQUIPA,AREQUIPA,POCSI,URBANO,sierra,138.0,42.683334
CP013579,0.0005821169150688878,5.821169150688878,32,040114,AREQUIPA,AREQUIPA,POLOBAYA,RURAL,sierra,914.0,39.353333
CP013571,0.00034449829453542556,3.4449829453542558,28,040114,AREQUIPA,AREQUIPA,POLOBAYA,URBANO,sierra,395.0,45.166668
CP014267,0.0016499399242143476,16.499399242143475,32,040115,AREQUIPA,AREQUIPA,QUEQUENA,RURAL,sierra,338.0,24.468334
CP086332,0.0021029813069253617,21.029813069253617,32,040116,AREQUIPA,AREQUIPA,SABANDIA,RURAL,sierra,216.0,18.218334
CP010859,0.002779523880612768,27.795238806127678,32,040116,AREQUIPA,AREQUIPA,SABANDIA,URBANO,sierra,492.0,10.79
CP010868,0.003094533225785955,30.94533225785955,32,040117,AREQUIPA,AREQUIPA,SACHACA,URBANO,sierra,441.0,9.85
CP010881,0.000574930165037501,5.74930165037501,1,040118,AREQUIPA,AREQUIPA,SAN JUAN DE SIGUAS,RURAL,sierra,868.0,18.82
CP011763,0.0,0.0,0,040119,AREQUIPA,AREQUIPA,SAN JUAN DE TARUCANI,RURAL,sierra,1448.0,142.92667
CP012694,0.0,0.0,0,040119,AREQUIPA,AREQUIPA,SAN JUAN DE TARUCANI,URBANO,sierra,359.0,99.31167
CP013634,0.0005885564470968098,5.885564470968099,1,040120,AREQUIPA,AREQUIPA,SANTA ISABEL DE SIGUAS,RURAL,sierra,1189.0,18.056667
CP014326,0.0001334902937501494,1.334902937501494,1,040121,AREQUIPA,AREQUIPA,SANTA RITA DE SIGUAS,RURAL,sierra,445.0,45.923332
CP010685,0.003110445418545945,31.104454185459453,32,040122,AREQUIPA,AREQUIPA,SOCABAYA,RURAL,sierra,678.0,10.696667
CP084620,0.002825702720135944,28.257027201359442,32,040122,AREQUIPA,AREQUIPA,SOCABAYA,URBANO,sierra,697.0,14.096666
CP084781,0.0031011696065104586,31.011696065104587,32,040123,AREQUIPA,AREQUIPA,TIABAYA,RURAL,sierra,1095.0,9.735
CP010694,0.0030020080210881174,30.020080210881172,32,040123,AREQUIPA,AREQUIPA,TIABAYA,URBANO,sierra,1543.0,10.495
CP084806,0.002417654530043829,24.176545300438292,32,040124,AREQUIPA,AREQUIPA,UCHUMAYO,RURAL,sierra,2865.0,17.881666
CP010717,0.0023421412051985793,23.421412051985794,32,040124,AREQUIPA,AREQUIPA,UCHUMAYO,URBANO,sierra,555.0,18.68
CP011549,0.0001452147263077594,1.4521472630775938,1,040125,AREQUIPA,AREQUIPA,VITOR,RURAL,sierra,1576.0,44.808334
CP087335,0.0,0.0,0,040126,AREQUIPA,AREQUIPA,YANAHUARA,RURAL,sierra,30.0,95.17834
CP011577,0.0016298236608079004,16.298236608079005,32,040127,AREQUIPA,AREQUIPA,YARABAMBA,RURAL,sierra,371.0,24.703333
CP011580,0.0011532184102574685,11.532184102574686,32,040127,AREQUIPA,AREQUIPA,YARABAMBA,URBANO,sierra,337.0,30.738333
CP012502,0.00017589926342257914,1.7589926342257913,24,040128,AREQUIPA,AREQUIPA,YURA,RURAL,sierra,1239.0,50.698334
CP084667,0.0,0.0,0,040201,AREQUIPA,CAMANA,CAMANA,RURAL,costa,573.0,73.1
CP012544,0.0,0.0,0,040202,AREQUIPA,CAMANA,JOSE MARIA QUIMPER,RURAL,costa,310.0,80.98
CP013228,0.0,0.0,0,040202,AREQUIPA,CAMANA,JOSE MARIA QUIMPER,URBANO,costa,2865.0,82.03667
CP013420,0.0,0.0,0,040203,AREQUIPA,CAMANA,MARIANO NICOLAS VALCARCEL,RURAL,costa,3769.0,189.55667
CP013416,0.0,0.0,0,040203,AREQUIPA,CAMANA,MARIANO NICOLAS VALCARCEL,URBANO,sierra,405.0,216.81833
CP013446,0.0,0.0,0,040204,AREQUIPA,CAMANA,MARISCAL CACERES,RURAL,costa,1278.0,96.93166
CP013438,0.0,0.0,0,040204,AREQUIPA,CAMANA,MARISCAL CACERES,URBANO,costa,804.0,87.83833
CP013456,0.0001313466023261156,1.313466023261156,1,040205,AREQUIPA,CAMANA,NICOLAS DE PIEROLA,RURAL,costa,703.0,57.78
CP013449,0.0,0.0,0,040205,AREQUIPA,CAMANA,NICOLAS DE PIEROLA,URBANO,costa,2046.0,75.14
CP010737,0.0,0.0,0,040206,AREQUIPA,CAMANA,OCONA,RURAL,costa,1102.0,133.07333
CP010744,0.0,0.0,0,040206,AREQUIPA,CAMANA,OCONA,URBANO,costa,2119.0,123.526665
CP010760,0.0,0.0,0,040207,AREQUIPA,CAMANA,QUILCA,RURAL,costa,639.0,68.63333
CP085036,0.0,0.0,0,040208,AREQUIPA,CAMANA,SAMUEL PASTOR,RURAL,costa,2019.0,72.098335
CP010789,0.0,0.0,0,040208,AREQUIPA,CAMANA,SAMUEL PASTOR,URBANO,costa,956.0,66.495
CP085639,0.0,0.0,0,040301,AREQUIPA,CARAVELI,CARAVELI,RURAL,sierra,221.0,157.66
CP011617,0.0,0.0,0,040302,AREQUIPA,CARAVELI,ACARI,RURAL,costa,488.0,63.885
CP011635,0.0,0.0,0,040303,AREQUIPA,CARAVELI,ATICO,RURAL,costa,876.0,154.60333
CP012369,0.00038507615173786596,3.85076151737866,1,040304,AREQUIPA,CARAVELI,ATIQUIPA,RURAL,costa,644.0,59.248333
CP012597,0.0,0.0,0,040305,AREQUIPA,CARAVELI,BELLA UNION,RURAL,costa,3089.0,82.13333
CP012590,0.0,0.0,0,040305,AREQUIPA,CARAVELI,BELLA UNION,URBANO,costa,185.0,80.415
CP012604,0.0,0.0,0,040306,AREQUIPA,CARAVELI,CAHUACHO,RURAL,sierra,629.0,86.915
CP013478,0.0,0.0,0,040307,AREQUIPA,CARAVELI,CHALA,RURAL,costa,461.0,82.36833
CP013507,0.0,0.0,0,040308,AREQUIPA,CARAVELI,CHAPARRA,RURAL,sierra,2235.0,140.49167
CP013489,0.0,0.0,0,040308,AREQUIPA,CARAVELI,CHAPARRA,URBANO,sierra,1289.0,124.835
CP014196,0.0,0.0,0,040309,AREQUIPA,CARAVELI,HUANUHUANU,RURAL,sierra,2448.0,119.97667
CP010805,0.004742035097440365,47.420350974403654,1,040310,AREQUIPA,CARAVELI,JAQUI,RURAL,costa,339.0,22.206667
CP010831,0.00010072893992167677,1.0072893992167677,1,040311,AREQUIPA,CARAVELI,LOMAS,RURAL,costa,124.0,48.54
CP010847,0.0,0.0,0,040312,AREQUIPA,CARAVELI,QUICACHA,RURAL,sierra,1573.0,109.60167
CP011669,0.0024672228202865924,24.672228202865924,1,040313,AREQUIPA,CARAVELI,YAUCA,RURAL,costa,266.0,35.753334
CP011678,0.0012650623455635215,12.650623455635216,1,040401,AREQUIPA,CASTILLA,APLAO,RURAL,sierra,4430.0,24.831667
CP011697,0.0020408067126347243,20.40806712634724,1,040401,AREQUIPA,CASTILLA,APLAO,URBANO,sierra,1739.0,6.475
CP012374,0.0,0.0,0,040402,AREQUIPA,CASTILLA,ANDAGUA,RURAL,sierra,481.0,116.473335
CP012376,0.0,0.0,0,040403,AREQUIPA,CASTILLA,AYO,RURAL,sierra,98.0,170.57834
CP012398,0.0,0.0,0,040404,AREQUIPA,CASTILLA,CHACHAS,RURAL,sierra,1717.0,163.84833
CP013773,0.0,0.0,0,040405,AREQUIPA,CASTILLA,CHILCAYMARCA,RURAL,sierra,365.0,188.80333
CP013797,0.0,0.0,0,040406,AREQUIPA,CASTILLA,CHOCO,RURAL,sierra,739.0,274.80832
CP013778,0.0,0.0,0,040406,AREQUIPA,CASTILLA,CHOCO,URBANO,sierra,162.0,234.515
CP011943,0.001744299977845159,17.44299977845159,1,040407,AREQUIPA,CASTILLA,HUANCARQUI,RURAL,sierra,254.0,15.185
CP011972,0.0,0.0,0,040408,AREQUIPA,CASTILLA,MACHAGUAY,RURAL,sierra,551.0,79.526665
CP012906,0.0,0.0,0,040409,AREQUIPA,CASTILLA,ORCOPAMPA,RURAL,sierra,1596.0,164.43333
CP086451,0.0,0.0,0,040410,AREQUIPA,CASTILLA,PAMPACOLCA,RURAL,sierra,1381.0,92.70167
CP013675,0.00012793122442468233,1.2793122442468234,1,040411,AREQUIPA,CASTILLA,TIPAN,RURAL,sierra,440.0,58.053333
CP013685,0.0,0.0,0,040412,AREQUIPA,CASTILLA,UNON,RURAL,sierra,103.0,97.36667
CP011786,0.0012310118047505674,12.310118047505673,1,040413,AREQUIPA,CASTILLA,URACA,RURAL,costa,4537.0,25.483334
CP011596,0.001272120796822386,12.72120796822386,1,040413,AREQUIPA,CASTILLA,URACA,URBANO,costa,426.0,24.696667
CP011825,0.0,0.0,0,040414,AREQUIPA,CASTILLA,VIRACO,RURAL,sierra,777.0,60.88
CP011834,0.0,0.0,0,040501,AREQUIPA,CAYLLOMA,CHIVAY,RURAL,sierra,259.0,185.17
CP013647,0.0,0.0,0,040502,AREQUIPA,CAYLLOMA,ACHOMA,RURAL,sierra,95.0,186.7
CP013841,0.0,0.0,0,040503,AREQUIPA,CAYLLOMA,CABANACONDE,RURAL,sierra,134.0,218.31
CP013838,0.0,0.0,0,040503,AREQUIPA,CAYLLOMA,CABANACONDE,URBANO,sierra,579.0,227.705
CP015101,0.0,0.0,0,040504,AREQUIPA,CAYLLOMA,CALLALLI,RURAL,sierra,1414.0,188.41833
CP015244,0.0,0.0,0,040505,AREQUIPA,CAYLLOMA,CAYLLOMA,RURAL,sierra,2351.0,140.24333
CP015176,0.0,0.0,0,040505,AREQUIPA,CAYLLOMA,CAYLLOMA,URBANO,sierra,312.0,83.44666
CP016055,0.0,0.0,0,040506,AREQUIPA,CAYLLOMA,COPORAQUE,RURAL,sierra,204.0,189.865
CP016064,0.0,0.0,0,040507,AREQUIPA,CAYLLOMA,HUAMBO,RURAL,sierra,365.0,167.67334
CP016924,0.0,0.0,0,040508,AREQUIPA,CAYLLOMA,HUANCA,RURAL,sierra,912.0,117.88
CP014397,0.0,0.0,0,040509,AREQUIPA,CAYLLOMA,ICHUPAMPA,RURAL,sierra,47.0,202.82834
CP014419,0.0,0.0,0,040510,AREQUIPA,CAYLLOMA,LARI,RURAL,sierra,121.0,214.685
CP016121,0.0,0.0,0,040511,AREQUIPA,CAYLLOMA,LLUTA,RURAL,sierra,878.0,115.50166
CP016092,0.0,0.0,0,040511,AREQUIPA,CAYLLOMA,LLUTA,URBANO,sierra,170.0,142.86
CP016947,0.0,0.0,0,040512,AREQUIPA,CAYLLOMA,MACA,RURAL,sierra,8.0,223.39166
CP016952,0.0,0.0,0,040513,AREQUIPA,CAYLLOMA,MADRIGAL,RURAL,sierra,15.0,245.38333
CP015299,0.0,0.0,0,040514,AREQUIPA,CAYLLOMA,SAN ANTONIO DE CHUCA,RURAL,sierra,967.0,157.50833
CP014486,0.0,0.0,0,040515,AREQUIPA,CAYLLOMA,SIBAYO,RURAL,sierra,274.0,134.33
CP016197,0.0,0.0,0,040516,AREQUIPA,CAYLLOMA,TAPAY,RURAL,sierra,550.0,241.70833
CP017048,0.0,0.0,0,040517,AREQUIPA,CAYLLOMA,TISCO,RURAL,sierra,1350.0,125.455
CP016886,0.0,0.0,0,040517,AREQUIPA,CAYLLOMA,TISCO,URBANO,sierra,262.0,123.065
CP017122,0.0,0.0,0,040518,AREQUIPA,CAYLLOMA,TUTI,RURAL,sierra,142.0,255.36
CP014585,0.0,0.0,0,040519,AREQUIPA,CAYLLOMA,YANQUE,RURAL,sierra,351.0,147.13333
CP014581,0.0,0.0,0,040519,AREQUIPA,CAYLLOMA,YANQUE,URBANO,sierra,617.0,148.885
CP016325,0.0006217159962693036,6.217159962693036,1,040520,AREQUIPA,CAYLLOMA,MAJES,RURAL,sierra,3882.25,16.13
CP016319,0.0007276735366418773,7.276735366418773,1,040520,AREQUIPA,CAYLLOMA,MAJES,RURAL,sierra,3882.25,8.43
CP016324,0.0006845488124611707,6.845488124611707,1,040520,AREQUIPA,CAYLLOMA,MAJES,RURAL,sierra,3882.25,12.02
CP017145,0.000618058134405212,6.18058134405212,1,040520,AREQUIPA,CAYLLOMA,MAJES,RURAL,sierra,3882.25,16.348333
CP016327,0.0007103222569643311,7.103222569643311,1,040520,AREQUIPA,CAYLLOMA,MAJES,URBANO,sierra,2942.0,10.003333
CP017157,0.00016902353221349276,1.6902353221349276,1,040601,AREQUIPA,CONDESUYOS,CHUQUIBAMBA,RURAL,sierra,822.0,55.095
CP014471,0.0,0.0,0,040602,AREQUIPA,CONDESUYOS,ANDARAY,RURAL,sierra,368.0,81.395
CP014671,0.0004021510086553215,4.0215100865532145,1,040603,AREQUIPA,CONDESUYOS,CAYARANI,RURAL,sierra,3234.0,33.88
CP016835,0.0,0.0,0,040604,AREQUIPA,CONDESUYOS,CHICHAS,RURAL,sierra,647.0,235.03334
CP016997,0.0005502781764708671,5.50278176470867,1,040605,AREQUIPA,CONDESUYOS,IRAY,RURAL,sierra,411.0,40.211666
CP017022,0.0,0.0,0,040606,AREQUIPA,CONDESUYOS,RIO GRANDE,RURAL,costa,1012.0,194.03
CP014692,0.0,0.0,0,040607,AREQUIPA,CONDESUYOS,SALAMANCA,RURAL,sierra,513.0,202.00166
CP014717,0.0,0.0,0,040608,AREQUIPA,CONDESUYOS,YANAQUIHUA,RURAL,sierra,4410.0,140.20667
CP015581,0.0023641890636125883,23.641890636125883,2,040701,AREQUIPA,ISLAY,MOLLENDO,RURAL,costa,1244.0,3.4433334
CP015599,0.00025810541097999576,2.5810541097999575,2,040702,AREQUIPA,ISLAY,COCACHACRA,RURAL,costa,1789.0,51.555
CP015591,0.0006942804130495126,6.942804130495126,2,040702,AREQUIPA,ISLAY,COCACHACRA,URBANO,costa,2172.0,38.38
CP016421,0.0012799057719181403,12.799057719181404,2,040703,AREQUIPA,ISLAY,DEAN VALDIVIA,RURAL,costa,1424.0,27.231667
CP016412,0.0011805624564484951,11.805624564484951,2,040703,AREQUIPA,ISLAY,DEAN VALDIVIA,URBANO,costa,578.0,28.95
CP087097,0.001993429510189421,19.93429510189421,2,040704,AREQUIPA,ISLAY,ISLAY,RURAL,costa,15.0,14.601666
CP016435,0.001849872460150657,18.49872460150657,2,040705,AREQUIPA,ISLAY,MEJIA,RURAL,costa,456.0,17.381666
CP016440,0.0005600677136361286,5.600677136361286,2,040706,AREQUIPA,ISLAY,PUNTA DE BOMBON,RURAL,costa,243.0,41.595
CP016438,0.0008278435520246649,8.27843552024665,2,040706,AREQUIPA,ISLAY,PUNTA DE BOMBON,URBANO,costa,624.0,35.531666
CP017264,0.0,0.0,0,040801,AREQUIPA,LA UNION,COTAHUASI,RURAL,sierra,1092.0,210.54167
CP017270,0.0,0.0,0,040802,AREQUIPA,LA UNION,ALCA,RURAL,sierra,817.0,218.02
CP017273,0.0,0.0,0,040802,AREQUIPA,LA UNION,ALCA,URBANO,sierra,1075.0,239.92166
CP017294,0.0,0.0,0,040803,AREQUIPA,LA UNION,CHARCANA,RURAL,sierra,280.0,250.41333
CP014763,0.0,0.0,0,040804,AREQUIPA,LA UNION,HUAYNACOTAS,RURAL,sierra,1380.0,232.92
CP017304,0.0,0.0,0,040804,AREQUIPA,LA UNION,HUAYNACOTAS,URBANO,sierra,849.0,244.08
CP015636,0.0,0.0,0,040805,AREQUIPA,LA UNION,PAMPAMARCA,RURAL,sierra,903.0,232.64166
CP015438,0.0,0.0,0,040805,AREQUIPA,LA UNION,PAMPAMARCA,URBANO,sierra,308.0,230.59334
CP016467,0.0,0.0,0,040806,AREQUIPA,LA UNION,PUYCA,RURAL,sierra,1917.0,174.90167
CP016485,0.0,0.0,0,040806,AREQUIPA,LA UNION,PUYCA,URBANO,sierra,285.0,194.98
CP017340,0.0,0.0,0,040807,AREQUIPA,LA UNION,QUECHUALLA,RURAL,sierra,219.0,272.47833
CP014798,0.0,0.0,0,040808,AREQUIPA,LA UNION,SAYLA,RURAL,sierra,390.0,275.14334
CP014811,0.0,0.0,0,040809,AREQUIPA,LA UNION,TAURIA,RURAL,sierra,161.0,265.43332
CP014822,0.0,0.0,0,040810,AREQUIPA,LA UNION,TOMEPAMPA,RURAL,sierra,546.0,243.79
CP014831,0.0,0.0,0,040811,AREQUIPA,LA UNION,TORO,RURAL,sierra,641.0,210.80667
CP015687,0.0012382680793762031,12.382680793762031,6,050101,AYACUCHO,HUAMANGA,AYACUCHO,RURAL,sierra,3399.0,4.761667
CP015688,0.0011579700563699126,11.579700563699125,5,050101,AYACUCHO,HUAMANGA,AYACUCHO,URBANO,sierra,1628.0,9.586667
CP015702,0.0,0.0,0,050102,AYACUCHO,HUAMANGA,ACOCRO,RURAL,sierra,3968.0,86.00667
CP015715,6.85332424433987e-05,0.6853324244339871,3,050102,AYACUCHO,HUAMANGA,ACOCRO,RURAL,sierra,3968.0,54.411667
CP015718,8.000548604781746e-05,0.8000548604781746,4,050102,AYACUCHO,HUAMANGA,ACOCRO,URBANO,sierra,474.0,53.735
CP016576,0.00019525124754636472,1.9525124754636471,5,050103,AYACUCHO,HUAMANGA,ACOS VINCHOS,RURAL,sierra,4502.0,46.67
CP084087,0.0008064278222415032,8.064278222415032,5,050104,AYACUCHO,HUAMANGA,CARMEN ALTO,RURAL,sierra,775.0,21.371666
CP017408,0.0004868237336204392,4.868237336204392,1,050105,AYACUCHO,HUAMANGA,CHIARA,RURAL,sierra,4841.0,36.095
CP017403,0.00031675964823636666,3.167596482363667,3,050105,AYACUCHO,HUAMANGA,CHIARA,URBANO,sierra,1280.0,43.333332
CP017422,0.0,0.0,0,050106,AYACUCHO,HUAMANGA,OCROS,RURAL,sierra,5356.0,99.61667
CP014868,0.0,0.0,0,050106,AYACUCHO,HUAMANGA,OCROS,URBANO,sierra,484.0,65.35333
CP085179,0.00024515773986306217,2.4515773986306217,6,050107,AYACUCHO,HUAMANGA,PACAYCASA,RURAL,sierra,2576.0,40.141666
CP014897,0.001023275301376075,10.232753013760751,6,050107,AYACUCHO,HUAMANGA,PACAYCASA,URBANO,sierra,821.0,18.928333
CP014908,0.00044836085717936733,4.483608571793673,6,050108,AYACUCHO,HUAMANGA,QUINUA,RURAL,sierra,4319.0,37.068333
CP016159,0.0009317497317762241,9.31749731776224,6,050109,AYACUCHO,HUAMANGA,SAN JOSE DE TICLLAS,RURAL,sierra,2358.0,21.356667
CP012426,0.001229968046133126,12.299680461331262,5,050110,AYACUCHO,HUAMANGA,SAN JUAN BAUTISTA,RURAL,sierra,837.0,3.9533334
CP016362,0.0,0.0,0,050111,AYACUCHO,HUAMANGA,SANTIAGO DE PISCHA,RURAL,sierra,968.0,69.85
CP016352,0.00040744723407613886,4.074472340761389,5,050111,AYACUCHO,HUAMANGA,SANTIAGO DE PISCHA,URBANO,sierra,367.0,36.216667
CP017211,0.00028472760140178506,2.847276014017851,5,050112,AYACUCHO,HUAMANGA,SOCOS,RURAL,sierra,5892.0,41.27
CP017205,0.0004888039524820363,4.888039524820363,5,050112,AYACUCHO,HUAMANGA,SOCOS,URBANO,sierra,373.0,32.633335
CP017244,0.00030034342580304355,3.0034342580304356,5,050113,AYACUCHO,HUAMANGA,TAMBILLO,RURAL,sierra,4876.0,39.108334
CP014964,0.00021658808994281698,2.1658808994281697,5,050114,AYACUCHO,HUAMANGA,VINCHOS,RURAL,sierra,5023.666666666667,44.836666
CP014920,0.0,0.0,0,050114,AYACUCHO,HUAMANGA,VINCHOS,RURAL,sierra,5023.666666666667,78.775
CP014955,0.0,0.0,0,050114,AYACUCHO,HUAMANGA,VINCHOS,RURAL,sierra,5023.666666666667,74.765
CP015032,0.0012694763443146639,12.69476344314664,6,050115,AYACUCHO,HUAMANGA,JESUS NAZARENO,RURAL,sierra,1294.0,4.911667
CP017551,0.0013708341060569584,13.708341060569584,1,050201,AYACUCHO,CANGALLO,CANGALLO,RURAL,sierra,4383.0,7.665
CP017537,0.0014155015087888674,14.155015087888673,1,050201,AYACUCHO,CANGALLO,CANGALLO,URBANO,sierra,108.0,4.4966664
CP016638,0.0,0.0,0,050202,AYACUCHO,CANGALLO,CHUSCHI,RURAL,sierra,4557.0,104.89
CP016651,0.0,0.0,0,050202,AYACUCHO,CANGALLO,CHUSCHI,URBANO,sierra,2406.0,63.238335
CP016743,0.0011328247427132686,11.328247427132686,1,050203,AYACUCHO,CANGALLO,LOS MOROCHUCOS,RURAL,sierra,5482.0,16.968334
CP016522,0.0005335633578121359,5.335633578121358,5,050203,AYACUCHO,CANGALLO,LOS MOROCHUCOS,URBANO,sierra,580.0,37.078335
CP015914,0.00021275015992315848,2.127501599231585,1,050204,AYACUCHO,CANGALLO,MARIA PARADO DE BELLIDO,RURAL,sierra,2394.0,47.933334
CP015891,0.0,0.0,0,050205,AYACUCHO,CANGALLO,PARAS,RURAL,sierra,3895.0,151.795
CP015888,0.0,0.0,0,050205,AYACUCHO,CANGALLO,PARAS,URBANO,sierra,423.0,164.28
CP020304,0.0,0.0,0,050206,AYACUCHO,CANGALLO,TOTOS,RURAL,sierra,2278.0,141.33333
CP020298,0.0,0.0,0,050206,AYACUCHO,CANGALLO,TOTOS,URBANO,sierra,755.0,150.99667
CP018704,0.0,0.0,0,050301,AYACUCHO,HUANCA SANCOS,SANCOS,RURAL,sierra,735.0,176.22
CP020546,0.0,0.0,0,050302,AYACUCHO,HUANCA SANCOS,CARAPO,RURAL,sierra,640.0,71.46167
CP019723,0.0,0.0,0,050302,AYACUCHO,HUANCA SANCOS,CARAPO,URBANO,sierra,1418.0,109.59
CP018159,0.0,0.0,0,050303,AYACUCHO,HUANCA SANCOS,SACSAMARCA,RURAL,sierra,820.0,118.70167
CP020577,0.0,0.0,0,050304,AYACUCHO,HUANCA SANCOS,SANTIAGO DE LUCANAMARCA,RURAL,sierra,1498.0,106.635
CP020583,0.0,0.0,0,050304,AYACUCHO,HUANCA SANCOS,SANTIAGO DE LUCANAMARCA,URBANO,sierra,557.0,110.42
CP018808,0.0005475076779533687,5.475076779533687,6,050401,AYACUCHO,HUANTA,HUANTA,RURAL,sierra,4401.5,2.97
CP018802,0.0005252678557062042,5.252678557062042,5,050401,AYACUCHO,HUANTA,HUANTA,RURAL,sierra,4401.5,4.4266667
CP018825,0.0005465882752458268,5.465882752458268,6,050401,AYACUCHO,HUANTA,HUANTA,URBANO,sierra,1470.0,4.3316665
CP019608,0.0,0.0,0,050402,AYACUCHO,HUANTA,AYAHUANCO,RURAL,sierra,3784.0,306.64667
CP019611,0.0,0.0,0,050402,AYACUCHO,HUANTA,AYAHUANCO,RURAL,sierra,3784.0,264.85834
CP019632,0.0,0.0,0,050402,AYACUCHO,HUANTA,AYAHUANCO,URBANO,sierra,338.0,102.395
CP020447,0.00074827423131477,7.4827423131477,6,050403,AYACUCHO,HUANTA,HUAMANGUILLA,RURAL,sierra,3781.0,22.636667
CP018016,0.0006681212518942539,6.681212518942538,6,050404,AYACUCHO,HUANTA,IGUAIN,RURAL,sierra,2231.0,10.525
CP018044,0.0003910880571200502,3.910880571200502,1,050405,AYACUCHO,HUANTA,LURICOCHA,RURAL,sierra,3684.0,14.325
CP018060,0.000453491344482859,4.53491344482859,2,050405,AYACUCHO,HUANTA,LURICOCHA,URBANO,sierra,534.0,6.8166666
CP018850,0.0,0.0,0,050406,AYACUCHO,HUANTA,SANTILLANA,RURAL,sierra,3295.0,87.89333
CP018894,2.923805805529683e-05,0.2923805805529683,1,050406,AYACUCHO,HUANTA,SANTILLANA,RURAL,sierra,3295.0,57.635
CP019675,0.0009502084959770345,9.502084959770345,3,050407,AYACUCHO,HUANTA,SIVIA,RURAL,sierra,3964.0,17.81
CP019693,0.0016044464683877251,16.04446468387725,3,050407,AYACUCHO,HUANTA,SIVIA,RURAL,sierra,3964.0,12.065
CP019704,0.0017346372566477215,17.346372566477214,3,050407,AYACUCHO,HUANTA,SIVIA,URBANO,sierra,709.0,17.168333
CP084651,0.0008272609469032514,8.272609469032513,3,050408,AYACUCHO,HUANTA,LLOCHEGUA,RURAL,sierra,3344.5,24.79
CP020501,0.0,0.0,0,050408,AYACUCHO,HUANTA,LLOCHEGUA,RURAL,sierra,3344.5,77.5
CP020504,0.0009674014081632906,9.674014081632906,3,050408,AYACUCHO,HUANTA,LLOCHEGUA,URBANO,sierra,1685.0,21.86
CP017949,0.0,0.0,0,050409,AYACUCHO,HUANTA,CANAYRE,RURAL,sierra,990.0,78.27167
CP020493,0.00012940975079885644,1.2940975079885644,1,050409,AYACUCHO,HUANTA,CANAYRE,URBANO,sierra,512.0,46.918335
CP018647,0.00015045311836792786,1.5045311836792787,2,050410,AYACUCHO,HUANTA,UCHURACCAY,RURAL,sierra,3221.0,51.038334
CP018648,0.0002624909354195551,2.6249093541955513,2,050410,AYACUCHO,HUANTA,UCHURACCAY,URBANO,sierra,470.0,44.191666
CP018103,0.0019639897324525532,19.63989732452553,1,050501,AYACUCHO,LA MAR,SAN MIGUEL,RURAL,sierra,3506.0,17.87
CP018113,0.002291093254248853,22.91093254248853,1,050501,AYACUCHO,LA MAR,SAN MIGUEL,RURAL,sierra,3506.0,11.585
CP018743,0.0024359697749074915,24.359697749074915,1,050501,AYACUCHO,LA MAR,SAN MIGUEL,URBANO,sierra,902.0,7.78
CP019913,0.0,0.0,0,050502,AYACUCHO,LA MAR,ANCO,RURAL,sierra,3896.0,80.78667
CP019898,0.0,0.0,0,050502,AYACUCHO,LA MAR,ANCO,RURAL,sierra,3896.0,81.026665
CP018943,0.0,0.0,0,050502,AYACUCHO,LA MAR,ANCO,URBANO,sierra,2163.0,82.92333
CP019931,0.0014316367274355376,14.316367274355375,3,050503,AYACUCHO,LA MAR,AYNA,RURAL,sierra,3192.0,13.658334
CP020570,0.0012603778604923432,12.603778604923432,3,050503,AYACUCHO,LA MAR,AYNA,URBANO,sierra,2216.0,20.13
CP020738,0.0,0.0,0,050504,AYACUCHO,LA MAR,CHILCAS,RURAL,sierra,2365.0,61.001667
CP018172,0.0,0.0,0,050505,AYACUCHO,LA MAR,CHUNGUI,RURAL,sierra,5703.0,154.465
CP019133,0.000407108903180187,4.07108903180187,1,050506,AYACUCHO,LA MAR,LUIS CARRANZA,RURAL,sierra,1082.0,47.015
CP084674,0.00021909993066370875,2.1909993066370874,2,050507,AYACUCHO,LA MAR,SANTA ROSA,RURAL,sierra,5662.0,47.636665
CP019957,0.0005283437642762906,5.283437642762906,2,050507,AYACUCHO,LA MAR,SANTA ROSA,URBANO,sierra,1738.0,33.768333
CP020777,0.002323865433621253,23.23865433621253,1,050508,AYACUCHO,LA MAR,TAMBO,RURAL,sierra,4621.5,10.823334
CP019994,0.0012496005361850122,12.496005361850122,1,050508,AYACUCHO,LA MAR,TAMBO,RURAL,sierra,4621.5,29.371666
CP020611,0.0018636856674344735,18.636856674344735,1,050508,AYACUCHO,LA MAR,TAMBO,URBANO,sierra,3471.0,19.553333
CP018085,0.0,0.0,0,050509,AYACUCHO,LA MAR,SAMUGARI,RURAL,sierra,4174.0,71.90667
CP018076,0.0002864961968242607,2.8649619682426066,2,050509,AYACUCHO,LA MAR,SAMUGARI,URBANO,sierra,1687.0,44.16
CP018929,0.0,0.0,0,050510,AYACUCHO,LA MAR,ANCHIHUAY,RURAL,sierra,2930.0,68.14
CP018181,0.0012170233480430863,12.170233480430863,1,050601,AYACUCHO,LUCANAS,PUQUIO,RURAL,sierra,1213.0,20.031666
CP018191,0.0015694589619611055,15.694589619611055,2,050601,AYACUCHO,LUCANAS,PUQUIO,URBANO,sierra,822.0,13.598333
CP019802,0.0,0.0,0,050602,AYACUCHO,LUCANAS,AUCARA,RURAL,sierra,961.0,113.003334
CP019026,0.0,0.0,0,050602,AYACUCHO,LUCANAS,AUCARA,URBANO,sierra,1461.0,111.778336
CP018239,0.0,0.0,0,050603,AYACUCHO,LUCANAS,CABANA,RURAL,sierra,285.0,70.03
CP020651,0.0,0.0,0,050603,AYACUCHO,LUCANAS,CABANA,URBANO,sierra,566.0,79.433334
CP018253,0.00035478767511709246,3.5478767511709246,1,050604,AYACUCHO,LUCANAS,CARMEN SALCEDO,RURAL,sierra,463.0,43.388332
CP019046,0.0019708618919421824,19.708618919421824,2,050605,AYACUCHO,LUCANAS,CHAVINA,RURAL,sierra,824.0,9.298333
CP019871,0.0,0.0,0,050606,AYACUCHO,LUCANAS,CHIPAO,RURAL,sierra,1968.0,101.471664
CP019864,0.0,0.0,0,050606,AYACUCHO,LUCANAS,CHIPAO,URBANO,sierra,781.0,82.613335
CP018277,0.0,0.0,0,050607,AYACUCHO,LUCANAS,HUAC-HUAS,RURAL,sierra,1987.0,71.09167
CP017768,0.0,0.0,0,050608,AYACUCHO,LUCANAS,LARAMATE,RURAL,sierra,1308.0,145.15167
CP017799,0.00011226839995250998,1.1226839995251,1,050609,AYACUCHO,LUCANAS,LEONCIO PRADO,RURAL,sierra,1254.0,47.178333
CP019392,0.0006274429914411199,6.2744299144112,1,050610,AYACUCHO,LUCANAS,LLAUTA,RURAL,sierra,996.0,35.323334
CP019367,0.0,0.0,0,050610,AYACUCHO,LUCANAS,LLAUTA,URBANO,sierra,166.0,95.51833
CP020052,0.0005698007025784551,5.698007025784551,1,050611,AYACUCHO,LUCANAS,LUCANAS,RURAL,sierra,1800.0,36.238335
CP017635,0.0008985034913020576,8.985034913020575,1,050611,AYACUCHO,LUCANAS,LUCANAS,URBANO,sierra,372.0,27.675
CP017694,0.0,0.0,0,050612,AYACUCHO,LUCANAS,OCANA,RURAL,sierra,2342.0,125.941666
CP017701,0.0,0.0,0,050612,AYACUCHO,LUCANAS,OCANA,URBANO,sierra,538.0,116.68833
CP019267,0.0,0.0,0,050613,AYACUCHO,LUCANAS,OTOCA,RURAL,sierra,2090.0,65.67167
CP020103,0.0,0.0,0,050614,AYACUCHO,LUCANAS,SAISA,RURAL,sierra,372.0,111.14667
CP017747,0.0,0.0,0,050615,AYACUCHO,LUCANAS,SAN CRISTOBAL,RURAL,sierra,828.0,76.136665
CP018501,0.0012531151021422083,12.531151021422083,1,050616,AYACUCHO,LUCANAS,SAN JUAN,RURAL,sierra,186.0,19.135
CP018504,0.0008104649320976658,8.104649320976657,1,050616,AYACUCHO,LUCANAS,SAN JUAN,URBANO,sierra,388.0,29.83
CP018520,0.00042884687683172776,4.288468768317277,1,050617,AYACUCHO,LUCANAS,SAN PEDRO,RURAL,sierra,1841.0,40.678333
CP018516,0.00047472422513827146,4.747242251382715,1,050617,AYACUCHO,LUCANAS,SAN PEDRO,URBANO,sierra,1060.0,39.148335
CP019504,0.0,0.0,0,050618,AYACUCHO,LUCANAS,SAN PEDRO DE PALCO,RURAL,sierra,1348.0,106.41
CP019559,0.0029746449507036476,29.746449507036477,1,050619,AYACUCHO,LUCANAS,SANCOS,RURAL,sierra,4604.0,32.458332
CP018757,0.0001769768992165686,1.769768992165686,1,050619,AYACUCHO,LUCANAS,SANCOS,URBANO,sierra,426.0,53.956665
CP017836,0.0,0.0,0,050620,AYACUCHO,LUCANAS,SANTA ANA DE HUAYCAHUACHO,RURAL,sierra,15.0,78.73167
CP017848,0.0,0.0,0,050621,AYACUCHO,LUCANAS,SANTA LUCIA,RURAL,sierra,890.0,96.99167
CP017737,0.0,0.0,0,050701,AYACUCHO,PARINACOCHAS,CORACORA,RURAL,sierra,4618.0,66.863335
CP018668,0.0013605945038103091,13.60594503810309,1,050702,AYACUCHO,PARINACOCHAS,CHUMPI,RURAL,sierra,952.0,21.453333
CP023148,0.0013698147905532594,13.698147905532593,1,050702,AYACUCHO,PARINACOCHAS,CHUMPI,URBANO,sierra,768.0,21.263334
CP023364,0.0,0.0,0,050703,AYACUCHO,PARINACOCHAS,CORONEL CASTANEDA,RURAL,sierra,1095.0,109.65
CP023380,0.0,0.0,0,050704,AYACUCHO,PARINACOCHAS,PACAPAUSA,RURAL,sierra,1087.0,89.88
CP021623,0.0,0.0,0,050705,AYACUCHO,PARINACOCHAS,PULLO,RURAL,sierra,1526.0,126.94
CP021625,0.0,0.0,0,050705,AYACUCHO,PARINACOCHAS,PULLO,URBANO,sierra,2382.0,121.06333
CP022240,0.00011636015205980654,1.1636015205980654,1,050706,AYACUCHO,PARINACOCHAS,PUYUSCA,RURAL,sierra,1213.0,58.44
CP022250,0.0006827229542999953,6.827229542999953,1,050706,AYACUCHO,PARINACOCHAS,PUYUSCA,URBANO,sierra,375.0,35.90167
CP023168,0.0,0.0,0,050707,AYACUCHO,PARINACOCHAS,SAN FRANCISCO DE RAVACAYCO,RURAL,sierra,506.0,125.403336
CP024095,0.0,0.0,0,050708,AYACUCHO,PARINACOCHAS,UPAHUACHO,RURAL,sierra,1691.0,83.9
CP022517,0.0,0.0,0,050801,AYACUCHO,PAUCAR DEL SARA SARA,PAUSA,RURAL,sierra,759.0,89.355
CP021672,0.0,0.0,0,050801,AYACUCHO,PAUCAR DEL SARA SARA,PAUSA,URBANO,sierra,321.0,100.24333
CP022552,0.0,0.0,0,050802,AYACUCHO,PAUCAR DEL SARA SARA,COLTA,RURAL,sierra,473.0,178.18333
CP022554,0.0,0.0,0,050803,AYACUCHO,PAUCAR DEL SARA SARA,CORCULLA,RURAL,sierra,263.0,197.14667
CP023263,0.0,0.0,0,050804,AYACUCHO,PAUCAR DEL SARA SARA,LAMPA,RURAL,sierra,548.0,72.115
CP023423,0.0,0.0,0,050804,AYACUCHO,PAUCAR DEL SARA SARA,LAMPA,URBANO,sierra,1572.0,105.06834
CP023442,0.0,0.0,0,050805,AYACUCHO,PAUCAR DEL SARA SARA,MARCABAMBA,RURAL,sierra,165.0,115.00166
CP023438,0.0,0.0,0,050805,AYACUCHO,PAUCAR DEL SARA SARA,MARCABAMBA,URBANO,sierra,181.0,114.26833
CP023448,0.0,0.0,0,050806,AYACUCHO,PAUCAR DEL SARA SARA,OYOLO,RURAL,sierra,550.0,154.84334
CP021677,0.0,0.0,0,050807,AYACUCHO,PAUCAR DEL SARA SARA,PARARCA,RURAL,sierra,239.0,86.011665
CP021689,0.0,0.0,0,050808,AYACUCHO,PAUCAR DEL SARA SARA,SAN JAVIER DE ALPABAMBA,RURAL,sierra,443.0,115.291664
CP021699,0.0,0.0,0,050809,AYACUCHO,PAUCAR DEL SARA SARA,SAN JOSE DE USHUA,RURAL,sierra,63.0,194.19
CP021704,0.0,0.0,0,050810,AYACUCHO,PAUCAR DEL SARA SARA,SARA SARA,RURAL,sierra,138.0,62.633335
CP022570,0.0,0.0,0,050901,AYACUCHO,SUCRE,QUEROBAMBA,RURAL,sierra,1117.0,117.778336
CP022578,0.0,0.0,0,050902,AYACUCHO,SUCRE,BELEN,RURAL,sierra,134.0,185.025
CP022588,0.0,0.0,0,050903,AYACUCHO,SUCRE,CHALCOS,RURAL,sierra,468.0,172.70833
CP022598,0.0,0.0,0,050904,AYACUCHO,SUCRE,CHILCAYOC,RURAL,sierra,358.0,161.55833
CP023330,0.0,0.0,0,050905,AYACUCHO,SUCRE,HUACANA,RURAL,sierra,247.0,140.37334
CP023497,0.0,0.0,0,050906,AYACUCHO,SUCRE,MORCOLLA,RURAL,sierra,541.0,152.27333
CP023484,0.0,0.0,0,050906,AYACUCHO,SUCRE,MORCOLLA,URBANO,sierra,551.0,113.621666
CP020852,0.0,0.0,0,050907,AYACUCHO,SUCRE,PAICO,RURAL,sierra,408.0,105.165
CP020850,0.0,0.0,0,050907,AYACUCHO,SUCRE,PAICO,URBANO,sierra,404.0,143.715
CP020866,0.0,0.0,0,050908,AYACUCHO,SUCRE,SAN PEDRO DE LARCAY,RURAL,sierra,417.0,79.52333
CP021586,0.0,0.0,0,050909,AYACUCHO,SUCRE,SAN SALVADOR DE QUIJE,RURAL,sierra,1245.0,154.69833
CP021737,0.0,0.0,0,050910,AYACUCHO,SUCRE,SANTIAGO DE PAUCARAY,RURAL,sierra,225.0,98.21833
CP021740,0.0,0.0,0,050910,AYACUCHO,SUCRE,SANTIAGO DE PAUCARAY,URBANO,sierra,421.0,85.83667
CP022632,0.0,0.0,0,050911,AYACUCHO,SUCRE,SORAS,RURAL,sierra,176.0,112.206665
CP022644,0.0014130974904190837,14.130974904190836,1,051001,AYACUCHO,VICTOR FAJARDO,HUANCAPI,RURAL,sierra,252.0,4.7183332
CP020907,0.0007610063760234258,7.610063760234258,1,051002,AYACUCHO,VICTOR FAJARDO,ALCAMENCA,RURAL,sierra,572.0,27.676666
CP020917,0.0002221199467659525,2.2211994676595253,1,051002,AYACUCHO,VICTOR FAJARDO,ALCAMENCA,URBANO,sierra,1489.0,47.39
CP020923,0.0,0.0,0,051003,AYACUCHO,VICTOR FAJARDO,APONGO,RURAL,sierra,358.0,162.895
CP020926,0.0,0.0,0,051004,AYACUCHO,VICTOR FAJARDO,ASQUIPATA,RURAL,sierra,310.0,173.92667
CP021756,0.0,0.0,0,051005,AYACUCHO,VICTOR FAJARDO,CANARIA,RURAL,sierra,704.0,76.67834
CP021755,0.0,0.0,0,051005,AYACUCHO,VICTOR FAJARDO,CANARIA,URBANO,sierra,2111.0,74.67167
CP022497,0.0003548679575799423,3.5486795757994227,1,051006,AYACUCHO,VICTOR FAJARDO,CAYARA,RURAL,sierra,416.0,41.021667
CP023388,0.0012053955722417262,12.053955722417262,1,051007,AYACUCHO,VICTOR FAJARDO,COLCA,RURAL,sierra,506.0,14.605
CP023398,0.0,0.0,0,051008,AYACUCHO,VICTOR FAJARDO,HUAMANQUIQUIA,RURAL,sierra,753.0,99.57667
CP020963,0.0006230437071814614,6.230437071814614,1,051009,AYACUCHO,VICTOR FAJARDO,HUANCARAYLLA,RURAL,sierra,75.0,31.723333
CP020964,0.0006077159647524069,6.077159647524069,1,051009,AYACUCHO,VICTOR FAJARDO,HUANCARAYLLA,URBANO,sierra,1143.0,32.191666
CP021812,0.0,0.0,0,051010,AYACUCHO,VICTOR FAJARDO,HUAYA,RURAL,sierra,254.0,104.558334
CP021814,0.0002410455662452321,2.4104556624523212,1,051010,AYACUCHO,VICTOR FAJARDO,HUAYA,URBANO,sierra,715.0,46.341667
CP022746,0.0,0.0,0,051011,AYACUCHO,VICTOR FAJARDO,SARHUA,RURAL,sierra,439.0,87.94666
CP022736,0.0,0.0,0,051011,AYACUCHO,VICTOR FAJARDO,SARHUA,URBANO,sierra,1304.0,163.75667
CP023459,0.0,0.0,0,051012,AYACUCHO,VICTOR FAJARDO,VILCANCHOS,RURAL,sierra,1969.0,157.42
CP023654,0.0,0.0,0,051012,AYACUCHO,VICTOR FAJARDO,VILCANCHOS,URBANO,sierra,543.0,159.85333
CP022604,0.0,0.0,0,051101,AYACUCHO,VILCAS HUAMAN,VILCAS HUAMAN,RURAL,sierra,5702.0,80.348335
CP022799,0.0,0.0,0,051102,AYACUCHO,VILCAS HUAMAN,ACCOMARCA,RURAL,sierra,318.0,86.29667
CP022801,0.0,0.0,0,051102,AYACUCHO,VILCAS HUAMAN,ACCOMARCA,URBANO,sierra,400.0,89.45333
CP023516,0.0,0.0,0,051103,AYACUCHO,VILCAS HUAMAN,CARHUANCA,RURAL,sierra,511.0,141.01666
CP022812,0.0,0.0,0,051103,AYACUCHO,VILCAS HUAMAN,CARHUANCA,URBANO,sierra,138.0,129.92
CP023706,0.0,0.0,0,051104,AYACUCHO,VILCAS HUAMAN,CONCEPCION,RURAL,sierra,2627.0,104.81
CP021054,0.0,0.0,0,051105,AYACUCHO,VILCAS HUAMAN,HUAMBALPA,RURAL,sierra,1779.0,108.066666
CP021063,0.0,0.0,0,051106,AYACUCHO,VILCAS HUAMAN,INDEPENDENCIA,RURAL,sierra,1205.0,137.895
CP021754,0.0,0.0,0,051107,AYACUCHO,VILCAS HUAMAN,SAURAMA,RURAL,sierra,1138.0,108.605
CP021941,8.577830028618407e-05,0.8577830028618406,1,051108,AYACUCHO,VILCAS HUAMAN,VISCHONGO,RURAL,sierra,3276.0,58.216667
CP021921,0.00012227470235600294,1.2227470235600293,1,051108,AYACUCHO,VILCAS HUAMAN,VISCHONGO,URBANO,sierra,406.0,54.435
CP022860,0.001442721770945463,14.427217709454629,8,060101,CAJAMARCA,CAJAMARCA,CAJAMARCA,RURAL,sierra,4512.0,17.161667
CP022843,0.0011193234405305764,11.193234405305764,8,060101,CAJAMARCA,CAJAMARCA,CAJAMARCA,RURAL,sierra,4512.0,23.633333
CP022840,0.0009655869293854728,9.655869293854728,8,060101,CAJAMARCA,CAJAMARCA,CAJAMARCA,RURAL,sierra,4512.0,26.768333
CP022839,0.000974319536908207,9.74319536908207,8,060101,CAJAMARCA,CAJAMARCA,CAJAMARCA,RURAL,sierra,4512.0,26.586666
CP022828,0.0012626246646160644,12.626246646160643,8,060101,CAJAMARCA,CAJAMARCA,CAJAMARCA,RURAL,sierra,4512.0,20.778334
CP023755,0.0018963397140930101,18.963397140930102,8,060101,CAJAMARCA,CAJAMARCA,CAJAMARCA,RURAL,sierra,4512.0,8.158334
CP022857,0.0017208129837778573,17.20812983777857,8,060101,CAJAMARCA,CAJAMARCA,CAJAMARCA,RURAL,sierra,4512.0,11.055
CP022842,0.001103802399873422,11.03802399873422,8,060101,CAJAMARCA,CAJAMARCA,CAJAMARCA,RURAL,sierra,4512.0,23.945
CP021102,0.0,0.0,0,060102,CAJAMARCA,CAJAMARCA,ASUNCION,RURAL,sierra,3623.3333333333335,62.978333
CP021113,0.0,0.0,0,060102,CAJAMARCA,CAJAMARCA,ASUNCION,RURAL,sierra,3623.3333333333335,66.566666
CP021103,0.0002828445033166579,2.828445033166579,8,060102,CAJAMARCA,CAJAMARCA,ASUNCION,RURAL,sierra,3623.3333333333335,47.256668
CP021996,0.00024967643854415043,2.4967643854415043,8,060103,CAJAMARCA,CAJAMARCA,CHETILLA,RURAL,sierra,3600.0,48.46
CP023572,0.0,0.0,0,060104,CAJAMARCA,CAJAMARCA,COSPAN,RURAL,sierra,3673.5,87.71667
CP023594,0.0,0.0,0,060104,CAJAMARCA,CAJAMARCA,COSPAN,RURAL,sierra,3673.5,83.291664
CP022041,0.0003958536732160412,3.958536732160412,8,060105,CAJAMARCA,CAJAMARCA,ENCANADA,RURAL,sierra,4387.0,42.68833
CP021152,0.0,0.0,0,060105,CAJAMARCA,CAJAMARCA,ENCANADA,RURAL,sierra,4387.0,61.67
CP022042,0.00039005931739276626,3.9005931739276627,8,060105,CAJAMARCA,CAJAMARCA,ENCANADA,RURAL,sierra,4387.0,43.566666
CP023605,9.950707850021202e-05,0.9950707850021202,1,060105,CAJAMARCA,CAJAMARCA,ENCANADA,RURAL,sierra,4387.0,37.90333
CP021163,0.0003400835711564436,3.400835711564436,8,060105,CAJAMARCA,CAJAMARCA,ENCANADA,RURAL,sierra,4387.0,42.296665
CP022957,0.0002852897187539027,2.852897187539027,8,060106,CAJAMARCA,CAJAMARCA,JESUS,RURAL,sierra,3966.6666666666665,45.961666
CP022079,0.0008440288921742164,8.440288921742164,8,060106,CAJAMARCA,CAJAMARCA,JESUS,RURAL,sierra,3966.6666666666665,29.876667
CP022055,0.0015956412716276896,15.956412716276896,8,060106,CAJAMARCA,CAJAMARCA,JESUS,RURAL,sierra,3966.6666666666665,14.513333
CP023012,0.0018006005200777542,18.00600520077754,8,060107,CAJAMARCA,CAJAMARCA,LLACANORA,RURAL,sierra,4453.0,9.625
CP021211,0.0009851046171883435,9.851046171883436,8,060108,CAJAMARCA,CAJAMARCA,LOS BANOS DEL INCA,RURAL,sierra,4554.0,26.31
CP023902,0.0019709838175970065,19.709838175970066,8,060108,CAJAMARCA,CAJAMARCA,LOS BANOS DEL INCA,RURAL,sierra,4554.0,3.6416667
CP021212,0.0019820043538872198,19.8200435388722,8,060108,CAJAMARCA,CAJAMARCA,LOS BANOS DEL INCA,RURAL,sierra,4554.0,3.5583334
CP023881,0.0010141014274316854,10.141014274316854,8,060108,CAJAMARCA,CAJAMARCA,LOS BANOS DEL INCA,RURAL,sierra,4554.0,26.68
CP023871,0.0013711755216965504,13.711755216965503,8,060108,CAJAMARCA,CAJAMARCA,LOS BANOS DEL INCA,RURAL,sierra,4554.0,17.785
CP023893,0.0019495751392952219,19.49575139295222,8,060108,CAJAMARCA,CAJAMARCA,LOS BANOS DEL INCA,URBANO,sierra,2687.0,4.465
CP021224,0.0009344350743254912,9.344350743254912,8,060109,CAJAMARCA,CAJAMARCA,MAGDALENA,RURAL,sierra,6110.0,28.87
CP022133,0.0005704677760951327,5.704677760951327,8,060109,CAJAMARCA,CAJAMARCA,MAGDALENA,URBANO,sierra,902.0,37.661667
CP022142,0.0009892551842101323,9.892551842101323,8,060110,CAJAMARCA,CAJAMARCA,MATARA,RURAL,sierra,3023.0,26.8
CP023033,0.0004674921072650159,4.674921072650159,8,060111,CAJAMARCA,CAJAMARCA,NAMORA,RURAL,sierra,4137.5,39.40333
CP023049,0.0013034004156846765,13.034004156846764,8,060111,CAJAMARCA,CAJAMARCA,NAMORA,RURAL,sierra,4137.5,20.513334
CP023073,0.0009505416444207601,9.5054164442076,8,060112,CAJAMARCA,CAJAMARCA,SAN JUAN,RURAL,sierra,3881.0,28.835
CP023976,0.0004582808030097633,4.582808030097633,2,060201,CAJAMARCA,CAJABAMBA,CAJABAMBA,RURAL,sierra,4562.666666666667,24.351667
CP023969,0.0006730702145530472,6.730702145530472,1,060201,CAJAMARCA,CAJABAMBA,CAJABAMBA,RURAL,sierra,4562.666666666667,6.633333
CP023961,0.0004985814990151825,4.985814990151825,1,060201,CAJAMARCA,CAJABAMBA,CAJABAMBA,RURAL,sierra,4562.666666666667,20.115
CP021954,0.0,0.0,0,060202,CAJAMARCA,CAJABAMBA,CACHACHI,RURAL,sierra,4591.2,96.75
CP021315,0.00014541909196942802,1.4541909196942802,1,060202,CAJAMARCA,CAJABAMBA,CACHACHI,RURAL,sierra,4591.2,43.42
CP022202,0.0,0.0,0,060202,CAJAMARCA,CAJABAMBA,CACHACHI,RURAL,sierra,4591.2,88.445
CP022198,0.0,0.0,0,060202,CAJAMARCA,CAJABAMBA,CACHACHI,RURAL,sierra,4591.2,91.153336
CP022189,7.735420970348361e-05,0.7735420970348361,1,060202,CAJAMARCA,CAJABAMBA,CACHACHI,RURAL,sierra,4591.2,51.418335
CP022181,0.0,0.0,0,060202,CAJAMARCA,CAJABAMBA,CACHACHI,URBANO,sierra,532.0,70.276665
CP024012,0.0005363609669853407,5.363609669853407,1,060203,CAJAMARCA,CAJABAMBA,CONDEBAMBA,RURAL,sierra,4231.0,17.8
CP024008,0.0005256236366749545,5.256236366749545,1,060203,CAJAMARCA,CAJABAMBA,CONDEBAMBA,RURAL,sierra,4231.0,18.47
CP023146,0.00038782554960007883,3.8782554960007882,1,060203,CAJAMARCA,CAJABAMBA,CONDEBAMBA,RURAL,sierra,4231.0,26.58
CP024030,0.0,0.0,0,060204,CAJAMARCA,CAJABAMBA,SITACOCHA,RURAL,sierra,3279.0,99.361664
CP024022,0.0,0.0,0,060204,CAJAMARCA,CAJABAMBA,SITACOCHA,RURAL,sierra,3279.0,142.42
CP024019,0.0,0.0,0,060204,CAJAMARCA,CAJABAMBA,SITACOCHA,URBANO,sierra,259.0,62.18
CP021378,0.0011763462362827288,11.763462362827289,2,060301,CAJAMARCA,CELENDIN,CELENDIN,RURAL,sierra,4105.0,34.705
CP021390,0.0016768457680799102,16.768457680799102,2,060301,CAJAMARCA,CELENDIN,CELENDIN,RURAL,sierra,4105.0,27.93
CP022683,0.0,0.0,0,060302,CAJAMARCA,CELENDIN,CHUMUCH,RURAL,sierra,2886.0,154.155
CP022918,0.0,0.0,0,060303,CAJAMARCA,CELENDIN,CORTEGANA,RURAL,sierra,3855.5,91.87334
CP022919,0.0,0.0,0,060303,CAJAMARCA,CELENDIN,CORTEGANA,RURAL,sierra,3855.5,85.53167
CP023805,0.0018472963050932606,18.472963050932606,2,060304,CAJAMARCA,CELENDIN,HUASMIN,RURAL,sierra,4421.333333333333,25.026667
CP023834,0.0,0.0,0,060304,CAJAMARCA,CELENDIN,HUASMIN,RURAL,sierra,4421.333333333333,95.95333
CP085360,0.0,0.0,0,060304,CAJAMARCA,CELENDIN,HUASMIN,RURAL,sierra,4421.333333333333,72.48
CP023851,0.0026098403479793363,26.09840347979336,2,060305,CAJAMARCA,CELENDIN,JORGE CHAVEZ,RURAL,sierra,406.0,15.948334
CP021412,0.0026213731745807945,26.213731745807944,2,060306,CAJAMARCA,CELENDIN,JOSE GALVEZ,RURAL,sierra,2019.0,15.781667
CP021436,0.0,0.0,0,060307,CAJAMARCA,CELENDIN,MIGUEL IGLESIAS,RURAL,sierra,4325.0,79.31167
CP022298,0.0,0.0,0,060308,CAJAMARCA,CELENDIN,OXAMARCA,RURAL,sierra,5876.0,71.945
CP021485,0.0,0.0,0,060309,CAJAMARCA,CELENDIN,SOROCHUCO,RURAL,sierra,4628.0,63.66
CP022338,0.0,0.0,0,060309,CAJAMARCA,CELENDIN,SOROCHUCO,RURAL,sierra,4628.0,75.965
CP023986,0.0005227937654219597,5.2279376542195966,2,060310,CAJAMARCA,CELENDIN,SUCRE,RURAL,sierra,4738.0,46.74
CP024192,0.0007247525278320228,7.247525278320229,2,060311,CAJAMARCA,CELENDIN,UTCO,RURAL,sierra,1322.0,42.158333
CP023199,0.0,0.0,0,060312,CAJAMARCA,CELENDIN,LA LIBERTAD DE PALLAN,RURAL,sierra,3511.5,78.308334
CP023017,0.0,0.0,0,060312,CAJAMARCA,CELENDIN,LA LIBERTAD DE PALLAN,RURAL,sierra,3511.5,80.545
CP022148,0.0007382693923648652,7.3826939236486515,4,060401,CAJAMARCA,CHOTA,CHOTA,RURAL,sierra,4374.857142857143,21.723333
CP023240,0.0007828685643697706,7.828685643697706,4,060401,CAJAMARCA,CHOTA,CHOTA,RURAL,sierra,4374.857142857143,20.12
CP023217,0.00095261216740511,9.5261216740511,6,060401,CAJAMARCA,CHOTA,CHOTA,RURAL,sierra,4374.857142857143,14.73
CP023286,0.0006651568932097204,6.651568932097203,4,060401,CAJAMARCA,CHOTA,CHOTA,RURAL,sierra,4374.857142857143,23.105
CP023216,0.0011654481314475708,11.654481314475708,6,060401,CAJAMARCA,CHOTA,CHOTA,RURAL,sierra,4374.857142857143,18.71
CP023302,0.0010729281843362744,10.729281843362745,6,060401,CAJAMARCA,CHOTA,CHOTA,RURAL,sierra,4374.857142857143,11.601666
CP023223,0.0010422512534404872,10.422512534404872,6,060401,CAJAMARCA,CHOTA,CHOTA,RURAL,sierra,4374.857142857143,12.875
CP023311,0.0,0.0,0,060402,CAJAMARCA,CHOTA,ANGUIA,RURAL,sierra,3905.0,70.29833
CP023326,0.0,0.0,0,060403,CAJAMARCA,CHOTA,CHADIN,RURAL,sierra,3417.0,62.45
CP022411,0.0003793679733423595,3.7936797334235948,5,060404,CAJAMARCA,CHOTA,CHIGUIRIP,RURAL,sierra,4275.0,36.251667
CP022445,0.0,0.0,0,060405,CAJAMARCA,CHOTA,CHIMBAN,RURAL,sierra,2768.0,138.90167
CP022458,0.0,0.0,0,060406,CAJAMARCA,CHOTA,CHOROPAMPA,RURAL,sierra,2846.0,83.665
CP022346,0.0008063116578622719,8.063116578622719,5,060407,CAJAMARCA,CHOTA,COCHABAMBA,RURAL,sierra,5400.0,19.941668
CP022379,0.0005830136412498636,5.830136412498636,6,060408,CAJAMARCA,CHOTA,CONCHAN,RURAL,sierra,5924.0,31.445
CP021526,0.0,0.0,0,060409,CAJAMARCA,CHOTA,HUAMBOS,RURAL,sierra,4215.0,73.60667
CP021549,0.00041080329896150275,4.108032989615028,5,060409,CAJAMARCA,CHOTA,HUAMBOS,RURAL,sierra,4215.0,40.65333
CP024120,0.0007725925647224233,7.7259256472242335,6,060410,CAJAMARCA,CHOTA,LAJAS,RURAL,sierra,3663.3333333333335,19.233334
CP023916,0.0009912154038730421,9.91215403873042,6,060410,CAJAMARCA,CHOTA,LAJAS,RURAL,sierra,3663.3333333333335,21.068333
CP024121,0.000651568093079209,6.51568093079209,6,060410,CAJAMARCA,CHOTA,LAJAS,RURAL,sierra,3663.3333333333335,22.798334
CP026680,5.913446689123167e-06,0.059134466891231675,1,060411,CAJAMARCA,CHOTA,LLAMA,RURAL,costa,3568.0,59.601665
CP026659,7.105959574533144e-06,0.07105959574533144,1,060411,CAJAMARCA,CHOTA,LLAMA,RURAL,sierra,3568.0,57.72
CP026704,0.0,0.0,0,060412,CAJAMARCA,CHOTA,MIRACOSTA,RURAL,sierra,3561.0,172.97667
CP027713,6.140573952273762e-05,0.6140573952273761,1,060413,CAJAMARCA,CHOTA,PACCHA,RURAL,sierra,4162.0,44.908333
CP027738,0.0,0.0,0,060414,CAJAMARCA,CHOTA,PION,RURAL,sierra,744.0,133.98666
CP027735,0.0,0.0,0,060414,CAJAMARCA,CHOTA,PION,URBANO,sierra,410.0,92.013336
CP024662,0.0,0.0,0,060415,CAJAMARCA,CHOTA,QUEROCOTO,RURAL,sierra,4150.0,80.925
CP024669,0.0,0.0,0,060415,CAJAMARCA,CHOTA,QUEROCOTO,RURAL,sierra,4150.0,82.371666
CP027747,0.0,0.0,0,060415,CAJAMARCA,CHOTA,QUEROCOTO,URBANO,sierra,549.0,80.93667
CP024707,0.0,0.0,0,060416,CAJAMARCA,CHOTA,SAN JUAN DE LICUPIS,RURAL,sierra,908.0,105.15
CP025701,0.0001699241542923277,1.699241542923277,2,060417,CAJAMARCA,CHOTA,TACABAMBA,RURAL,sierra,3883.75,44.79
CP025715,0.0,0.0,0,060417,CAJAMARCA,CHOTA,TACABAMBA,RURAL,sierra,3883.75,87.543335
CP025730,2.1046731876711336e-05,0.21046731876711336,1,060417,CAJAMARCA,CHOTA,TACABAMBA,RURAL,sierra,3883.75,57.195
CP025718,0.00016656283839158742,1.665628383915874,5,060417,CAJAMARCA,CHOTA,TACABAMBA,RURAL,sierra,3883.75,47.975
CP026987,0.0,0.0,0,060418,CAJAMARCA,CHOTA,TOCMOCHE,RURAL,sierra,779.0,103.51
CP027025,0.00012720939446330982,1.272093944633098,4,060419,CAJAMARCA,CHOTA,CHALAMARCA,RURAL,sierra,4881.5,49.453335
CP027007,0.0,0.0,0,060419,CAJAMARCA,CHOTA,CHALAMARCA,RURAL,sierra,4881.5,79.43833
CP028028,0.00019425686222728972,1.9425686222728973,8,060501,CAJAMARCA,CONTUMAZA,CONTUMAZA,RURAL,sierra,5805.0,51.69
CP025018,0.0,0.0,0,060502,CAJAMARCA,CONTUMAZA,CHILETE,RURAL,sierra,758.0,63.085
CP026064,0.0,0.0,0,060503,CAJAMARCA,CONTUMAZA,CUPISNIQUE,RURAL,sierra,1286.0,107.07833
CP027056,0.0,0.0,0,060504,CAJAMARCA,CONTUMAZA,GUZMANGO,RURAL,sierra,2768.0,145.305
CP028128,0.0,0.0,0,060505,CAJAMARCA,CONTUMAZA,SAN BENITO,RURAL,sierra,3034.0,85.81834
CP024804,0.0,0.0,0,060506,CAJAMARCA,CONTUMAZA,SANTA CRUZ DE TOLED,RURAL,sierra,1117.0,113.488335
CP025844,0.0,0.0,0,060507,CAJAMARCA,CONTUMAZA,TANTARICA,RURAL,sierra,1172.0,116.90833
CP025835,0.0,0.0,0,060507,CAJAMARCA,CONTUMAZA,TANTARICA,URBANO,sierra,1064.0,69.58
CP026847,0.000401704012636838,4.0170401263683795,4,060508,CAJAMARCA,CONTUMAZA,YONAN,RURAL,costa,2650.0,31.951666
CP025871,0.0003372266894080769,3.3722668940807687,4,060508,CAJAMARCA,CONTUMAZA,YONAN,URBANO,costa,1264.0,34.713333
CP027929,0.001253190383906766,12.53190383906766,6,060601,CAJAMARCA,CUTERVO,CUTERVO,RURAL,sierra,4542.0,9.78
CP026891,0.0010212649858233626,10.212649858233627,5,060601,CAJAMARCA,CUTERVO,CUTERVO,RURAL,sierra,4542.0,7.9416666
CP026858,0.0001097571292124783,1.0975712921247829,2,060601,CAJAMARCA,CUTERVO,CUTERVO,RURAL,sierra,4542.0,50.668335
CP027947,0.0010603881309762062,10.603881309762063,5,060601,CAJAMARCA,CUTERVO,CUTERVO,RURAL,sierra,4542.0,15.281667
CP026880,0.0003710604856418764,3.7106048564187644,2,060601,CAJAMARCA,CUTERVO,CUTERVO,RURAL,sierra,4542.0,33.255
CP027899,0.0009832913653013752,9.832913653013751,5,060601,CAJAMARCA,CUTERVO,CUTERVO,RURAL,sierra,4542.0,12.448334
CP027891,0.0010118180565949434,10.118180565949434,5,060601,CAJAMARCA,CUTERVO,CUTERVO,RURAL,sierra,4542.0,16.56
CP026889,0.0005190906165951188,5.190906165951188,2,060601,CAJAMARCA,CUTERVO,CUTERVO,RURAL,sierra,4542.0,26.521667
CP024865,0.0,0.0,0,060602,CAJAMARCA,CUTERVO,CALLAYUC,RURAL,sierra,4974.5,76.85833
CP024871,0.00039145065795835517,3.9145065795835516,7,060602,CAJAMARCA,CUTERVO,CALLAYUC,RURAL,sierra,4974.5,52.65
CP025902,0.001967032497412811,19.67032497412811,9,060603,CAJAMARCA,CUTERVO,CHOROS,RURAL,costa,3127.0,30.32
CP025934,0.0,0.0,0,060604,CAJAMARCA,CUTERVO,CUJILLO,RURAL,sierra,2639.0,89.64
CP025952,0.0,0.0,0,060605,CAJAMARCA,CUTERVO,LA RAMADA,RURAL,sierra,4133.0,97.405
CP026954,0.0,0.0,0,060606,CAJAMARCA,CUTERVO,PIMPINGOS,RURAL,sierra,5703.0,90.80167
CP027998,0.0,0.0,0,060607,CAJAMARCA,CUTERVO,QUEROCOTILLO,RURAL,sierra,3912.0,133.16167
CP027995,7.301702936637955e-05,0.7301702936637955,2,060607,CAJAMARCA,CUTERVO,QUEROCOTILLO,RURAL,sierra,3912.0,55.285
CP027961,0.0,0.0,0,060607,CAJAMARCA,CUTERVO,QUEROCOTILLO,RURAL,sierra,3912.0,93.6
CP027971,0.0,0.0,0,060607,CAJAMARCA,CUTERVO,QUEROCOTILLO,RURAL,sierra,3912.0,102.026665
CP024912,0.0001591888053432386,1.591888053432386,2,060608,CAJAMARCA,CUTERVO,SAN ANDRES DE CUTERVO,RURAL,sierra,4172.0,45.648335
CP024923,0.0,0.0,0,060609,CAJAMARCA,CUTERVO,SAN JUAN DE CUTERVO,RURAL,sierra,1901.0,101.513336
CP024950,0.0,0.0,0,060610,CAJAMARCA,CUTERVO,SAN LUIS DE LUCMA,RURAL,sierra,3459.0,68.496666
CP025984,0.0,0.0,0,060611,CAJAMARCA,CUTERVO,SANTA CRUZ,RURAL,sierra,3008.0,82.441666
CP025995,0.0,0.0,0,060612,CAJAMARCA,CUTERVO,SANTO DOMINGO DE LA CAPILLA,RURAL,sierra,4689.0,69.67667
CP027279,0.0,0.0,0,060613,CAJAMARCA,CUTERVO,SANTO TOMAS,RURAL,sierra,3569.5,83.355
CP027262,0.0,0.0,0,060613,CAJAMARCA,CUTERVO,SANTO TOMAS,RURAL,sierra,3569.5,85.32166
CP027297,0.000406286149892656,4.06286149892656,2,060614,CAJAMARCA,CUTERVO,SOCOTA,RURAL,sierra,4319.0,31.166666
CP027304,0.00020271491793703844,2.0271491793703844,2,060614,CAJAMARCA,CUTERVO,SOCOTA,RURAL,sierra,4319.0,42.383335
CP028309,0.0,0.0,0,060615,CAJAMARCA,CUTERVO,TORIBIO CASANOVA,RURAL,sierra,1105.0,91.405
CP028316,0.00024594630548131763,2.459463054813176,4,060701,CAJAMARCA,HUALGAYOC,BAMBAMARCA,RURAL,sierra,4316.916666666667,28.638334
CP028333,0.0009608113975558974,9.608113975558974,4,060701,CAJAMARCA,HUALGAYOC,BAMBAMARCA,RURAL,sierra,4316.916666666667,5.505
CP028325,0.0008688875130656217,8.688875130656218,4,060701,CAJAMARCA,HUALGAYOC,BAMBAMARCA,RURAL,sierra,4316.916666666667,9.708333
CP026072,9.572111064862999e-05,0.9572111064862999,1,060701,CAJAMARCA,HUALGAYOC,BAMBAMARCA,RURAL,sierra,4316.916666666667,38.513332
CP025240,0.0006023898451731803,6.023898451731803,4,060701,CAJAMARCA,HUALGAYOC,BAMBAMARCA,RURAL,sierra,4316.916666666667,11.081667
CP026293,0.0007249531653451127,7.249531653451127,4,060701,CAJAMARCA,HUALGAYOC,BAMBAMARCA,RURAL,sierra,4316.916666666667,7.65
CP028337,0.00023796161148314262,2.379616114831426,4,060701,CAJAMARCA,HUALGAYOC,BAMBAMARCA,RURAL,sierra,4316.916666666667,29.17
CP026275,0.0009125757806213819,9.12575780621382,4,060701,CAJAMARCA,HUALGAYOC,BAMBAMARCA,RURAL,sierra,4316.916666666667,7.278333
CP025255,0.0001455501115321818,1.455501115321818,2,060701,CAJAMARCA,HUALGAYOC,BAMBAMARCA,RURAL,sierra,4316.916666666667,33.715
CP025253,0.0007026279890588856,7.026279890588857,4,060701,CAJAMARCA,HUALGAYOC,BAMBAMARCA,RURAL,sierra,4316.916666666667,8.511666
CP026305,8.495628202306569e-05,0.8495628202306569,1,060701,CAJAMARCA,HUALGAYOC,BAMBAMARCA,RURAL,sierra,4316.916666666667,40.331665
CP026295,0.0006377360403812409,6.377360403812409,4,060701,CAJAMARCA,HUALGAYOC,BAMBAMARCA,RURAL,sierra,4316.916666666667,11.033334
CP028315,0.0003248826806423017,3.248826806423017,4,060701,CAJAMARCA,HUALGAYOC,BAMBAMARCA,URBANO,sierra,2131.0,23.905
CP027328,0.0,0.0,0,060702,CAJAMARCA,HUALGAYOC,CHUGUR,RURAL,sierra,3434.0,73.895
CP027355,0.0003711981110815315,3.711981110815315,4,060703,CAJAMARCA,HUALGAYOC,HUALGAYOC,RURAL,sierra,4878.333333333333,21.455
CP027361,0.0003284352144652198,3.284352144652198,4,060703,CAJAMARCA,HUALGAYOC,HUALGAYOC,RURAL,sierra,4878.333333333333,23.71
CP027336,0.0002563536840792743,2.563536840792743,4,060703,CAJAMARCA,HUALGAYOC,HUALGAYOC,RURAL,sierra,4878.333333333333,29.171667
CP025067,0.0029596901881294617,29.596901881294617,9,060801,CAJAMARCA,JAEN,JAEN,RURAL,sierra,4811.0,26.683332
CP025044,0.0019948584154903274,19.948584154903273,9,060801,CAJAMARCA,JAEN,JAEN,RURAL,sierra,4811.0,25.91
CP024839,0.002937455760293325,29.37455760293325,9,060801,CAJAMARCA,JAEN,JAEN,RURAL,sierra,4811.0,9.655
CP028349,0.004937093857969168,49.37093857969168,11,060801,CAJAMARCA,JAEN,JAEN,URBANO,sierra,2222.0,2.5583334
CP025091,0.0006691704996686198,6.691704996686198,7,060802,CAJAMARCA,JAEN,BELLAVISTA,RURAL,sierra,4519.5,45.691666
CP026093,0.0010077602001578195,10.077602001578194,7,060802,CAJAMARCA,JAEN,BELLAVISTA,RURAL,sierra,4519.5,40.078335
CP025075,0.0012006036228775496,12.006036228775496,7,060802,CAJAMARCA,JAEN,BELLAVISTA,URBANO,sierra,3677.0,37.428333
CP026130,0.0,0.0,0,060803,CAJAMARCA,JAEN,CHONTALI,RURAL,sierra,4358.5,196.69667
CP027127,0.0,0.0,0,060803,CAJAMARCA,JAEN,CHONTALI,RURAL,sierra,4358.5,128.02
CP027161,0.0,0.0,0,060804,CAJAMARCA,JAEN,COLASAY,RURAL,sierra,4906.5,78.40833
CP027173,0.0,0.0,0,060804,CAJAMARCA,JAEN,COLASAY,RURAL,sierra,4906.5,60.91
CP027146,0.0,0.0,0,060804,CAJAMARCA,JAEN,COLASAY,URBANO,sierra,664.0,66.14333
CP025115,0.0,0.0,0,060805,CAJAMARCA,JAEN,HUABAL,RURAL,sierra,3500.0,72.401665
CP025121,0.0,0.0,0,060805,CAJAMARCA,JAEN,HUABAL,RURAL,sierra,3500.0,83.361664
CP025955,0.002091068218684164,20.910682186841637,9,060806,CAJAMARCA,JAEN,LAS PIRIAS,RURAL,sierra,3566.0,28.585
CP026173,0.0,0.0,0,060807,CAJAMARCA,JAEN,POMAHUACA,RURAL,sierra,3588.5,79.848335
CP026200,0.0,0.0,0,060807,CAJAMARCA,JAEN,POMAHUACA,RURAL,sierra,3588.5,100.58
CP026155,0.0,0.0,0,060807,CAJAMARCA,JAEN,POMAHUACA,URBANO,sierra,532.0,95.511665
CP027219,0.0002637079608554892,2.637079608554892,7,060808,CAJAMARCA,JAEN,PUCARA,RURAL,sierra,3714.0,56.945
CP028241,0.0,0.0,0,060809,CAJAMARCA,JAEN,SALLIQUE,RURAL,sierra,3412.0,128.27167
CP028221,0.0,0.0,0,060809,CAJAMARCA,JAEN,SALLIQUE,RURAL,sierra,3412.0,194.45833
CP025237,0.0,0.0,0,060810,CAJAMARCA,JAEN,SAN FELIPE,RURAL,sierra,5202.0,98.21333
CP026498,0.0,0.0,0,060811,CAJAMARCA,JAEN,SAN JOSE DEL ALTO,RURAL,sierra,6405.0,114.65
CP026492,0.0,0.0,0,060811,CAJAMARCA,JAEN,SAN JOSE DEL ALTO,URBANO,sierra,356.0,81.25166
CP027516,0.0,0.0,0,060812,CAJAMARCA,JAEN,SANTA ROSA,RURAL,sierra,4888.0,80.401665
CP027535,0.0,0.0,0,060812,CAJAMARCA,JAEN,SANTA ROSA,RURAL,sierra,4888.0,102.441666
CP027495,0.0,0.0,0,060812,CAJAMARCA,JAEN,SANTA ROSA,URBANO,sierra,1056.0,93.14167
CP024520,0.0,0.0,0,060901,CAJAMARCA,SAN IGNACIO,SAN IGNACIO,RURAL,sierra,4209.4,164.05833
CP024475,0.0,0.0,0,060901,CAJAMARCA,SAN IGNACIO,SAN IGNACIO,RURAL,sierra,4209.4,190.67166
CP025502,0.0,0.0,0,060901,CAJAMARCA,SAN IGNACIO,SAN IGNACIO,RURAL,sierra,4209.4,126.14667
CP025499,0.0,0.0,0,060901,CAJAMARCA,SAN IGNACIO,SAN IGNACIO,RURAL,sierra,4209.4,182.43
CP025511,0.0,0.0,0,060901,CAJAMARCA,SAN IGNACIO,SAN IGNACIO,RURAL,sierra,4209.4,132.69
CP025527,0.0,0.0,0,060902,CAJAMARCA,SAN IGNACIO,CHIRINOS,RURAL,sierra,3616.6666666666665,122.06167
CP026548,0.0,0.0,0,060902,CAJAMARCA,SAN IGNACIO,CHIRINOS,RURAL,sierra,3616.6666666666665,72.22833
CP025549,0.0,0.0,0,060902,CAJAMARCA,SAN IGNACIO,CHIRINOS,RURAL,sierra,3616.6666666666665,119.68166
CP025526,0.0,0.0,0,060902,CAJAMARCA,SAN IGNACIO,CHIRINOS,URBANO,costa,1053.0,81.64333
CP027562,0.0,0.0,0,060903,CAJAMARCA,SAN IGNACIO,HUARANGO,RURAL,sierra,4572.5,111.815
CP027563,0.0,0.0,0,060903,CAJAMARCA,SAN IGNACIO,HUARANGO,RURAL,sierra,4572.5,117.31
CP027599,0.0,0.0,0,060903,CAJAMARCA,SAN IGNACIO,HUARANGO,RURAL,sierra,4572.5,132.80333
CP027605,0.0,0.0,0,060903,CAJAMARCA,SAN IGNACIO,HUARANGO,RURAL,sierra,4572.5,143.31833
CP026559,0.0,0.0,0,060903,CAJAMARCA,SAN IGNACIO,HUARANGO,URBANO,costa,1453.0,101.745
CP024292,0.0,0.0,0,060904,CAJAMARCA,SAN IGNACIO,LA COIPA,RURAL,sierra,4268.5,127.575
CP024317,0.0,0.0,0,060904,CAJAMARCA,SAN IGNACIO,LA COIPA,RURAL,sierra,4268.5,116.905
CP024319,0.0,0.0,0,060904,CAJAMARCA,SAN IGNACIO,LA COIPA,RURAL,sierra,4268.5,105.675
CP024278,0.0,0.0,0,060904,CAJAMARCA,SAN IGNACIO,LA COIPA,RURAL,sierra,4268.5,107.916664
CP027619,0.0,0.0,0,060904,CAJAMARCA,SAN IGNACIO,LA COIPA,URBANO,sierra,632.0,115.92
CP025323,0.0,0.0,0,060905,CAJAMARCA,SAN IGNACIO,NAMBALLE,RURAL,sierra,4345.5,268.01166
CP025322,0.0,0.0,0,060905,CAJAMARCA,SAN IGNACIO,NAMBALLE,RURAL,sierra,4345.5,240.34833
CP026388,0.0,0.0,0,060906,CAJAMARCA,SAN IGNACIO,SAN JOSE DE LOURDES,RURAL,sierra,4289.0,139.445
CP026138,0.0,0.0,0,060906,CAJAMARCA,SAN IGNACIO,SAN JOSE DE LOURDES,RURAL,sierra,4289.0,224.97166
CP026340,0.0,0.0,0,060906,CAJAMARCA,SAN IGNACIO,SAN JOSE DE LOURDES,RURAL,sierra,4289.0,220.02167
CP026389,0.0,0.0,0,060906,CAJAMARCA,SAN IGNACIO,SAN JOSE DE LOURDES,RURAL,sierra,4289.0,149.58
CP027426,0.0,0.0,0,060907,CAJAMARCA,SAN IGNACIO,TABACONAS,RURAL,sierra,4307.25,151.49333
CP027406,0.0,0.0,0,060907,CAJAMARCA,SAN IGNACIO,TABACONAS,RURAL,sierra,4307.25,138.265
CP027400,0.0,0.0,0,060907,CAJAMARCA,SAN IGNACIO,TABACONAS,RURAL,sierra,4307.25,139.6
CP024342,0.0,0.0,0,060907,CAJAMARCA,SAN IGNACIO,TABACONAS,RURAL,sierra,4307.25,131.605
CP025168,0.0,0.0,0,061001,CAJAMARCA,SAN MARCOS,PEDRO GALVEZ,RURAL,sierra,5301.0,63.443333
CP024400,0.0,0.0,0,061001,CAJAMARCA,SAN MARCOS,PEDRO GALVEZ,RURAL,sierra,5301.0,80.526665
CP024371,0.0003583613515234305,3.583613515234305,8,061001,CAJAMARCA,SAN MARCOS,PEDRO GALVEZ,URBANO,sierra,593.0,43.05
CP025400,0.0,0.0,0,061002,CAJAMARCA,SAN MARCOS,CHANCAY,RURAL,sierra,3013.0,69.57833
CP025422,0.00011348817928074914,1.1348817928074915,1,061003,CAJAMARCA,SAN MARCOS,EDUARDO VILLANUEVA,RURAL,sierra,1576.0,46.725
CP026419,0.00038349165420454494,3.834916542045449,8,061004,CAJAMARCA,SAN MARCOS,GREGORIO PITA,RURAL,sierra,3393.5,42.148335
CP025428,0.0,0.0,0,061004,CAJAMARCA,SAN MARCOS,GREGORIO PITA,RURAL,sierra,3393.5,71.87666
CP026443,0.0,0.0,0,061005,CAJAMARCA,SAN MARCOS,ICHOCAN,RURAL,sierra,1552.0,64.92
CP027483,0.0,0.0,0,061006,CAJAMARCA,SAN MARCOS,JOSE MANUEL QUIROZ,RURAL,sierra,3566.0,80.316666
CP024446,0.0,0.0,0,061007,CAJAMARCA,SAN MARCOS,JOSE SABOGAL,RURAL,sierra,4236.666666666667,168.57
CP024453,0.0,0.0,0,061007,CAJAMARCA,SAN MARCOS,JOSE SABOGAL,RURAL,sierra,4236.666666666667,202.53166
CP024434,0.0,0.0,0,061007,CAJAMARCA,SAN MARCOS,JOSE SABOGAL,RURAL,sierra,4236.666666666667,108.098335
CP025439,0.0,0.0,0,061101,CAJAMARCA,SAN MIGUEL,SAN MIGUEL,RURAL,sierra,4151.0,97.331665
CP024467,0.0,0.0,0,061101,CAJAMARCA,SAN MIGUEL,SAN MIGUEL,RURAL,sierra,4151.0,89.263336
CP025452,0.0,0.0,0,061101,CAJAMARCA,SAN MIGUEL,SAN MIGUEL,RURAL,sierra,4151.0,86.98167
CP025480,0.0,0.0,0,061101,CAJAMARCA,SAN MIGUEL,SAN MIGUEL,URBANO,sierra,511.0,61.965
CP026522,0.0,0.0,0,061102,CAJAMARCA,SAN MIGUEL,BOLIVAR,RURAL,sierra,1239.0,74.33833
CP026248,0.0,0.0,0,061103,CAJAMARCA,SAN MIGUEL,CALQUIS,RURAL,sierra,3725.0,95.736664
CP026265,0.0,0.0,0,061104,CAJAMARCA,SAN MIGUEL,CATILLUC,RURAL,sierra,3160.0,64.215
CP022511,0.0,0.0,0,061105,CAJAMARCA,SAN MIGUEL,EL PRADO,RURAL,sierra,1694.0,121.04833
CP026743,0.0,0.0,0,061106,CAJAMARCA,SAN MIGUEL,LA FLORIDA,RURAL,sierra,1939.0,123.03333
CP026757,0.0,0.0,0,061107,CAJAMARCA,SAN MIGUEL,LLAPA,RURAL,sierra,4734.0,62.72333
CP027795,0.0,0.0,0,061108,CAJAMARCA,SAN MIGUEL,NANCHOC,RURAL,sierra,1140.0,74.26
CP024728,0.0,0.0,0,061109,CAJAMARCA,SAN MIGUEL,NIEPOS,RURAL,sierra,3814.0,166.105
CP024781,0.00014144572659785905,1.4144572659785906,3,061110,CAJAMARCA,SAN MIGUEL,SAN GREGORIO,RURAL,costa,2324.0,41.501667
CP025778,0.0,0.0,0,061111,CAJAMARCA,SAN MIGUEL,SAN SILVESTRE DE COCHAN,RURAL,sierra,4383.0,64.29667
CP025810,0.0,0.0,0,061112,CAJAMARCA,SAN MIGUEL,TONGOD,RURAL,sierra,3384.0,95.46833
CP026588,0.0,0.0,0,061113,CAJAMARCA,SAN MIGUEL,UNION AGUA BLANCA,RURAL,sierra,3238.0,94.275
CP026829,0.00039034242107110557,3.9034242107110555,8,061201,CAJAMARCA,SAN PABLO,SAN PABLO,RURAL,sierra,5081.0,41.428333
CP026823,0.000325094924138149,3.2509492413814898,8,061201,CAJAMARCA,SAN PABLO,SAN PABLO,RURAL,sierra,5081.0,43.84
CP024545,0.0,0.0,0,061202,CAJAMARCA,SAN PABLO,SAN BERNARDINO,RURAL,sierra,4531.0,79.793335
CP024566,0.0,0.0,0,061203,CAJAMARCA,SAN PABLO,SAN LUIS,RURAL,sierra,1192.0,65.183334
CP027439,0.00041318225587684353,4.131822558768436,8,061204,CAJAMARCA,SAN PABLO,TUMBADEN,RURAL,sierra,3390.0,40.65167
CP027646,7.168244181242057e-05,0.7168244181242057,3,061301,CAJAMARCA,SANTA CRUZ,SANTA CRUZ,RURAL,sierra,5691.0,52.886665
CP027678,0.0,0.0,0,061302,CAJAMARCA,SANTA CRUZ,ANDABAMBA,RURAL,sierra,1499.0,76.455
CP024401,0.0,0.0,0,061303,CAJAMARCA,SANTA CRUZ,CATACHE,RURAL,sierra,4080.5,141.51167
CP025592,0.0,0.0,0,061303,CAJAMARCA,SANTA CRUZ,CATACHE,RURAL,sierra,4080.5,131.79666
CP025367,0.0,0.0,0,061303,CAJAMARCA,SANTA CRUZ,CATACHE,URBANO,sierra,679.0,135.685
CP024619,0.00014602823359017957,1.4602823359017956,3,061304,CAJAMARCA,SANTA CRUZ,CHANCAYBANOS,RURAL,sierra,3559.0,44.586666
CP027827,7.964778311594361e-05,0.7964778311594362,3,061305,CAJAMARCA,SANTA CRUZ,LA ESPERANZA,RURAL,sierra,2710.0,51.736668
CP027836,0.0,0.0,0,061306,CAJAMARCA,SANTA CRUZ,NINABAMBA,RURAL,sierra,2635.0,84.74167
CP027866,0.0,0.0,0,061307,CAJAMARCA,SANTA CRUZ,PULAN,RURAL,sierra,4445.0,96.941666
CP027879,0.0,0.0,0,061308,CAJAMARCA,SANTA CRUZ,SAUCEPAMPA,RURAL,sierra,1748.0,67.14333
CP026601,0.0,0.0,0,061309,CAJAMARCA,SANTA CRUZ,SEXI,RURAL,sierra,236.0,94.08
CP026612,0.0,0.0,0,061310,CAJAMARCA,SANTA CRUZ,UTICYACU,RURAL,sierra,1534.0,60.15333
CP026621,0.0,0.0,0,061311,CAJAMARCA,SANTA CRUZ,YAUYUCAN,RURAL,sierra,2623.0,87.67
CP025639,0.003665590496473938,36.655904964739385,12,080101,CUSCO,CUSCO,CUSCO,RURAL,sierra,2591.0,3.7866666
CP025666,0.001164994456103491,11.64994456103491,12,080102,CUSCO,CUSCO,CCORCA,RURAL,sierra,1736.0,33.57
CP025670,0.0009731856585197823,9.731856585197823,12,080102,CUSCO,CUSCO,CCORCA,URBANO,sierra,318.0,36.27
CP031370,0.0027606282334500707,27.60628233450071,12,080103,CUSCO,CUSCO,POROY,RURAL,sierra,3565.0,18.503334
CP031400,0.0025555347704100595,25.555347704100594,12,080104,CUSCO,CUSCO,SAN JERONIMO,RURAL,sierra,2045.0,20.035
CP032215,0.003691348729595023,36.91348729595023,12,080105,CUSCO,CUSCO,SAN SEBASTIAN,RURAL,sierra,2469.0,7.1
CP032418,0.003208106515406108,32.08106515406108,12,080106,CUSCO,CUSCO,SANTIAGO,RURAL,sierra,2901.0,13.005
CP032448,0.0030054249019502333,30.054249019502333,12,080107,CUSCO,CUSCO,SAYLLA,RURAL,sierra,1754.0,15.618333
CP029344,0.0,0.0,0,080201,CUSCO,ACOMAYO,ACOMAYO,RURAL,sierra,3309.0,86.723335
CP029389,4.089982471526375e-05,0.4089982471526375,2,080202,CUSCO,ACOMAYO,ACOPIA,RURAL,sierra,1121.0,59.738335
CP030140,0.0,0.0,0,080203,CUSCO,ACOMAYO,ACOS,RURAL,sierra,1072.0,94.24834
CP030148,0.0,0.0,0,080203,CUSCO,ACOMAYO,ACOS,URBANO,sierra,714.0,104.52167
CP030162,0.00023162153118616019,2.316215311861602,2,080204,CUSCO,ACOMAYO,MOSOC LLACTA,RURAL,sierra,1244.0,38.571667
CP030179,0.0,0.0,0,080205,CUSCO,ACOMAYO,POMACANCHI,RURAL,sierra,4126.0,74.253334
CP030180,0.0,0.0,0,080205,CUSCO,ACOMAYO,POMACANCHI,URBANO,sierra,1089.0,77.15667
CP032233,0.0,0.0,0,080206,CUSCO,ACOMAYO,RONDOCAN,RURAL,sierra,1511.0,62.62
CP032227,2.8119360251813555e-05,0.2811936025181356,3,080206,CUSCO,ACOMAYO,RONDOCAN,URBANO,sierra,1119.0,57.496666
CP029411,4.6341103844695655e-05,0.4634110384469566,2,080207,CUSCO,ACOMAYO,SANGARARA,RURAL,sierra,1066.0,58.47
CP029409,0.0,0.0,0,080207,CUSCO,ACOMAYO,SANGARARA,URBANO,sierra,1327.0,67.528336
CP029459,0.0004711525200391982,4.711525200391982,12,080301,CUSCO,ANTA,ANTA,RURAL,sierra,4565.0,47.678333
CP029432,0.00142823116040721,14.282311604072099,12,080301,CUSCO,ANTA,ANTA,RURAL,sierra,4565.0,32.27833
CP029439,0.0015040054641736916,15.040054641736916,12,080301,CUSCO,ANTA,ANTA,URBANO,sierra,429.0,31.395
CP030505,0.0004120176202150334,4.120176202150334,12,080302,CUSCO,ANTA,ANCAHUASI,RURAL,sierra,5204.0,49.236668
CP030507,0.0009073997946146599,9.0739979461466,12,080303,CUSCO,ANTA,CACHIMAYO,RURAL,sierra,641.0,39.253334
CP028424,0.0,0.0,0,080304,CUSCO,ANTA,CHINCHAYPUJIO,RURAL,sierra,3813.0,77.68667
CP029519,0.0006345447649334514,6.345447649334514,12,080305,CUSCO,ANTA,HUAROCONDO,RURAL,sierra,3482.0,44.036667
CP030538,0.0,0.0,0,080306,CUSCO,ANTA,LIMATAMBO,RURAL,sierra,3829.0,82.96833
CP084690,0.0,0.0,0,080306,CUSCO,ANTA,LIMATAMBO,RURAL,sierra,3829.0,74.58
CP031623,0.0,0.0,0,080307,CUSCO,ANTA,MOLLEPATA,RURAL,sierra,1940.0,100.473335
CP029565,0.0019185728908334932,19.185728908334934,12,080308,CUSCO,ANTA,PUCYURA,RURAL,sierra,2066.0,26.891666
CP029580,0.0008185261726079095,8.185261726079094,12,080309,CUSCO,ANTA,ZURITE,RURAL,sierra,2225.0,40.685
CP031674,0.0,0.0,0,080401,CUSCO,CALCA,CALCA,RURAL,sierra,4612.0,68.79667
CP030614,0.0,0.0,0,080401,CUSCO,CALCA,CALCA,RURAL,sierra,4612.0,67.32333
CP031693,0.0011061096476572608,11.061096476572608,12,080402,CUSCO,CALCA,COYA,RURAL,sierra,2682.0,32.41
CP028563,0.0,0.0,0,080403,CUSCO,CALCA,LAMAY,RURAL,sierra,3558.0,70.44
CP029622,0.0,0.0,0,080404,CUSCO,CALCA,LARES,RURAL,sierra,5191.0,118.04667
CP029617,0.0,0.0,0,080404,CUSCO,CALCA,LARES,URBANO,sierra,1425.0,120.63167
CP030392,5.255722663226083e-05,0.5255722663226082,5,080405,CUSCO,CALCA,PISAC,RURAL,sierra,6277.0,53.351665
CP030418,0.00011687471117130306,1.1687471117130306,7,080406,CUSCO,CALCA,SAN SALVADOR,RURAL,sierra,4021.0,52.195
CP030456,0.0019449976686975055,19.449976686975056,12,080407,CUSCO,CALCA,TARAY,RURAL,sierra,3786.0,22.641666
CP031456,0.0,0.0,0,080408,CUSCO,CALCA,YANATILE,RURAL,sierra,4253.0,125.05334
CP028633,0.0,0.0,0,080408,CUSCO,CALCA,YANATILE,RURAL,sierra,4253.0,199.25833
CP029687,5.6804111549487814e-05,0.5680411154948781,2,080501,CUSCO,CANAS,YANAOCA,RURAL,sierra,3696.5,56.341667
CP029735,0.0,0.0,0,080501,CUSCO,CANAS,YANAOCA,RURAL,sierra,3696.5,72.043335
CP030760,0.00016834718547842437,1.6834718547842438,2,080502,CUSCO,CANAS,CHECCA,RURAL,sierra,3684.5,55.293335
CP030795,0.0005537806200031495,5.537806200031495,2,080502,CUSCO,CANAS,CHECCA,RURAL,sierra,3684.5,40.415
CP028683,0.00036758238771669933,3.675823877166993,2,080503,CUSCO,CANAS,KUNTURKANKI,RURAL,sierra,5875.0,46.078335
CP084638,0.00012379646464255606,1.2379646464255605,2,080504,CUSCO,CANAS,LANGUI,RURAL,sierra,3117.0,47.37
CP029778,4.944380744604162e-05,0.4944380744604162,2,080505,CUSCO,CANAS,LAYO,RURAL,sierra,6010.0,57.84833
CP030824,7.480966568712991e-05,0.7480966568712991,2,080506,CUSCO,CANAS,PAMPAMARCA,RURAL,sierra,1209.0,53.328335
CP030817,0.00030392501284234267,3.0392501284234266,2,080506,CUSCO,CANAS,PAMPAMARCA,URBANO,sierra,158.0,34.086666
CP030831,0.0,0.0,0,080507,CUSCO,CANAS,QUEHUE,RURAL,sierra,3028.0,101.56333
CP031854,0.0,0.0,0,080508,CUSCO,CANAS,TUPAC AMARU,RURAL,sierra,2529.0,62.953335
CP028766,0.0007733864044471006,7.733864044471006,2,080601,CUSCO,CANCHIS,SICUANI,RURAL,sierra,4998.333333333333,6.6216664
CP084715,0.00016585425004114653,1.6585425004114653,2,080601,CUSCO,CANCHIS,SICUANI,RURAL,sierra,4998.333333333333,43.456665
CP028769,0.0007757605343469514,7.757605343469513,2,080601,CUSCO,CANCHIS,SICUANI,RURAL,sierra,4998.333333333333,6.338333
CP028745,0.0007504619716656506,7.5046197166565065,2,080601,CUSCO,CANCHIS,SICUANI,URBANO,sierra,1199.0,8.891666
CP028813,7.50981957098722e-05,0.750981957098722,2,080602,CUSCO,CANCHIS,CHECACUPE,RURAL,sierra,2567.0,53.285
CP031954,9.661164296920838e-05,0.9661164296920838,2,080602,CUSCO,CANCHIS,CHECACUPE,URBANO,sierra,363.0,50.368332
CP029888,0.0,0.0,0,080603,CUSCO,CANCHIS,COMBAPATA,RURAL,sierra,3829.0,91.095
CP031749,0.0007276093643270398,7.276093643270398,2,080604,CUSCO,CANCHIS,MARANGANI,RURAL,sierra,5157.0,10.816667
CP031744,0.0003487766001452437,3.487766001452437,2,080604,CUSCO,CANCHIS,MARANGANI,RURAL,sierra,5157.0,31.62
CP031708,0.0007153652581427495,7.153652581427495,2,080604,CUSCO,CANCHIS,MARANGANI,URBANO,sierra,301.0,11.72
CP029965,0.0,0.0,0,080605,CUSCO,CANCHIS,PITUMARCA,RURAL,sierra,3911.0,66.01
CP028904,0.0,0.0,0,080605,CUSCO,CANCHIS,PITUMARCA,URBANO,sierra,100.0,136.17334
CP032062,0.0005682504097751089,5.682504097751089,2,080606,CUSCO,CANCHIS,SAN PABLO,RURAL,sierra,3397.0,20.291666
CP028945,0.00046482772251870476,4.648277225187048,2,080607,CUSCO,CANCHIS,SAN PEDRO,RURAL,sierra,1454.0,25.543333
CP032088,0.0005394725273445192,5.394725273445192,2,080607,CUSCO,CANCHIS,SAN PEDRO,URBANO,sierra,316.0,21.771667
CP028960,0.0004059487448962822,4.059487448962821,2,080608,CUSCO,CANCHIS,TINTA,RURAL,sierra,3821.0,28.545
CP028986,0.0008307568382855255,8.307568382855255,1,080701,CUSCO,CHUMBIVILCAS,SANTO TOMAS,RURAL,sierra,3841.5,16.613333
CP085052,0.0008538541019536656,8.538541019536655,1,080701,CUSCO,CHUMBIVILCAS,SANTO TOMAS,RURAL,sierra,3841.5,15.59
CP029031,0.00013825156567466324,1.3825156567466323,1,080701,CUSCO,CHUMBIVILCAS,SANTO TOMAS,RURAL,sierra,3841.5,49.305
CP031074,0.00044600789002415637,4.460078900241563,1,080701,CUSCO,CHUMBIVILCAS,SANTO TOMAS,RURAL,sierra,3841.5,31.991667
CP030034,0.0003249852642533533,3.2498526425335332,1,080701,CUSCO,CHUMBIVILCAS,SANTO TOMAS,URBANO,sierra,2361.0,37.468334
CP031144,0.0,0.0,0,080702,CUSCO,CHUMBIVILCAS,CAPACMARCA,RURAL,sierra,3968.0,65.06834
CP032187,0.0,0.0,0,080703,CUSCO,CHUMBIVILCAS,CHAMACA,RURAL,sierra,3302.5,82.23167
CP030671,0.0003271510293041747,3.2715102930417475,1,080703,CUSCO,CHUMBIVILCAS,CHAMACA,RURAL,sierra,3302.5,37.361668
CP032195,0.0,0.0,0,080703,CUSCO,CHUMBIVILCAS,CHAMACA,URBANO,sierra,436.0,81.23167
CP030706,0.00011247718452362102,1.12477184523621,1,080704,CUSCO,CHUMBIVILCAS,COLQUEMARCA,RURAL,sierra,3928.0,51.758335
CP030969,0.0007801298009291782,7.801298009291782,1,080704,CUSCO,CHUMBIVILCAS,COLQUEMARCA,RURAL,sierra,3928.0,18.75
CP031986,0.0,0.0,0,080705,CUSCO,CHUMBIVILCAS,LIVITACA,RURAL,sierra,5254.5,88.42834
CP031983,0.0,0.0,0,080705,CUSCO,CHUMBIVILCAS,LIVITACA,RURAL,sierra,5254.5,123.418335
CP029212,0.0004631976927133222,4.631976927133222,1,080706,CUSCO,CHUMBIVILCAS,LLUSCO,RURAL,sierra,5307.0,31.273333
CP031274,0.0001140031040268159,1.140031040268159,1,080707,CUSCO,CHUMBIVILCAS,QUINOTA,RURAL,sierra,3591.0,51.601665
CP030312,0.00021012020178247837,2.1012020178247837,1,080708,CUSCO,CHUMBIVILCAS,VELILLE,RURAL,sierra,6058.0,43.908333
CP084833,0.001960402030685494,19.60402030685494,2,080801,CUSCO,ESPINAR,ESPINAR,RURAL,sierra,3730.0,10.481667
CP035900,0.00032978785674869673,3.2978785674869675,2,080801,CUSCO,ESPINAR,ESPINAR,RURAL,sierra,3730.0,45.838333
CP034898,0.0009015433845024169,9.01543384502417,2,080801,CUSCO,ESPINAR,ESPINAR,URBANO,sierra,699.0,32.233334
CP033905,0.0,0.0,0,080802,CUSCO,ESPINAR,CONDOROMA,RURAL,sierra,732.0,125.125
CP084683,0.0010067705631727716,10.067705631727716,2,080803,CUSCO,ESPINAR,COPORAQUE,RURAL,sierra,3808.0,30.538334
CP036236,0.0012976935398800508,12.976935398800508,2,080803,CUSCO,ESPINAR,COPORAQUE,RURAL,sierra,3808.0,24.356667
CP036282,0.00029967159565598515,2.9967159565598513,2,080803,CUSCO,ESPINAR,COPORAQUE,RURAL,sierra,3808.0,48.656666
CP033243,0.0012637572279117924,12.637572279117924,2,080803,CUSCO,ESPINAR,COPORAQUE,RURAL,sierra,3808.0,25.683332
CP036232,0.0009097959902078085,9.097959902078085,2,080803,CUSCO,ESPINAR,COPORAQUE,URBANO,sierra,206.0,31.78
CP034024,0.0,0.0,0,080804,CUSCO,ESPINAR,OCORURO,RURAL,sierra,1647.0,73.348335
CP035120,0.0,0.0,0,080805,CUSCO,ESPINAR,PALLPATA,RURAL,sierra,3827.0,86.46667
CP034105,0.0018655471315462452,18.655471315462453,2,080806,CUSCO,ESPINAR,PICHIGUA,RURAL,sierra,3003.0,11.926666
CP033115,0.0010791440385319337,10.791440385319337,2,080806,CUSCO,ESPINAR,PICHIGUA,URBANO,sierra,356.0,27.263334
CP035187,0.0,0.0,0,080807,CUSCO,ESPINAR,SUYCKUTAMBO,RURAL,sierra,2517.0,74.94833
CP033128,0.0002524135706161813,2.5241357061618133,2,080808,CUSCO,ESPINAR,ALTO PICHIGUA,RURAL,sierra,2422.0,49.101665
CP034167,0.004902986003093553,49.02986003093553,4,080901,CUSCO,LA CONVENCION,SANTA ANA,RURAL,sierra,3555.0,9.155
CP034178,0.0052319836124294986,52.31983612429499,4,080901,CUSCO,LA CONVENCION,SANTA ANA,RURAL,sierra,3555.0,4.2433333
CP034481,0.004405596093213758,44.05596093213758,4,080902,CUSCO,LA CONVENCION,ECHARATE,RURAL,sierra,4231.777777777777,14.685
CP035492,0.0,0.0,0,080902,CUSCO,LA CONVENCION,ECHARATE,RURAL,costa,4231.777777777777,
CP033471,0.0,0.0,0,080902,CUSCO,LA CONVENCION,ECHARATE,RURAL,sierra,4231.777777777777,71.38167
CP034292,0.0038196688819594946,38.19668881959495,4,080902,CUSCO,LA CONVENCION,ECHARATE,RURAL,sierra,4231.777777777777,19.57
CP036507,0.0,0.0,0,080902,CUSCO,LA CONVENCION,ECHARATE,RURAL,sierra,4231.777777777777,132.655
CP036514,0.0,0.0,0,080902,CUSCO,LA CONVENCION,ECHARATE,RURAL,sierra,4231.777777777777,93.06167
CP035499,0.0,0.0,0,080902,CUSCO,LA CONVENCION,ECHARATE,RURAL,sierra,4231.777777777777,177.8
CP035493,0.0,0.0,0,080902,CUSCO,LA CONVENCION,ECHARATE,RURAL,sierra,4231.777777777777,182.03
CP036510,0.0,0.0,0,080902,CUSCO,LA CONVENCION,ECHARATE,RURAL,sierra,4231.777777777777,95.37
CP033464,0.0006775302817322511,6.775302817322511,4,080902,CUSCO,LA CONVENCION,ECHARATE,URBANO,sierra,3635.0,49.358334
CP036561,0.0018390672547343597,18.3906725473436,4,080903,CUSCO,LA CONVENCION,HUAYOPATA,RURAL,sierra,3910.0,35.163334
CP036568,0.0015302603415870723,15.302603415870722,4,080903,CUSCO,LA CONVENCION,HUAYOPATA,URBANO,sierra,866.0,38.13
CP034327,0.0030381674785263466,30.381674785263467,4,080904,CUSCO,LA CONVENCION,MARANURA,RURAL,sierra,6040.0,25.39
CP035123,0.0,0.0,0,080905,CUSCO,LA CONVENCION,OCOBAMBA,RURAL,sierra,5844.0,129.58
CP035372,0.0,0.0,0,080906,CUSCO,LA CONVENCION,QUELLOUNO,RURAL,sierra,4502.0,169.40334
CP034367,0.0,0.0,0,080906,CUSCO,LA CONVENCION,QUELLOUNO,RURAL,sierra,4502.0,76.03667
CP036135,0.0,0.0,0,080906,CUSCO,LA CONVENCION,QUELLOUNO,RURAL,sierra,4502.0,165.86667
CP036385,0.0,0.0,0,080906,CUSCO,LA CONVENCION,QUELLOUNO,URBANO,sierra,292.0,70.96
CP035396,0.0,0.0,0,080907,CUSCO,LA CONVENCION,KIMBIRI,RURAL,sierra,4025.3333333333335,117.275
CP034407,0.00022244661592546542,2.2244661592546544,2,080907,CUSCO,LA CONVENCION,KIMBIRI,RURAL,sierra,4025.3333333333335,47.465
CP034384,0.0018894786598910485,18.894786598910486,3,080907,CUSCO,LA CONVENCION,KIMBIRI,RURAL,sierra,4025.3333333333335,8.33
CP035411,0.0021203799233850775,21.203799233850777,4,080908,CUSCO,LA CONVENCION,SANTA TERESA,RURAL,sierra,5401.0,32.685
CP034708,0.0,0.0,0,080909,CUSCO,LA CONVENCION,VILCABAMBA,RURAL,sierra,4199.0,60.006668
CP033509,0.0,0.0,0,080909,CUSCO,LA CONVENCION,VILCABAMBA,RURAL,sierra,4199.0,126.70333
CP035729,0.0,0.0,0,080909,CUSCO,LA CONVENCION,VILCABAMBA,RURAL,sierra,4199.0,90.00166
CP034780,0.0003342323180655244,3.342323180655244,3,080910,CUSCO,LA CONVENCION,PICHARI,RURAL,sierra,4415.5,41.02667
CP035764,0.0017332960168941118,17.332960168941117,3,080910,CUSCO,LA CONVENCION,PICHARI,RURAL,sierra,4415.5,10.736667
CP035769,0.0017918835946088485,17.918835946088485,3,080910,CUSCO,LA CONVENCION,PICHARI,URBANO,sierra,1695.0,4.195
CP032695,0.0,0.0,0,080911,CUSCO,LA CONVENCION,INKAWASI,RURAL,sierra,1983.0,244.79666
CP032668,0.0,0.0,0,080912,CUSCO,LA CONVENCION,VILLA VIRGEN,RURAL,sierra,406.0,157.095
CP032478,9.548957316993467e-05,0.9548957316993467,4,081001,CUSCO,PARURO,PARURO,RURAL,sierra,1886.0,55.94
CP033512,0.0,0.0,0,081002,CUSCO,PARURO,ACCHA,RURAL,sierra,2572.0,106.35667
CP033538,0.0,0.0,0,081003,CUSCO,PARURO,CCAPI,RURAL,sierra,3258.0,114.355
CP034545,0.0,0.0,0,081004,CUSCO,PARURO,COLCHA,RURAL,sierra,51.0,72.10167
CP034554,0.0,0.0,0,081004,CUSCO,PARURO,COLCHA,URBANO,sierra,1090.0,94.22667
CP034575,0.0005648231927329619,5.648231927329618,12,081005,CUSCO,PARURO,HUANOQUITE,RURAL,sierra,4515.0,44.803333
CP032533,0.0,0.0,0,081006,CUSCO,PARURO,OMACHA,RURAL,sierra,4793.0,125.25833
CP032534,0.0,0.0,0,081006,CUSCO,PARURO,OMACHA,URBANO,sierra,1240.0,119.73
CP032596,0.0,0.0,0,081007,CUSCO,PARURO,PACCARITAMBO,RURAL,sierra,1804.0,82.53333
CP032591,0.0,0.0,0,081007,CUSCO,PARURO,PACCARITAMBO,URBANO,sierra,85.0,103.875
CP033589,0.0,0.0,0,081008,CUSCO,PARURO,PILLPINTO,RURAL,sierra,136.0,117.16
CP033587,0.0,0.0,0,081008,CUSCO,PARURO,PILLPINTO,URBANO,sierra,604.0,116.93166
CP033605,0.00046862310831708527,4.686231083170853,12,081009,CUSCO,PARURO,YAURISQUE,RURAL,sierra,2182.0,47.06333
CP035442,0.0,0.0,0,081101,CUSCO,PAUCARTAMBO,PAUCARTAMBO,RURAL,sierra,4547.0,113.32
CP084803,0.0,0.0,0,081101,CUSCO,PAUCARTAMBO,PAUCARTAMBO,RURAL,sierra,4547.0,127.236664
CP032625,0.0009646222382204165,9.646222382204165,12,081102,CUSCO,PAUCARTAMBO,CAICAY,RURAL,sierra,1934.0,38.091667
CP032619,0.0004251327724577352,4.251327724577352,12,081102,CUSCO,PAUCARTAMBO,CAICAY,URBANO,sierra,254.0,48.586666
CP033690,0.0,0.0,0,081103,CUSCO,PAUCARTAMBO,CHALLABAMBA,RURAL,sierra,4682.5,153.725
CP033650,0.0,0.0,0,081103,CUSCO,PAUCARTAMBO,CHALLABAMBA,RURAL,sierra,4682.5,126.07166
CP035758,0.0,0.0,0,081104,CUSCO,PAUCARTAMBO,COLQUEPATA,RURAL,sierra,4528.5,67.7
CP035982,0.0,0.0,0,081104,CUSCO,PAUCARTAMBO,COLQUEPATA,RURAL,sierra,4528.5,107.246666
CP032931,0.0,0.0,0,081105,CUSCO,PAUCARTAMBO,HUANCARANI,RURAL,sierra,5587.0,64.208336
CP032974,0.0,0.0,0,081106,CUSCO,PAUCARTAMBO,KOSNIPATA,RURAL,sierra,3162.0,193.99
CP084676,0.0,0.0,0,081201,CUSCO,QUISPICANCHI,URCOS,RURAL,sierra,3902.5,94.52333
CP084763,0.0,0.0,0,081201,CUSCO,QUISPICANCHI,URCOS,RURAL,sierra,3902.5,82.653336
CP033984,0.0,0.0,0,081201,CUSCO,QUISPICANCHI,URCOS,URBANO,sierra,652.0,60.691666
CP035018,0.00034569169809385943,3.4569169809385945,11,081202,CUSCO,QUISPICANCHI,ANDAHUAYLILLAS,RURAL,sierra,1918.0,50.635
CP035002,0.0010229347627233602,10.229347627233603,12,081202,CUSCO,QUISPICANCHI,ANDAHUAYLILLAS,URBANO,sierra,849.0,37.15
CP035051,0.0,0.0,0,081203,CUSCO,QUISPICANCHI,CAMANTI,RURAL,sierra,801.0,267.83835
CP032767,0.0,0.0,0,081204,CUSCO,QUISPICANCHI,CCARHUAYO,RURAL,sierra,2293.0,159.07333
CP033805,0.0,0.0,0,081205,CUSCO,QUISPICANCHI,CCATCA,RURAL,sierra,4229.333333333333,76.075
CP033793,0.0,0.0,0,081205,CUSCO,QUISPICANCHI,CCATCA,RURAL,sierra,4229.333333333333,88.775
CP033782,0.0,0.0,0,081205,CUSCO,QUISPICANCHI,CCATCA,RURAL,sierra,4229.333333333333,67.73
CP033769,0.0,0.0,0,081205,CUSCO,QUISPICANCHI,CCATCA,URBANO,sierra,1404.0,79.20333
CP032810,0.0,0.0,0,081206,CUSCO,QUISPICANCHI,CUSIPATA,RURAL,sierra,3961.0,75.10333
CP032856,0.0,0.0,0,081207,CUSCO,QUISPICANCHI,HUARO,RURAL,sierra,2542.0,93.66
CP032842,0.000315888841444813,3.1588884144481297,11,081207,CUSCO,QUISPICANCHI,HUARO,URBANO,sierra,404.0,51.628334
CP036018,0.001620383527653351,16.20383527653351,12,081208,CUSCO,QUISPICANCHI,LUCRE,RURAL,sierra,792.0,29.695
CP036023,0.0017795220948709244,17.795220948709243,12,081208,CUSCO,QUISPICANCHI,LUCRE,URBANO,sierra,1065.0,27.963333
CP036057,0.0,0.0,0,081209,CUSCO,QUISPICANCHI,MARCAPATA,RURAL,sierra,3958.0,260.58835
CP039075,0.0,0.0,0,081210,CUSCO,QUISPICANCHI,OCONGATE,RURAL,sierra,3720.0,120.89833
CP039934,0.0,0.0,0,081210,CUSCO,QUISPICANCHI,OCONGATE,RURAL,sierra,3720.0,163.99167
CP039099,0.0,0.0,0,081210,CUSCO,QUISPICANCHI,OCONGATE,RURAL,sierra,3720.0,127.05334
CP039082,0.0,0.0,0,081210,CUSCO,QUISPICANCHI,OCONGATE,URBANO,sierra,444.0,155.04834
CP085419,0.002234519895031011,22.34519895031011,12,081211,CUSCO,QUISPICANCHI,OROPESA,RURAL,sierra,881.0,23.298334
CP038036,0.002303829037386093,23.03829037386093,12,081211,CUSCO,QUISPICANCHI,OROPESA,URBANO,sierra,2697.0,22.61
CP038056,0.0,0.0,0,081212,CUSCO,QUISPICANCHI,QUIQUIJANA,RURAL,sierra,4742.5,85.20167
CP038063,0.0,0.0,0,081212,CUSCO,QUISPICANCHI,QUIQUIJANA,RURAL,sierra,4742.5,68.598335
CP038947,0.0,0.0,0,081301,CUSCO,URUBAMBA,URUBAMBA,RURAL,sierra,3349.5,66.105
CP039611,1.7453301820953515e-05,0.17453301820953515,2,081301,CUSCO,URUBAMBA,URUBAMBA,RURAL,sierra,3349.5,58.625
CP039793,0.0013887498970271974,13.887498970271974,12,081302,CUSCO,URUBAMBA,CHINCHERO,RURAL,sierra,3438.0,32.748333
CP039787,0.0014279490770625842,14.279490770625841,12,081302,CUSCO,URUBAMBA,CHINCHERO,RURAL,sierra,3438.0,32.281666
CP037243,0.0011891622618711757,11.891622618711757,12,081303,CUSCO,URUBAMBA,HUAYLLABAMBA,RURAL,sierra,4061.0,35.246666
CP037432,0.0,0.0,0,081304,CUSCO,URUBAMBA,MACHUPICCHU,RURAL,sierra,840.0,88.995
CP038143,0.0003968839777052312,3.968839777052312,12,081305,CUSCO,URUBAMBA,MARAS,RURAL,sierra,4626.0,49.663334
CP038990,0.0,0.0,0,081306,CUSCO,URUBAMBA,OLLANTAYTAMBO,RURAL,sierra,3434.5,65.38333
CP039162,0.0,0.0,0,081306,CUSCO,URUBAMBA,OLLANTAYTAMBO,RURAL,sierra,3434.5,118.42
CP039216,9.956440343491374e-05,0.9956440343491374,5,081307,CUSCO,URUBAMBA,YUCAY,RURAL,sierra,182.0,56.675
CP036632,0.0020415593638162246,20.415593638162246,3,090101,HUANCAVELICA,HUANCAVELICA,HUANCAVELICA,RURAL,sierra,4157.0,11.806666
CP036612,0.00213526532480076,21.3526532480076,3,090101,HUANCAVELICA,HUANCAVELICA,HUANCAVELICA,URBANO,sierra,1327.0,5.556667
CP037508,0.0004960163518267615,4.960163518267614,2,090102,HUANCAVELICA,HUANCAVELICA,ACOBAMBILLA,RURAL,sierra,3188.0,41.03
CP038398,0.0,0.0,0,090103,HUANCAVELICA,HUANCAVELICA,ACORIA,RURAL,sierra,4529.166666666667,63.371666
CP036661,0.0010038660572695714,10.038660572695715,2,090103,HUANCAVELICA,HUANCAVELICA,ACORIA,RURAL,sierra,4529.166666666667,29.728333
CP039049,0.001174949515915401,11.749495159154009,2,090103,HUANCAVELICA,HUANCAVELICA,ACORIA,RURAL,sierra,4529.166666666667,26.365
CP038404,0.0,0.0,0,090103,HUANCAVELICA,HUANCAVELICA,ACORIA,RURAL,sierra,4529.166666666667,64.003334
CP038412,0.0009941743564070402,9.941743564070402,2,090103,HUANCAVELICA,HUANCAVELICA,ACORIA,RURAL,sierra,4529.166666666667,29.923334
CP036665,0.0012587245624531807,12.587245624531807,2,090103,HUANCAVELICA,HUANCAVELICA,ACORIA,RURAL,sierra,4529.166666666667,24.75
CP039228,0.0010953991635119366,10.953991635119365,2,090103,HUANCAVELICA,HUANCAVELICA,ACORIA,URBANO,sierra,2541.0,27.913334
CP036697,0.0,0.0,0,090104,HUANCAVELICA,HUANCAVELICA,CONAYCA,RURAL,sierra,617.0,70.695
CP037554,0.0,0.0,0,090105,HUANCAVELICA,HUANCAVELICA,CUENCA,RURAL,sierra,1865.0,98.56
CP038231,0.00039286162270854564,3.9286162270854565,1,090106,HUANCAVELICA,HUANCAVELICA,HUACHOCOLPA,RURAL,sierra,1235.0,27.631666
CP038446,0.0,0.0,0,090106,HUANCAVELICA,HUANCAVELICA,HUACHOCOLPA,URBANO,sierra,905.0,61.516666
CP039297,0.0,0.0,0,090107,HUANCAVELICA,HUANCAVELICA,HUAYLLAHUARA,RURAL,sierra,326.0,91.86833
CP039306,0.00012415181353899775,1.2415181353899776,2,090108,HUANCAVELICA,HUANCAVELICA,IZCUCHACA,RURAL,sierra,399.0,58.238335
CP036720,0.0,0.0,0,090109,HUANCAVELICA,HUANCAVELICA,LARIA,RURAL,sierra,947.0,90.60167
CP036754,0.0,0.0,0,090110,HUANCAVELICA,HUANCAVELICA,MANTA,RURAL,sierra,1379.0,72.21833
CP038093,0.0,0.0,0,090112,HUANCAVELICA,HUANCAVELICA,MOYA,RURAL,sierra,1579.0,100.57667
CP038272,0.0,0.0,0,090113,HUANCAVELICA,HUANCAVELICA,NUEVO OCCORO,RURAL,sierra,1890.0,84.35333
CP036794,0.0007172134692578823,7.172134692578823,2,090114,HUANCAVELICA,HUANCAVELICA,PALCA,RURAL,sierra,2680.0,35.318333
CP037651,0.0,0.0,0,090115,HUANCAVELICA,HUANCAVELICA,PILCHACA,RURAL,sierra,213.0,87.045
CP038356,0.0,0.0,0,090116,HUANCAVELICA,HUANCAVELICA,VILCA,RURAL,sierra,2893.0,76.761665
CP038526,0.0009016371099946285,9.016371099946285,4,090117,HUANCAVELICA,HUANCAVELICA,YAULI,RURAL,sierra,3937.6,34.595
CP039423,0.0002292973302340123,2.292973302340123,2,090117,HUANCAVELICA,HUANCAVELICA,YAULI,RURAL,sierra,3937.6,51.43667
CP039406,0.0007190335741749058,7.190335741749058,4,090117,HUANCAVELICA,HUANCAVELICA,YAULI,RURAL,sierra,3937.6,39.48
CP038540,0.0006743772520885184,6.743772520885185,3,090117,HUANCAVELICA,HUANCAVELICA,YAULI,RURAL,sierra,3937.6,39.156666
CP039410,0.0010435345200338153,10.435345200338153,4,090117,HUANCAVELICA,HUANCAVELICA,YAULI,RURAL,sierra,3937.6,31.818333
CP036651,0.001956417224162205,19.56417224162205,2,090118,HUANCAVELICA,HUANCAVELICA,ASCENSION,RURAL,sierra,649.0,8.64
CP036870,0.0003930671563491884,3.930671563491884,2,090119,HUANCAVELICA,HUANCAVELICA,HUANDO,RURAL,sierra,6357.0,44.816666
CP038600,0.0007813462113229925,7.8134621132299245,2,090201,HUANCAVELICA,ACOBAMBA,ACOBAMBA,RURAL,sierra,3341.0,8.625
CP038609,0.0005039392657052347,5.039392657052347,1,090201,HUANCAVELICA,ACOBAMBA,ACOBAMBA,RURAL,sierra,3341.0,22.411667
CP039487,6.414703164436071e-05,0.6414703164436071,1,090202,HUANCAVELICA,ACOBAMBA,ANDABAMBA,RURAL,sierra,3247.0,54.583332
CP036879,0.0006467609149012677,6.467609149012677,2,090202,HUANCAVELICA,ACOBAMBA,ANDABAMBA,URBANO,sierra,728.0,20.825
CP036888,0.0007443288914542627,7.443288914542626,2,090203,HUANCAVELICA,ACOBAMBA,ANTA,RURAL,sierra,3868.0,24.055
CP036897,0.000723328784688497,7.23328784688497,2,090203,HUANCAVELICA,ACOBAMBA,ANTA,RURAL,sierra,3868.0,26.838333
CP037780,0.0003635137570736873,3.635137570736873,1,090204,HUANCAVELICA,ACOBAMBA,CAJA,RURAL,sierra,2152.0,29.913334
CP038473,0.00048266541907560306,4.826654190756031,2,090205,HUANCAVELICA,ACOBAMBA,MARCAS,RURAL,sierra,1283.0,27.138334
CP037800,0.0001709027001412145,1.709027001412145,2,090205,HUANCAVELICA,ACOBAMBA,MARCAS,URBANO,sierra,404.0,46.65
CP085183,0.0002668726956163382,2.668726956163382,3,090206,HUANCAVELICA,ACOBAMBA,PAUCARA,RURAL,sierra,4377.5,52.41
CP039542,0.0005423953428926835,5.423953428926835,2,090206,HUANCAVELICA,ACOBAMBA,PAUCARA,RURAL,sierra,4377.5,25.071667
CP084675,0.00029626327824656566,2.9626327824656564,4,090206,HUANCAVELICA,ACOBAMBA,PAUCARA,RURAL,sierra,4377.5,46.478333
CP039333,0.0003306696105478177,3.3066961054781774,2,090206,HUANCAVELICA,ACOBAMBA,PAUCARA,RURAL,sierra,4377.5,36.926666
CP039561,0.000571100496197035,5.7110049619703505,1,090207,HUANCAVELICA,ACOBAMBA,POMACOCHA,RURAL,sierra,2550.0,18.76
CP039550,0.0007403356219556962,7.403356219556962,1,090207,HUANCAVELICA,ACOBAMBA,POMACOCHA,URBANO,sierra,1282.0,6.3283334
CP085980,0.0006300703890033694,6.300703890033694,2,090208,HUANCAVELICA,ACOBAMBA,ROSARIO,RURAL,sierra,5710.0,19.858334
CP036954,0.0007844673822143198,7.844673822143198,2,090208,HUANCAVELICA,ACOBAMBA,ROSARIO,URBANO,sierra,1350.0,14.606667
CP039384,0.00048785963337909737,4.8785963337909735,1,090301,HUANCAVELICA,ANGARAES,LIRCAY,RURAL,sierra,4487.75,22.433332
CP039344,0.00011414433941256569,1.141443394125657,1,090301,HUANCAVELICA,ANGARAES,LIRCAY,RURAL,sierra,4487.75,47.421665
CP037818,0.0005203379752745822,5.203379752745822,1,090301,HUANCAVELICA,ANGARAES,LIRCAY,RURAL,sierra,4487.75,20.635
CP037001,0.0006436099896780782,6.436099896780782,1,090301,HUANCAVELICA,ANGARAES,LIRCAY,RURAL,sierra,4487.75,13.05
CP036984,0.0006868338585324016,6.868338585324016,1,090301,HUANCAVELICA,ANGARAES,LIRCAY,URBANO,sierra,385.0,9.601666
CP037698,0.0005337643772375524,5.337643772375524,4,090302,HUANCAVELICA,ANGARAES,ANCHONGA,RURAL,sierra,6429.0,34.106667
CP037877,0.0005036703741045734,5.036703741045734,4,090302,HUANCAVELICA,ANGARAES,ANCHONGA,URBANO,sierra,1040.0,32.591667
CP037924,0.00022038010155532215,2.2038010155532213,1,090303,HUANCAVELICA,ANGARAES,CALLANMARCA,RURAL,sierra,255.0,38.18667
CP038737,0.0013942831447010793,13.942831447010793,3,090304,HUANCAVELICA,ANGARAES,CCOCHACCASA,RURAL,sierra,2208.0,21.29
CP038746,0.000497950435168199,4.979504351681991,3,090304,HUANCAVELICA,ANGARAES,CCOCHACCASA,URBANO,sierra,261.0,36.913334
CP038778,0.0004678321244565089,4.6783212445650895,6,090305,HUANCAVELICA,ANGARAES,CHINCHO,RURAL,sierra,1239.0,34.873333
CP036877,0.0,0.0,0,090306,HUANCAVELICA,ANGARAES,CONGALLA,RURAL,sierra,3550.0,66.51667
CP039621,6.518120643495345e-05,0.6518120643495345,1,090306,HUANCAVELICA,ANGARAES,CONGALLA,URBANO,sierra,229.0,54.056667
CP037094,0.00016983658991737307,1.6983658991737307,1,090307,HUANCAVELICA,ANGARAES,HUANCA-HUANCA,RURAL,sierra,805.0,42.086666
CP037108,0.0007776334607879336,7.7763346078793365,2,090308,HUANCAVELICA,ANGARAES,HUAYLLAY GRANDE,RURAL,sierra,409.0,12.823334
CP037939,0.0,0.0,0,090309,HUANCAVELICA,ANGARAES,JULCAMARCA,RURAL,sierra,842.0,74.69334
CP037964,0.0,0.0,0,090310,HUANCAVELICA,ANGARAES,SAN ANTONIO DE ANTAPARCO,RURAL,sierra,2500.0,67.611664
CP037974,0.0,0.0,0,090311,HUANCAVELICA,ANGARAES,SANTO TOMAS DE PATA,RURAL,sierra,1412.0,90.64
CP038804,0.0,0.0,0,090312,HUANCAVELICA,ANGARAES,SECCLLA,RURAL,sierra,2899.0,84.98333
CP038022,0.0,0.0,0,090401,HUANCAVELICA,CASTROVIRREYNA,CASTROVIRREYNA,RURAL,sierra,2101.0,132.265
CP037198,0.0,0.0,0,090402,HUANCAVELICA,CASTROVIRREYNA,ARMA,RURAL,sierra,1200.0,99.01
CP039400,0.0,0.0,0,090403,HUANCAVELICA,CASTROVIRREYNA,AURAHUA,RURAL,sierra,1633.0,126.43667
CP038100,0.0,0.0,0,090404,HUANCAVELICA,CASTROVIRREYNA,CAPILLAS,RURAL,sierra,1287.0,119.708336
CP039907,0.0,0.0,0,090405,HUANCAVELICA,CASTROVIRREYNA,CHUPAMARCA,RURAL,sierra,858.0,136.70667
CP038842,0.0,0.0,0,090406,HUANCAVELICA,CASTROVIRREYNA,COCAS,RURAL,sierra,788.0,114.363335
CP038191,0.0,0.0,0,090407,HUANCAVELICA,CASTROVIRREYNA,HUACHOS,RURAL,sierra,1155.0,113.61833
CP038165,0.0,0.0,0,090408,HUANCAVELICA,CASTROVIRREYNA,HUAMATAMBO,RURAL,sierra,273.0,128.86333
CP037296,0.0,0.0,0,090409,HUANCAVELICA,CASTROVIRREYNA,MOLLEPAMPA,RURAL,sierra,1424.0,123.58833
CP042027,0.0,0.0,0,090410,HUANCAVELICA,CASTROVIRREYNA,SAN JUAN,RURAL,sierra,639.0,75.78167
CP040358,0.0,0.0,0,090411,HUANCAVELICA,CASTROVIRREYNA,SANTA ANA,RURAL,sierra,1011.0,127.20167
CP040332,0.0,0.0,0,090411,HUANCAVELICA,CASTROVIRREYNA,SANTA ANA,URBANO,sierra,886.0,148.76334
CP041210,0.0,0.0,0,090412,HUANCAVELICA,CASTROVIRREYNA,TANTARA,RURAL,sierra,410.0,107.955
CP043160,0.0,0.0,0,090413,HUANCAVELICA,CASTROVIRREYNA,TICRAPO,RURAL,sierra,892.0,108.28833
CP040643,6.191566398335765e-05,0.6191566398335765,1,090501,HUANCAVELICA,CHURCAMPA,CHURCAMPA,RURAL,sierra,3283.0,49.195
CP042181,0.0,0.0,0,090502,HUANCAVELICA,CHURCAMPA,ANCO,RURAL,sierra,5868.0,73.041664
CP043254,0.0,0.0,0,090503,HUANCAVELICA,CHURCAMPA,CHINCHIHUASI,RURAL,sierra,2963.0,80.14167
CP040449,0.0,0.0,0,090504,HUANCAVELICA,CHURCAMPA,EL CARMEN,RURAL,sierra,2884.0,75.80666
CP040480,0.00010852790514931024,1.0852790514931023,1,090505,HUANCAVELICA,CHURCAMPA,LA MERCED,RURAL,sierra,502.0,41.781666
CP040487,0.0,0.0,0,090506,HUANCAVELICA,CHURCAMPA,LOCROJA,RURAL,sierra,3283.0,79.58
CP041339,0.0,0.0,0,090507,HUANCAVELICA,CHURCAMPA,PAUCARBAMBA,RURAL,sierra,3299.5,90.17
CP041306,0.0,0.0,0,090507,HUANCAVELICA,CHURCAMPA,PAUCARBAMBA,RURAL,sierra,3299.5,87.11
CP042193,0.0,0.0,0,090508,HUANCAVELICA,CHURCAMPA,SAN MIGUEL DE MAYOCC,RURAL,sierra,433.0,64.96333
CP084652,0.0,0.0,0,090509,HUANCAVELICA,CHURCAMPA,SAN PEDRO DE CORIS,RURAL,sierra,4564.0,142.14667
CP042217,0.0,0.0,0,090509,HUANCAVELICA,CHURCAMPA,SAN PEDRO DE CORIS,URBANO,sierra,1639.0,140.43333
CP043065,0.0,0.0,0,090510,HUANCAVELICA,CHURCAMPA,PACHAMARCA,RURAL,sierra,2745.0,105.73
CP041486,0.0,0.0,0,090511,HUANCAVELICA,CHURCAMPA,COSME,RURAL,sierra,3110.0,83.82667
CP040504,0.0,0.0,0,090601,HUANCAVELICA,HUAYTARA,HUAYTARA,RURAL,sierra,1419.0,101.125
CP041354,0.0,0.0,0,090602,HUANCAVELICA,HUAYTARA,AYAVI,RURAL,sierra,611.0,166.40167
CP042284,0.0,0.0,0,090603,HUANCAVELICA,HUAYTARA,CORDOVA,RURAL,sierra,1719.0,131.565
CP042930,0.0,0.0,0,090604,HUANCAVELICA,HUAYTARA,HUAYACUNDO ARMA,RURAL,sierra,201.0,129.64833
CP040553,0.0,0.0,0,090605,HUANCAVELICA,HUAYTARA,LARAMARCA,RURAL,sierra,244.0,116.486664
CP040586,0.0,0.0,0,090606,HUANCAVELICA,HUAYTARA,OCOYO,RURAL,sierra,2045.0,96.82
CP042515,0.0,0.0,0,090607,HUANCAVELICA,HUAYTARA,PILPICHACA,RURAL,sierra,2932.0,96.128334
CP043437,0.0,0.0,0,090608,HUANCAVELICA,HUAYTARA,QUERCO,RURAL,sierra,333.0,111.011665
CP041521,0.0,0.0,0,090609,HUANCAVELICA,HUAYTARA,QUITO-ARMA,RURAL,sierra,730.0,143.5
CP042435,0.0,0.0,0,090610,HUANCAVELICA,HUAYTARA,SAN ANTONIO DE CUSICANCHA,RURAL,sierra,1448.0,135.17833
CP040709,0.0,0.0,0,090611,HUANCAVELICA,HUAYTARA,SAN FRANCISCO DE SANGAYAICO,RURAL,sierra,430.0,129.87666
CP041609,0.0,0.0,0,090612,HUANCAVELICA,HUAYTARA,SAN ISIDRO,RURAL,sierra,531.0,139.12666
CP043336,0.0,0.0,0,090613,HUANCAVELICA,HUAYTARA,SANTIAGO DE CHOCORVOS,RURAL,sierra,2600.0,124.206665
CP043313,0.0,0.0,0,090613,HUANCAVELICA,HUAYTARA,SANTIAGO DE CHOCORVOS,URBANO,sierra,252.0,118.64167
CP041867,0.0,0.0,0,090614,HUANCAVELICA,HUAYTARA,SANTIAGO DE QUIRAHUARA,RURAL,sierra,387.0,104.168335
CP042746,0.0,0.0,0,090615,HUANCAVELICA,HUAYTARA,SANTO DOMINGO DE CAPILLAS,RURAL,sierra,862.0,134.89833
CP041020,0.0,0.0,0,090616,HUANCAVELICA,HUAYTARA,TAMBO,RURAL,sierra,215.0,130.46834
CP041041,5.941702264542168e-05,0.5941702264542168,1,090701,HUANCAVELICA,TAYACAJA,PAMPAS,RURAL,sierra,4887.0,50.52833
CP041919,3.7112654482839506e-05,0.3711265448283951,1,090702,HUANCAVELICA,TAYACAJA,ACOSTAMBO,RURAL,sierra,3636.0,55.845
CP042783,0.00028823936327096103,2.8823936327096105,1,090703,HUANCAVELICA,TAYACAJA,ACRAQUIA,RURAL,sierra,4404.0,25.6
CP042789,0.00019164679009543928,1.9164679009543928,1,090704,HUANCAVELICA,TAYACAJA,AHUAYCHA,RURAL,sierra,4418.0,33.85
CP040833,0.00014373848533072824,1.4373848533072824,1,090705,HUANCAVELICA,TAYACAJA,COLCABAMBA,RURAL,sierra,3634.3333333333335,38.62
CP040852,0.0,0.0,0,090705,HUANCAVELICA,TAYACAJA,COLCABAMBA,RURAL,sierra,3634.3333333333335,95.97833
CP040872,0.0,0.0,0,090705,HUANCAVELICA,TAYACAJA,COLCABAMBA,RURAL,sierra,3634.3333333333335,79.653336
CP040020,0.0,0.0,0,090705,HUANCAVELICA,TAYACAJA,COLCABAMBA,URBANO,sierra,130.0,92.48167
CP042643,0.0005676816957062647,5.676816957062647,10,090706,HUANCAVELICA,TAYACAJA,DANIEL HERNANDEZ,RURAL,sierra,5806.0,6.7316666
CP040047,0.0,0.0,0,090707,HUANCAVELICA,TAYACAJA,HUACHOCOLPA,RURAL,sierra,3834.0,150.53166
CP040910,0.0001378385360941145,1.3783853609411452,1,090709,HUANCAVELICA,TAYACAJA,HUARIBAMBA,RURAL,sierra,5307.0,39.266666
CP040905,0.0,0.0,0,090709,HUANCAVELICA,TAYACAJA,HUARIBAMBA,URBANO,sierra,1619.0,71.17834
CP040944,0.0,0.0,0,090710,HUANCAVELICA,TAYACAJA,NAHUIMPUQUIO,RURAL,sierra,645.0,62.156666
CP040938,0.0011825793552603157,11.825793552603157,16,090710,HUANCAVELICA,TAYACAJA,NAHUIMPUQUIO,URBANO,sierra,499.0,32.713333
CP041626,0.0010429074537511925,10.429074537511925,16,090711,HUANCAVELICA,TAYACAJA,PAZOS,RURAL,sierra,5697.0,31.261667
CP041794,0.001351167101788654,13.51167101788654,16,090711,HUANCAVELICA,TAYACAJA,PAZOS,URBANO,sierra,488.0,25.986666
CP041817,0.0,0.0,0,090713,HUANCAVELICA,TAYACAJA,QUISHUAR,RURAL,sierra,88.0,65.415
CP042506,2.4896982458077623e-05,0.24896982458077624,1,090714,HUANCAVELICA,TAYACAJA,SALCABAMBA,RURAL,sierra,4943.0,59.986668
CP042704,0.0,0.0,0,090715,HUANCAVELICA,TAYACAJA,SALCAHUASI,RURAL,sierra,3676.0,102.668335
CP040106,0.0,0.0,0,090716,HUANCAVELICA,TAYACAJA,SAN MARCOS DE ROCCHAC,RURAL,sierra,2644.0,73.705
CP040964,0.0,0.0,0,090717,HUANCAVELICA,TAYACAJA,SURCUBAMBA,RURAL,sierra,4656.0,125.02333
CP041645,0.0,0.0,0,090718,HUANCAVELICA,TAYACAJA,TINTAY PUNCU,RURAL,sierra,3694.5,151.06667
CP042062,0.0,0.0,0,090718,HUANCAVELICA,TAYACAJA,TINTAY PUNCU,RURAL,sierra,3694.5,213.13667
CP040883,0.0,0.0,0,090719,HUANCAVELICA,TAYACAJA,QUICHUAS,RURAL,sierra,3796.0,61.06167
CP040023,0.0,0.0,0,090720,HUANCAVELICA,TAYACAJA,ANDAYMARCA,RURAL,sierra,2169.0,111.761665
CP042973,0.0032933943934898274,32.933943934898274,10,100101,HUANUCO,HUANUCO,HUANUCO,RURAL,sierra,3561.0,11.42
CP042979,0.003730282653304365,37.30282653304365,10,100102,HUANUCO,HUANUCO,AMARILIS,RURAL,sierra,5049.5,2.4566667
CP042990,0.0017759549503701798,17.7595495037018,10,100102,HUANUCO,HUANUCO,AMARILIS,RURAL,sierra,5049.5,26.065
CP041275,0.0,0.0,0,100103,HUANUCO,HUANUCO,CHINCHAO,RURAL,sierra,4032.4,104.29
CP041236,0.0,0.0,0,100103,HUANUCO,HUANUCO,CHINCHAO,RURAL,sierra,4032.4,81.91
CP042156,0.00030963092915477024,3.0963092915477026,10,100103,HUANUCO,HUANUCO,CHINCHAO,RURAL,sierra,4032.4,50.55
CP041266,0.0,0.0,0,100103,HUANUCO,HUANUCO,CHINCHAO,RURAL,sierra,4032.4,95.19666
CP042125,1.667561968980909e-05,0.1667561968980909,1,100103,HUANUCO,HUANUCO,CHINCHAO,RURAL,sierra,4032.4,59.825
CP042147,1.6979526064040594e-05,0.16979526064040593,1,100103,HUANUCO,HUANUCO,CHINCHAO,URBANO,sierra,878.0,59.643333
CP040232,0.00034872496598669495,3.4872496598669493,10,100104,HUANUCO,HUANUCO,CHURUBAMBA,RURAL,sierra,4425.6,49.233334
CP040215,0.0,0.0,0,100104,HUANUCO,HUANUCO,CHURUBAMBA,RURAL,sierra,4425.6,75.72833
CP042866,2.229516681961978e-05,0.2229516681961978,1,100104,HUANUCO,HUANUCO,CHURUBAMBA,RURAL,sierra,4425.6,56.833332
CP042855,0.0006097697449880541,6.097697449880541,10,100104,HUANUCO,HUANUCO,CHURUBAMBA,RURAL,sierra,4425.6,42.556667
CP040247,0.0003669268720338998,3.669268720338998,10,100104,HUANUCO,HUANUCO,CHURUBAMBA,RURAL,sierra,4425.6,48.66
CP041067,0.0,0.0,0,100105,HUANUCO,HUANUCO,MARGOS,RURAL,sierra,4064.0,63.556667
CP041072,0.0,0.0,0,100105,HUANUCO,HUANUCO,MARGOS,URBANO,sierra,1722.0,62.14
CP040318,0.0008272002921307646,8.272002921307646,10,100106,HUANUCO,HUANUCO,QUISQUI (KICHKI),RURAL,sierra,6359.0,41.09667
CP043051,0.002449072331216389,24.49072331216389,10,100107,HUANUCO,HUANUCO,SAN FRANCISCO DE CAYRAN,RURAL,sierra,4320.0,19.898333
CP041160,0.0,0.0,0,100108,HUANUCO,HUANUCO,SAN PEDRO DE CHAULAN,RURAL,sierra,5258.0,95.88333
CP047359,0.0023588348123375204,23.588348123375205,10,100109,HUANUCO,HUANUCO,SANTA MARIA DEL VALLE,RURAL,sierra,4134.25,19.793333
CP047121,0.0,0.0,0,100109,HUANUCO,HUANUCO,SANTA MARIA DEL VALLE,RURAL,sierra,4134.25,73.95167
CP044163,0.002870088527622827,28.70088527622827,10,100109,HUANUCO,HUANUCO,SANTA MARIA DEL VALLE,RURAL,sierra,4134.25,14.275
CP044167,0.0019207458944423004,19.207458944423003,10,100109,HUANUCO,HUANUCO,SANTA MARIA DEL VALLE,RURAL,sierra,4134.25,24.383333
CP045130,0.0,0.0,0,100110,HUANUCO,HUANUCO,YARUMAYO,RURAL,sierra,1950.0,66.136665
CP045155,0.003428241027626663,34.28241027626663,10,100111,HUANUCO,HUANUCO,PILLCO MARCA,RURAL,sierra,4346.0,8.423333
CP042875,0.0,0.0,0,100112,HUANUCO,HUANUCO,YACUS,RURAL,sierra,4288.0,71.755
CP046179,0.00028064955222254997,2.8064955222254997,6,100201,HUANUCO,AMBO,AMBO,RURAL,sierra,3886.5,55.838333
CP046169,0.0,0.0,0,100201,HUANUCO,AMBO,AMBO,RURAL,sierra,3886.5,70.746666
CP046144,0.0013946227954434302,13.946227954434303,10,100201,HUANUCO,AMBO,AMBO,URBANO,sierra,1196.0,31.526667
CP044473,0.0,0.0,0,100202,HUANUCO,AMBO,CAYNA,RURAL,sierra,2032.0,89.14333
CP047157,0.0,0.0,0,100202,HUANUCO,AMBO,CAYNA,URBANO,sierra,719.0,93.74167
CP045445,0.0,0.0,0,100203,HUANUCO,AMBO,COLPAS,RURAL,sierra,2173.0,144.75166
CP045444,0.0,0.0,0,100203,HUANUCO,AMBO,COLPAS,URBANO,sierra,172.0,100.46667
CP046462,0.002164392135013808,21.64392135013808,10,100204,HUANUCO,AMBO,CONCHAMARCA,RURAL,sierra,5697.0,22.89
CP046267,0.0011318515326602674,11.318515326602673,10,100204,HUANUCO,AMBO,CONCHAMARCA,URBANO,sierra,848.0,34.956665
CP043486,0.00038153375085123474,3.8153375085123473,10,100205,HUANUCO,AMBO,HUACAR,RURAL,sierra,3544.0,49.341667
CP044510,0.0,0.0,0,100205,HUANUCO,AMBO,HUACAR,RURAL,sierra,3544.0,66.1
CP045528,0.0,0.0,0,100206,HUANUCO,AMBO,SAN FRANCISCO,RURAL,sierra,1893.0,75.01833
CP045517,0.0001922475377230122,1.9224753772301222,1,100206,HUANUCO,AMBO,SAN FRANCISCO,URBANO,sierra,617.0,53.965
CP046562,0.0,0.0,0,100207,HUANUCO,AMBO,SAN RAFAEL,RURAL,sierra,4535.5,91.56167
CP046517,0.0007458142172921625,7.458142172921625,1,100207,HUANUCO,AMBO,SAN RAFAEL,RURAL,sierra,4535.5,35.82
CP046525,0.0006281277858628801,6.281277858628801,1,100207,HUANUCO,AMBO,SAN RAFAEL,URBANO,sierra,812.0,38.593334
CP043548,0.002254401495692462,22.54401495692462,10,100208,HUANUCO,AMBO,TOMAY KICHWA,RURAL,sierra,2441.0,21.941668
CP044556,0.0,0.0,0,100301,HUANUCO,DOS DE MAYO,LA UNION,RURAL,sierra,2077.0,131.13834
CP045610,0.0,0.0,0,100307,HUANUCO,DOS DE MAYO,CHUQUIS,RURAL,sierra,3865.0,165.515
CP044578,0.0,0.0,0,100307,HUANUCO,DOS DE MAYO,CHUQUIS,URBANO,sierra,313.0,147.07333
CP043591,0.0,0.0,0,100311,HUANUCO,DOS DE MAYO,MARIAS,RURAL,sierra,5790.0,150.56334
CP043601,0.0,0.0,0,100311,HUANUCO,DOS DE MAYO,MARIAS,URBANO,sierra,654.0,143.85667
CP044664,0.0,0.0,0,100313,HUANUCO,DOS DE MAYO,PACHAS,RURAL,sierra,4184.5,137.03
CP044636,0.0,0.0,0,100313,HUANUCO,DOS DE MAYO,PACHAS,RURAL,sierra,4184.5,136.91167
CP044663,0.0,0.0,0,100313,HUANUCO,DOS DE MAYO,PACHAS,URBANO,sierra,639.0,128.90834
CP047190,0.0,0.0,0,100316,HUANUCO,DOS DE MAYO,QUIVILLA,RURAL,sierra,1016.0,161.335
CP043696,0.0,0.0,0,100317,HUANUCO,DOS DE MAYO,RIPAN,RURAL,sierra,3496.0,142.87833
CP044679,0.0,0.0,0,100317,HUANUCO,DOS DE MAYO,RIPAN,URBANO,sierra,538.0,128.41333
CP045699,0.0,0.0,0,100321,HUANUCO,DOS DE MAYO,SHUNQUI,RURAL,sierra,1979.0,142.85667
CP046724,0.0,0.0,0,100322,HUANUCO,DOS DE MAYO,SILLAPATA,RURAL,sierra,2394.0,121.08
CP043762,0.0,0.0,0,100323,HUANUCO,DOS DE MAYO,YANAS,RURAL,sierra,2201.0,151.85
CP044762,0.0,0.0,0,100401,HUANUCO,HUACAYBAMBA,HUACAYBAMBA,RURAL,sierra,4810.0,143.78667
CP044743,0.0,0.0,0,100401,HUANUCO,HUACAYBAMBA,HUACAYBAMBA,URBANO,sierra,524.0,122.02333
CP045792,0.0,0.0,0,100402,HUANUCO,HUACAYBAMBA,CANCHABAMBA,RURAL,sierra,2425.0,258.335
CP046576,0.0,0.0,0,100403,HUANUCO,HUACAYBAMBA,COCHABAMBA,RURAL,sierra,2162.0,150.10834
CP043789,0.0,0.0,0,100404,HUANUCO,HUACAYBAMBA,PINRA,RURAL,sierra,3653.0,189.06
CP043588,0.0,0.0,0,100404,HUANUCO,HUACAYBAMBA,PINRA,RURAL,sierra,3653.0,201.42
CP044852,0.0,0.0,0,100501,HUANUCO,HUAMALIES,LLATA,RURAL,sierra,4673.5,125.85667
CP045837,0.0,0.0,0,100501,HUANUCO,HUAMALIES,LLATA,RURAL,sierra,4673.5,129.08167
CP043810,0.0,0.0,0,100501,HUANUCO,HUAMALIES,LLATA,URBANO,sierra,1110.0,132.69667
CP045853,0.0,0.0,0,100502,HUANUCO,HUAMALIES,ARANCAY,RURAL,sierra,1373.0,216.695
CP045867,0.0,0.0,0,100503,HUANUCO,HUAMALIES,CHAVIN DE PARIARCA,RURAL,sierra,2554.0,168.39667
CP045865,0.0,0.0,0,100503,HUANUCO,HUAMALIES,CHAVIN DE PARIARCA,URBANO,sierra,797.0,162.47333
CP044879,0.0,0.0,0,100504,HUANUCO,HUAMALIES,JACAS GRANDE,RURAL,sierra,5543.0,162.68333
CP043878,0.0,0.0,0,100504,HUANUCO,HUAMALIES,JACAS GRANDE,URBANO,sierra,350.0,166.36
CP043919,0.0,0.0,0,100505,HUANUCO,HUAMALIES,JIRCAN,RURAL,sierra,2666.0,213.925
CP044941,0.0,0.0,0,100506,HUANUCO,HUAMALIES,MIRAFLORES,RURAL,sierra,1702.0,140.74
CP044734,0.0,0.0,0,100506,HUANUCO,HUAMALIES,MIRAFLORES,URBANO,sierra,374.0,126.37666
CP045753,2.7120808322836323e-05,0.2712080832283632,1,100507,HUANUCO,HUAMALIES,MONZON,RURAL,sierra,5028.0,57.87
CP046940,0.00019526744962637403,1.9526744962637403,2,100507,HUANUCO,HUAMALIES,MONZON,RURAL,sierra,5028.0,39.645
CP044987,0.0,0.0,0,100507,HUANUCO,HUAMALIES,MONZON,RURAL,sierra,5028.0,76.19833
CP046952,0.0,0.0,0,100508,HUANUCO,HUAMALIES,PUNCHAO,RURAL,sierra,533.0,143.30167
CP046965,0.0,0.0,0,100509,HUANUCO,HUAMALIES,PUNOS,RURAL,sierra,3628.0,100.53333
CP044029,0.0,0.0,0,100510,HUANUCO,HUAMALIES,SINGA,RURAL,sierra,2647.0,122.45
CP045815,0.0,0.0,0,100511,HUANUCO,HUAMALIES,TANTAMAYO,RURAL,sierra,2569.0,177.75667
CP046043,0.00043234961312398437,4.323496131239843,2,100601,HUANUCO,LEONCIO PRADO,RUPA-RUPA,RURAL,sierra,3443.0,26.256666
CP046054,0.0008762072293244985,8.762072293244984,2,100601,HUANUCO,LEONCIO PRADO,RUPA-RUPA,RURAL,sierra,3443.0,1.2583333
CP047024,0.00048789056685794843,4.878905668579485,2,100602,HUANUCO,LEONCIO PRADO,DANIEL ALOMIAS ROBLES,RURAL,sierra,6261.0,23.36
CP044042,0.0,0.0,0,100603,HUANUCO,LEONCIO PRADO,HERMILIO VALDIZAN,RURAL,sierra,3607.0,70.06333
CP044062,0.0,0.0,0,100604,HUANUCO,LEONCIO PRADO,JOSE CRESPO Y CASTILLO,RURAL,sierra,4564.0,73.545
CP044088,0.0,0.0,0,100604,HUANUCO,LEONCIO PRADO,JOSE CRESPO Y CASTILLO,RURAL,sierra,4564.0,90.55334
CP045094,0.0,0.0,0,100604,HUANUCO,LEONCIO PRADO,JOSE CRESPO Y CASTILLO,RURAL,sierra,4564.0,88.55
CP044077,0.0,0.0,0,100604,HUANUCO,LEONCIO PRADO,JOSE CRESPO Y CASTILLO,RURAL,sierra,4564.0,72.77
CP046103,0.0005761065448046804,5.7610654480468035,2,100605,HUANUCO,LEONCIO PRADO,LUYANDO,RURAL,sierra,3422.0,22.208334
CP046099,0.00032173798835458865,3.2173798835458864,2,100605,HUANUCO,LEONCIO PRADO,LUYANDO,RURAL,sierra,3422.0,34.28
CP047086,0.00023847078875004896,2.3847078875004897,2,100606,HUANUCO,LEONCIO PRADO,MARIANO DAMASO BERAUN,RURAL,sierra,3695.0,36.351665
CP047075,0.0,0.0,0,100606,HUANUCO,LEONCIO PRADO,MARIANO DAMASO BERAUN,RURAL,sierra,3695.0,65.02333
CP047089,0.0005635596830439243,5.635596830439243,2,100606,HUANUCO,LEONCIO PRADO,MARIANO DAMASO BERAUN,URBANO,sierra,1578.0,19.741667
CP044119,0.0,0.0,0,100701,HUANUCO,MARANON,HUACRACHUCO,RURAL,sierra,4241.0,152.50166
CP044125,0.0,0.0,0,100701,HUANUCO,MARANON,HUACRACHUCO,RURAL,sierra,4241.0,156.10667
CP047115,0.0,0.0,0,100701,HUANUCO,MARANON,HUACRACHUCO,RURAL,sierra,4241.0,142.81166
CP045649,5.2078237860449326e-05,0.5207823786044933,1,100702,HUANUCO,MARANON,CHOLON,RURAL,sierra,3954.5,55.755
CP045669,0.0,0.0,0,100702,HUANUCO,MARANON,CHOLON,RURAL,sierra,3954.5,71.15667
CP045646,0.0,0.0,0,100702,HUANUCO,MARANON,CHOLON,URBANO,sierra,597.0,68.39
CP045909,0.0,0.0,0,100703,HUANUCO,MARANON,SAN BUENAVENTURA,RURAL,sierra,2048.0,199.34334
CP046908,0.0,0.0,0,100801,HUANUCO,PACHITEA,PANAO,RURAL,sierra,3990.75,96.996666
CP046897,0.0,0.0,0,100801,HUANUCO,PACHITEA,PANAO,RURAL,sierra,3990.75,65.955
CP046906,0.0,0.0,0,100801,HUANUCO,PACHITEA,PANAO,RURAL,sierra,3990.75,97.45
CP044202,0.0,0.0,0,100801,HUANUCO,PACHITEA,PANAO,RURAL,sierra,3990.75,128.765
CP044248,0.0,0.0,0,100802,HUANUCO,PACHITEA,CHAGLLA,RURAL,sierra,3620.0,109.28667
CP045178,0.0,0.0,0,100802,HUANUCO,PACHITEA,CHAGLLA,RURAL,sierra,3620.0,82.54
CP041225,3.7460212833596054e-05,0.3746021283359605,1,100802,HUANUCO,PACHITEA,CHAGLLA,RURAL,sierra,3620.0,54.413334
CP044273,0.0,0.0,0,100803,HUANUCO,PACHITEA,MOLINO,RURAL,sierra,3609.3333333333335,70.70167
CP047066,0.0,0.0,0,100803,HUANUCO,PACHITEA,MOLINO,RURAL,sierra,3609.3333333333335,81.23167
CP044285,0.0,0.0,0,100803,HUANUCO,PACHITEA,MOLINO,RURAL,sierra,3609.3333333333335,73.61
CP046234,0.0,0.0,0,100804,HUANUCO,PACHITEA,UMARI,RURAL,sierra,4146.75,61.641666
CP046224,0.0,0.0,0,100804,HUANUCO,PACHITEA,UMARI,RURAL,sierra,4146.75,61.668335
CP046232,0.0,0.0,0,100804,HUANUCO,PACHITEA,UMARI,RURAL,sierra,4146.75,82.19833
CP046009,0.0002373673350863477,2.373673350863477,9,100804,HUANUCO,PACHITEA,UMARI,RURAL,sierra,4146.75,52.71
CP046299,0.0,0.0,0,100901,HUANUCO,PUERTO INCA,PUERTO INCA,RURAL,costa,5801.0,208.12666
CP046279,0.0,0.0,0,100901,HUANUCO,PUERTO INCA,PUERTO INCA,URBANO,costa,1409.0,163.33167
CP046320,0.0,0.0,0,100902,HUANUCO,PUERTO INCA,CODO DEL POZUZO,RURAL,costa,5155.0,231.82834
CP045349,0.0,0.0,0,100903,HUANUCO,PUERTO INCA,HONORIA,RURAL,costa,4841.0,80.44833
CP045250,0.0,0.0,0,100904,HUANUCO,PUERTO INCA,TOURNAVISTA,RURAL,costa,4149.0,82.92167
CP044092,0.0,0.0,0,100905,HUANUCO,PUERTO INCA,YUYAPICHIS,RURAL,costa,5112.0,240.65334
CP044329,0.0,0.0,0,101001,HUANUCO,LAURICOCHA,JESUS,RURAL,sierra,4286.0,102.46833
CP044314,0.0,0.0,0,101001,HUANUCO,LAURICOCHA,JESUS,URBANO,sierra,461.0,139.96834
CP048730,0.0,0.0,0,101002,HUANUCO,LAURICOCHA,BANOS,RURAL,sierra,4055.0,159.27333
CP050987,0.0,0.0,0,101003,HUANUCO,LAURICOCHA,JIVIA,RURAL,sierra,2152.0,98.9
CP051006,0.0,0.0,0,101004,HUANUCO,LAURICOCHA,QUEROPALCA,RURAL,sierra,856.0,166.17833
CP050104,0.0,0.0,0,101005,HUANUCO,LAURICOCHA,RONDOS,RURAL,sierra,5270.0,151.04834
CP049078,0.0,0.0,0,101005,HUANUCO,LAURICOCHA,RONDOS,URBANO,sierra,523.0,126.03833
CP051050,0.0,0.0,0,101006,HUANUCO,LAURICOCHA,SAN FRANCISCO DE ASIS,RURAL,sierra,1697.0,127.49834
CP050107,0.0,0.0,0,101006,HUANUCO,LAURICOCHA,SAN FRANCISCO DE ASIS,URBANO,sierra,236.0,108.596664
CP050918,0.0,0.0,0,101007,HUANUCO,LAURICOCHA,SAN MIGUEL DE CAURI,RURAL,sierra,4129.0,164.88333
CP048857,0.0,0.0,0,101007,HUANUCO,LAURICOCHA,SAN MIGUEL DE CAURI,RURAL,sierra,4129.0,133.34833
CP048011,0.0,0.0,0,101101,HUANUCO,YAROWILCA,CHAVINILLO,RURAL,sierra,5545.0,126.706665
CP050265,0.0,0.0,0,101102,HUANUCO,YAROWILCA,CAHUAC,RURAL,sierra,1957.0,149.19167
CP050288,0.0,0.0,0,101103,HUANUCO,YAROWILCA,CHACABAMBA,RURAL,sierra,2384.0,112.621666
CP051224,0.0,0.0,0,101104,HUANUCO,YAROWILCA,APARICIO POMARES,RURAL,sierra,4520.0,129.49834
CP051255,0.0,0.0,0,101105,HUANUCO,YAROWILCA,JACAS CHICO,RURAL,sierra,1222.0,79.066666
CP048339,0.0,0.0,0,101106,HUANUCO,YAROWILCA,OBAS,RURAL,sierra,4897.0,126.223335
CP084909,0.0,0.0,0,101107,HUANUCO,YAROWILCA,PAMPAMARCA,RURAL,sierra,1967.0,154.65666
CP051276,0.0,0.0,0,101108,HUANUCO,YAROWILCA,CHORAS,RURAL,sierra,2820.0,75.04833
CP085150,0.0013079160415259117,13.079160415259118,10,110101,ICA,ICA,ICA,RURAL,costa,878.0,19.14
CP048105,0.0016955826008713138,16.95582600871314,10,110102,ICA,ICA,LA TINGUINA,RURAL,costa,3294.0,8.513333
CP051320,0.0015576003870852772,15.576003870852771,10,110102,ICA,ICA,LA TINGUINA,URBANO,costa,434.0,11.9383335
CP048122,0.0016981283649155424,16.981283649155422,10,110103,ICA,ICA,LOS AQUIJES,RURAL,costa,2285.0,9.616667
CP048134,0.001723301967356616,17.23301967356616,10,110103,ICA,ICA,LOS AQUIJES,URBANO,costa,2552.0,9.57
CP048145,0.0005620740163592747,5.620740163592747,9,110104,ICA,ICA,OCUCAJE,RURAL,costa,2216.0,35.885
CP049108,0.0015436217968683055,15.436217968683055,10,110105,ICA,ICA,PACHACUTEC,RURAL,costa,445.0,14.01
CP049112,0.0014682447425292356,14.682447425292356,10,110105,ICA,ICA,PACHACUTEC,URBANO,costa,414.0,15.701667
CP049123,0.00190012177105367,19.0012177105367,10,110106,ICA,ICA,PARCONA,RURAL,costa,1276.0,4.13
CP049145,0.0018229819883024978,18.229819883024977,10,110107,ICA,ICA,PUEBLO NUEVO,RURAL,costa,2604.0,6.635
CP049139,0.001751586782970249,17.51586782970249,10,110107,ICA,ICA,PUEBLO NUEVO,URBANO,costa,545.0,8.915
CP051122,0.0014885507351388172,14.885507351388172,10,110108,ICA,ICA,SALAS,RURAL,costa,3061.0,15.76
CP050150,0.0016724317618047565,16.724317618047564,10,110108,ICA,ICA,SALAS,URBANO,costa,4383.0,11.423333
CP048173,0.000991243072408488,9.91243072408488,9,110109,ICA,ICA,SAN JOSE DE LOS MOLINOS,RURAL,costa,1898.0,23.756666
CP048177,0.0011453495144218891,11.453495144218891,10,110109,ICA,ICA,SAN JOSE DE LOS MOLINOS,URBANO,costa,1996.0,20.856667
CP048193,0.001615898886408482,16.15898886408482,10,110110,ICA,ICA,SAN JUAN BAUTISTA,RURAL,costa,2007.0,10.075
CP048184,0.0014219953389291815,14.219953389291815,10,110110,ICA,ICA,SAN JUAN BAUTISTA,URBANO,costa,2900.0,14.516666
CP049185,0.0009034109335639643,9.034109335639643,9,110111,ICA,ICA,SANTIAGO,RURAL,costa,3678.5,27.355
CP049188,0.0011419490069187646,11.419490069187646,10,110111,ICA,ICA,SANTIAGO,RURAL,costa,3678.5,22.61
CP049176,0.0011244299014962604,11.244299014962603,10,110111,ICA,ICA,SANTIAGO,URBANO,costa,3417.0,22.976667
CP049213,0.0018331945820662255,18.331945820662256,10,110112,ICA,ICA,SUBTANJALLA,RURAL,costa,765.0,6.826667
CP049221,0.0016879277146957929,16.87927714695793,10,110113,ICA,ICA,TATE,RURAL,costa,371.0,10.511666
CP049217,0.0016660121317346312,16.660121317346313,10,110113,ICA,ICA,TATE,URBANO,costa,1634.0,11.073334
CP049233,0.0,0.0,0,110114,ICA,ICA,YAUCA DEL ROSARIO,RURAL,sierra,997.0,104.63167
CP050253,0.0013077449838763279,13.077449838763279,14,110202,ICA,CHINCHA,ALTO LARAN,RURAL,costa,2682.0,11.611667
CP050980,0.0,0.0,0,110203,ICA,CHINCHA,CHAVIN,RURAL,sierra,594.0,131.56166
CP048253,0.0011217351476189561,11.217351476189561,15,110204,ICA,CHINCHA,CHINCHA BAJA,RURAL,costa,3594.0,25.285
CP048237,0.0014845507314063722,14.845507314063722,15,110204,ICA,CHINCHA,CHINCHA BAJA,RURAL,costa,3594.0,19.751667
CP048227,0.0014664228050722857,14.664228050722857,15,110204,ICA,CHINCHA,CHINCHA BAJA,URBANO,costa,1038.0,14.068334
CP049031,0.0007007477789052689,7.007477789052689,11,110205,ICA,CHINCHA,EL CARMEN,RURAL,costa,3343.0,27.883333
CP049514,0.0011478175545549907,11.478175545549906,13,110205,ICA,CHINCHA,EL CARMEN,RURAL,costa,3343.0,19.996666
CP048276,0.0010755881576361285,10.755881576361285,13,110205,ICA,CHINCHA,EL CARMEN,URBANO,costa,2893.0,19.276667
CP049533,0.0016327102451727392,16.32710245172739,15,110206,ICA,CHINCHA,GROCIO PRADO,RURAL,costa,1852.0,10.556666
CP050325,0.0,0.0,0,110208,ICA,CHINCHA,SAN JUAN DE YANAC,RURAL,sierra,367.0,81.94334
CP047564,0.0,0.0,0,110209,ICA,CHINCHA,SAN PEDRO DE HUACARPANA,RURAL,sierra,1185.0,134.145
CP084682,0.0018176077078549476,18.176077078549476,15,110210,ICA,CHINCHA,SUNAMPE,RURAL,costa,1320.0,8.27
CP047583,0.0016823185238984653,16.823185238984653,15,110211,ICA,CHINCHA,TAMBO DE MORA,RURAL,costa,713.0,16.878334
CP047605,0.0008353430992129234,8.353430992129233,2,110301,ICA,NAZCA,NAZCA,RURAL,sierra,2499.0,1.09
CP084773,0.000704613138228065,7.046131382280651,1,110301,ICA,NAZCA,NAZCA,URBANO,sierra,2006.0,4.306667
CP048574,0.0015095437298638043,15.095437298638043,2,110302,ICA,NAZCA,CHANGUILLO,RURAL,costa,1179.0,19.515
CP048584,0.00013264921607712953,1.3264921607712954,1,110302,ICA,NAZCA,CHANGUILLO,URBANO,costa,489.0,55.81333
CP049576,0.0014114618467164456,14.114618467164457,2,110303,ICA,NAZCA,EL INGENIO,RURAL,costa,1613.0,23.086666
CP048593,0.0007879671375010096,7.879671375010096,2,110303,ICA,NAZCA,EL INGENIO,URBANO,costa,892.0,34.133335
CP049581,0.0,0.0,0,110304,ICA,NAZCA,MARCONA,RURAL,costa,81.0,86.706665
CP049602,0.00030731492437721707,3.073149243772171,1,110305,ICA,NAZCA,VISTA ALEGRE,RURAL,sierra,1764.0,31.87
CP050574,0.001808531362927369,18.085313629273692,2,110401,ICA,PALPA,PALPA,RURAL,costa,1216.0,2.0466666
CP050573,0.001788031388638831,17.88031388638831,2,110401,ICA,PALPA,PALPA,URBANO,costa,1678.0,4.4983335
CP050589,0.0018013526349156964,18.013526349156965,2,110402,ICA,PALPA,LLIPATA,RURAL,costa,565.0,5.46
CP050593,0.0017645947456974116,17.645947456974117,2,110402,ICA,PALPA,LLIPATA,URBANO,costa,593.0,8.286667
CP050621,0.0013868267144250368,13.868267144250368,1,110403,ICA,PALPA,RIO GRANDE,RURAL,costa,1502.0,17.165
CP047397,0.0013040700950295591,13.04070095029559,1,110404,ICA,PALPA,SANTA CRUZ,RURAL,sierra,1021.0,19.198334
CP047430,0.0,0.0,0,110405,ICA,PALPA,TIBILLO,RURAL,sierra,243.0,143.71834
CP048373,0.0006636825421149987,6.636825421149987,9,110501,ICA,PISCO,PISCO,RURAL,costa,353.0,6.136667
CP048404,4.3286236655623285e-05,0.43286236655623284,3,110502,ICA,PISCO,HUANCANO,RURAL,sierra,1403.0,53.875
CP049167,6.268224447253767e-05,0.6268224447253766,3,110503,ICA,PISCO,HUMAY,RURAL,sierra,2824.0,49.678333
CP049386,0.0001653478413053376,1.6534784130533762,5,110503,ICA,PISCO,HUMAY,URBANO,costa,2437.0,37.88
CP049420,0.00031039151154676673,3.103915115467667,9,110504,ICA,PISCO,INDEPENDENCIA,RURAL,costa,4329.0,30.433332
CP049411,0.000529482358279857,5.29482358279857,9,110504,ICA,PISCO,INDEPENDENCIA,RURAL,costa,4329.0,20.666666
CP049421,0.0002723462576292661,2.7234625762926608,9,110504,ICA,PISCO,INDEPENDENCIA,URBANO,costa,862.0,32.508335
CP050387,0.0004175393785383777,4.175393785383777,9,110505,ICA,PISCO,PARACAS,RURAL,costa,623.0,22.561666
CP050398,0.0002926641340633676,2.926641340633676,7,110505,ICA,PISCO,PARACAS,URBANO,costa,1999.0,28.468334
CP050402,0.0007293809285652049,7.293809285652049,9,110506,ICA,PISCO,SAN ANDRES,RURAL,costa,1722.0,2.9983332
CP084632,0.0005656362580749068,5.656362580749068,13,110506,ICA,PISCO,SAN ANDRES,URBANO,costa,619.0,18.396667
CP050429,0.0006513097934496011,6.513097934496011,9,110507,ICA,PISCO,SAN CLEMENTE,RURAL,costa,667.0,13.913333
CP050446,0.0007481583595930906,7.481583595930906,9,110508,ICA,PISCO,TUPAC AMARU INCA,RURAL,costa,149.0,7.675
CP084608,0.0028684210025279565,28.684210025279565,19,120101,JUNIN,HUANCAYO,HUANCAYO,RURAL,sierra,2672.0,5.6766667
CP047444,0.0,0.0,0,120104,JUNIN,HUANCAYO,CARHUACALLANGA,RURAL,sierra,12.0,85.03333
CP047460,0.0,0.0,0,120105,JUNIN,HUANCAYO,CHACAPAMPA,RURAL,sierra,704.0,86.06
CP047451,0.0,0.0,0,120105,JUNIN,HUANCAYO,CHACAPAMPA,URBANO,sierra,205.0,63.98
CP084995,0.0002763809309057573,2.763809309057573,15,120106,JUNIN,HUANCAYO,CHICCHE,RURAL,sierra,777.0,50.18
CP047464,0.0004473249304107933,4.473249304107933,15,120106,JUNIN,HUANCAYO,CHICCHE,URBANO,sierra,387.0,44.35
CP047479,0.0028910321465430047,28.910321465430048,20,120107,JUNIN,HUANCAYO,CHILCA,RURAL,sierra,4542.0,5.665
CP047485,0.0001301409443196382,1.3014094431963819,12,120108,JUNIN,HUANCAYO,CHONGOS ALTO,RURAL,sierra,533.0,55.47333
CP047486,3.279197139646196e-05,0.32791971396461955,2,120108,JUNIN,HUANCAYO,CHONGOS ALTO,URBANO,sierra,325.0,59.506668
CP048219,0.002382760993870059,23.82760993870059,20,120111,JUNIN,HUANCAYO,CHUPURO,RURAL,sierra,1649.0,14.338333
CP048427,6.163750968418335e-05,0.6163750968418334,4,120112,JUNIN,HUANCAYO,COLCA,RURAL,sierra,1146.0,58.27667
CP048439,0.001420452272006687,14.20452272006687,17,120113,JUNIN,HUANCAYO,CULLHUAS,RURAL,sierra,2273.0,27.208334
CP084875,0.0028449626251817487,28.449626251817488,19,120114,JUNIN,HUANCAYO,EL TAMBO,RURAL,sierra,3832.5,2.2316666
CP048459,0.002696510580205939,26.96510580205939,19,120114,JUNIN,HUANCAYO,EL TAMBO,RURAL,sierra,3832.5,9.79
CP048472,0.0022902055853916,22.902055853915996,19,120116,JUNIN,HUANCAYO,HUACRAPUQUIO,RURAL,sierra,141.0,16.105
CP049235,0.0022523782719656178,22.52378271965618,19,120117,JUNIN,HUANCAYO,HUALHUAS,RURAL,sierra,1480.0,17.056667
CP084598,0.0028468683324798325,28.468683324798324,20,120119,JUNIN,HUANCAYO,HUANCAN,RURAL,sierra,2788.0,6.5533333
CP049447,0.0,0.0,0,120120,JUNIN,HUANCAYO,HUASICANCHA,RURAL,sierra,301.0,77.46667
CP049459,0.002517333265828061,25.17333265828061,20,120121,JUNIN,HUANCAYO,HUAYUCACHI,RURAL,sierra,2191.0,12.8133335
CP049469,0.0012407379118215868,12.407379118215868,18,120122,JUNIN,HUANCAYO,INGENIO,RURAL,sierra,884.0,12.083333
CP049473,0.0015530863484918987,15.530863484918987,18,120122,JUNIN,HUANCAYO,INGENIO,URBANO,sierra,527.0,15.585
CP049478,0.0,0.0,0,120124,JUNIN,HUANCAYO,PARIAHUANCA,RURAL,sierra,3457.0,103.85167
CP049487,0.0,0.0,0,120124,JUNIN,HUANCAYO,PARIAHUANCA,RURAL,sierra,3457.0,73.346664
CP085162,0.0028959281555698637,28.959281555698638,19,120125,JUNIN,HUANCAYO,PILCOMAYO,RURAL,sierra,108.0,8.0633335
CP050484,0.0014931673714230354,14.931673714230355,17,120126,JUNIN,HUANCAYO,PUCARA,RURAL,sierra,3747.0,25.716667
CP050498,0.0005623710817820218,5.623710817820218,18,120127,JUNIN,HUANCAYO,QUICHUAY,RURAL,sierra,859.0,22.256666
CP047526,0.00129666369868333,12.966636986833299,18,120128,JUNIN,HUANCAYO,QUILCAS,RURAL,sierra,1617.0,26.933332
CP084622,0.0027817134721756943,27.817134721756943,19,120129,JUNIN,HUANCAYO,SAN AGUSTIN,RURAL,sierra,2478.0,8.1866665
CP048282,0.002457234935056237,24.57234935056237,19,120130,JUNIN,HUANCAYO,SAN JERONIMO DE TUNAN,RURAL,sierra,1028.0,14.395
CP048289,0.00241405092110535,24.1405092110535,19,120132,JUNIN,HUANCAYO,SANO,RURAL,sierra,1688.0,14.128333
CP048494,0.002483332202584587,24.83332202584587,20,120133,JUNIN,HUANCAYO,SAPALLANGA,RURAL,sierra,4361.0,12.4383335
CP048491,0.0024895938401644597,24.895938401644596,20,120133,JUNIN,HUANCAYO,SAPALLANGA,URBANO,sierra,936.0,12.773334
CP048505,0.0027237390149384933,27.237390149384932,19,120134,JUNIN,HUANCAYO,SICAYA,RURAL,sierra,407.0,12.078333
CP048531,0.0,0.0,0,120135,JUNIN,HUANCAYO,SANTO DOMINGO DE ACOBAMBA,RURAL,sierra,3791.5,224.29333
CP049253,0.0,0.0,0,120135,JUNIN,HUANCAYO,SANTO DOMINGO DE ACOBAMBA,RURAL,sierra,3791.5,146.08833
CP085401,0.002297655706875269,22.976557068752687,20,120136,JUNIN,HUANCAYO,VIQUES,RURAL,sierra,128.0,16.0
CP049275,0.001841598442113338,18.41598442113338,18,120201,JUNIN,CONCEPCION,CONCEPCION,RURAL,sierra,2257.0,5.6516666
CP049269,0.0016862005919715834,16.862005919715834,18,120201,JUNIN,CONCEPCION,CONCEPCION,URBANO,sierra,517.0,0.575
CP049280,0.0007895910995937476,7.895910995937476,18,120202,JUNIN,CONCEPCION,ACO,RURAL,sierra,609.0,34.806667
CP049765,0.0,0.0,0,120203,JUNIN,CONCEPCION,ANDAMARCA,RURAL,sierra,6185.0,184.26334
CP049782,0.0008192246189297124,8.192246189297125,18,120204,JUNIN,CONCEPCION,CHAMBARA,RURAL,sierra,2297.0,38.788334
CP049805,0.0,0.0,0,120205,JUNIN,CONCEPCION,COCHAS,RURAL,sierra,1739.0,133.27834
CP050767,0.0,0.0,0,120206,JUNIN,CONCEPCION,COMAS,RURAL,sierra,3417.0,60.383335
CP050756,0.0,0.0,0,120206,JUNIN,CONCEPCION,COMAS,RURAL,sierra,3417.0,106.46333
CP050796,0.000797409502299464,7.974095022994639,18,120207,JUNIN,CONCEPCION,HEROINAS TOLEDO,RURAL,sierra,1248.0,17.068333
CP047622,0.0012956320145297256,12.956320145297257,18,120208,JUNIN,CONCEPCION,MANZANARES,RURAL,sierra,163.0,30.556667
CP047626,0.0,0.0,0,120209,JUNIN,CONCEPCION,MARISCAL CASTILLA,RURAL,sierra,1144.0,92.685
CP047822,0.0012135681000495894,12.135681000495895,18,120210,JUNIN,CONCEPCION,MATAHUASI,RURAL,sierra,2253.0,11.128333
CP047836,0.0021283181810371377,21.283181810371378,18,120211,JUNIN,CONCEPCION,MITO,RURAL,sierra,816.0,15.855
CP047845,0.0015230993008768035,15.230993008768035,18,120212,JUNIN,CONCEPCION,NUEVE DE JULIO,RURAL,sierra,483.0,5.048333
CP047852,0.001987827944870313,19.87827944870313,18,120213,JUNIN,CONCEPCION,ORCOTUNA,RURAL,sierra,420.0,21.816668
CP047850,0.0017676893937297335,17.676893937297336,18,120213,JUNIN,CONCEPCION,ORCOTUNA,URBANO,sierra,598.0,24.936666
CP048603,0.00011385988680604705,1.1385988680604704,8,120214,JUNIN,CONCEPCION,SAN JOSE DE QUERO,RURAL,sierra,4340.0,57.91
CP048605,0.00041512094629221467,4.1512094629221465,15,120214,JUNIN,CONCEPCION,SAN JOSE DE QUERO,URBANO,sierra,1800.0,46.325
CP085551,0.0011920366493530761,11.92036649353076,18,120215,JUNIN,CONCEPCION,SANTA ROSA DE OCOPA,RURAL,sierra,473.0,10.275
CP048800,0.0013365440855606456,13.365440855606456,18,120215,JUNIN,CONCEPCION,SANTA ROSA DE OCOPA,URBANO,sierra,644.0,8.355
CP048806,0.0007410786827321905,7.410786827321905,3,120301,JUNIN,CHANCHAMAYO,CHANCHAMAYO,RURAL,sierra,4907.0,40.978333
CP047665,0.0010981179771651938,10.981179771651938,3,120302,JUNIN,CHANCHAMAYO,PERENE,RURAL,sierra,4141.0,33.176666
CP050670,0.000454626584731549,4.54626584731549,2,120302,JUNIN,CHANCHAMAYO,PERENE,RURAL,sierra,4141.0,45.796665
CP049839,0.0005597816160946741,5.59781616094674,1,120302,JUNIN,CHANCHAMAYO,PERENE,RURAL,sierra,4141.0,32.565
CP049837,0.0006584780249323727,6.584780249323726,1,120302,JUNIN,CHANCHAMAYO,PERENE,RURAL,sierra,4141.0,29.416666
CP047670,5.3059178290098e-05,0.53059178290098,1,120302,JUNIN,CHANCHAMAYO,PERENE,RURAL,sierra,4141.0,51.648335
CP049853,0.00021637192444152803,2.1637192444152804,1,120302,JUNIN,CHANCHAMAYO,PERENE,RURAL,sierra,4141.0,31.28
CP047654,0.0006199464418456666,6.1994644184566665,2,120302,JUNIN,CHANCHAMAYO,PERENE,RURAL,sierra,4141.0,41.583332
CP049869,0.00035213624969124226,3.5213624969124226,3,120302,JUNIN,CHANCHAMAYO,PERENE,URBANO,sierra,2497.0,34.885
CP047706,9.902633636218378e-05,0.9902633636218378,1,120303,JUNIN,CHANCHAMAYO,PICHANAQUI,RURAL,sierra,4711.8,43.791668
CP047741,0.00021944028995550944,2.1944028995550946,1,120303,JUNIN,CHANCHAMAYO,PICHANAQUI,RURAL,sierra,4711.8,31.008333
CP084810,0.0004054704841984701,4.054704841984701,2,120303,JUNIN,CHANCHAMAYO,PICHANAQUI,RURAL,sierra,4711.8,17.801666
CP047705,5.491575431753243e-05,0.5491575431753243,1,120303,JUNIN,CHANCHAMAYO,PICHANAQUI,RURAL,sierra,4711.8,51.246666
CP047714,0.00023431138876689342,2.343113887668934,2,120303,JUNIN,CHANCHAMAYO,PICHANAQUI,RURAL,sierra,4711.8,37.493332
CP048634,4.762671089991376e-05,0.4762671089991376,1,120303,JUNIN,CHANCHAMAYO,PICHANAQUI,URBANO,sierra,2433.0,52.89
CP050845,0.0007624421157174705,7.624421157174705,3,120304,JUNIN,CHANCHAMAYO,SAN LUIS DE SHUARO,RURAL,sierra,6077.0,43.105
CP049644,0.001871074963429189,18.71074963429189,3,120305,JUNIN,CHANCHAMAYO,SAN RAMON,RURAL,sierra,3670.5,21.906666
CP049671,0.001773064059919464,17.73064059919464,3,120305,JUNIN,CHANCHAMAYO,SAN RAMON,RURAL,sierra,3670.5,24.575
CP048481,0.001252834219107453,12.52834219107453,2,120306,JUNIN,CHANCHAMAYO,VITOC,RURAL,sierra,2080.0,29.878334
CP048683,0.0009052858789917753,9.052858789917753,18,120401,JUNIN,JAUJA,JAUJA,RURAL,sierra,100.0,3.8766668
CP048691,0.000826271597045423,8.26271597045423,5,120402,JUNIN,JAUJA,ACOLLA,RURAL,sierra,3784.0,17.735
CP048695,0.0008734712216310881,8.73471221631088,19,120402,JUNIN,JAUJA,ACOLLA,URBANO,sierra,586.0,5.06
CP054077,0.0008820116953882541,8.820116953882541,18,120403,JUNIN,JAUJA,APATA,RURAL,sierra,3401.0,17.538334
CP054079,0.0005901348198139619,5.901348198139619,18,120403,JUNIN,JAUJA,APATA,URBANO,sierra,561.0,23.031666
CP054117,0.0009014968027409334,9.014968027409335,18,120404,JUNIN,JAUJA,ATAURA,RURAL,sierra,224.0,6.733333
CP054119,3.625008151456356e-05,0.3625008151456356,2,120405,JUNIN,JAUJA,CANCHAYLLO,RURAL,sierra,869.0,50.728333
CP054120,2.9159357615718976e-05,0.2915935761571898,2,120405,JUNIN,JAUJA,CANCHAYLLO,URBANO,sierra,159.0,53.211666
CP054825,6.150336500886132e-05,0.6150336500886132,2,120406,JUNIN,JAUJA,CURICACA,RURAL,sierra,1475.0,44.128334
CP055008,0.0008180106543747453,8.180106543747453,18,120407,JUNIN,JAUJA,EL MANTARO,RURAL,sierra,147.0,19.836666
CP055012,0.0005249377735560542,5.249377735560542,17,120408,JUNIN,JAUJA,HUAMALI,RURAL,sierra,585.0,17.373333
CP055016,0.0012029535073284471,12.029535073284471,18,120409,JUNIN,JAUJA,HUARIPAMPA,RURAL,sierra,23.0,5.386667
CP055034,0.0008189671665876811,8.189671665876812,18,120410,JUNIN,JAUJA,HUERTAS,RURAL,sierra,824.0,8.603333
CP055033,0.0007567218996926038,7.567218996926037,18,120410,JUNIN,JAUJA,HUERTAS,URBANO,sierra,403.0,8.103333
CP055047,0.0001000520542034588,1.000520542034588,2,120411,JUNIN,JAUJA,JANJAILLO,RURAL,sierra,814.0,37.641666
CP085510,0.0006515753197800362,6.515753197800362,18,120412,JUNIN,JAUJA,JULCAN,RURAL,sierra,63.0,10.211667
CP055057,0.0016496919794406035,16.496919794406036,18,120413,JUNIN,JAUJA,LEONOR ORDONEZ,RURAL,sierra,539.0,12.843333
CP051971,7.951035988534093e-05,0.7951035988534093,2,120414,JUNIN,JAUJA,LLOCLLAPAMPA,RURAL,sierra,522.0,40.543335
CP051967,0.00016425404819463195,1.6425404819463194,3,120414,JUNIN,JAUJA,LLOCLLAPAMPA,URBANO,sierra,178.0,30.036667
CP052160,0.0006063596603006215,6.063596603006214,18,120415,JUNIN,JAUJA,MARCO,RURAL,sierra,546.0,9.578333
CP052158,0.0006760823351065585,6.760823351065586,19,120415,JUNIN,JAUJA,MARCO,URBANO,sierra,250.0,9.6883335
CP052165,0.0006530680189256475,6.530680189256476,18,120416,JUNIN,JAUJA,MASMA,RURAL,sierra,1504.0,13.67
CP052174,0.0002849454486774016,2.849454486774016,5,120417,JUNIN,JAUJA,MASMA CHICCHE,RURAL,sierra,558.0,22.11
CP052187,0.00023138695151227694,2.3138695151227693,3,120418,JUNIN,JAUJA,MOLINOS,RURAL,sierra,436.0,22.755
CP052182,0.0,0.0,0,120418,JUNIN,JAUJA,MOLINOS,URBANO,sierra,632.0,62.425
CP052204,0.0005063577585681712,5.063577585681712,2,120419,JUNIN,JAUJA,MONOBAMBA,RURAL,sierra,1009.0,44.34
CP053447,0.0002982426361867083,2.9824263618670828,14,120421,JUNIN,JAUJA,MUQUIYAUYO,RURAL,sierra,40.0,33.923332
CP053450,0.00021136664682570904,2.1136664682570903,3,120422,JUNIN,JAUJA,PACA,RURAL,sierra,495.0,23.328333
CP052931,0.0006071796570287925,6.071796570287925,18,120423,JUNIN,JAUJA,PACCHA,RURAL,sierra,1458.0,17.545
CP052941,0.0008833045004577373,8.833045004577373,18,120424,JUNIN,JAUJA,PANCAN,RURAL,sierra,694.0,3.0633333
CP052945,0.00044050852567906846,4.405085256790684,18,120425,JUNIN,JAUJA,PARCO,RURAL,sierra,391.0,22.543333
CP052948,0.0008235356090272523,8.235356090272523,18,120425,JUNIN,JAUJA,PARCO,URBANO,sierra,578.0,12.403334
CP052961,0.0002785735201524908,2.785735201524908,3,120426,JUNIN,JAUJA,POMACANCHA,RURAL,sierra,2078.0,36.176666
CP053695,4.8370798411495865e-05,0.48370798411495863,2,120427,JUNIN,JAUJA,RICRAN,RURAL,sierra,1141.0,46.95
CP052966,0.00013744118432280463,1.3744118432280463,3,120427,JUNIN,JAUJA,RICRAN,URBANO,sierra,206.0,45.52833
CP053896,0.0010039796413681768,10.039796413681767,18,120428,JUNIN,JAUJA,SAN LORENZO,RURAL,sierra,445.0,16.075
CP053902,0.0006661460184829032,6.661460184829032,18,120429,JUNIN,JAUJA,SAN PEDRO DE CHUNAN,RURAL,sierra,416.0,8.615
CP085093,0.0011024680581184928,11.024680581184928,18,120430,JUNIN,JAUJA,SAUSA,RURAL,sierra,1317.0,4.0466666
CP053919,0.00024400030476628704,2.4400030476628705,14,120431,JUNIN,JAUJA,SINCOS,RURAL,sierra,2823.0,40.28
CP053916,0.0010133747711418453,10.133747711418453,18,120431,JUNIN,JAUJA,SINCOS,URBANO,sierra,693.0,30.781666
CP053927,0.0003898029519015069,3.898029519015069,3,120432,JUNIN,JAUJA,TUNAN MARCA,RURAL,sierra,524.0,32.781666
CP054827,0.0002591264658065586,2.5912646580655863,3,120433,JUNIN,JAUJA,YAULI,RURAL,sierra,338.0,19.008333
CP054839,0.0007482024251865301,7.482024251865301,18,120433,JUNIN,JAUJA,YAULI,URBANO,sierra,459.0,6.37
CP054843,0.0006201654984236895,6.201654984236895,18,120434,JUNIN,JAUJA,YAUYOS,RURAL,sierra,613.0,11.263333
CP086407,0.0011622258215366358,11.622258215366358,3,120501,JUNIN,JUNIN,JUNIN,RURAL,sierra,1284.0,14.166667
CP054849,0.0009793927138705145,9.793927138705145,3,120501,JUNIN,JUNIN,JUNIN,URBANO,sierra,1169.0,18.671667
CP054220,0.0010181929621870336,10.181929621870337,3,120502,JUNIN,JUNIN,CARHUAMAYO,RURAL,sierra,944.0,24.016666
CP086127,0.00016804830403244594,1.6804830403244593,2,120503,JUNIN,JUNIN,ONDORES,RURAL,sierra,1928.0,54.326668
CP052319,0.0,0.0,0,120504,JUNIN,JUNIN,ULCUMAYO,RURAL,sierra,5636.0,69.63
CP052327,0.0001286314586760832,1.286314586760832,1,120504,JUNIN,JUNIN,ULCUMAYO,URBANO,sierra,709.0,49.018333
CP054280,0.00010949597523533485,1.0949597523533485,1,120601,JUNIN,SATIPO,SATIPO,RURAL,sierra,4168.5,41.825
CP054308,0.000837912065142225,8.37912065142225,3,120601,JUNIN,SATIPO,SATIPO,RURAL,sierra,4168.5,3.9633334
CP054988,0.0009546051876401578,9.54605187640158,2,120601,JUNIN,SATIPO,SATIPO,RURAL,sierra,4168.5,14.221666
CP054300,0.0001276628965133701,1.2766289651337008,1,120601,JUNIN,SATIPO,SATIPO,RURAL,sierra,4168.5,39.558334
CP052150,0.00045675266547391577,4.567526654739158,2,120602,JUNIN,SATIPO,COVIRIALI,RURAL,sierra,5010.0,16.563334
CP052386,0.00018966299775252624,1.8966299775252624,1,120603,JUNIN,SATIPO,LLAYLLA,RURAL,sierra,4100.0,43.59
CP052382,0.00028502091141394917,2.8502091141394916,2,120603,JUNIN,SATIPO,LLAYLLA,URBANO,sierra,454.0,39.448334
CP087422,0.0,0.0,0,120604,JUNIN,SATIPO,MAZAMARI,RURAL,sierra,1035.0,71.645
CP053378,0.0002638404189530878,2.638404189530878,1,120605,JUNIN,SATIPO,PAMPA HERMOSA,RURAL,sierra,3499.0,26.315
CP053381,0.0001755807604236726,1.7558076042367259,1,120605,JUNIN,SATIPO,PAMPA HERMOSA,RURAL,sierra,3499.0,34.378334
CP084681,0.0008289970832156708,8.289970832156708,2,120606,JUNIN,SATIPO,PANGOA,RURAL,sierra,4305.0,14.481667
CP052986,0.0006274593655856192,6.274593655856192,3,120607,JUNIN,SATIPO,RIO NEGRO,RURAL,sierra,4358.285714285715,11.775
CP052419,0.0001264759701702926,1.264759701702926,2,120607,JUNIN,SATIPO,RIO NEGRO,RURAL,sierra,4358.285714285715,45.296665
CP052444,0.00016727548177562757,1.6727548177562757,2,120607,JUNIN,SATIPO,RIO NEGRO,RURAL,sierra,4358.285714285715,42.638332
CP052211,0.0,0.0,0,120607,JUNIN,SATIPO,RIO NEGRO,RURAL,sierra,4358.285714285715,63.203335
CP052466,0.0006040235978349455,6.040235978349455,3,120607,JUNIN,SATIPO,RIO NEGRO,RURAL,sierra,4358.285714285715,14.871667
CP052449,0.00026290349842225067,2.629034984222507,2,120607,JUNIN,SATIPO,RIO NEGRO,RURAL,sierra,4358.285714285715,39.081665
CP052453,0.00020418225153298402,2.0418225153298404,2,120607,JUNIN,SATIPO,RIO NEGRO,RURAL,sierra,4358.285714285715,42.763332
CP053243,0.0,0.0,0,120608,JUNIN,SATIPO,RIO TAMBO,RURAL,costa,4242.0,129.655
CP053205,0.001353878788481715,13.53878788481715,1,120608,JUNIN,SATIPO,RIO TAMBO,RURAL,costa,4242.0,6.5016665
CP053238,0.00011380724570904895,1.1380724570904894,1,120608,JUNIN,SATIPO,RIO TAMBO,RURAL,costa,4242.0,50.138332
CP053212,0.0009517639713564093,9.517639713564092,1,120608,JUNIN,SATIPO,RIO TAMBO,RURAL,costa,4242.0,21.581667
CP053214,0.00027217015101314466,2.721701510131447,1,120608,JUNIN,SATIPO,RIO TAMBO,RURAL,sierra,4242.0,44.386665
CP053225,0.0,0.0,0,120608,JUNIN,SATIPO,RIO TAMBO,RURAL,costa,4242.0,63.183334
CP054166,0.0,0.0,0,120608,JUNIN,SATIPO,RIO TAMBO,RURAL,sierra,4242.0,86.621666
CP053938,0.0,0.0,0,120608,JUNIN,SATIPO,RIO TAMBO,URBANO,costa,1666.0,191.98334
CP051537,0.00034953249083369893,3.4953249083369893,1,120699,JUNIN,SATIPO,MAZAMARI-PANGOA,RURAL,sierra,4432.0,34.138332
CP051515,0.0010766396571150881,10.766396571150882,2,120699,JUNIN,SATIPO,MAZAMARI-PANGOA,RURAL,sierra,4432.0,11.4366665
CP052498,0.0010163285588579386,10.163285588579386,2,120699,JUNIN,SATIPO,MAZAMARI-PANGOA,RURAL,sierra,4432.0,12.251667
CP051514,0.0010662539938704866,10.662539938704866,2,120699,JUNIN,SATIPO,MAZAMARI-PANGOA,RURAL,sierra,4432.0,12.303333
CP051508,5.640315200262714e-05,0.5640315200262714,1,120699,JUNIN,SATIPO,MAZAMARI-PANGOA,RURAL,costa,4432.0,57.943333
CP051504,0.0008254973650405254,8.254973650405255,2,120699,JUNIN,SATIPO,MAZAMARI-PANGOA,URBANO,sierra,543.0,14.631667
CP053479,0.0014942729817008051,14.94272981700805,4,120701,JUNIN,TARMA,TARMA,RURAL,sierra,3674.0,7.2083335
CP054430,0.0014516610506843336,14.516610506843335,4,120701,JUNIN,TARMA,TARMA,RURAL,sierra,3674.0,8.28
CP054266,0.0013862858483873512,13.862858483873511,3,120701,JUNIN,TARMA,TARMA,URBANO,sierra,4064.0,11.305
CP054458,0.0011495224061491142,11.495224061491141,1,120702,JUNIN,TARMA,ACOBAMBA,RURAL,sierra,6220.0,16.956667
CP054462,0.0015749052299979893,15.749052299979894,4,120702,JUNIN,TARMA,ACOBAMBA,URBANO,sierra,2440.0,11.886666
CP051388,0.0005244416349253274,5.2444163492532745,3,120703,JUNIN,TARMA,HUARICOLCA,RURAL,sierra,1409.0,37.385
CP054483,0.00021468677776716096,2.1468677776716096,3,120703,JUNIN,TARMA,HUARICOLCA,URBANO,sierra,425.0,49.52833
CP052333,0.00013500273127569582,1.3500273127569582,1,120704,JUNIN,TARMA,HUASAHUASI,RURAL,sierra,4914.0,53.491665
CP051586,9.04549801386969e-05,0.904549801386969,1,120704,JUNIN,TARMA,HUASAHUASI,RURAL,sierra,4914.0,57.815
CP051582,7.476786074266879e-05,0.7476786074266879,1,120704,JUNIN,TARMA,HUASAHUASI,URBANO,sierra,747.0,59.761665
CP052576,0.0009665375835822322,9.665375835822323,3,120705,JUNIN,TARMA,LA UNION,RURAL,sierra,1052.0,25.41
CP052578,0.0009885332605099918,9.885332605099919,3,120705,JUNIN,TARMA,LA UNION,URBANO,sierra,707.0,33.645
CP052603,0.0006331317388479903,6.331317388479903,1,120706,JUNIN,TARMA,PALCA,RURAL,sierra,4695.0,31.69
CP053544,0.0008778492707018446,8.778492707018446,2,120707,JUNIN,TARMA,PALCAMAYO,RURAL,sierra,4211.0,33.79
CP054536,8.352075030851456e-05,0.8352075030851457,1,120708,JUNIN,TARMA,SAN PEDRO DE CAJAS,RURAL,sierra,1384.0,54.053333
CP054514,0.00010543291900425323,1.0543291900425322,1,120708,JUNIN,TARMA,SAN PEDRO DE CAJAS,URBANO,sierra,908.0,51.398335
CP085520,0.0006472741495649971,6.472741495649971,1,120709,JUNIN,TARMA,TAPO,RURAL,sierra,4911.0,31.268333
CP051636,0.00021897405335931215,2.1897405335931213,1,120801,JUNIN,YAULI,LA OROYA,RURAL,sierra,669.0,40.658333
CP051632,0.0007849964239970875,7.849964239970875,1,120801,JUNIN,YAULI,LA OROYA,URBANO,sierra,2409.0,10.901667
CP052617,7.814070033305028e-05,0.7814070033305028,1,120802,JUNIN,YAULI,CHACAPALPA,RURAL,sierra,542.0,53.771667
CP054569,0.0,0.0,0,120803,JUNIN,YAULI,HUAY-HUAY,RURAL,sierra,485.0,68.83833
CP054562,4.8383149978774247e-05,0.4838314997877425,1,120803,JUNIN,YAULI,HUAY-HUAY,URBANO,sierra,679.0,58.885
CP052695,0.0,0.0,0,120804,JUNIN,YAULI,MARCAPOMACOCHA,RURAL,sierra,783.0,80.145
CP052701,0.00017133790878799302,1.7133790878799302,1,120805,JUNIN,YAULI,MOROCOCHA,RURAL,sierra,731.0,44.135
CP052702,0.00014041028819854757,1.4041028819854757,1,120805,JUNIN,YAULI,MOROCOCHA,URBANO,sierra,499.0,46.766666
CP052710,0.000977819446653315,9.77819446653315,2,120806,JUNIN,YAULI,PACCHA,RURAL,sierra,521.0,10.671667
CP053702,9.27124998879713e-05,0.927124998879713,1,120807,JUNIN,YAULI,SANTA BARBARA DE CARHUACAYAN,RURAL,sierra,1279.0,52.88
CP053722,0.0006726886411216026,6.726886411216026,1,120808,JUNIN,YAULI,SANTA ROSA DE SACCO,RURAL,sierra,40.0,17.446667
CP054668,0.0,0.0,0,120809,JUNIN,YAULI,SUITUCANCHA,RURAL,sierra,366.0,101.92
CP051799,0.0005506669373699359,5.506669373699359,1,120810,JUNIN,YAULI,YAULI,RURAL,sierra,974.0,23.343334
CP051814,0.0001819169403555341,1.819169403555341,1,120810,JUNIN,YAULI,YAULI,URBANO,sierra,1996.0,43.31167
CP052795,0.0023892553075743404,23.892553075743404,19,120901,JUNIN,CHUPACA,CHUPACA,RURAL,sierra,5822.0,15.131667
CP052798,0.002491861426529305,24.91861426529305,19,120901,JUNIN,CHUPACA,CHUPACA,URBANO,sierra,912.0,13.291667
CP052832,0.00200009712925511,20.0009712925511,19,120902,JUNIN,CHUPACA,AHUAC,RURAL,sierra,3309.0,20.228333
CP052836,0.0025126438944084433,25.126438944084434,20,120903,JUNIN,CHUPACA,CHONGOS BAJO,RURAL,sierra,1335.0,12.348333
CP053777,0.0021191340428118603,21.191340428118604,19,120904,JUNIN,CHUPACA,HUACHAC,RURAL,sierra,2305.0,19.46
CP053779,0.0029858607996522558,29.858607996522558,20,120905,JUNIN,CHUPACA,HUAMANCACA CHICO,RURAL,sierra,1036.0,5.055
CP053788,0.002225536731244039,22.25536731244039,20,120906,JUNIN,CHUPACA,SAN JUAN DE ISCOS,RURAL,sierra,1181.0,16.246666
CP053787,0.00202069289334875,20.2069289334875,20,120906,JUNIN,CHUPACA,SAN JUAN DE ISCOS,URBANO,sierra,456.0,18.91
CP053797,6.070723281048023e-05,0.6070723281048023,4,120907,JUNIN,CHUPACA,SAN JUAN DE JARPA,RURAL,sierra,2291.0,59.25
CP054701,0.0,0.0,0,120909,JUNIN,CHUPACA,YANACANCHA,RURAL,sierra,2708.0,80.31333
CP054707,0.0039031527976654073,39.031527976654075,40,130101,LA LIBERTAD,TRUJILLO,TRUJILLO,RURAL,costa,169.0,9.958333
CP054724,0.0022132760607622933,22.132760607622934,39,130104,LA LIBERTAD,TRUJILLO,HUANCHACO,RURAL,costa,1380.0,20.4
CP054722,0.003845202023896874,38.452020238968736,40,130104,LA LIBERTAD,TRUJILLO,HUANCHACO,URBANO,costa,697.0,9.318334
CP054730,0.0021351815087387108,21.35181508738711,39,130106,LA LIBERTAD,TRUJILLO,LAREDO,RURAL,costa,4306.0,20.146667
CP054744,0.004078457107487268,40.78457107487268,39,130106,LA LIBERTAD,TRUJILLO,LAREDO,RURAL,costa,4306.0,3.7616668
CP051671,0.0038489857039538883,38.48985703953888,40,130106,LA LIBERTAD,TRUJILLO,LAREDO,URBANO,costa,1820.0,6.2316666
CP051856,0.004092082703506465,40.920827035064654,40,130107,LA LIBERTAD,TRUJILLO,MOCHE,RURAL,costa,4524.0,6.835
CP051905,0.0009071439101459183,9.071439101459182,40,130108,LA LIBERTAD,TRUJILLO,POROTO,RURAL,sierra,2517.0,37.326668
CP051903,0.0008927764154794634,8.927764154794634,39,130108,LA LIBERTAD,TRUJILLO,POROTO,URBANO,sierra,338.0,37.553333
CP052868,0.0035304512171000875,35.30451217100087,39,130109,LA LIBERTAD,TRUJILLO,SALAVERRY,RURAL,costa,62.0,5.5983334
CP052897,0.001847539177619892,18.47539177619892,39,130110,LA LIBERTAD,TRUJILLO,SIMBAL,RURAL,costa,3367.0,23.131666
CP052905,0.004183217444365939,41.83217444365939,40,130111,LA LIBERTAD,TRUJILLO,VICTOR LARCO HERRERA,RURAL,costa,43.0,3.675
CP052907,0.0005796965803256778,5.796965803256778,5,130201,LA LIBERTAD,ASCOPE,ASCOPE,RURAL,costa,1032.0,17.051666
CP053833,0.0011407566132923567,11.407566132923566,35,130202,LA LIBERTAD,ASCOPE,CHICAMA,RURAL,costa,1807.0,22.06
CP053852,0.0010263887830444355,10.263887830444355,38,130203,LA LIBERTAD,ASCOPE,CHOCOPE,RURAL,costa,1999.0,9.085
CP053857,0.0012988395977314529,12.988395977314529,39,130203,LA LIBERTAD,ASCOPE,CHOCOPE,URBANO,costa,2687.0,3.62
CP053869,0.0004009159336014283,4.009159336014283,3,130204,LA LIBERTAD,ASCOPE,MAGDALENA DE CAO,RURAL,costa,917.0,23.808332
CP053867,0.0008403231294501666,8.403231294501666,32,130204,LA LIBERTAD,ASCOPE,MAGDALENA DE CAO,URBANO,costa,887.0,11.953333
CP054770,0.0005628868652307426,5.628868652307426,5,130205,LA LIBERTAD,ASCOPE,PAIJAN,RURAL,costa,2237.0,21.205
CP054767,0.0006311467026666635,6.3114670266666355,6,130205,LA LIBERTAD,ASCOPE,PAIJAN,URBANO,costa,2049.0,20.791666
CP054794,0.0003735335254242472,3.735335254242472,3,130206,LA LIBERTAD,ASCOPE,RAZURI,RURAL,costa,3408.0,30.075
CP051917,0.0010822551325241185,10.822551325241184,40,130207,LA LIBERTAD,ASCOPE,SANTIAGO DE CAO,RURAL,costa,1388.0,27.59
CP051722,0.0010712948224385493,10.712948224385492,39,130207,LA LIBERTAD,ASCOPE,SANTIAGO DE CAO,URBANO,costa,1207.0,20.496666
CP051945,0.0005375148737015429,5.3751487370154285,4,130208,LA LIBERTAD,ASCOPE,CASA GRANDE,RURAL,costa,1695.0,21.076666
CP051934,0.0003787017301159569,3.787017301159569,3,130208,LA LIBERTAD,ASCOPE,CASA GRANDE,URBANO,costa,1404.0,30.468334
CP053398,0.0007948739925516159,7.948739925516159,1,130301,LA LIBERTAD,BOLIVAR,BOLIVAR,RURAL,sierra,3310.0,59.871666
CP053647,0.0,0.0,0,130302,LA LIBERTAD,BOLIVAR,BAMBAMARCA,RURAL,sierra,2696.0,163.77834
CP054592,0.0,0.0,0,130303,LA LIBERTAD,BOLIVAR,CONDORMARCA,RURAL,sierra,1900.0,215.70833
CP053677,0.0,0.0,0,130303,LA LIBERTAD,BOLIVAR,CONDORMARCA,URBANO,sierra,154.0,259.32666
CP054630,0.0,0.0,0,130304,LA LIBERTAD,BOLIVAR,LONGOTEA,RURAL,sierra,1010.0,103.206665
CP054609,0.0,0.0,0,130304,LA LIBERTAD,BOLIVAR,LONGOTEA,URBANO,sierra,968.0,108.02167
CP051986,0.0018505005818890527,18.505005818890528,1,130305,LA LIBERTAD,BOLIVAR,UCHUMARCA,RURAL,sierra,1714.0,50.68667
CP052011,0.0,0.0,0,130306,LA LIBERTAD,BOLIVAR,UCUNCHA,RURAL,sierra,322.0,102.121666
CP053006,0.000482523586265954,4.82523586265954,4,130401,LA LIBERTAD,CHEPEN,CHEPEN,RURAL,costa,4431.0,28.818333
CP052783,0.0007118700607457462,7.118700607457462,4,130401,LA LIBERTAD,CHEPEN,CHEPEN,URBANO,costa,4588.0,11.566667
CP053039,0.00044042644532926554,4.404264453292655,24,130402,LA LIBERTAD,CHEPEN,PACANGA,RURAL,costa,5617.0,44.923332
CP053037,0.0008139024156134574,8.139024156134575,4,130402,LA LIBERTAD,CHEPEN,PACANGA,URBANO,costa,3061.0,9.11
CP051841,0.0003464426280575825,3.464426280575825,7,130403,LA LIBERTAD,CHEPEN,PUEBLO NUEVO,RURAL,costa,4582.0,28.666666
CP052039,0.000771750262526048,7.7175026252604795,4,130403,LA LIBERTAD,CHEPEN,PUEBLO NUEVO,URBANO,costa,1209.0,10.76
CP054937,0.0009102866632887252,9.102866632887253,1,130501,LA LIBERTAD,JULCAN,JULCAN,RURAL,sierra,5214.0,12.77
CP054949,0.000529643236520983,5.296432365209831,1,130501,LA LIBERTAD,JULCAN,JULCAN,RURAL,sierra,5214.0,28.528334
CP054930,0.0006989817328788079,6.989817328788079,1,130501,LA LIBERTAD,JULCAN,JULCAN,URBANO,sierra,276.0,21.92
CP054983,0.0002292423270611212,2.292423270611212,2,130502,LA LIBERTAD,JULCAN,CALAMARCA,RURAL,sierra,6082.0,50.125
CP053965,0.0002991381394679542,2.9913813946795416,1,130503,LA LIBERTAD,JULCAN,CARABAMBA,RURAL,sierra,5955.0,38.735
CP053984,0.0001053693859926062,1.0536938599260621,1,130504,LA LIBERTAD,JULCAN,HUASO,RURAL,sierra,6007.0,55.861668
CP054018,0.0011865887983656576,11.865887983656576,2,130601,LA LIBERTAD,OTUZCO,OTUZCO,RURAL,sierra,4592.0,9.465
CP054047,0.0003518881293236239,3.5188812932362388,1,130601,LA LIBERTAD,OTUZCO,OTUZCO,RURAL,sierra,4592.0,35.266666
CP054010,0.0004288479395636941,4.288479395636941,1,130601,LA LIBERTAD,OTUZCO,OTUZCO,RURAL,sierra,4592.0,31.718334
CP053147,0.0003974149826994895,3.974149826994895,2,130602,LA LIBERTAD,OTUZCO,AGALLPAMPA,RURAL,sierra,4995.5,43.991665
CP053149,0.001483788042186802,14.83788042186802,2,130602,LA LIBERTAD,OTUZCO,AGALLPAMPA,RURAL,sierra,4995.5,14.158334
CP053179,0.0002553861482432298,2.5538614824322976,1,130604,LA LIBERTAD,OTUZCO,CHARAT,RURAL,sierra,2319.0,40.36
CP053169,0.0,0.0,0,130604,LA LIBERTAD,OTUZCO,CHARAT,URBANO,sierra,587.0,61.97167
CP053085,0.0,0.0,0,130605,LA LIBERTAD,OTUZCO,HUARANCHAL,RURAL,sierra,4176.0,83.255
CP052088,0.00029250079727393134,2.9250079727393135,1,130606,LA LIBERTAD,OTUZCO,LA CUESTA,RURAL,sierra,625.0,38.286667
CP052116,0.0011507693786046921,11.507693786046922,2,130608,LA LIBERTAD,OTUZCO,MACHE,RURAL,sierra,2487.0,11.3116665
CP052130,5.480991900937331e-05,0.5480991900937331,1,130610,LA LIBERTAD,OTUZCO,PARANDAY,RURAL,sierra,498.0,58.976665
CP054879,0.00032817474772948627,3.2817474772948625,2,130611,LA LIBERTAD,OTUZCO,SALPO,RURAL,sierra,5728.0,40.40167
CP057202,7.922850877916436e-05,0.7922850877916435,1,130613,LA LIBERTAD,OTUZCO,SINSICAP,RURAL,sierra,5668.0,55.095
CP057431,0.0,0.0,0,130614,LA LIBERTAD,OTUZCO,USQUIL,RURAL,sierra,4676.0,95.72
CP057449,0.0,0.0,0,130614,LA LIBERTAD,OTUZCO,USQUIL,RURAL,sierra,4676.0,68.6
CP058395,0.0,0.0,0,130614,LA LIBERTAD,OTUZCO,USQUIL,RURAL,sierra,4676.0,62.601665
CP057426,0.0,0.0,0,130614,LA LIBERTAD,OTUZCO,USQUIL,RURAL,sierra,4676.0,65.24167
CP058428,0.0,0.0,0,130614,LA LIBERTAD,OTUZCO,USQUIL,RURAL,sierra,4676.0,62.985
CP058195,5.264061245947985e-05,0.5264061245947985,1,130614,LA LIBERTAD,OTUZCO,USQUIL,URBANO,sierra,1941.0,59.386665
CP058443,0.0007704317901395573,7.704317901395573,5,130701,LA LIBERTAD,PACASMAYO,SAN PEDRO DE LLOC,RURAL,costa,1158.0,15.198334
CP058440,0.0006087950428857662,6.087950428857662,4,130701,LA LIBERTAD,PACASMAYO,SAN PEDRO DE LLOC,URBANO,costa,2820.0,26.88
CP055479,0.0009623950101386037,9.623950101386038,4,130702,LA LIBERTAD,PACASMAYO,GUADALUPE,RURAL,costa,3891.0,12.606667
CP055460,0.000895345079014514,8.95345079014514,4,130702,LA LIBERTAD,PACASMAYO,GUADALUPE,URBANO,costa,2381.0,13.363334
CP055502,0.0009831053820603078,9.831053820603078,4,130703,LA LIBERTAD,PACASMAYO,JEQUETEPEQUE,RURAL,costa,541.0,11.45
CP055491,0.0009867447130147678,9.867447130147678,4,130703,LA LIBERTAD,PACASMAYO,JEQUETEPEQUE,URBANO,costa,806.0,11.226666
CP056257,0.0010028915299670636,10.028915299670636,5,130704,LA LIBERTAD,PACASMAYO,PACASMAYO,RURAL,costa,13.0,5.2966666
CP056459,0.0007869223379928091,7.869223379928091,4,130705,LA LIBERTAD,PACASMAYO,SAN JOSE,RURAL,costa,1028.0,21.02
CP056952,0.0007481889827565388,7.481889827565388,4,130705,LA LIBERTAD,PACASMAYO,SAN JOSE,URBANO,costa,2939.0,22.281666
CP057526,0.000898354901776571,8.98354901776571,1,130801,LA LIBERTAD,PATAZ,TAYABAMBA,RURAL,sierra,5154.5,34.763332
CP056502,0.0019050873119263298,19.050873119263297,1,130801,LA LIBERTAD,PATAZ,TAYABAMBA,RURAL,sierra,5154.5,17.468334
CP058729,0.0006332850219290421,6.33285021929042,1,130802,LA LIBERTAD,PATAZ,BULDIBUYO,RURAL,sierra,3035.0,40.356667
CP058766,0.0,0.0,0,130803,LA LIBERTAD,PATAZ,CHILLIA,RURAL,sierra,5243.0,102.82667
CP058754,0.0,0.0,0,130803,LA LIBERTAD,PATAZ,CHILLIA,RURAL,sierra,5243.0,103.83833
CP055813,0.0,0.0,0,130804,LA LIBERTAD,PATAZ,HUANCASPATA,RURAL,sierra,5137.0,104.653336
CP056798,0.0008526208190978669,8.52620819097867,1,130805,LA LIBERTAD,PATAZ,HUAYLILLAS,RURAL,sierra,1784.0,35.655
CP057787,0.0,0.0,0,130806,LA LIBERTAD,PATAZ,HUAYO,RURAL,sierra,4014.0,155.24
CP058589,0.00029611280528190346,2.9611280528190345,1,130807,LA LIBERTAD,PATAZ,ONGON,RURAL,sierra,1600.0,50.42
CP058823,0.0,0.0,0,130808,LA LIBERTAD,PATAZ,PARCOY,RURAL,sierra,3609.5,86.15667
CP058810,0.0,0.0,0,130808,LA LIBERTAD,PATAZ,PARCOY,RURAL,sierra,3609.5,113.64833
CP058830,0.0,0.0,0,130808,LA LIBERTAD,PATAZ,PARCOY,URBANO,sierra,997.0,84.98167
CP086843,0.0,0.0,0,130809,LA LIBERTAD,PATAZ,PATAZ,RURAL,sierra,6356.0,192.86
CP056612,0.0,0.0,0,130810,LA LIBERTAD,PATAZ,PIAS,RURAL,sierra,1052.0,122.215
CP056624,0.0,0.0,0,130811,LA LIBERTAD,PATAZ,SANTIAGO DE CHALLAS,RURAL,sierra,1811.0,73.645
CP057618,0.0,0.0,0,130812,LA LIBERTAD,PATAZ,TAURIJA,RURAL,sierra,1917.0,66.39167
CP057631,0.0006248844099043849,6.248844099043849,1,130813,LA LIBERTAD,PATAZ,URPAY,RURAL,sierra,2464.0,40.555
CP058635,0.00046842549937559124,4.684254993755912,1,130901,LA LIBERTAD,SANCHEZ CARRION,HUAMACHUCO,RURAL,sierra,4605.2,3.75
CP058613,0.0005119693907561669,5.119693907561669,2,130901,LA LIBERTAD,SANCHEZ CARRION,HUAMACHUCO,RURAL,sierra,4605.2,25.688334
CP058636,0.0004595666120879619,4.59566612087962,1,130901,LA LIBERTAD,SANCHEZ CARRION,HUAMACHUCO,RURAL,sierra,4605.2,6.0833335
CP055666,0.00042967082985384466,4.296708298538446,2,130901,LA LIBERTAD,SANCHEZ CARRION,HUAMACHUCO,RURAL,sierra,4605.2,22.276667
CP058611,0.00031853501392558616,3.1853501392558616,1,130901,LA LIBERTAD,SANCHEZ CARRION,HUAMACHUCO,RURAL,sierra,4605.2,21.851667
CP058637,0.0005135553657718515,5.135553657718515,2,130901,LA LIBERTAD,SANCHEZ CARRION,HUAMACHUCO,URBANO,sierra,1640.0,7.205
CP056668,5.23606666596839e-05,0.523606666596839,1,130902,LA LIBERTAD,SANCHEZ CARRION,CHUGAY,RURAL,sierra,3868.0,51.451668
CP056646,0.00014298260336691732,1.4298260336691733,1,130902,LA LIBERTAD,SANCHEZ CARRION,CHUGAY,RURAL,sierra,3868.0,37.948334
CP055689,3.60889962219208e-05,0.360889962219208,1,130902,LA LIBERTAD,SANCHEZ CARRION,CHUGAY,RURAL,sierra,3868.0,55.628334
CP055680,0.0,0.0,0,130902,LA LIBERTAD,SANCHEZ CARRION,CHUGAY,RURAL,sierra,3868.0,72.861664
CP056658,0.0001123190438082833,1.123190438082833,1,130902,LA LIBERTAD,SANCHEZ CARRION,CHUGAY,URBANO,sierra,700.0,41.595
CP057675,0.0,0.0,0,130903,LA LIBERTAD,SANCHEZ CARRION,COCHORCO,RURAL,sierra,4181.5,146.93167
CP057676,0.0,0.0,0,130903,LA LIBERTAD,SANCHEZ CARRION,COCHORCO,RURAL,sierra,4181.5,143.265
CP058663,0.00029549753203048437,2.9549753203048437,1,130904,LA LIBERTAD,SANCHEZ CARRION,CURGOS,RURAL,sierra,6269.0,23.826666
CP084868,0.0005180584223233658,5.180584223233658,2,130905,LA LIBERTAD,SANCHEZ CARRION,MARCABAL,RURAL,sierra,4885.333333333333,27.645
CP055756,0.0004192126196014616,4.192126196014616,2,130905,LA LIBERTAD,SANCHEZ CARRION,MARCABAL,RURAL,sierra,4885.333333333333,32.878334
CP058698,0.0,0.0,0,130905,LA LIBERTAD,SANCHEZ CARRION,MARCABAL,RURAL,sierra,4885.333333333333,81.388336
CP057981,7.569964680498806e-05,0.7569964680498806,1,130906,LA LIBERTAD,SANCHEZ CARRION,SANAGORAN,RURAL,sierra,4234.666666666667,46.95
CP056749,8.838628031561216e-05,0.8838628031561215,1,130906,LA LIBERTAD,SANCHEZ CARRION,SANAGORAN,RURAL,sierra,4234.666666666667,44.923332
CP056753,7.472822643703467e-05,0.7472822643703467,1,130906,LA LIBERTAD,SANCHEZ CARRION,SANAGORAN,RURAL,sierra,4234.666666666667,47.115
CP059009,0.0,0.0,0,130907,LA LIBERTAD,SANCHEZ CARRION,SARIN,RURAL,sierra,4254.5,80.846664
CP058991,0.0,0.0,0,130907,LA LIBERTAD,SANCHEZ CARRION,SARIN,RURAL,sierra,4254.5,62.73
CP056027,0.0,0.0,0,130908,LA LIBERTAD,SANCHEZ CARRION,SARTIMBAMBA,RURAL,sierra,3944.6666666666665,100.275
CP056041,0.0,0.0,0,130908,LA LIBERTAD,SANCHEZ CARRION,SARTIMBAMBA,RURAL,sierra,3944.6666666666665,142.29
CP056031,0.0,0.0,0,130908,LA LIBERTAD,SANCHEZ CARRION,SARTIMBAMBA,RURAL,sierra,3944.6666666666665,130.885
CP058055,0.0,0.0,0,131001,LA LIBERTAD,SANTIAGO DE CHUCO,SANTIAGO DE CHUCO,RURAL,sierra,4493.333333333333,81.56167
CP058024,0.001201986451101403,12.01986451101403,1,131001,LA LIBERTAD,SANTIAGO DE CHUCO,SANTIAGO DE CHUCO,RURAL,sierra,4493.333333333333,13.973333
CP058047,0.0,0.0,0,131001,LA LIBERTAD,SANTIAGO DE CHUCO,SANTIAGO DE CHUCO,RURAL,sierra,4493.333333333333,84.59333
CP058058,0.0,0.0,0,131001,LA LIBERTAD,SANTIAGO DE CHUCO,SANTIAGO DE CHUCO,URBANO,sierra,499.0,69.555
CP059048,0.0005179209023656505,5.1792090236565045,1,131002,LA LIBERTAD,SANTIAGO DE CHUCO,ANGASMARCA,RURAL,sierra,4279.0,34.741665
CP059070,0.00012767492458941334,1.2767492458941334,1,131003,LA LIBERTAD,SANTIAGO DE CHUCO,CACHICADAN,RURAL,sierra,4732.0,53.756668
CP055843,0.00011237456223581207,1.1237456223581208,1,131004,LA LIBERTAD,SANTIAGO DE CHUCO,MOLLEBAMBA,RURAL,sierra,1064.0,55.165
CP055836,7.296769986232315e-05,0.7296769986232314,1,131004,LA LIBERTAD,SANTIAGO DE CHUCO,MOLLEBAMBA,URBANO,sierra,463.0,59.683334
CP056832,0.0,0.0,0,131005,LA LIBERTAD,SANTIAGO DE CHUCO,MOLLEPATA,RURAL,sierra,2579.0,67.94666
CP056861,0.0005575152746856681,5.575152746856681,1,131006,LA LIBERTAD,SANTIAGO DE CHUCO,QUIRUVILCA,RURAL,sierra,3319.0,33.443333
CP056843,0.0001171140454763064,1.171140454763064,1,131006,LA LIBERTAD,SANTIAGO DE CHUCO,QUIRUVILCA,RURAL,sierra,3319.0,40.986668
CP056855,0.0009077113503474305,9.077113503474305,3,131006,LA LIBERTAD,SANTIAGO DE CHUCO,QUIRUVILCA,URBANO,sierra,505.0,31.991667
CP057832,0.0006885648900586174,6.885648900586174,1,131007,LA LIBERTAD,SANTIAGO DE CHUCO,SANTA CRUZ DE CHUCA,RURAL,sierra,2626.0,29.406666
CP057843,0.0,0.0,0,131008,LA LIBERTAD,SANTIAGO DE CHUCO,SITABAMBA,RURAL,sierra,2947.0,123.84333
CP058645,0.0,0.0,0,131101,LA LIBERTAD,GRAN CHIMU,CASCAS,RURAL,sierra,4883.5,100.11833
CP058880,0.002646697527093095,26.46697527093095,1,131101,LA LIBERTAD,GRAN CHIMU,CASCAS,RURAL,sierra,4883.5,11.05
CP056934,0.0,0.0,0,131102,LA LIBERTAD,GRAN CHIMU,LUCMA,RURAL,sierra,5376.0,83.113335
CP057919,0.0003122437502985511,3.122437502985511,1,131103,LA LIBERTAD,GRAN CHIMU,MARMOT,RURAL,sierra,1884.0,51.87
CP057931,0.0,0.0,0,131104,LA LIBERTAD,GRAN CHIMU,SAYAPULLO,RURAL,sierra,3614.5,100.238335
CP058915,0.0,0.0,0,131104,LA LIBERTAD,GRAN CHIMU,SAYAPULLO,RURAL,sierra,3614.5,104.68667
CP055938,0.0011964376835344906,11.964376835344906,6,131201,LA LIBERTAD,VIRU,VIRU,RURAL,costa,3751.0,7.5866666
CP055765,0.00048516958128154257,4.851695812815426,6,131201,LA LIBERTAD,VIRU,VIRU,RURAL,costa,3751.0,24.106667
CP055941,0.0009626142689036355,9.626142689036355,3,131201,LA LIBERTAD,VIRU,VIRU,RURAL,costa,3751.0,7.045
CP058959,0.0011841946588185717,11.841946588185717,39,131201,LA LIBERTAD,VIRU,VIRU,URBANO,costa,3862.0,14.39
CP055964,0.0008959037255547866,8.959037255547866,2,131202,LA LIBERTAD,VIRU,CHAO,RURAL,costa,5633.0,22.405
CP055965,0.0011119412383518103,11.119412383518103,2,131202,LA LIBERTAD,VIRU,CHAO,URBANO,costa,1572.0,16.321667
CP084973,0.0013529215335675144,13.529215335675143,10,131203,LA LIBERTAD,VIRU,GUADALUPITO,RURAL,costa,875.0,20.12
CP057208,0.0012214651288260613,12.214651288260614,9,131203,LA LIBERTAD,VIRU,GUADALUPITO,URBANO,costa,1573.0,22.523333
CP057219,0.0020864111838239936,20.864111838239936,22,140101,LAMBAYEQUE,CHICLAYO,CHICLAYO,RURAL,costa,154.0,9.683333
CP084716,0.002187517539007146,21.875175390071462,22,140101,LAMBAYEQUE,CHICLAYO,CHICLAYO,URBANO,costa,348.0,5.6683335
CP057233,0.0003761535205877178,3.761535205877178,22,140102,LAMBAYEQUE,CHICLAYO,CHONGOYAPE,RURAL,costa,4233.0,34.843334
CP057244,9.016221657430791e-05,0.9016221657430791,16,140102,LAMBAYEQUE,CHICLAYO,CHONGOYAPE,URBANO,costa,2572.0,46.765
CP058204,0.0015982748222503262,15.982748222503263,22,140103,LAMBAYEQUE,CHICLAYO,ETEN,RURAL,costa,278.0,18.661667
CP058205,0.001650964266806894,16.509642668068942,22,140103,LAMBAYEQUE,CHICLAYO,ETEN,URBANO,costa,818.0,17.733334
CP058211,0.00198824742338361,19.882474233836103,22,140105,LAMBAYEQUE,CHICLAYO,JOSE LEONARDO ORTIZ,RURAL,costa,607.0,10.101666
CP058234,0.00214729082554487,21.4729082554487,22,140106,LAMBAYEQUE,CHICLAYO,LA VICTORIA,RURAL,costa,2920.0,4.988333
CP058256,0.00022538072986636568,2.253807298663657,20,140107,LAMBAYEQUE,CHICLAYO,LAGUNAS,RURAL,costa,3005.0,50.115
CP058254,0.00043937052005943434,4.3937052005943436,25,140107,LAMBAYEQUE,CHICLAYO,LAGUNAS,URBANO,costa,2119.0,43.851665
CP055265,0.0015857923537069274,15.857923537069274,22,140108,LAMBAYEQUE,CHICLAYO,MONSEFU,RURAL,costa,4109.5,16.14
CP055280,0.0020457751579775743,20.457751579775742,22,140108,LAMBAYEQUE,CHICLAYO,MONSEFU,RURAL,costa,4109.5,10.078333
CP055301,0.000129299126399341,1.29299126399341,19,140109,LAMBAYEQUE,CHICLAYO,NUEVA ARICA,RURAL,costa,721.0,45.541668
CP056068,0.0,0.0,0,140110,LAMBAYEQUE,CHICLAYO,OYOTUN,RURAL,costa,4663.0,85.515
CP056301,0.0018687474803580299,18.687474803580297,22,140111,LAMBAYEQUE,CHICLAYO,PICSI,RURAL,costa,1253.0,12.795
CP056288,0.0016866549420598003,16.866549420598,22,140111,LAMBAYEQUE,CHICLAYO,PICSI,URBANO,costa,490.0,16.53
CP057274,0.0021524936946159274,21.524936946159276,22,140112,LAMBAYEQUE,CHICLAYO,PIMENTEL,RURAL,costa,4665.0,4.1283336
CP084636,0.0018147130445611969,18.147130445611968,22,140112,LAMBAYEQUE,CHICLAYO,PIMENTEL,URBANO,costa,2961.0,12.63
CP057297,0.0018837091634630577,18.83709163463058,22,140113,LAMBAYEQUE,CHICLAYO,REQUE,RURAL,costa,2999.0,13.456667
CP057296,0.0018547566905452802,18.5475669054528,22,140113,LAMBAYEQUE,CHICLAYO,REQUE,URBANO,costa,1425.0,14.013333
CP057303,0.0012993554815338537,12.993554815338538,22,140114,LAMBAYEQUE,CHICLAYO,SANTA ROSA,RURAL,costa,138.0,21.275
CP057309,0.0009026670740317493,9.026670740317492,22,140115,LAMBAYEQUE,CHICLAYO,SANA,RURAL,costa,2686.0,16.801666
CP057319,0.0004931416087160894,4.931416087160893,25,140115,LAMBAYEQUE,CHICLAYO,SANA,URBANO,costa,1602.0,40.27667
CP058274,0.0003610134316727907,3.610134316727907,24,140116,LAMBAYEQUE,CHICLAYO,CAYALTI,RURAL,costa,3726.0,36.375
CP058286,0.0015726746643824902,15.726746643824903,22,140117,LAMBAYEQUE,CHICLAYO,PATAPO,RURAL,costa,3183.0,9.666667
CP058320,0.001758467741497495,17.58467741497495,22,140118,LAMBAYEQUE,CHICLAYO,POMALCA,RURAL,costa,2873.0,14.995
CP058318,0.0019658058273451955,19.658058273451957,22,140118,LAMBAYEQUE,CHICLAYO,POMALCA,URBANO,costa,2226.0,11.065
CP055074,0.0004493536328229009,4.493536328229009,22,140119,LAMBAYEQUE,CHICLAYO,PUCALA,RURAL,costa,2282.0,27.745
CP055069,0.00046712568557551914,4.671256855755192,22,140119,LAMBAYEQUE,CHICLAYO,PUCALA,URBANO,costa,722.0,27.205
CP055106,0.0018132876445909154,18.132876445909154,22,140120,LAMBAYEQUE,CHICLAYO,TUMAN,RURAL,costa,2633.0,7.3533335
CP055085,0.0014487030259278575,14.487030259278574,22,140120,LAMBAYEQUE,CHICLAYO,TUMAN,URBANO,costa,2655.0,12.676666
CP055871,0.001500276725716235,15.00276725716235,22,140201,LAMBAYEQUE,FERRENAFE,FERRENAFE,RURAL,costa,938.0,19.665
CP056111,0.0,0.0,0,140202,LAMBAYEQUE,FERRENAFE,CANARIS,RURAL,sierra,4179.666666666667,125.308334
CP057121,0.0,0.0,0,140202,LAMBAYEQUE,FERRENAFE,CANARIS,RURAL,sierra,4179.666666666667,117.57166
CP057113,0.0,0.0,0,140202,LAMBAYEQUE,FERRENAFE,CANARIS,RURAL,sierra,4179.666666666667,126.39333
CP057127,0.0,0.0,0,140203,LAMBAYEQUE,FERRENAFE,INCAHUASI,RURAL,sierra,4328.666666666667,146.10167
CP085325,0.0,0.0,0,140203,LAMBAYEQUE,FERRENAFE,INCAHUASI,RURAL,sierra,4328.666666666667,81.558334
CP057131,0.0,0.0,0,140203,LAMBAYEQUE,FERRENAFE,INCAHUASI,RURAL,sierra,4328.666666666667,152.05
CP058070,0.0,0.0,0,140203,LAMBAYEQUE,FERRENAFE,INCAHUASI,URBANO,sierra,520.0,135.425
CP055143,0.0009305143260451895,9.305143260451894,22,140204,LAMBAYEQUE,FERRENAFE,MANUEL ANTONIO MESONES MURO,RURAL,costa,2600.0,28.301666
CP055936,0.0,0.0,0,140205,LAMBAYEQUE,FERRENAFE,PITIPO,RURAL,costa,3773.25,60.783333
CP056143,4.76174247551721e-05,0.47617424755172094,7,140205,LAMBAYEQUE,FERRENAFE,PITIPO,RURAL,costa,3773.25,50.466667
CP055169,0.00018525633947109947,1.8525633947109947,22,140205,LAMBAYEQUE,FERRENAFE,PITIPO,RURAL,costa,3773.25,43.761665
CP084713,4.273216533357453e-05,0.42732165333574534,6,140205,LAMBAYEQUE,FERRENAFE,PITIPO,RURAL,costa,3773.25,50.706665
CP056193,0.0011054623015712315,11.054623015712314,22,140206,LAMBAYEQUE,FERRENAFE,PUEBLO NUEVO,RURAL,costa,936.0,17.035
CP057154,0.0012223743034877233,12.223743034877232,22,140301,LAMBAYEQUE,LAMBAYEQUE,LAMBAYEQUE,RURAL,costa,3947.0,12.808333
CP057153,0.0011457288351202587,11.457288351202587,22,140301,LAMBAYEQUE,LAMBAYEQUE,LAMBAYEQUE,RURAL,costa,3947.0,14.223333
CP085126,0.0011957979601853691,11.95797960185369,22,140301,LAMBAYEQUE,LAMBAYEQUE,LAMBAYEQUE,RURAL,costa,3947.0,21.518333
CP057167,0.0017577666091140272,17.577666091140273,22,140301,LAMBAYEQUE,LAMBAYEQUE,LAMBAYEQUE,RURAL,costa,3947.0,3.0333333
CP084925,0.0,0.0,0,140302,LAMBAYEQUE,LAMBAYEQUE,CHOCHOPE,RURAL,sierra,1328.0,72.19
CP084900,0.0006126344327334347,6.126344327334348,22,140303,LAMBAYEQUE,LAMBAYEQUE,ILLIMO,RURAL,costa,4594.0,25.491667
CP058176,0.00039007365154448417,3.9007365154448417,21,140304,LAMBAYEQUE,LAMBAYEQUE,JAYANCA,RURAL,costa,3900.5,31.765
CP058179,0.0002629877369437715,2.6298773694377147,21,140304,LAMBAYEQUE,LAMBAYEQUE,JAYANCA,RURAL,costa,3900.5,36.78
CP055221,0.0007888443566745808,7.888443566745808,22,140305,LAMBAYEQUE,LAMBAYEQUE,MOCHUMI,RURAL,costa,3736.6666666666665,21.398333
CP055231,0.0006877634243162851,6.877634243162851,22,140305,LAMBAYEQUE,LAMBAYEQUE,MOCHUMI,RURAL,costa,3736.6666666666665,23.666666
CP055232,0.0006273448217499963,6.273448217499963,22,140305,LAMBAYEQUE,LAMBAYEQUE,MOCHUMI,RURAL,costa,3736.6666666666665,25.125
CP056204,0.0005138215021618997,5.138215021618996,21,140306,LAMBAYEQUE,LAMBAYEQUE,MORROPE,RURAL,costa,4211.857142857143,27.913334
CP057266,0.0006433705335394514,6.433705335394515,22,140306,LAMBAYEQUE,LAMBAYEQUE,MORROPE,RURAL,costa,4211.857142857143,24.645
CP056230,0.0005108954222018882,5.108954222018882,21,140306,LAMBAYEQUE,LAMBAYEQUE,MORROPE,RURAL,costa,4211.857142857143,27.996666
CP056251,0.0005566846798034947,5.566846798034947,21,140306,LAMBAYEQUE,LAMBAYEQUE,MORROPE,RURAL,costa,4211.857142857143,26.726667
CP056227,0.000581741639815084,5.81741639815084,21,140306,LAMBAYEQUE,LAMBAYEQUE,MORROPE,RURAL,costa,4211.857142857143,26.06
CP056209,0.0004986479983932255,4.986479983932255,22,140306,LAMBAYEQUE,LAMBAYEQUE,MORROPE,RURAL,costa,4211.857142857143,28.545
CP056004,0.00038794356600118377,3.8794356600118376,21,140306,LAMBAYEQUE,LAMBAYEQUE,MORROPE,RURAL,costa,4211.857142857143,31.838333
CP084660,2.5945558474522793e-06,0.025945558474522793,1,140307,LAMBAYEQUE,LAMBAYEQUE,MOTUPE,RURAL,costa,3715.0,58.2
CP056986,0.00019569845926039415,1.9569845926039415,18,140307,LAMBAYEQUE,LAMBAYEQUE,MOTUPE,RURAL,costa,3715.0,38.768333
CP056957,0.0,0.0,0,140307,LAMBAYEQUE,LAMBAYEQUE,MOTUPE,RURAL,costa,3715.0,61.211666
CP055313,0.0,0.0,0,140308,LAMBAYEQUE,LAMBAYEQUE,OLMOS,RURAL,costa,4451.333333333333,71.636665
CP057464,0.0,0.0,0,140308,LAMBAYEQUE,LAMBAYEQUE,OLMOS,RURAL,costa,4451.333333333333,71.11833
CP053247,0.0,0.0,0,140308,LAMBAYEQUE,LAMBAYEQUE,OLMOS,RURAL,costa,4451.333333333333,60.556667
CP055523,0.0,0.0,0,140308,LAMBAYEQUE,LAMBAYEQUE,OLMOS,RURAL,costa,4451.333333333333,68.22833
CP058507,0.0,0.0,0,140308,LAMBAYEQUE,LAMBAYEQUE,OLMOS,RURAL,costa,4451.333333333333,63.025
CP057513,0.0,0.0,0,140308,LAMBAYEQUE,LAMBAYEQUE,OLMOS,RURAL,costa,4451.333333333333,91.18667
CP055560,0.00042272120815687345,4.227212081568735,21,140309,LAMBAYEQUE,LAMBAYEQUE,PACORA,RURAL,costa,3270.0,30.675
CP056531,0.0,0.0,0,140310,LAMBAYEQUE,LAMBAYEQUE,SALAS,RURAL,sierra,4919.0,106.265
CP056546,0.0,0.0,0,140310,LAMBAYEQUE,LAMBAYEQUE,SALAS,RURAL,sierra,4919.0,85.75833
CP055570,0.0,0.0,0,140310,LAMBAYEQUE,LAMBAYEQUE,SALAS,URBANO,sierra,1166.0,94.33
CP057538,0.0014832990495428989,14.832990495428989,22,140311,LAMBAYEQUE,LAMBAYEQUE,SAN JOSE,RURAL,costa,1297.0,17.313334
CP057548,0.000564880936331751,5.64880936331751,22,140312,LAMBAYEQUE,LAMBAYEQUE,TUCUME,RURAL,costa,4478.333333333333,26.721666
CP057569,0.0007234675130459116,7.234675130459117,22,140312,LAMBAYEQUE,LAMBAYEQUE,TUCUME,RURAL,costa,4478.333333333333,22.848333
CP057583,0.0007506628630652183,7.506628630652183,22,140312,LAMBAYEQUE,LAMBAYEQUE,TUCUME,RURAL,costa,4478.333333333333,22.236666
CP055120,0.00046287734720180663,4.628773472018066,182,150106,LIMA,LIMA,CARABAYLLO,RURAL,sierra,3376.5,24.055
CP055360,0.001484884726414542,14.84884726414542,230,150106,LIMA,LIMA,CARABAYLLO,RURAL,costa,3376.5,6.0533333
CP055371,0.001428179396338132,14.28179396338132,230,150106,LIMA,LIMA,CARABAYLLO,URBANO,costa,843.0,6.995
CP055376,9.832554549266301e-05,0.98325545492663,78,150109,LIMA,LIMA,CIENEGUILLA,RURAL,sierra,185.0,42.363335
CP058337,0.0010253080784706876,10.253080784706876,215,150119,LIMA,LIMA,LURIN,RURAL,costa,1684.0,19.563334
CP058357,0.0007068575444915156,7.068575444915156,204,150123,LIMA,LIMA,PACHACAMAC,RURAL,costa,888.0,25.283333
CP087379,0.00014693696941179093,1.4693696941179093,88,150124,LIMA,LIMA,PUCUSANA,RURAL,costa,97.0,42.41
CP058370,0.0007729282336118784,7.729282336118784,205,150126,LIMA,LIMA,PUNTA HERMOSA,RURAL,costa,339.0,26.41
CP058378,0.0006425609891518576,6.425609891518576,203,150127,LIMA,LIMA,PUNTA NEGRA,RURAL,costa,1.0,28.966667
CP058386,0.00014226537274619156,1.4226537274619155,87,150129,LIMA,LIMA,SAN BARTOLO,RURAL,costa,215.0,42.741665
CP056333,0.0005553247115851996,5.553247115851995,198,150138,LIMA,LIMA,SANTA MARIA DEL MAR,RURAL,costa,28.0,30.696667
CP056374,0.001626417835574807,16.264178355748072,8,150201,LIMA,BARRANCA,BARRANCA,RURAL,costa,3362.5,14.196667
CP056355,0.0018020207271571037,18.02020727157104,8,150201,LIMA,BARRANCA,BARRANCA,RURAL,costa,3362.5,10.705
CP056347,0.0004728918126809436,4.728918126809436,4,150201,LIMA,BARRANCA,BARRANCA,URBANO,costa,499.0,39.141666
CP055405,0.0014787573976552035,14.787573976552036,8,150202,LIMA,BARRANCA,PARAMONGA,RURAL,costa,2612.0,16.581667
CP055393,0.001182810754097535,11.828107540975349,5,150202,LIMA,BARRANCA,PARAMONGA,URBANO,costa,379.0,21.03
CP055428,0.0010666445550843078,10.666445550843077,4,150203,LIMA,BARRANCA,PATIVILCA,RURAL,costa,4641.0,22.996666
CP055424,0.0006313567295961784,6.313567295961784,4,150203,LIMA,BARRANCA,PATIVILCA,URBANO,costa,1069.0,33.585
CP058559,0.000626364523566435,6.263645235664351,8,150204,LIMA,BARRANCA,SUPE,RURAL,costa,5670.0,34.025
CP058550,0.0011699649666001481,11.69964966600148,8,150204,LIMA,BARRANCA,SUPE,URBANO,costa,3900.0,28.746666
CP085593,0.0019986865583725938,19.986865583725937,8,150205,LIMA,BARRANCA,SUPE PUERTO,RURAL,costa,188.0,5.01
CP057344,0.0,0.0,0,150301,LIMA,CAJATAMBO,CAJATAMBO,RURAL,sierra,621.0,269.73
CP057342,0.0,0.0,0,150301,LIMA,CAJATAMBO,CAJATAMBO,URBANO,sierra,702.0,254.27167
CP056414,0.0,0.0,0,150302,LIMA,CAJATAMBO,COPA,RURAL,sierra,48.0,286.15
CP056413,0.0,0.0,0,150302,LIMA,CAJATAMBO,COPA,URBANO,sierra,461.0,285.38834
CP056422,0.0,0.0,0,150303,LIMA,CAJATAMBO,GORGOR,RURAL,sierra,1757.0,244.32333
CP062414,0.0,0.0,0,150304,LIMA,CAJATAMBO,HUANCAPON,RURAL,sierra,304.0,220.38834
CP062416,0.0,0.0,0,150304,LIMA,CAJATAMBO,HUANCAPON,URBANO,sierra,471.0,244.04
CP059898,0.0,0.0,0,150305,LIMA,CAJATAMBO,MANAS,RURAL,sierra,537.0,193.17667
CP059885,0.0,0.0,0,150305,LIMA,CAJATAMBO,MANAS,URBANO,sierra,328.0,99.93166
CP061132,0.0,0.0,0,150401,LIMA,CANTA,CANTA,RURAL,sierra,269.0,87.45333
CP061136,0.0,0.0,0,150401,LIMA,CANTA,CANTA,URBANO,sierra,1033.0,101.745
CP061363,0.0,0.0,0,150402,LIMA,CANTA,ARAHUAY,RURAL,sierra,357.0,78.425
CP062207,0.0,0.0,0,150403,LIMA,CANTA,HUAMANTANGA,RURAL,sierra,271.0,88.435
CP062205,0.0,0.0,0,150403,LIMA,CANTA,HUAMANTANGA,URBANO,sierra,372.0,121.13333
CP062226,0.0,0.0,0,150404,LIMA,CANTA,HUAROS,RURAL,sierra,228.0,132.01334
CP062235,0.0,0.0,0,150404,LIMA,CANTA,HUAROS,URBANO,sierra,351.0,109.995
CP059923,0.0,0.0,0,150405,LIMA,CANTA,LACHAQUI,RURAL,sierra,169.0,89.555
CP059927,0.0,0.0,0,150405,LIMA,CANTA,LACHAQUI,URBANO,sierra,50.0,99.246666
CP059936,0.0,0.0,0,150406,LIMA,CANTA,SAN BUENAVENTURA,RURAL,sierra,265.0,100.54833
CP059939,0.0,0.0,0,150406,LIMA,CANTA,SAN BUENAVENTURA,URBANO,sierra,116.0,83.78167
CP060711,6.144145317115145e-05,0.6144145317115145,26,150407,LIMA,CANTA,SANTA ROSA DE QUIVES,RURAL,sierra,5645.0,39.258335
CP061600,0.0009608271441788808,9.608271441788808,10,150501,LIMA,CANETE,SAN VICENTE DE CANETE,RURAL,costa,3608.6666666666665,22.22
CP061621,0.0015779346946943429,15.779346946943429,10,150501,LIMA,CANETE,SAN VICENTE DE CANETE,RURAL,costa,3608.6666666666665,6.221667
CP061599,0.0007702583825488152,7.702583825488152,8,150501,LIMA,CANETE,SAN VICENTE DE CANETE,RURAL,costa,3608.6666666666665,25.803333
CP061587,0.0015076784810078717,15.076784810078717,10,150501,LIMA,CANETE,SAN VICENTE DE CANETE,URBANO,costa,3562.0,7.6916666
CP059097,0.0002721640567259997,2.721640567259997,1,150502,LIMA,CANETE,ASIA,RURAL,costa,2857.0,36.72
CP059105,0.00036626294178250605,3.6626294178250607,1,150502,LIMA,CANETE,ASIA,URBANO,costa,2892.0,31.488333
CP059966,0.0,0.0,0,150503,LIMA,CANETE,CALANGO,RURAL,costa,1577.0,61.69
CP059988,0.0013346502879432595,13.346502879432595,10,150504,LIMA,CANETE,CERRO AZUL,RURAL,costa,1608.0,6.5866666
CP059985,0.001326299473745773,13.262994737457731,10,150504,LIMA,CANETE,CERRO AZUL,URBANO,costa,1237.0,4.3366666
CP060747,0.0001640638728674653,1.640638728674653,94,150505,LIMA,CANETE,CHILCA,RURAL,costa,522.0,41.476665
CP060006,0.0001911152956815246,1.9111529568152459,102,150505,LIMA,CANETE,CHILCA,URBANO,costa,3863.0,40.035
CP060779,0.00014773890913812032,1.4773890913812033,1,150506,LIMA,CANETE,COAYLLO,RURAL,costa,669.0,45.635
CP061465,0.0005261332976507702,5.261332976507702,1,150507,LIMA,CANETE,IMPERIAL,RURAL,costa,2737.0,23.585
CP061463,0.0009013006658522499,9.0130066585225,4,150507,LIMA,CANETE,IMPERIAL,URBANO,costa,4789.0,14.141666
CP061675,0.0006230417554913389,6.230417554913389,4,150508,LIMA,CANETE,LUNAHUANA,RURAL,costa,916.0,37.635
CP061667,0.00011466191457551957,1.1466191457551957,1,150508,LIMA,CANETE,LUNAHUANA,URBANO,costa,1459.0,48.858334
CP061686,0.00013177382072049267,1.3177382072049266,1,150509,LIMA,CANETE,MALA,RURAL,costa,2300.0,47.116665
CP061696,0.00021246681364396098,2.12466813643961,1,150509,LIMA,CANETE,MALA,URBANO,costa,2758.0,40.57
CP059149,0.0008431709864040901,8.4317098640409,4,150510,LIMA,CANETE,NUEVO IMPERIAL,RURAL,costa,3889.0,17.91
CP059161,0.0007114424340794552,7.114424340794551,4,150510,LIMA,CANETE,NUEVO IMPERIAL,URBANO,costa,4563.0,21.608334
CP059170,0.0,0.0,0,150511,LIMA,CANETE,PACARAN,RURAL,sierra,786.0,67.513336
CP059189,0.0007443061659477949,7.443061659477949,4,150512,LIMA,CANETE,QUILMANA,RURAL,costa,2259.0,18.921667
CP059180,0.0004485289922745224,4.485289922745224,1,150512,LIMA,CANETE,QUILMANA,URBANO,costa,3294.0,27.35
CP060011,8.640256877134402e-05,0.8640256877134402,10,150513,LIMA,CANETE,SAN ANTONIO,RURAL,costa,525.0,53.1
CP060046,0.0009143911722588519,9.14391172258852,4,150514,LIMA,CANETE,SAN LUIS,RURAL,costa,1324.0,11.96
CP060037,0.0014826451137038845,14.826451137038845,10,150514,LIMA,CANETE,SAN LUIS,URBANO,costa,2880.0,6.846667
CP060630,7.468837235985405e-05,0.7468837235985405,6,150515,LIMA,CANETE,SANTA CRUZ DE FLORES,RURAL,costa,998.0,54.64
CP060795,0.0,0.0,0,150516,LIMA,CANETE,ZUNIGA,RURAL,sierra,978.0,83.32667
CP060850,0.0016638801726737496,16.638801726737498,7,150601,LIMA,HUARAL,HUARAL,RURAL,costa,3664.3333333333335,5.943333
CP060832,0.00146473712023687,14.6473712023687,6,150601,LIMA,HUARAL,HUARAL,RURAL,costa,3664.3333333333335,11.558333
CP061527,0.0014935732476073042,14.935732476073042,9,150601,LIMA,HUARAL,HUARAL,RURAL,costa,3664.3333333333335,8.305
CP060801,0.0014363079767915584,14.363079767915584,4,150601,LIMA,HUARAL,HUARAL,URBANO,costa,4069.5,3.1083333
CP060800,0.00161100876551282,16.1100876551282,6,150601,LIMA,HUARAL,HUARAL,URBANO,costa,4069.5,9.983334
CP061744,0.0,0.0,0,150602,LIMA,HUARAL,ATAVILLOS ALTO,RURAL,sierra,175.0,161.47
CP061732,0.0,0.0,0,150602,LIMA,HUARAL,ATAVILLOS ALTO,URBANO,sierra,312.0,131.445
CP061755,0.0,0.0,0,150603,LIMA,HUARAL,ATAVILLOS BAJO,RURAL,sierra,107.0,114.08
CP061754,0.0,0.0,0,150603,LIMA,HUARAL,ATAVILLOS BAJO,URBANO,sierra,733.0,92.28333
CP059230,0.001464290426091253,14.64290426091253,24,150604,LIMA,HUARAL,AUCALLAMA,RURAL,costa,4994.0,13.978333
CP059259,0.001387191412043602,13.87191412043602,24,150604,LIMA,HUARAL,AUCALLAMA,RURAL,costa,4994.0,14.946667
CP059220,0.001395586132550662,13.95586132550662,9,150604,LIMA,HUARAL,AUCALLAMA,URBANO,costa,651.0,11.973333
CP060076,0.0016084412607435684,16.084412607435684,14,150605,LIMA,HUARAL,CHANCAY,RURAL,costa,4661.0,10.983334
CP060070,0.0016022923170566246,16.022923170566248,9,150605,LIMA,HUARAL,CHANCAY,URBANO,costa,4575.0,7.306667
CP060096,0.0,0.0,0,150606,LIMA,HUARAL,IHUARI,RURAL,sierra,2061.0,122.22667
CP060104,0.0,0.0,0,150606,LIMA,HUARAL,IHUARI,URBANO,sierra,214.0,96.528336
CP060655,0.0,0.0,0,150607,LIMA,HUARAL,LAMPIAN,RURAL,sierra,77.0,62.123333
CP060644,0.0,0.0,0,150607,LIMA,HUARAL,LAMPIAN,URBANO,sierra,113.0,89.503334
CP060664,0.0,0.0,0,150608,LIMA,HUARAL,PACARAOS,RURAL,sierra,30.0,133.26167
CP061367,0.0,0.0,0,150608,LIMA,HUARAL,PACARAOS,URBANO,sierra,313.0,118.76833
CP061539,0.0,0.0,0,150609,LIMA,HUARAL,SAN MIGUEL DE ACOS,RURAL,sierra,247.0,107.77333
CP061547,0.0,0.0,0,150610,LIMA,HUARAL,SANTA CRUZ DE ANDAMARCA,RURAL,sierra,161.0,123.41333
CP061544,0.0,0.0,0,150610,LIMA,HUARAL,SANTA CRUZ DE ANDAMARCA,URBANO,sierra,609.0,130.28166
CP061563,0.0,0.0,0,150611,LIMA,HUARAL,SUMBILCA,RURAL,sierra,409.0,106.456665
CP061558,0.0,0.0,0,150611,LIMA,HUARAL,SUMBILCA,URBANO,sierra,320.0,96.76833
CP061575,0.0,0.0,0,150612,LIMA,HUARAL,VEINTISIETE DE NOVIEMBRE,RURAL,sierra,43.0,81.96167
CP061573,0.0,0.0,0,150612,LIMA,HUARAL,VEINTISIETE DE NOVIEMBRE,URBANO,sierra,126.0,108.16333
CP085051,0.0011527031640138723,11.527031640138723,3,150701,LIMA,HUAROCHIRI,MATUCANA,RURAL,sierra,1330.0,3.08
CP059296,0.0011564958668347004,11.564958668347003,3,150701,LIMA,HUAROCHIRI,MATUCANA,URBANO,sierra,721.0,1.755
CP059953,0.0,0.0,0,150702,LIMA,HUAROCHIRI,ANTIOQUIA,RURAL,sierra,1158.0,72.64667
CP060145,0.0,0.0,0,150703,LIMA,HUAROCHIRI,CALLAHUANCA,RURAL,sierra,461.0,69.91
CP060154,0.0,0.0,0,150704,LIMA,HUAROCHIRI,CARAMPOMA,RURAL,sierra,60.0,100.221664
CP060920,0.0,0.0,0,150705,LIMA,HUAROCHIRI,CHICLA,RURAL,sierra,2447.0,60.605
CP060924,0.00019614475677104292,1.9614475677104293,1,150705,LIMA,HUAROCHIRI,CHICLA,URBANO,sierra,470.0,46.056667
CP060952,0.0,0.0,0,150706,LIMA,HUAROCHIRI,CUENCA,RURAL,sierra,302.0,112.88
CP061643,2.177742453393142e-05,0.21777424533931422,2,150707,LIMA,HUAROCHIRI,HUACHUPAMPA,RURAL,sierra,96.0,49.631668
CP060963,0.0,0.0,0,150707,LIMA,HUAROCHIRI,HUACHUPAMPA,URBANO,sierra,515.0,61.77
CP061646,0.0,0.0,0,150708,LIMA,HUAROCHIRI,HUANZA,RURAL,sierra,396.0,107.14667
CP061809,0.0,0.0,0,150708,LIMA,HUAROCHIRI,HUANZA,URBANO,sierra,9.0,134.26
CP059342,0.0,0.0,0,150709,LIMA,HUAROCHIRI,HUAROCHIRI,RURAL,sierra,268.0,144.43333
CP059353,0.0,0.0,0,150710,LIMA,HUAROCHIRI,LAHUAYTAMBO,RURAL,sierra,454.0,82.18166
CP059387,0.0,0.0,0,150711,LIMA,HUAROCHIRI,LANGA,RURAL,sierra,508.0,138.4
CP060192,0.0,0.0,0,150712,LIMA,HUAROCHIRI,LARAOS,RURAL,sierra,26.0,155.54167
CP060980,0.0,0.0,0,150713,LIMA,HUAROCHIRI,MARIATANA,RURAL,sierra,1151.0,146.22
CP061009,0.0005295249429431012,5.295249429431012,19,150714,LIMA,HUAROCHIRI,RICARDO PALMA,RURAL,sierra,849.0,16.475
CP061027,0.0,0.0,0,150715,LIMA,HUAROCHIRI,SAN ANDRES DE TUPICOCHA,RURAL,sierra,724.0,73.46
CP061863,0.0007306788863270587,7.3067888632705875,224,150716,LIMA,HUAROCHIRI,SAN ANTONIO,RURAL,sierra,3193.0,30.72
CP061877,0.0009028016075813871,9.02801607581387,4,150717,LIMA,HUAROCHIRI,SAN BARTOLOME,RURAL,sierra,515.0,19.426666
CP061890,0.0001444532370830042,1.444532370830042,3,150717,LIMA,HUAROCHIRI,SAN BARTOLOME,URBANO,sierra,421.0,49.1
CP059421,0.0,0.0,0,150718,LIMA,HUAROCHIRI,SAN DAMIAN,RURAL,sierra,343.0,115.988335
CP060069,0.0,0.0,0,150718,LIMA,HUAROCHIRI,SAN DAMIAN,URBANO,sierra,328.0,129.585
CP060208,0.0,0.0,0,150719,LIMA,HUAROCHIRI,SAN JUAN DE IRIS,RURAL,sierra,15.0,86.441666
CP060213,0.0,0.0,0,150720,LIMA,HUAROCHIRI,SAN JUAN DE TANTARANCHE,RURAL,sierra,9.0,168.54167
CP060211,0.0,0.0,0,150720,LIMA,HUAROCHIRI,SAN JUAN DE TANTARANCHE,URBANO,sierra,156.0,120.64
CP060223,0.0,0.0,0,150721,LIMA,HUAROCHIRI,SAN LORENZO DE QUINTI,RURAL,sierra,322.0,136.02167
CP061042,0.0,0.0,0,150721,LIMA,HUAROCHIRI,SAN LORENZO DE QUINTI,URBANO,sierra,339.0,178.06166
CP085955,0.0005374440995586014,5.3744409955860135,1,150722,LIMA,HUAROCHIRI,SAN MATEO,RURAL,sierra,1146.0,30.165
CP061933,0.00010172432370465794,1.0172432370465794,1,150722,LIMA,HUAROCHIRI,SAN MATEO,URBANO,sierra,12.0,53.946667
CP059442,2.815653019420763e-05,0.2815653019420763,2,150723,LIMA,HUAROCHIRI,SAN MATEO DE OTAO,RURAL,sierra,1719.0,46.441666
CP059474,4.575261052585732e-05,0.4575261052585732,2,150724,LIMA,HUAROCHIRI,SAN PEDRO DE CASTA,RURAL,sierra,190.0,39.726665
CP059478,0.0,0.0,0,150725,LIMA,HUAROCHIRI,SAN PEDRO DE HUANCAYRE,RURAL,sierra,19.0,150.905
CP060244,0.0,0.0,0,150726,LIMA,HUAROCHIRI,SANGALLAYA,RURAL,sierra,575.0,160.29333
CP060261,0.0006608651939896767,6.608651939896767,12,150727,LIMA,HUAROCHIRI,SANTA CRUZ DE COCACHACRA,RURAL,sierra,518.0,23.465
CP060263,0.0005815075798360587,5.815075798360587,14,150727,LIMA,HUAROCHIRI,SANTA CRUZ DE COCACHACRA,URBANO,sierra,977.0,20.618334
CP061583,0.0002456684041536355,2.4566840415363553,20,150728,LIMA,HUAROCHIRI,SANTA EULALIA,RURAL,sierra,1084.0,14.846666
CP061759,0.0004889982055806776,4.889982055806776,18,150728,LIMA,HUAROCHIRI,SANTA EULALIA,URBANO,sierra,1616.0,16.711666
CP061771,0.0,0.0,0,150729,LIMA,HUAROCHIRI,SANTIAGO DE ANCHUCAYA,RURAL,sierra,37.0,150.29333
CP061781,6.31984284352564e-06,0.0631984284352564,1,150730,LIMA,HUAROCHIRI,SANTIAGO DE TUNA,RURAL,sierra,133.0,59.441666
CP059496,6.541491360712369e-06,0.06541491360712369,6,150731,LIMA,HUAROCHIRI,SANTO DOMINGO DE LOS OLLEROS,RURAL,sierra,2845.0,52.36
CP059509,0.0009543219116126174,9.543219116126174,3,150732,LIMA,HUAROCHIRI,SURCO,RURAL,sierra,865.0,16.821667
CP060275,0.0022553162299165717,22.553162299165717,9,150801,LIMA,HUAURA,HUACHO,RURAL,costa,1449.0,10.79
CP061170,0.0,0.0,0,150802,LIMA,HUAURA,AMBAR,RURAL,sierra,2363.0,66.935
CP062015,0.002448416027824328,24.48416027824328,9,150803,LIMA,HUAURA,CALETA DE CARQUIN,RURAL,costa,106.0,4.81
CP062028,0.0,0.0,0,150804,LIMA,HUAURA,CHECRAS,RURAL,sierra,473.0,115.706665
CP062023,0.0,0.0,0,150804,LIMA,HUAURA,CHECRAS,URBANO,sierra,779.0,126.27333
CP062037,0.0025484185493488804,25.484185493488805,9,150805,LIMA,HUAURA,HUALMAY,RURAL,costa,28.0,4.3516665
CP062065,0.001513573861165104,15.135738611651039,9,150806,LIMA,HUAURA,HUAURA,RURAL,costa,4488.0,18.856667
CP062061,0.0016759473984335749,16.75947398433575,9,150806,LIMA,HUAURA,HUAURA,URBANO,costa,2109.0,16.543333
CP059546,0.0,0.0,0,150807,LIMA,HUAURA,LEONCIO PRADO,RURAL,sierra,1685.0,70.445
CP059551,0.0,0.0,0,150807,LIMA,HUAURA,LEONCIO PRADO,URBANO,sierra,140.0,112.081665
CP059584,0.0,0.0,0,150808,LIMA,HUAURA,PACCHO,RURAL,sierra,762.0,99.95
CP059596,0.0,0.0,0,150808,LIMA,HUAURA,PACCHO,URBANO,sierra,900.0,107.21667
CP060362,0.0,0.0,0,150809,LIMA,HUAURA,SANTA LEONOR,RURAL,sierra,559.0,136.845
CP060357,0.0,0.0,0,150809,LIMA,HUAURA,SANTA LEONOR,URBANO,sierra,727.0,124.92834
CP061235,0.0021050785767513847,21.050785767513847,9,150810,LIMA,HUAURA,SANTA MARIA,RURAL,costa,2773.0,9.221666
CP062137,0.0008354183170266293,8.354183170266293,9,150811,LIMA,HUAURA,SAYAN,RURAL,costa,4297.0,35.696667
CP062121,0.0005517179675820735,5.517179675820734,8,150811,LIMA,HUAURA,SAYAN,RURAL,costa,4297.0,38.896667
CP059645,0.0007181641670195752,7.181641670195752,9,150811,LIMA,HUAURA,SAYAN,URBANO,sierra,4234.0,37.118332
CP084829,0.002597742142133595,25.97742142133595,9,150812,LIMA,HUAURA,VEGUETA,RURAL,costa,5848.0,8.143333
CP060454,0.002652576220033468,26.52576220033468,9,150812,LIMA,HUAURA,VEGUETA,URBANO,costa,3828.0,6.3283334
CP061319,0.0,0.0,0,150901,LIMA,OYON,OYON,RURAL,sierra,3767.0,127.44334
CP061300,0.0,0.0,0,150901,LIMA,OYON,OYON,URBANO,sierra,1421.0,109.03333
CP085730,0.0,0.0,0,150902,LIMA,OYON,ANDAJES,RURAL,sierra,448.0,131.88834
CP060891,0.0,0.0,0,150903,LIMA,OYON,CAUJUL,RURAL,sierra,514.0,95.418335
CP064757,0.0,0.0,0,150904,LIMA,OYON,COCHAMARCA,RURAL,sierra,1074.0,115.495
CP061077,0.0,0.0,0,150905,LIMA,OYON,NAVAN,RURAL,sierra,712.0,100.03167
CP061097,0.0,0.0,0,150906,LIMA,OYON,PACHANGARA,RURAL,sierra,973.0,131.50667
CP061094,0.0,0.0,0,150906,LIMA,OYON,PACHANGARA,URBANO,sierra,473.0,121.075
CP061123,0.0,0.0,0,151001,LIMA,YAUYOS,YAUYOS,RURAL,sierra,301.0,184.7
CP061107,0.0,0.0,0,151001,LIMA,YAUYOS,YAUYOS,URBANO,sierra,317.0,170.48833
CP061957,0.0,0.0,0,151002,LIMA,YAUYOS,ALIS,RURAL,sierra,1321.0,152.01167
CP061988,0.0,0.0,0,151003,LIMA,YAUYOS,ALLAUCA,RURAL,sierra,1203.0,106.28333
CP061976,0.0,0.0,0,151003,LIMA,YAUYOS,ALLAUCA,URBANO,sierra,287.0,158.55333
CP059727,0.0,0.0,0,151004,LIMA,YAUYOS,AYAVIRI,RURAL,sierra,18.0,165.20166
CP059750,0.0,0.0,0,151005,LIMA,YAUYOS,AZANGARO,RURAL,sierra,409.0,136.55167
CP059755,0.0,0.0,0,151006,LIMA,YAUYOS,CACRA,RURAL,sierra,365.0,137.41167
CP059765,0.0,0.0,0,151007,LIMA,YAUYOS,CARANIA,RURAL,sierra,97.0,220.02834
CP059768,0.0,0.0,0,151008,LIMA,YAUYOS,CATAHUASI,RURAL,sierra,437.0,143.075
CP059773,0.0,0.0,0,151008,LIMA,YAUYOS,CATAHUASI,URBANO,sierra,267.0,112.82667
CP059789,0.0,0.0,0,151009,LIMA,YAUYOS,CHOCOS,RURAL,sierra,746.0,83.18833
CP062319,0.0,0.0,0,151010,LIMA,YAUYOS,COCHAS,RURAL,sierra,31.0,173.045
CP062339,0.0,0.0,0,151011,LIMA,YAUYOS,COLONIA,RURAL,sierra,868.0,168.45833
CP062333,0.0,0.0,0,151011,LIMA,YAUYOS,COLONIA,URBANO,sierra,381.0,179.785
CP061386,0.0,0.0,0,151012,LIMA,YAUYOS,HONGOS,RURAL,sierra,64.0,137.91
CP061398,0.0,0.0,0,151013,LIMA,YAUYOS,HUAMPARA,RURAL,sierra,16.0,148.99167
CP061401,0.0,0.0,0,151014,LIMA,YAUYOS,HUANCAYA,RURAL,sierra,375.0,126.52333
CP061420,0.0,0.0,0,151015,LIMA,YAUYOS,HUANGASCAR,RURAL,sierra,359.0,155.21
CP061446,0.0,0.0,0,151016,LIMA,YAUYOS,HUANTAN,RURAL,sierra,54.0,203.28
CP061445,0.0,0.0,0,151016,LIMA,YAUYOS,HUANTAN,URBANO,sierra,323.0,170.46
CP060597,0.0,0.0,0,151017,LIMA,YAUYOS,HUANEC,RURAL,sierra,11.0,181.75333
CP060611,0.0,0.0,0,151018,LIMA,YAUYOS,LARAOS,RURAL,sierra,430.0,190.33667
CP060623,0.0,0.0,0,151019,LIMA,YAUYOS,LINCHA,RURAL,sierra,573.0,145.53667
CP059828,0.0,0.0,0,151020,LIMA,YAUYOS,MADEAN,RURAL,sierra,564.0,160.55667
CP059851,0.0,0.0,0,151021,LIMA,YAUYOS,MIRAFLORES,RURAL,sierra,119.0,176.21333
CP062270,0.0,0.0,0,151022,LIMA,YAUYOS,OMAS,RURAL,sierra,257.0,92.276665
CP059854,0.0,0.0,0,151022,LIMA,YAUYOS,OMAS,URBANO,sierra,150.0,126.05
CP062284,0.0,0.0,0,151023,LIMA,YAUYOS,PUTINZA,RURAL,sierra,49.0,140.90834
CP087411,0.0,0.0,0,151024,LIMA,YAUYOS,QUINCHES,RURAL,sierra,361.0,175.97166
CP064726,0.0,0.0,0,151025,LIMA,YAUYOS,QUINOCAY,RURAL,sierra,126.0,140.26167
CP064541,0.0,0.0,0,151025,LIMA,YAUYOS,QUINOCAY,URBANO,sierra,254.0,134.915
CP064746,0.0,0.0,0,151026,LIMA,YAUYOS,SAN JOAQUIN,RURAL,sierra,60.0,196.37833
CP065501,0.0,0.0,0,151027,LIMA,YAUYOS,SAN PEDRO DE PILAS,RURAL,sierra,101.0,118.21667
CP065688,0.0,0.0,0,151028,LIMA,YAUYOS,TANTA,RURAL,sierra,51.0,154.26833
CP065706,0.0,0.0,0,151029,LIMA,YAUYOS,TAURIPAMPA,RURAL,sierra,193.0,77.765
CP065724,0.0,0.0,0,151030,LIMA,YAUYOS,TOMAS,RURAL,sierra,719.0,145.1
CP062605,0.0,0.0,0,151031,LIMA,YAUYOS,TUPE,RURAL,sierra,355.0,132.12167
CP062794,0.0,0.0,0,151032,LIMA,YAUYOS,VINAC,RURAL,sierra,1301.0,170.12666
CP062809,0.0,0.0,0,151032,LIMA,YAUYOS,VINAC,URBANO,sierra,297.0,163.135
CP063596,0.0,0.0,0,151033,LIMA,YAUYOS,VITIS,RURAL,sierra,22.0,130.95166
CP063775,0.002075402457169675,20.75402457169675,10,160101,LORETO,MAYNAS,IQUITOS,RURAL,selva,3387.0,12.52
CP063774,0.0027367040055261225,27.367040055261224,10,160101,LORETO,MAYNAS,IQUITOS,URBANO,selva,607.0,5.733333
CP063805,0.0,0.0,0,160102,LORETO,MAYNAS,ALTO NANAY,RURAL,selva,1763.0,
CP063826,2.6695267065765398e-05,0.266952670657654,2,160103,LORETO,MAYNAS,FERNANDO LORES,RURAL,selva,4950.666666666667,56.43667
CP063830,2.6695267065765398e-05,0.266952670657654,2,160103,LORETO,MAYNAS,FERNANDO LORES,RURAL,selva,4950.666666666667,56.43667
CP065028,0.0,0.0,0,160103,LORETO,MAYNAS,FERNANDO LORES,RURAL,selva,4950.666666666667,
CP063085,0.002875302502077025,28.753025020770252,10,160104,LORETO,MAYNAS,INDIANA,RURAL,selva,4435.0,3.4866667
CP066034,0.0,0.0,0,160104,LORETO,MAYNAS,INDIANA,RURAL,selva,4435.0,
CP063126,0.0,0.0,0,160105,LORETO,MAYNAS,LAS AMAZONAS,RURAL,selva,3906.0,
CP063888,0.0,0.0,0,160105,LORETO,MAYNAS,LAS AMAZONAS,RURAL,selva,3906.0,
CP063101,0.0,0.0,0,160105,LORETO,MAYNAS,LAS AMAZONAS,URBANO,selva,1639.0,
CP065064,0.0,0.0,0,160106,LORETO,MAYNAS,MAZAN,RURAL,selva,4684.5,
CP064855,0.0,0.0,0,160106,LORETO,MAYNAS,MAZAN,RURAL,selva,4684.5,
CP066054,0.0,0.0,0,160107,LORETO,MAYNAS,NAPO,RURAL,selva,4211.666666666667,
CP065102,0.0,0.0,0,160107,LORETO,MAYNAS,NAPO,RURAL,selva,4211.666666666667,
CP066053,0.0,0.0,0,160107,LORETO,MAYNAS,NAPO,RURAL,selva,4211.666666666667,
CP066110,0.0020418164891202505,20.418164891202505,10,160108,LORETO,MAYNAS,PUNCHANA,RURAL,selva,3913.0,0.65
CP062894,0.0026215115066250193,26.215115066250192,10,160108,LORETO,MAYNAS,PUNCHANA,RURAL,selva,3913.0,9.256667
CP084604,0.002763116745384545,27.63116745384545,10,160108,LORETO,MAYNAS,PUNCHANA,URBANO,selva,1020.0,5.9166665
CP063906,0.0,0.0,0,160110,LORETO,MAYNAS,TORRES CAUSANA,RURAL,selva,4331.0,
CP063922,0.001869355429206198,18.69355429206198,10,160112,LORETO,MAYNAS,BELEN,RURAL,selva,3991.3333333333335,11.808333
CP063940,0.0025477048389172825,25.477048389172825,10,160112,LORETO,MAYNAS,BELEN,RURAL,selva,3991.3333333333335,5.0216665
CP063918,0.0019536290118998215,19.536290118998217,10,160112,LORETO,MAYNAS,BELEN,RURAL,selva,3991.3333333333335,10.64
CP064913,0.0,0.0,0,160113,LORETO,MAYNAS,SAN JUAN BAUTISTA,RURAL,selva,3935.0,67.635
CP065866,0.001470428834453353,14.704288344533529,10,160113,LORETO,MAYNAS,SAN JUAN BAUTISTA,RURAL,selva,3935.0,21.071667
CP065854,0.0,0.0,0,160113,LORETO,MAYNAS,SAN JUAN BAUTISTA,RURAL,selva,3935.0,71.64333
CP064887,0.0016782300196937162,16.78230019693716,10,160113,LORETO,MAYNAS,SAN JUAN BAUTISTA,URBANO,selva,3995.0,18.121666
CP064012,0.0034411357822346504,34.4113578223465,3,160201,LORETO,ALTO AMAZONAS,YURIMAGUAS,RURAL,selva,4808.0,8.655
CP062965,0.0013602060510949374,13.602060510949373,3,160201,LORETO,ALTO AMAZONAS,YURIMAGUAS,RURAL,selva,4808.0,34.816666
CP063965,0.0018890685558074667,18.89068555807467,3,160201,LORETO,ALTO AMAZONAS,YURIMAGUAS,RURAL,selva,4808.0,27.091667
CP063771,0.002530690568632671,25.306905686326708,3,160201,LORETO,ALTO AMAZONAS,YURIMAGUAS,URBANO,selva,1650.0,20.141666
CP064932,0.0,0.0,0,160202,LORETO,ALTO AMAZONAS,BALSAPUERTO,RURAL,selva,4395.666666666667,81.195
CP065735,0.00021462207314328354,2.146220731432835,3,160202,LORETO,ALTO AMAZONAS,BALSAPUERTO,RURAL,selva,4395.666666666667,57.006668
CP064951,0.0,0.0,0,160202,LORETO,ALTO AMAZONAS,BALSAPUERTO,RURAL,selva,4395.666666666667,97.49834
CP084947,0.0,0.0,0,160203,LORETO,ALTO AMAZONAS,BARRANCA,RURAL,selva,638.0,426.68524
CP085398,0.0,0.0,0,160204,LORETO,ALTO AMAZONAS,CAHUAPANAS,RURAL,selva,461.0,405.88474
CP065947,0.0,0.0,0,160205,LORETO,ALTO AMAZONAS,JEBEROS,RURAL,selva,2189.0,
CP065969,0.0,0.0,0,160206,LORETO,ALTO AMAZONAS,LAGUNAS,RURAL,selva,5014.0,
CP065952,0.0,0.0,0,160206,LORETO,ALTO AMAZONAS,LAGUNAS,URBANO,selva,941.0,1743.02
CP063040,0.0,0.0,0,160210,LORETO,ALTO AMAZONAS,SANTA CRUZ,RURAL,selva,3307.0,869.905
CP064034,0.0,0.0,0,160211,LORETO,ALTO AMAZONAS,TENIENTE CESAR LOPEZ ROJAS,RURAL,selva,3979.0,134.56334
CP063076,0.0,0.0,0,160211,LORETO,ALTO AMAZONAS,TENIENTE CESAR LOPEZ ROJAS,URBANO,selva,609.0,136.0
CP064073,0.0,0.0,0,160301,LORETO,LORETO,NAUTA,RURAL,selva,4283.333333333333,
CP065269,0.0,0.0,0,160301,LORETO,LORETO,NAUTA,RURAL,selva,4283.333333333333,
CP064050,0.0,0.0,0,160301,LORETO,LORETO,NAUTA,RURAL,selva,4283.333333333333,98.66333
CP064047,0.0,0.0,0,160301,LORETO,LORETO,NAUTA,URBANO,selva,1584.0,100.625
CP065313,0.0,0.0,0,160302,LORETO,LORETO,PARINARI,RURAL,selva,5800.0,
CP065305,0.0,0.0,0,160302,LORETO,LORETO,PARINARI,URBANO,selva,1526.0,
CP066277,0.0,0.0,0,160303,LORETO,LORETO,TIGRE,RURAL,selva,5109.0,
CP066279,0.0,0.0,0,160303,LORETO,LORETO,TIGRE,URBANO,selva,507.0,
CP063341,0.0,0.0,0,160304,LORETO,LORETO,TROMPETEROS,RURAL,selva,4271.0,
CP064375,0.0,0.0,0,160305,LORETO,LORETO,URARINAS,RURAL,selva,4217.5,
CP064158,0.0,0.0,0,160305,LORETO,LORETO,URARINAS,RURAL,selva,4217.5,
CP063352,0.0,0.0,0,160305,LORETO,LORETO,URARINAS,URBANO,selva,2298.0,
CP065330,0.0,0.0,0,160401,LORETO,MARISCAL RAMON CASTILLA,RAMON CASTILLA,RURAL,selva,3699.6666666666665,
CP065127,0.0,0.0,0,160401,LORETO,MARISCAL RAMON CASTILLA,RAMON CASTILLA,RURAL,selva,3699.6666666666665,4917.01
CP065340,0.0,0.0,0,160401,LORETO,MARISCAL RAMON CASTILLA,RAMON CASTILLA,RURAL,selva,3699.6666666666665,4921.223
CP066346,0.0,0.0,0,160402,LORETO,MARISCAL RAMON CASTILLA,PEBAS,RURAL,selva,4947.0,
CP066118,0.0,0.0,0,160402,LORETO,MARISCAL RAMON CASTILLA,PEBAS,RURAL,selva,4947.0,
CP062950,0.0,0.0,0,160403,LORETO,MARISCAL RAMON CASTILLA,YAVARI,RURAL,selva,3972.5,
CP063157,0.0,0.0,0,160403,LORETO,MARISCAL RAMON CASTILLA,YAVARI,RURAL,selva,3972.5,
CP063194,0.0,0.0,0,160404,LORETO,MARISCAL RAMON CASTILLA,SAN PABLO,RURAL,selva,3812.5,
CP063197,0.0,0.0,0,160404,LORETO,MARISCAL RAMON CASTILLA,SAN PABLO,RURAL,selva,3812.5,
CP064182,0.0,0.0,0,160501,LORETO,REQUENA,REQUENA,RURAL,selva,3932.0,
CP064920,0.0,0.0,0,160502,LORETO,REQUENA,ALTO TAPICHE,RURAL,selva,1162.0,
CP065135,0.0,0.0,0,160503,LORETO,REQUENA,CAPELO,RURAL,selva,1895.0,
CP065157,0.0,0.0,0,160504,LORETO,REQUENA,EMILIO SAN MARTIN,RURAL,selva,4738.0,
CP065146,0.0,0.0,0,160504,LORETO,REQUENA,EMILIO SAN MARTIN,URBANO,selva,826.0,
CP065182,0.0,0.0,0,160505,LORETO,REQUENA,MAQUIA,RURAL,selva,5101.0,
CP065178,0.0,0.0,0,160505,LORETO,REQUENA,MAQUIA,URBANO,selva,2676.0,
CP066155,0.0,0.0,0,160506,LORETO,REQUENA,PUINAHUA,RURAL,selva,3686.0,
CP066168,0.0,0.0,0,160507,LORETO,REQUENA,SAQUENA,RURAL,selva,3384.0,126.05666
CP066180,0.0,0.0,0,160508,LORETO,REQUENA,SOPLIN,RURAL,selva,392.0,
CP087424,0.0,0.0,0,160509,LORETO,REQUENA,TAPICHE,RURAL,selva,669.0,
CP063225,0.0,0.0,0,160510,LORETO,REQUENA,JENARO HERRERA,RURAL,selva,1666.0,
CP063244,0.0,0.0,0,160511,LORETO,REQUENA,YAQUERANA,RURAL,selva,1724.0,
CP064246,0.0,0.0,0,160601,LORETO,UCAYALI,CONTAMANA,RURAL,selva,4900.5,
CP063269,0.0,0.0,0,160601,LORETO,UCAYALI,CONTAMANA,RURAL,selva,4900.5,
CP064256,0.0,0.0,0,160602,LORETO,UCAYALI,INAHUAYA,RURAL,selva,953.0,
CP064269,0.0,0.0,0,160603,LORETO,UCAYALI,PADRE MARQUEZ,RURAL,selva,3211.0,
CP064260,0.0,0.0,0,160603,LORETO,UCAYALI,PADRE MARQUEZ,URBANO,selva,1697.0,
CP064285,0.0,0.0,0,160604,LORETO,UCAYALI,PAMPA HERMOSA,RURAL,selva,4246.0,
CP064283,0.0,0.0,0,160604,LORETO,UCAYALI,PAMPA HERMOSA,URBANO,selva,554.0,
CP065981,0.0,0.0,0,160605,LORETO,UCAYALI,SARAYACU,RURAL,selva,4756.5,
CP065213,0.0,0.0,0,160605,LORETO,UCAYALI,SARAYACU,RURAL,selva,4756.5,
CP065207,0.0,0.0,0,160605,LORETO,UCAYALI,SARAYACU,URBANO,selva,3261.0,
CP066196,0.0,0.0,0,160606,LORETO,UCAYALI,VARGAS GUERRA,RURAL,selva,2027.0,
CP066229,0.0,0.0,0,160701,LORETO,DATEM DEL MARANON,BARRANCA,RURAL,selva,4616.0,427.2926
CP066216,0.0,0.0,0,160701,LORETO,DATEM DEL MARANON,BARRANCA,URBANO,selva,554.0,430.44815
CP063325,0.0,0.0,0,160702,LORETO,DATEM DEL MARANON,CAHUAPANAS,RURAL,selva,5998.0,
CP064545,0.000534337371197093,5.34337371197093,1,160703,LORETO,DATEM DEL MARANON,MANSERICHE,RURAL,selva,3443.0,35.771667
CP064563,0.0,0.0,0,160703,LORETO,DATEM DEL MARANON,MANSERICHE,RURAL,selva,3443.0,88.956665
CP064080,0.0,0.0,0,160703,LORETO,DATEM DEL MARANON,MANSERICHE,URBANO,selva,522.0,63.066666
CP065509,0.0,0.0,0,160704,LORETO,DATEM DEL MARANON,MORONA,RURAL,selva,5113.0,
CP065544,0.0,0.0,0,160704,LORETO,DATEM DEL MARANON,MORONA,URBANO,selva,678.0,
CP062620,0.0,0.0,0,160705,LORETO,DATEM DEL MARANON,PASTAZA,RURAL,selva,5124.0,
CP063638,0.0,0.0,0,160706,LORETO,DATEM DEL MARANON,ANDOAS,RURAL,selva,3978.5,
CP063612,0.0,0.0,0,160706,LORETO,DATEM DEL MARANON,ANDOAS,RURAL,selva,3978.5,
CP063636,0.0,0.0,0,160706,LORETO,DATEM DEL MARANON,ANDOAS,URBANO,selva,947.0,
CP062924,0.0,0.0,0,160801,LORETO,PUTUMAYO,PUTUMAYO,RURAL,selva,958.0,
CP062912,0.0,0.0,0,160802,LORETO,PUTUMAYO,ROSA PANDURO,RURAL,selva,356.0,
CP062773,0.0,0.0,0,160803,LORETO,PUTUMAYO,TENIENTE MANUEL CLAVERO,RURAL,selva,3429.0,
CP062934,0.0,0.0,0,160804,LORETO,PUTUMAYO,YAGUAS,RURAL,selva,915.0,
CP064619,0.0008430768705596913,8.430768705596913,2,170101,MADRE DE DIOS,TAMBOPATA,TAMBOPATA,RURAL,selva,4731.0,14.21
CP064640,0.0,0.0,0,170102,MADRE DE DIOS,TAMBOPATA,INAMBARI,RURAL,selva,4482.0,208.07333
CP065586,0.0,0.0,0,170103,MADRE DE DIOS,TAMBOPATA,LAS PIEDRAS,RURAL,selva,2960.0,98.07333
CP065585,0.0,0.0,0,170103,MADRE DE DIOS,TAMBOPATA,LAS PIEDRAS,URBANO,selva,1686.0,97.16
CP062459,0.0,0.0,0,170104,MADRE DE DIOS,TAMBOPATA,LABERINTO,RURAL,selva,1934.0,90.53833
CP062469,0.0,0.0,0,170201,MADRE DE DIOS,MANU,MANU,RURAL,selva,1794.0,268.23334
CP063414,0.0,0.0,0,170202,MADRE DE DIOS,MANU,FITZCARRALD,RURAL,selva,902.0,361.39166
CP063450,0.0,0.0,0,170203,MADRE DE DIOS,MANU,MADRE DE DIOS,RURAL,selva,4013.0,467.01416
CP063435,0.0,0.0,0,170203,MADRE DE DIOS,MANU,MADRE DE DIOS,RURAL,selva,4013.0,466.75626
CP063458,0.0,0.0,0,170204,MADRE DE DIOS,MANU,HUEPETUHE,RURAL,selva,2130.0,165.67166
CP063456,0.0,0.0,0,170204,MADRE DE DIOS,MANU,HUEPETUHE,URBANO,selva,825.0,371.61472
CP064423,0.0,0.0,0,170301,MADRE DE DIOS,TAHUAMANU,INAPARI,RURAL,selva,329.0,302.49667
CP064430,0.0,0.0,0,170302,MADRE DE DIOS,TAHUAMANU,IBERIA,RURAL,selva,1329.0,250.115
CP064453,0.0,0.0,0,170303,MADRE DE DIOS,TAHUAMANU,TAHUAMANU,RURAL,selva,986.0,120.2
CP064449,0.0,0.0,0,170303,MADRE DE DIOS,TAHUAMANU,TAHUAMANU,URBANO,selva,986.0,143.77
CP062485,0.0006639919863126133,6.639919863126133,2,180101,MOQUEGUA,MARISCAL NIETO,MOQUEGUA,RURAL,sierra,2820.0,41.056667
CP064463,0.0027802416419102577,27.802416419102578,3,180101,MOQUEGUA,MARISCAL NIETO,MOQUEGUA,URBANO,sierra,1631.0,12.946667
CP064488,0.0,0.0,0,180102,MOQUEGUA,MARISCAL NIETO,CARUMAS,RURAL,sierra,2314.0,131.11
CP062513,0.0,0.0,0,180102,MOQUEGUA,MARISCAL NIETO,CARUMAS,URBANO,sierra,1844.0,125.41333
CP062579,0.0,0.0,0,180103,MOQUEGUA,MARISCAL NIETO,CUCHUMBAYA,RURAL,sierra,718.0,142.22333
CP062581,0.0,0.0,0,180103,MOQUEGUA,MARISCAL NIETO,CUCHUMBAYA,URBANO,sierra,656.0,135.68167
CP062591,0.0031526073798341663,31.526073798341663,3,180104,MOQUEGUA,MARISCAL NIETO,SAMEGUA,RURAL,sierra,674.0,11.236667
CP063537,0.0,0.0,0,180105,MOQUEGUA,MARISCAL NIETO,SAN CRISTOBAL,RURAL,sierra,588.0,180.63
CP063564,0.0,0.0,0,180105,MOQUEGUA,MARISCAL NIETO,SAN CRISTOBAL,URBANO,sierra,1583.0,161.12334
CP064338,0.0013166158267849443,13.166158267849443,3,180106,MOQUEGUA,MARISCAL NIETO,TORATA,RURAL,sierra,3259.0,16.42
CP064340,0.0026187519872523544,26.187519872523545,3,180106,MOQUEGUA,MARISCAL NIETO,TORATA,URBANO,sierra,2283.0,16.925
CP065750,0.0,0.0,0,180201,MOQUEGUA,GENERAL SANCHEZ CERRO,OMATE,RURAL,sierra,2170.0,158.75667
CP065737,0.0,0.0,0,180201,MOQUEGUA,GENERAL SANCHEZ CERRO,OMATE,URBANO,sierra,405.0,155.21333
CP065763,0.0,0.0,0,180202,MOQUEGUA,GENERAL SANCHEZ CERRO,CHOJATA,RURAL,sierra,1193.0,223.66
CP065764,0.0,0.0,0,180202,MOQUEGUA,GENERAL SANCHEZ CERRO,CHOJATA,URBANO,sierra,290.0,222.92667
CP063840,0.0,0.0,0,180203,MOQUEGUA,GENERAL SANCHEZ CERRO,COALAQUE,RURAL,sierra,942.0,140.96666
CP063883,0.0,0.0,0,180204,MOQUEGUA,GENERAL SANCHEZ CERRO,ICHUNA,RURAL,sierra,2902.0,146.355
CP065666,0.0,0.0,0,180205,MOQUEGUA,GENERAL SANCHEZ CERRO,LA CAPILLA,RURAL,sierra,1517.0,107.58833
CP063711,0.0,0.0,0,180206,MOQUEGUA,GENERAL SANCHEZ CERRO,LLOQUE,RURAL,sierra,392.0,225.91167
CP063692,0.0,0.0,0,180206,MOQUEGUA,GENERAL SANCHEZ CERRO,LLOQUE,URBANO,sierra,518.0,206.46
CP062729,0.0,0.0,0,180207,MOQUEGUA,GENERAL SANCHEZ CERRO,MATALAQUE,RURAL,sierra,684.0,159.11166
CP065804,0.0,0.0,0,180208,MOQUEGUA,GENERAL SANCHEZ CERRO,PUQUINA,RURAL,sierra,1837.0,71.94
CP062763,0.0,0.0,0,180208,MOQUEGUA,GENERAL SANCHEZ CERRO,PUQUINA,URBANO,sierra,614.0,63.591667
CP065828,0.0,0.0,0,180209,MOQUEGUA,GENERAL SANCHEZ CERRO,QUINISTAQUILLAS,RURAL,sierra,489.0,155.54167
CP065839,0.0,0.0,0,180210,MOQUEGUA,GENERAL SANCHEZ CERRO,UBINAS,RURAL,sierra,1996.0,189.56833
CP064665,0.0,0.0,0,180210,MOQUEGUA,GENERAL SANCHEZ CERRO,UBINAS,URBANO,sierra,1257.0,143.85333
CP063739,0.0,0.0,0,180211,MOQUEGUA,GENERAL SANCHEZ CERRO,YUNGA,RURAL,sierra,374.0,188.29834
CP063748,0.001333363739897473,13.333637398974732,3,180301,MOQUEGUA,ILO,ILO,RURAL,costa,485.0,6.7
CP069066,0.0012321374818547197,12.321374818547197,3,180302,MOQUEGUA,ILO,EL ALGARROBAL,RURAL,costa,206.0,13.508333
CP069278,0.00027816934463870254,2.7816934463870253,3,180303,MOQUEGUA,ILO,PACOCHA,RURAL,costa,23.0,41.046665
CP084906,0.0013547484832766412,13.547484832766411,3,180303,MOQUEGUA,ILO,PACOCHA,URBANO,costa,185.0,3.315
CP086591,0.0027936965688165655,27.936965688165653,3,190101,PASCO,PASCO,CHAUPIMARCA,RURAL,sierra,40.0,3.635
CP070067,0.0,0.0,0,190102,PASCO,PASCO,HUACHON,RURAL,sierra,1794.0,129.555
CP069305,0.0,0.0,0,190102,PASCO,PASCO,HUACHON,URBANO,sierra,1438.0,96.0
CP070297,0.0017321835212674782,17.32183521267478,1,190103,PASCO,PASCO,HUARIACA,RURAL,sierra,994.0,16.445
CP067085,0.0019802168840373294,19.802168840373295,1,190103,PASCO,PASCO,HUARIACA,URBANO,sierra,683.0,10.47
CP068100,0.0,0.0,0,190104,PASCO,PASCO,HUAYLLAY,RURAL,sierra,4023.0,62.90333
CP068078,0.0,0.0,0,190104,PASCO,PASCO,HUAYLLAY,URBANO,sierra,404.0,71.46
CP068182,0.0007385331149867488,7.385331149867488,3,190105,PASCO,PASCO,NINACACA,RURAL,sierra,1796.0,42.428333
CP068421,0.0002462364343887972,2.4623643438879723,1,190106,PASCO,PASCO,PALLANCHACRA,RURAL,sierra,2509.0,51.135
CP066439,0.0,0.0,0,190107,PASCO,PASCO,PAUCARTAMBO,RURAL,sierra,4313.0,135.28
CP069408,0.0,0.0,0,190107,PASCO,PASCO,PAUCARTAMBO,RURAL,sierra,4313.0,113.636665
CP066405,0.0,0.0,0,190107,PASCO,PASCO,PAUCARTAMBO,URBANO,sierra,5433.0,71.865
CP067454,0.0020068738484330995,20.068738484330996,3,190108,PASCO,PASCO,SAN FRANCISCO DE ASIS DE YARUSYACAN,RURAL,sierra,3567.0,29.558332
CP067432,0.0016785552167804091,16.78555216780409,3,190108,PASCO,PASCO,SAN FRANCISCO DE ASIS DE YARUSYACAN,RURAL,sierra,3567.0,29.413334
CP068436,0.001650485664080344,16.50485664080344,3,190108,PASCO,PASCO,SAN FRANCISCO DE ASIS DE YARUSYACAN,URBANO,sierra,920.0,32.121666
CP087388,0.0028138766984331766,28.138766984331767,3,190109,PASCO,PASCO,SIMON BOLIVAR,RURAL,sierra,2110.0,0.68833333
CP069493,0.00202115174947621,20.2115174947621,2,190109,PASCO,PASCO,SIMON BOLIVAR,URBANO,sierra,2140.0,15.88
CP068509,0.0018083349465778564,18.083349465778564,3,190110,PASCO,PASCO,TICLACAYAN,RURAL,sierra,4544.0,30.025
CP066530,0.0020728830883740036,20.728830883740038,3,190111,PASCO,PASCO,TINYAHUARCO,RURAL,sierra,183.0,17.965
CP066532,0.0020462070428534165,20.462070428534165,3,190111,PASCO,PASCO,TINYAHUARCO,URBANO,sierra,2378.0,19.01
CP085760,0.001658485768349179,16.58485768349179,3,190112,PASCO,PASCO,VICCO,RURAL,sierra,867.0,26.021667
CP066541,0.0018127397464318359,18.12739746431836,3,190112,PASCO,PASCO,VICCO,URBANO,sierra,850.0,22.858334
CP067570,0.0027908079971307653,27.908079971307654,3,190113,PASCO,PASCO,YANACANCHA,RURAL,sierra,3147.0,5.085
CP067551,0.002443080596094184,24.43080596094184,3,190113,PASCO,PASCO,YANACANCHA,URBANO,sierra,2761.0,25.59
CP066611,0.0,0.0,0,190201,PASCO,DANIEL ALCIDES CARRION,YANAHUANCA,RURAL,sierra,5892.0,63.77667
CP069120,0.0,0.0,0,190201,PASCO,DANIEL ALCIDES CARRION,YANAHUANCA,URBANO,sierra,3034.0,87.02167
CP067665,0.0,0.0,0,190202,PASCO,DANIEL ALCIDES CARRION,CHACAYAN,RURAL,sierra,939.0,77.68833
CP068684,0.000588393909082088,5.88393909082088,2,190203,PASCO,DANIEL ALCIDES CARRION,GOYLLARISQUIZGA,RURAL,sierra,137.0,42.551666
CP068693,0.0,0.0,0,190204,PASCO,DANIEL ALCIDES CARRION,PAUCAR,RURAL,sierra,510.0,101.918335
CP068698,0.0,0.0,0,190204,PASCO,DANIEL ALCIDES CARRION,PAUCAR,URBANO,sierra,1155.0,106.92167
CP069705,0.0,0.0,0,190205,PASCO,DANIEL ALCIDES CARRION,SAN PEDRO DE PILLAO,RURAL,sierra,500.0,106.598335
CP068735,0.00047097813550710634,4.709781355071064,2,190206,PASCO,DANIEL ALCIDES CARRION,SANTA ANA DE TUSI,RURAL,sierra,3619.6666666666665,45.56
CP067719,0.0006650406656907187,6.650406656907187,3,190206,PASCO,DANIEL ALCIDES CARRION,SANTA ANA DE TUSI,RURAL,sierra,3619.6666666666665,45.741665
CP066728,0.0005505269499699704,5.505269499699704,3,190206,PASCO,DANIEL ALCIDES CARRION,SANTA ANA DE TUSI,RURAL,sierra,3619.6666666666665,50.27833
CP066689,0.0,0.0,0,190206,PASCO,DANIEL ALCIDES CARRION,SANTA ANA DE TUSI,URBANO,sierra,1049.0,83.52167
CP068750,0.0,0.0,0,190207,PASCO,DANIEL ALCIDES CARRION,TAPUC,RURAL,sierra,451.0,86.763336
CP068755,0.0,0.0,0,190207,PASCO,DANIEL ALCIDES CARRION,TAPUC,URBANO,sierra,966.0,88.91
CP069764,0.0004200774489536483,4.2007744895364825,2,190208,PASCO,DANIEL ALCIDES CARRION,VILCABAMBA,RURAL,sierra,672.0,47.031666
CP066767,0.0035368890552668624,35.368890552668624,2,190301,PASCO,OXAPAMPA,OXAPAMPA,RURAL,sierra,4591.0,3.2766666
CP067798,0.00037727748146866276,3.7727748146866276,2,190302,PASCO,OXAPAMPA,CHONTABAMBA,RURAL,sierra,2037.0,51.895
CP067778,0.003552032324684742,35.52032324684742,2,190302,PASCO,OXAPAMPA,CHONTABAMBA,URBANO,sierra,1084.0,2.9516666
CP069584,0.0007853748572176769,7.853748572176769,2,190303,PASCO,OXAPAMPA,HUANCABAMBA,RURAL,sierra,5817.0,42.623333
CP069623,0.0,0.0,0,190304,PASCO,OXAPAMPA,PALCAZU,RURAL,costa,3819.5,204.21167
CP066861,0.0,0.0,0,190304,PASCO,OXAPAMPA,PALCAZU,RURAL,sierra,3819.5,83.31834
CP067844,0.0,0.0,0,190305,PASCO,OXAPAMPA,POZUZO,RURAL,sierra,3381.0,122.73167
CP067877,0.0,0.0,0,190305,PASCO,OXAPAMPA,POZUZO,RURAL,sierra,3381.0,151.40167
CP068907,0.0,0.0,0,190306,PASCO,OXAPAMPA,PUERTO BERMUDEZ,RURAL,costa,5255.0,219.64333
CP068905,0.0,0.0,0,190306,PASCO,OXAPAMPA,PUERTO BERMUDEZ,RURAL,costa,5255.0,219.98666
CP067932,0.0010283579379876848,10.283579379876848,3,190307,PASCO,OXAPAMPA,VILLA RICA,RURAL,sierra,4034.5,24.451666
CP084933,0.00119357211384704,11.9357211384704,1,190307,PASCO,OXAPAMPA,VILLA RICA,RURAL,sierra,4034.5,12.271667
CP066937,0.00038663799544112737,3.866379954411274,1,190307,PASCO,OXAPAMPA,VILLA RICA,URBANO,sierra,590.0,38.796665
CP068883,0.0,0.0,0,190308,PASCO,OXAPAMPA,CONSTITUCION,RURAL,costa,3662.5,261.425
CP068894,0.0,0.0,0,190308,PASCO,OXAPAMPA,CONSTITUCION,RURAL,costa,3662.5,230.985
CP068945,0.001808069389854454,18.080693898544542,27,200101,PIURA,PIURA,PIURA,RURAL,costa,5952.0,13.071667
CP084657,0.00116935350628709,11.6935350628709,24,200101,PIURA,PIURA,PIURA,URBANO,costa,1980.0,27.548334
CP068969,0.0012262978778835338,12.262978778835338,24,200104,PIURA,PIURA,CASTILLA,RURAL,costa,1095.0,26.123333
CP068972,0.0016014371194185853,16.014371194185852,27,200104,PIURA,PIURA,CASTILLA,URBANO,costa,3780.0,10.343333
CP068971,0.0014337319231130271,14.337319231130271,25,200104,PIURA,PIURA,CASTILLA,URBANO,costa,3780.0,16.046667
CP068987,0.0009730583270760785,9.730583270760786,25,200105,PIURA,PIURA,CATACAOS,RURAL,costa,2042.0,23.471666
CP069737,0.00117044943091629,11.704494309162898,25,200105,PIURA,PIURA,CATACAOS,URBANO,costa,3713.5,11.44
CP068988,0.0011463082578792828,11.463082578792827,25,200105,PIURA,PIURA,CATACAOS,URBANO,costa,3713.5,11.893333
CP069960,0.0009913543571449877,9.913543571449877,25,200107,PIURA,PIURA,CURA MORI,RURAL,costa,2717.0,19.988333
CP069958,0.000902125741628979,9.02125741628979,24,200107,PIURA,PIURA,CURA MORI,URBANO,costa,4948.0,21.665
CP069969,0.0007215992122457767,7.2159921224577666,24,200108,PIURA,PIURA,EL TALLAN,RURAL,costa,1248.0,25.653334
CP069964,0.0007627213363159106,7.627213363159107,24,200108,PIURA,PIURA,EL TALLAN,URBANO,costa,1923.0,24.701666
CP069987,0.001031157790920546,10.311577909205461,25,200109,PIURA,PIURA,LA ARENA,RURAL,costa,3047.0,14.105
CP069982,0.00041340315139101226,4.134031513910123,17,200109,PIURA,PIURA,LA ARENA,URBANO,costa,4379.0,27.746666
CP069990,0.00042431677528628184,4.243167752862818,17,200109,PIURA,PIURA,LA ARENA,URBANO,costa,4379.0,27.346666
CP066743,0.0006754731124912402,6.754731124912402,24,200110,PIURA,PIURA,LA UNION,RURAL,costa,589.0,21.711666
CP066954,0.000546364601930165,5.463646019301651,23,200110,PIURA,PIURA,LA UNION,URBANO,costa,4052.0,24.348333
CP066958,0.000380946570440462,3.8094657044046203,17,200110,PIURA,PIURA,LA UNION,URBANO,costa,4052.0,28.976667
CP067774,0.0,0.0,0,200111,PIURA,PIURA,LAS LOMAS,RURAL,sierra,4016.25,91.363335
CP067994,0.0,0.0,0,200111,PIURA,PIURA,LAS LOMAS,RURAL,costa,4016.25,80.60333
CP066980,0.0,0.0,0,200111,PIURA,PIURA,LAS LOMAS,RURAL,costa,4016.25,84.39833
CP067770,0.0,0.0,0,200111,PIURA,PIURA,LAS LOMAS,RURAL,costa,4016.25,79.32833
CP067000,0.0,0.0,0,200111,PIURA,PIURA,LAS LOMAS,URBANO,costa,2628.0,81.39833
CP069044,0.0003490519647448353,3.490519647448353,26,200114,PIURA,PIURA,TAMBO GRANDE,RURAL,costa,4284.785714285715,43.713333
CP069054,0.0004425849402036083,4.425849402036083,13,200114,PIURA,PIURA,TAMBO GRANDE,RURAL,costa,4284.785714285715,26.06
CP069797,0.0005410824690352373,5.410824690352373,26,200114,PIURA,PIURA,TAMBO GRANDE,RURAL,costa,4284.785714285715,35.916668
CP068998,0.00020320792957773066,2.0320792957773066,8,200114,PIURA,PIURA,TAMBO GRANDE,RURAL,costa,4284.785714285715,35.106667
CP068002,0.0003083581256177325,3.083581256177325,9,200114,PIURA,PIURA,TAMBO GRANDE,RURAL,costa,4284.785714285715,38.761665
CP068025,9.80385801487963e-05,0.980385801487963,2,200114,PIURA,PIURA,TAMBO GRANDE,RURAL,costa,4284.785714285715,43.40167
CP068003,0.0002588478921797018,2.588478921797018,9,200114,PIURA,PIURA,TAMBO GRANDE,RURAL,costa,4284.785714285715,41.156666
CP069027,0.0011417838573544847,11.417838573544847,26,200114,PIURA,PIURA,TAMBO GRANDE,RURAL,costa,4284.785714285715,18.05
CP070034,0.0,0.0,0,200114,PIURA,PIURA,TAMBO GRANDE,RURAL,costa,4284.785714285715,60.285
CP070025,0.0008687697742101718,8.687697742101719,26,200114,PIURA,PIURA,TAMBO GRANDE,RURAL,costa,4284.785714285715,23.221666
CP069035,0.001242222888076434,12.42222888076434,25,200114,PIURA,PIURA,TAMBO GRANDE,RURAL,costa,4284.785714285715,15.24
CP070029,0.0010854171526483596,10.854171526483597,26,200114,PIURA,PIURA,TAMBO GRANDE,RURAL,costa,4284.785714285715,18.758333
CP069043,0.00039414269500603563,3.9414269500603565,9,200114,PIURA,PIURA,TAMBO GRANDE,RURAL,costa,4284.785714285715,34.16
CP069005,0.0005178373225436357,5.178373225436357,17,200114,PIURA,PIURA,TAMBO GRANDE,RURAL,costa,4284.785714285715,25.336666
CP070005,0.0004792069657896718,4.792069657896718,26,200114,PIURA,PIURA,TAMBO GRANDE,URBANO,costa,3818.0,43.34
CP069031,0.0010559078267882807,10.559078267882807,26,200114,PIURA,PIURA,TAMBO GRANDE,URBANO,costa,3818.0,19.161667
CP069049,0.0007645654353664559,7.645654353664559,26,200114,PIURA,PIURA,TAMBO GRANDE,URBANO,costa,3818.0,36.433334
CP067066,0.0,0.0,0,200201,PIURA,AYABACA,AYABACA,RURAL,sierra,4094.125,150.65167
CP068611,0.0,0.0,0,200201,PIURA,AYABACA,AYABACA,RURAL,sierra,4094.125,159.00166
CP068553,0.0,0.0,0,200201,PIURA,AYABACA,AYABACA,RURAL,sierra,4094.125,165.385
CP068604,0.0,0.0,0,200201,PIURA,AYABACA,AYABACA,RURAL,sierra,4094.125,216.62833
CP066814,0.0,0.0,0,200201,PIURA,AYABACA,AYABACA,RURAL,sierra,4094.125,185.79834
CP068601,0.0,0.0,0,200201,PIURA,AYABACA,AYABACA,RURAL,sierra,4094.125,190.09833
CP068843,0.0,0.0,0,200201,PIURA,AYABACA,AYABACA,RURAL,sierra,4094.125,163.09666
CP068827,0.0,0.0,0,200201,PIURA,AYABACA,AYABACA,RURAL,sierra,4094.125,181.16
CP067095,0.0,0.0,0,200202,PIURA,AYABACA,FRIAS,RURAL,sierra,4123.6,84.99
CP067115,0.0,0.0,0,200202,PIURA,AYABACA,FRIAS,RURAL,sierra,4123.6,73.55666
CP067124,0.0,0.0,0,200202,PIURA,AYABACA,FRIAS,RURAL,sierra,4123.6,71.97
CP069638,0.0,0.0,0,200202,PIURA,AYABACA,FRIAS,RURAL,sierra,4123.6,76.58
CP069810,6.798627237965969e-05,0.6798627237965968,2,200202,PIURA,AYABACA,FRIAS,RURAL,sierra,4123.6,48.15
CP067104,0.0,0.0,0,200202,PIURA,AYABACA,FRIAS,URBANO,sierra,445.0,62.97
CP067143,0.0,0.0,0,200203,PIURA,AYABACA,JILILI,RURAL,sierra,2605.0,139.15334
CP068128,0.0,0.0,0,200204,PIURA,AYABACA,LAGUNAS,RURAL,sierra,6453.0,144.49333
CP068170,0.0,0.0,0,200205,PIURA,AYABACA,MONTERO,RURAL,sierra,6301.0,128.19
CP067208,0.0,0.0,0,200206,PIURA,AYABACA,PACAIPAMPA,RURAL,sierra,4701.8,157.275
CP070206,0.0,0.0,0,200206,PIURA,AYABACA,PACAIPAMPA,RURAL,sierra,4701.8,156.12
CP067188,0.0,0.0,0,200206,PIURA,AYABACA,PACAIPAMPA,RURAL,sierra,4701.8,150.23334
CP070227,0.0,0.0,0,200206,PIURA,AYABACA,PACAIPAMPA,RURAL,sierra,4701.8,129.03166
CP070230,0.0,0.0,0,200206,PIURA,AYABACA,PACAIPAMPA,RURAL,sierra,4701.8,97.60333
CP069135,0.0,0.0,0,200207,PIURA,AYABACA,PAIMAS,RURAL,sierra,3920.5,90.7
CP069130,0.0,0.0,0,200207,PIURA,AYABACA,PAIMAS,RURAL,costa,3920.5,75.80666
CP069209,0.0,0.0,0,200208,PIURA,AYABACA,SAPILLICA,RURAL,sierra,5093.5,117.541664
CP069183,0.0,0.0,0,200208,PIURA,AYABACA,SAPILLICA,RURAL,sierra,5093.5,119.253334
CP069240,0.0,0.0,0,200209,PIURA,AYABACA,SICCHEZ,RURAL,sierra,1597.0,143.74
CP069235,0.0,0.0,0,200209,PIURA,AYABACA,SICCHEZ,URBANO,sierra,640.0,148.72333
CP086042,0.0,0.0,0,200210,PIURA,AYABACA,SUYO,RURAL,sierra,3717.3333333333335,90.765
CP068255,0.0,0.0,0,200210,PIURA,AYABACA,SUYO,RURAL,costa,3717.3333333333335,93.27
CP068296,0.0,0.0,0,200210,PIURA,AYABACA,SUYO,RURAL,costa,3717.3333333333335,88.4
CP068210,0.0,0.0,0,200301,PIURA,HUANCABAMBA,HUANCABAMBA,RURAL,sierra,4532.0,127.85
CP067016,0.0,0.0,0,200301,PIURA,HUANCABAMBA,HUANCABAMBA,RURAL,sierra,4532.0,141.535
CP068195,0.0,0.0,0,200301,PIURA,HUANCABAMBA,HUANCABAMBA,RURAL,sierra,4532.0,159.35
CP067012,0.0,0.0,0,200301,PIURA,HUANCABAMBA,HUANCABAMBA,RURAL,sierra,4532.0,146.11833
CP068219,0.0,0.0,0,200301,PIURA,HUANCABAMBA,HUANCABAMBA,RURAL,sierra,4532.0,178.00667
CP068191,0.0,0.0,0,200301,PIURA,HUANCABAMBA,HUANCABAMBA,URBANO,sierra,1268.0,154.09
CP069930,0.0,0.0,0,200302,PIURA,HUANCABAMBA,CANCHAQUE,RURAL,sierra,3603.0,91.52333
CP067247,0.0,0.0,0,200302,PIURA,HUANCABAMBA,CANCHAQUE,RURAL,sierra,3603.0,110.16
CP067234,0.0,0.0,0,200302,PIURA,HUANCABAMBA,CANCHAQUE,URBANO,sierra,845.0,96.135
CP070164,0.0,0.0,0,200303,PIURA,HUANCABAMBA,EL CARMEN DE LA FRONTERA,RURAL,sierra,4020.6666666666665,169.25667
CP070162,0.0,0.0,0,200303,PIURA,HUANCABAMBA,EL CARMEN DE LA FRONTERA,RURAL,sierra,4020.6666666666665,201.83667
CP070147,0.0,0.0,0,200303,PIURA,HUANCABAMBA,EL CARMEN DE LA FRONTERA,RURAL,sierra,4020.6666666666665,214.365
CP072827,0.0,0.0,0,200304,PIURA,HUANCABAMBA,HUARMACA,RURAL,sierra,4424.5,124.191666
CP072956,0.0,0.0,0,200304,PIURA,HUANCABAMBA,HUARMACA,RURAL,sierra,4424.5,201.26167
CP071801,0.0,0.0,0,200304,PIURA,HUANCABAMBA,HUARMACA,RURAL,sierra,4424.5,124.86667
CP073954,0.0,0.0,0,200304,PIURA,HUANCABAMBA,HUARMACA,RURAL,sierra,4424.5,107.475
CP073945,0.0,0.0,0,200304,PIURA,HUANCABAMBA,HUARMACA,RURAL,sierra,4424.5,138.54
CP070762,0.0,0.0,0,200304,PIURA,HUANCABAMBA,HUARMACA,RURAL,sierra,4424.5,154.93167
CP072884,0.0,0.0,0,200304,PIURA,HUANCABAMBA,HUARMACA,RURAL,sierra,4424.5,148.71666
CP071797,0.0,0.0,0,200304,PIURA,HUANCABAMBA,HUARMACA,RURAL,sierra,4424.5,133.68666
CP073221,0.0,0.0,0,200305,PIURA,HUANCABAMBA,LALAQUIZ,RURAL,sierra,4547.0,117.09167
CP074318,0.0,0.0,0,200306,PIURA,HUANCABAMBA,SAN MIGUEL DE EL FAIQUE,RURAL,sierra,4108.0,133.72166
CP074308,0.0,0.0,0,200306,PIURA,HUANCABAMBA,SAN MIGUEL DE EL FAIQUE,RURAL,sierra,4108.0,130.51833
CP071041,0.0,0.0,0,200307,PIURA,HUANCABAMBA,SONDOR,RURAL,sierra,3706.0,268.21667
CP070843,0.0,0.0,0,200307,PIURA,HUANCABAMBA,SONDOR,RURAL,sierra,3706.0,193.94833
CP071065,0.0,0.0,0,200308,PIURA,HUANCABAMBA,SONDORILLO,RURAL,sierra,5202.5,131.81833
CP071079,0.0,0.0,0,200308,PIURA,HUANCABAMBA,SONDORILLO,RURAL,sierra,5202.5,257.35333
CP071089,0.000325207600919048,3.25207600919048,2,200401,PIURA,MORROPON,CHULUCANAS,RURAL,costa,4297.2,21.613333
CP072151,0.0007452166363846258,7.452166363846258,19,200401,PIURA,MORROPON,CHULUCANAS,RURAL,costa,4297.2,6.951667
CP072179,0.0008844319110557963,8.844319110557963,19,200401,PIURA,MORROPON,CHULUCANAS,RURAL,costa,4297.2,10.696667
CP071090,0.000394019206097071,3.94019206097071,2,200401,PIURA,MORROPON,CHULUCANAS,RURAL,costa,4297.2,15.601666
CP084762,0.0006304875827698741,6.3048758276987416,19,200401,PIURA,MORROPON,CHULUCANAS,RURAL,costa,4297.2,14.946667
CP072145,0.0003442492339944252,3.442492339944252,2,200401,PIURA,MORROPON,CHULUCANAS,URBANO,costa,2683.0,20.493334
CP073257,6.139558296411114e-05,0.6139558296411114,2,200402,PIURA,MORROPON,BUENOS AIRES,RURAL,costa,3532.0,49.591667
CP073031,0.00028138512201370837,2.8138512201370838,6,200402,PIURA,MORROPON,BUENOS AIRES,URBANO,costa,2347.0,28.54
CP073269,0.0,0.0,0,200403,PIURA,MORROPON,CHALACO,RURAL,sierra,4275.5,72.861664
CP073265,0.0,0.0,0,200403,PIURA,MORROPON,CHALACO,RURAL,sierra,4275.5,82.92834
CP074338,0.0004235963370455909,4.235963370455909,9,200404,PIURA,MORROPON,LA MATANZA,RURAL,costa,4774.0,18.145
CP074368,0.0002779581228935951,2.7795812289359514,2,200405,PIURA,MORROPON,MORROPON,RURAL,costa,5362.0,25.993334
CP074369,0.00030641974700275153,3.064197470027515,2,200405,PIURA,MORROPON,MORROPON,URBANO,costa,1124.0,23.645
CP070641,0.0,0.0,0,200406,PIURA,MORROPON,SALITRAL,RURAL,costa,3534.0,65.11833
CP070844,0.0,0.0,0,200406,PIURA,MORROPON,SALITRAL,URBANO,costa,4093.0,74.691666
CP070865,0.0,0.0,0,200407,PIURA,MORROPON,SAN JUAN DE BIGOTE,RURAL,costa,3338.0,82.418335
CP070863,0.0,0.0,0,200407,PIURA,MORROPON,SAN JUAN DE BIGOTE,URBANO,costa,1325.0,78.13333
CP071717,0.0,0.0,0,200408,PIURA,MORROPON,SANTA CATALINA DE MOSSA,RURAL,sierra,3236.0,84.05666
CP071723,0.0,0.0,0,200408,PIURA,MORROPON,SANTA CATALINA DE MOSSA,URBANO,sierra,973.0,71.07667
CP071980,0.0,0.0,0,200409,PIURA,MORROPON,SANTO DOMINGO,RURAL,sierra,3409.5,96.71
CP071987,3.422678353624697e-05,0.34226783536246974,2,200409,PIURA,MORROPON,SANTO DOMINGO,RURAL,sierra,3409.5,56.43667
CP073068,0.0,0.0,0,200410,PIURA,MORROPON,YAMANGO,RURAL,sierra,4186.0,77.70167
CP073071,0.0,0.0,0,200410,PIURA,MORROPON,YAMANGO,RURAL,sierra,4186.0,68.315
CP073057,0.0,0.0,0,200410,PIURA,MORROPON,YAMANGO,URBANO,sierra,633.0,76.988335
CP073092,0.00018720024399621776,1.8720024399621775,15,200501,PIURA,PAITA,PAITA,RURAL,costa,12.0,14.37
CP073093,8.265966964001956e-05,0.8265966964001956,1,200501,PIURA,PAITA,PAITA,URBANO,costa,3015.0,25.62
CP073935,0.0003097476008871043,3.0974760088710434,10,200502,PIURA,PAITA,AMOTAPE,RURAL,costa,166.0,30.648333
CP073931,0.0004011726403495765,4.011726403495765,8,200502,PIURA,PAITA,AMOTAPE,URBANO,costa,937.0,29.853333
CP074137,0.00036174592125204016,3.6174592125204015,8,200503,PIURA,PAITA,ARENAL,RURAL,costa,491.0,24.001667
CP074146,0.00013261433084055024,1.3261433084055023,5,200504,PIURA,PAITA,COLAN,RURAL,costa,1020.0,31.111666
CP074144,0.00040521067151991794,4.052106715199179,22,200504,PIURA,PAITA,COLAN,URBANO,costa,1469.0,14.015
CP074148,0.0003794333573949723,3.7943335739497233,8,200505,PIURA,PAITA,LA HUACA,RURAL,costa,1991.0,35.758335
CP074151,0.0010476799157722965,10.476799157722965,25,200505,PIURA,PAITA,LA HUACA,URBANO,costa,1400.0,17.728333
CP074167,0.0004212460792098199,4.2124607920982,9,200506,PIURA,PAITA,TAMARINDO,RURAL,costa,489.0,35.136665
CP074165,0.000461319329688992,4.61319329688992,8,200506,PIURA,PAITA,TAMARINDO,URBANO,costa,1114.0,32.455
CP074176,7.975991650672738e-05,0.7975991650672738,2,200507,PIURA,PAITA,VICHAYAL,RURAL,costa,1005.0,37.79
CP074170,0.00020362848973122895,2.0362848973122896,10,200507,PIURA,PAITA,VICHAYAL,URBANO,costa,1922.0,41.988335
CP074198,0.0012781090032082589,12.78109003208259,24,200601,PIURA,SULLANA,SULLANA,RURAL,costa,3648.3333333333335,13.253333
CP070912,0.0013520566446347227,13.520566446347226,24,200601,PIURA,SULLANA,SULLANA,RURAL,costa,3648.3333333333335,11.843333
CP074197,0.0014997253384602558,14.997253384602558,24,200601,PIURA,SULLANA,SULLANA,RURAL,costa,3648.3333333333335,7.9466667
CP074189,0.0007737119881890337,7.737119881890337,23,200601,PIURA,SULLANA,SULLANA,URBANO,costa,2727.0,24.253334
CP086478,0.0008034923338007933,8.034923338007932,25,200603,PIURA,SULLANA,IGNACIO ESCUDERO,RURAL,costa,739.0,22.665
CP070943,0.0006220889467571859,6.220889467571859,16,200603,PIURA,SULLANA,IGNACIO ESCUDERO,URBANO,costa,1621.0,27.16
CP073133,0.00022609880756499598,2.26098807564996,7,200604,PIURA,SULLANA,LANCONES,RURAL,costa,4246.333333333333,41.146667
CP072027,7.32413260642295e-05,0.7324132606422951,7,200604,PIURA,SULLANA,LANCONES,RURAL,costa,4246.333333333333,54.375
CP073135,0.00015790295164153713,1.5790295164153714,7,200604,PIURA,SULLANA,LANCONES,RURAL,costa,4246.333333333333,45.745
CP074000,0.0,0.0,0,200605,PIURA,SULLANA,MARCAVELICA,RURAL,sierra,1636.0,87.79
CP074236,0.0014560612801247576,14.560612801247576,24,200605,PIURA,SULLANA,MARCAVELICA,URBANO,costa,4541.0,7.7516665
CP074240,0.0011186234533073034,11.186234533073034,25,200605,PIURA,SULLANA,MARCAVELICA,URBANO,costa,4541.0,15.183333
CP074259,0.0019367187970522161,19.36718797052216,25,200606,PIURA,SULLANA,MIGUEL CHECA,RURAL,costa,210.0,15.661667
CP070980,0.0012804549884066541,12.80454988406654,24,200607,PIURA,SULLANA,QUERECOTILLO,RURAL,costa,2536.0,11.538333
CP070780,0.0010408121794824585,10.408121794824586,24,200607,PIURA,SULLANA,QUERECOTILLO,URBANO,costa,3587.0,16.765
CP070974,0.0011976171197539463,11.976171197539463,24,200607,PIURA,SULLANA,QUERECOTILLO,URBANO,costa,3587.0,13.323334
CP070988,0.0013900903283624725,13.900903283624725,24,200608,PIURA,SULLANA,SALITRAL,RURAL,costa,490.0,9.185
CP070987,0.0014307423372645158,14.30742337264516,24,200608,PIURA,SULLANA,SALITRAL,URBANO,costa,631.0,8.31
CP070995,0.0008578761766810314,8.578761766810313,3,200701,PIURA,TALARA,PARINAS,RURAL,costa,709.0,3.45
CP070998,0.00101165490366873,10.1165490366873,3,200701,PIURA,TALARA,PARINAS,URBANO,costa,1658.0,13.566667
CP071009,7.920805552880354e-05,0.7920805552880353,2,200702,PIURA,TALARA,EL ALTO,URBANO,costa,271.0,48.758335
CP071016,0.0007428817887342339,7.428817887342339,3,200703,PIURA,TALARA,LA BREA,RURAL,costa,342.0,8.34
CP071019,0.0007436801106826295,7.436801106826295,3,200704,PIURA,TALARA,LOBITOS,RURAL,costa,50.0,13.181666
CP071849,5.525016709467833e-05,0.5525016709467834,2,200705,PIURA,TALARA,LOS ORGANOS,RURAL,costa,1198.0,52.991665
CP071851,0.0,0.0,0,200706,PIURA,TALARA,MANCORA,RURAL,costa,419.0,65.956665
CP072078,0.0,0.0,0,200801,PIURA,SECHURA,SECHURA,RURAL,costa,898.0,113.32333
CP071855,0.00016879488147150405,1.6879488147150405,17,200801,PIURA,SECHURA,SECHURA,URBANO,costa,4379.0,39.658333
CP072100,0.0004909353309413705,4.909353309413705,21,200802,PIURA,SECHURA,BELLAVISTA DE LA UNION,RURAL,costa,610.0,25.853333
CP072116,0.0003681068339274491,3.681068339274491,17,200803,PIURA,SECHURA,BERNAL,RURAL,costa,823.0,29.481667
CP072106,0.0002637788941530241,2.637788941530241,17,200803,PIURA,SECHURA,BERNAL,URBANO,costa,2208.0,34.105
CP072121,0.0002137656216309034,2.137656216309034,17,200804,PIURA,SECHURA,CRISTO NOS VALGA,RURAL,costa,1159.0,36.798332
CP072120,0.00023329479817425663,2.3329479817425662,17,200804,PIURA,SECHURA,CRISTO NOS VALGA,URBANO,costa,704.0,35.696667
CP073461,0.0002971604110298086,2.971604110298086,17,200805,PIURA,SECHURA,VICE,RURAL,costa,414.0,32.506668
CP073458,0.0004718008133478541,4.718008133478541,21,200805,PIURA,SECHURA,VICE,URBANO,costa,570.0,26.468334
CP073471,0.00020145960948965148,2.0145960948965147,17,200806,PIURA,SECHURA,RINCONADA LLICUAR,RURAL,costa,32.0,37.531666
CP073476,0.0030798398322491247,30.798398322491245,13,210101,PUNO,PUNO,PUNO,RURAL,sierra,3250.5,12.441667
CP073497,0.0033969548605790253,33.96954860579025,14,210101,PUNO,PUNO,PUNO,RURAL,sierra,3250.5,5.27
CP073514,0.0033454906795700235,33.45490679570023,14,210101,PUNO,PUNO,PUNO,URBANO,sierra,2952.0,5.9383335
CP072198,0.00039471709349121926,3.947170934912193,2,210102,PUNO,PUNO,ACORA,RURAL,sierra,4443.166666666667,13.681666
CP071384,0.0011216002574357736,11.216002574357736,9,210102,PUNO,PUNO,ACORA,RURAL,sierra,4443.166666666667,16.485
CP071357,0.00024327048114541937,2.432704811454194,3,210102,PUNO,PUNO,ACORA,RURAL,sierra,4443.166666666667,28.788334
CP071347,0.0004114902436515592,4.1149024365155915,8,210102,PUNO,PUNO,ACORA,RURAL,sierra,4443.166666666667,35.351665
CP072435,0.000313493003643535,3.13493003643535,2,210102,PUNO,PUNO,ACORA,RURAL,sierra,4443.166666666667,19.881666
CP073558,0.0005911100339959382,5.911100339959382,9,210102,PUNO,PUNO,ACORA,RURAL,sierra,4443.166666666667,24.411667
CP071382,0.00034882289330579673,3.488228933057967,2,210102,PUNO,PUNO,ACORA,URBANO,sierra,985.0,16.751667
CP074644,9.49322671143909e-05,0.949322671143909,6,210103,PUNO,PUNO,AMANTANI,RURAL,sierra,3856.0,57.656666
CP074665,0.0017603194708263872,17.60319470826387,14,210104,PUNO,PUNO,ATUNCOLLA,RURAL,sierra,4958.0,25.181667
CP071997,0.00032603111071731597,3.26031110717316,6,210105,PUNO,PUNO,CAPACHICA,RURAL,sierra,5227.0,43.048332
CP072217,0.00016772897106642886,1.6772897106642886,6,210105,PUNO,PUNO,CAPACHICA,RURAL,sierra,5227.0,51.431667
CP071139,0.00033299621835289935,3.3299621835289934,6,210105,PUNO,PUNO,CAPACHICA,URBANO,sierra,155.0,42.755
CP072244,0.00044588282089611376,4.458828208961138,8,210106,PUNO,PUNO,CHUCUITO,RURAL,sierra,3383.5,48.288334
CP073314,0.0009826636013239099,9.8266360132391,8,210106,PUNO,PUNO,CHUCUITO,RURAL,sierra,3383.5,35.985
CP074202,0.000891210033372334,8.91210033372334,13,210107,PUNO,PUNO,COATA,RURAL,sierra,5158.0,30.366667
CP073351,0.0009504172366611841,9.50417236661184,11,210107,PUNO,PUNO,COATA,URBANO,sierra,1877.0,27.065
CP074444,0.0007189856491688993,7.189856491688993,12,210108,PUNO,PUNO,HUATA,RURAL,sierra,5799.0,34.996666
CP071219,0.0001899468366925168,1.8994683669251682,6,210109,PUNO,PUNO,MANAZO,RURAL,sierra,2963.0,54.293335
CP073171,0.002286122651263237,22.86122651263237,14,210110,PUNO,PUNO,PAUCARCOLLA,RURAL,sierra,4332.0,25.898333
CP073434,0.0004532523012483269,4.532523012483269,7,210111,PUNO,PUNO,PICHACANI,RURAL,sierra,3784.0,46.355
CP073438,0.00017767483152609416,1.7767483152609416,6,210111,PUNO,PUNO,PICHACANI,URBANO,sierra,186.0,55.795
CP071266,0.00043712452945214066,4.371245294521406,8,210112,PUNO,PUNO,PLATERIA,RURAL,sierra,3857.0,36.55
CP071262,0.0013469801997477316,13.469801997477315,8,210112,PUNO,PUNO,PLATERIA,RURAL,sierra,3857.0,32.616665
CP072657,0.0,0.0,0,210113,PUNO,PUNO,SAN ANTONIO,RURAL,sierra,2143.0,115.64833
CP073525,0.0013389922660988936,13.389922660988935,13,210114,PUNO,PUNO,TIQUILLACA,RURAL,sierra,1792.0,35.015
CP074620,0.00081092446438074,8.1092446438074,15,210115,PUNO,PUNO,VILQUE,RURAL,sierra,2392.0,41.03
CP071387,0.00044701025233586625,4.470102523358663,1,210201,PUNO,AZANGARO,AZANGARO,RURAL,sierra,4355.0,18.485
CP072717,0.00014113600098319222,1.4113600098319221,1,210201,PUNO,AZANGARO,AZANGARO,RURAL,sierra,4355.0,41.558334
CP084792,5.4853280180097e-05,0.5485328018009701,1,210201,PUNO,AZANGARO,AZANGARO,RURAL,sierra,4355.0,53.505
CP085176,0.00044547105820093844,4.454710582009384,8,210202,PUNO,AZANGARO,ACHAYA,RURAL,sierra,3947.0,40.746666
CP073838,0.00029989400875637967,2.998940087563797,2,210203,PUNO,AZANGARO,ARAPA,RURAL,sierra,3929.0,29.828333
CP073868,0.0005486208189965459,5.486208189965459,9,210203,PUNO,AZANGARO,ARAPA,RURAL,sierra,3929.0,36.803333
CP071396,0.00034631683239126035,3.4631683239126034,2,210204,PUNO,AZANGARO,ASILLO,RURAL,sierra,4585.0,32.47167
CP072482,0.0001836174161823159,1.8361741618231588,2,210204,PUNO,AZANGARO,ASILLO,RURAL,sierra,4585.0,41.695
CP072270,0.0005537332304394059,5.5373323043940585,2,210204,PUNO,AZANGARO,ASILLO,RURAL,sierra,4585.0,23.996666
CP070345,0.000450193822448949,4.50193822448949,2,210204,PUNO,AZANGARO,ASILLO,URBANO,sierra,763.0,27.978333
CP072523,0.001214975127849051,12.14975127849051,9,210205,PUNO,AZANGARO,CAMINACA,RURAL,sierra,3715.0,19.913334
CP073606,0.00014994281523134583,1.4994281523134583,2,210206,PUNO,AZANGARO,CHUPA,RURAL,sierra,3991.6666666666665,45.996666
CP073382,0.00012497668516388803,1.2497668516388802,2,210206,PUNO,AZANGARO,CHUPA,RURAL,sierra,3991.6666666666665,48.3
CP073608,9.830963187809333e-05,0.9830963187809333,2,210206,PUNO,AZANGARO,CHUPA,RURAL,sierra,3991.6666666666665,49.741665
CP073658,0.00026560175613491376,2.6560175613491377,2,210207,PUNO,AZANGARO,JOSE DOMINGO CHOQUEHUANCA,RURAL,sierra,1857.0,39.558334
CP070418,0.0,0.0,0,210208,PUNO,AZANGARO,MUNANI,RURAL,sierra,5174.0,63.518333
CP070448,0.0005606946277516623,5.606946277516623,1,210209,PUNO,AZANGARO,POTONI,RURAL,sierra,4153.0,57.678333
CP070424,0.0008708360339567327,8.708360339567326,1,210209,PUNO,AZANGARO,POTONI,URBANO,sierra,2.0,52.893333
CP072558,0.0004094701030835372,4.094701030835372,7,210210,PUNO,AZANGARO,SAMAN,RURAL,sierra,4635.666666666667,34.325
CP071522,0.000874005002392099,8.74005002392099,8,210210,PUNO,AZANGARO,SAMAN,RURAL,sierra,4635.666666666667,27.02
CP072557,0.00040385829820199326,4.038582982019933,7,210210,PUNO,AZANGARO,SAMAN,RURAL,sierra,4635.666666666667,35.621666
CP073692,0.00010180242579611221,1.018024257961122,1,210211,PUNO,AZANGARO,SAN ANTON,RURAL,sierra,6101.0,46.04
CP073725,0.00013120670314017838,1.312067031401784,1,210212,PUNO,AZANGARO,SAN JOSE,RURAL,sierra,3869.0,42.6
CP073698,0.00013271636215726878,1.3271636215726879,1,210212,PUNO,AZANGARO,SAN JOSE,URBANO,sierra,1020.0,42.43833
CP070485,0.0005712128746725773,5.712128746725773,1,210213,PUNO,AZANGARO,SAN JUAN DE SALINAS,RURAL,sierra,3982.0,6.86
CP072679,0.00023112160913067958,2.311216091306796,2,210214,PUNO,AZANGARO,SANTIAGO DE PUPUJA,RURAL,sierra,5772.0,43.458332
CP072357,0.0006753368244913819,6.753368244913819,2,210215,PUNO,AZANGARO,TIRAPATA,RURAL,sierra,2438.0,23.478333
CP072902,0.0016092140051727918,16.092140051727917,1,210301,PUNO,CARABAYA,MACUSANI,RURAL,sierra,3062.0,45.385
CP070790,0.0016326305999739329,16.32630599973933,1,210302,PUNO,CARABAYA,AJOYANI,RURAL,sierra,842.0,45.193333
CP071654,0.001814051575650095,18.14051575650095,1,210303,PUNO,CARABAYA,AYAPATA,RURAL,sierra,3326.5,43.77
CP071655,0.0007696499944993443,7.696499944993443,1,210303,PUNO,CARABAYA,AYAPATA,RURAL,sierra,3326.5,54.27833
CP071920,0.0,0.0,0,210304,PUNO,CARABAYA,COASA,RURAL,sierra,6334.0,112.011665
CP070629,0.0,0.0,0,210305,PUNO,CARABAYA,CORANI,RURAL,sierra,2730.0,92.35833
CP070599,0.0,0.0,0,210305,PUNO,CARABAYA,CORANI,URBANO,sierra,534.0,70.35
CP072547,0.0,0.0,0,210306,PUNO,CARABAYA,CRUCERO,RURAL,sierra,4054.0,60.511665
CP071759,0.0,0.0,0,210307,PUNO,CARABAYA,ITUATA,RURAL,sierra,5601.0,119.675
CP077691,0.0,0.0,0,210308,PUNO,CARABAYA,OLLACHEA,RURAL,sierra,3299.0,126.54
CP078696,0.0,0.0,0,210309,PUNO,CARABAYA,SAN GABAN,RURAL,sierra,2736.0,72.025
CP076387,0.0,0.0,0,210310,PUNO,CARABAYA,USICAYOS,RURAL,sierra,4196.0,73.53333
CP075642,0.0,0.0,0,210310,PUNO,CARABAYA,USICAYOS,RURAL,sierra,4196.0,141.55167
CP077438,0.00048518522819329636,4.851852281932963,2,210401,PUNO,CHUCUITO,JULI,RURAL,sierra,3970.5,27.458334
CP077494,0.00032704874514841024,3.2704874514841022,2,210401,PUNO,CHUCUITO,JULI,RURAL,sierra,3970.5,31.225
CP084758,0.0007985859484694077,7.985859484694077,3,210401,PUNO,CHUCUITO,JULI,RURAL,sierra,3970.5,5.65
CP078477,0.00028007565942021376,2.8007565942021375,2,210401,PUNO,CHUCUITO,JULI,RURAL,sierra,3970.5,37.99
CP078514,6.410894533123852e-05,0.6410894533123852,1,210402,PUNO,CHUCUITO,DESAGUADERO,RURAL,sierra,5644.0,49.65
CP075703,0.0,0.0,0,210403,PUNO,CHUCUITO,HUACULLANI,RURAL,sierra,4028.3333333333335,67.295
CP076737,0.0,0.0,0,210403,PUNO,CHUCUITO,HUACULLANI,RURAL,sierra,4028.3333333333335,81.69
CP075737,0.0,0.0,0,210403,PUNO,CHUCUITO,HUACULLANI,RURAL,sierra,4028.3333333333335,87.425
CP077774,0.0,0.0,0,210404,PUNO,CHUCUITO,KELLUYO,RURAL,sierra,4800.333333333333,81.34
CP076760,0.0,0.0,0,210404,PUNO,CHUCUITO,KELLUYO,RURAL,sierra,4800.333333333333,84.19334
CP077571,0.0,0.0,0,210404,PUNO,CHUCUITO,KELLUYO,RURAL,sierra,4800.333333333333,79.775
CP077789,0.0,0.0,0,210405,PUNO,CHUCUITO,PISACOMA,RURAL,sierra,4459.0,94.215
CP075795,0.0,0.0,0,210405,PUNO,CHUCUITO,PISACOMA,RURAL,sierra,4459.0,136.065
CP075806,0.0005606686566710102,5.606686566710102,2,210406,PUNO,CHUCUITO,POMATA,RURAL,sierra,4572.0,24.585
CP075799,0.0005101202119180044,5.101202119180044,3,210406,PUNO,CHUCUITO,POMATA,RURAL,sierra,4572.0,27.015
CP076595,0.0003461673770342896,3.4616737703428964,2,210406,PUNO,CHUCUITO,POMATA,RURAL,sierra,4572.0,31.12
CP075812,0.00044662470066867793,4.466247006686779,2,210406,PUNO,CHUCUITO,POMATA,RURAL,sierra,4572.0,28.966667
CP077846,0.0,0.0,0,210407,PUNO,CHUCUITO,ZEPITA,RURAL,sierra,3888.6,64.55
CP084786,0.000133633298689219,1.33633298689219,1,210407,PUNO,CHUCUITO,ZEPITA,RURAL,sierra,3888.6,39.78
CP077873,0.0002826660950836069,2.826660950836069,1,210407,PUNO,CHUCUITO,ZEPITA,RURAL,sierra,3888.6,26.118334
CP077844,4.061481739358036e-05,0.4061481739358036,1,210407,PUNO,CHUCUITO,ZEPITA,RURAL,sierra,3888.6,54.896667
CP077860,0.0,0.0,0,210407,PUNO,CHUCUITO,ZEPITA,RURAL,sierra,3888.6,60.961666
CP076841,0.00026191701068018684,2.6191701068018682,2,210407,PUNO,CHUCUITO,ZEPITA,URBANO,sierra,639.0,35.546665
CP075850,0.0007151124366412812,7.151124366412812,9,210501,PUNO,EL COLLAO,ILAVE,RURAL,sierra,4613.571428571428,8.281667
CP077956,0.0003245804677445863,3.245804677445863,2,210501,PUNO,EL COLLAO,ILAVE,RURAL,sierra,4613.571428571428,18.428333
CP077949,0.0002834057009039095,2.834057009039095,2,210501,PUNO,EL COLLAO,ILAVE,RURAL,sierra,4613.571428571428,21.398333
CP075840,0.0007297475831007244,7.297475831007244,9,210501,PUNO,EL COLLAO,ILAVE,RURAL,sierra,4613.571428571428,7.6666665
CP075842,0.00043018907927834624,4.301890792783462,2,210501,PUNO,EL COLLAO,ILAVE,RURAL,sierra,4613.571428571428,11.61
CP077957,0.0002171770048122868,2.171770048122868,2,210501,PUNO,EL COLLAO,ILAVE,RURAL,sierra,4613.571428571428,26.653334
CP075841,0.00048348155975945397,4.83481559759454,2,210501,PUNO,EL COLLAO,ILAVE,RURAL,sierra,4613.571428571428,7.9566665
CP076659,0.00029270935083624606,2.9270935083624607,2,210501,PUNO,EL COLLAO,ILAVE,URBANO,sierra,1026.0,23.91
CP074835,0.0,0.0,0,210502,PUNO,EL COLLAO,CAPAZO,RURAL,sierra,1678.0,154.63
CP075910,0.00024363631449717462,2.436363144971746,2,210503,PUNO,EL COLLAO,PILCUYO,RURAL,sierra,4259.666666666667,32.8
CP074879,0.00027368535181991263,2.7368535181991263,2,210503,PUNO,EL COLLAO,PILCUYO,RURAL,sierra,4259.666666666667,30.95
CP074872,0.0002273337079553582,2.273337079553582,2,210503,PUNO,EL COLLAO,PILCUYO,RURAL,sierra,4259.666666666667,33.863335
CP074884,0.00043430024539499196,4.34300245394992,2,210503,PUNO,EL COLLAO,PILCUYO,URBANO,sierra,603.0,22.536667
CP075930,0.0,0.0,0,210504,PUNO,EL COLLAO,SANTA ROSA,RURAL,sierra,5456.0,74.065
CP075940,0.0,0.0,0,210504,PUNO,EL COLLAO,SANTA ROSA,URBANO,sierra,396.0,88.21333
CP077726,0.0,0.0,0,210505,PUNO,EL COLLAO,CONDURIRI,RURAL,sierra,3797.0,62.076668
CP075971,0.00040130726360914623,4.013072636091462,7,210601,PUNO,HUANCANE,HUANCANE,RURAL,sierra,4592.666666666667,19.596666
CP074923,0.0004946337418731125,4.946337418731125,7,210601,PUNO,HUANCANE,HUANCANE,RURAL,sierra,4592.666666666667,11.383333
CP077754,0.0004713373808073305,4.713373808073305,7,210601,PUNO,HUANCANE,HUANCANE,RURAL,sierra,4592.666666666667,16.638334
CP076805,0.0,0.0,0,210602,PUNO,HUANCANE,COJATA,RURAL,sierra,3272.0,65.24
CP077035,9.548804415393165e-05,0.9548804415393165,1,210603,PUNO,HUANCANE,HUATASANI,RURAL,sierra,2378.0,37.283333
CP078049,3.024361315515507e-05,0.3024361315515507,1,210604,PUNO,HUANCANE,INCHUPALLA,RURAL,sierra,3401.0,52.646667
CP075018,0.0007736386139443032,7.736386139443032,8,210605,PUNO,HUANCANE,PUSI,RURAL,sierra,6313.0,28.803333
CP076062,2.280632215029377e-05,0.2280632215029377,1,210606,PUNO,HUANCANE,ROSASPATA,RURAL,sierra,5446.0,55.775
CP078119,0.0008315721736134502,8.3157217361345,8,210607,PUNO,HUANCANE,TARACO,RURAL,sierra,4690.333333333333,27.411667
CP078092,0.0009326256963949836,9.326256963949836,8,210607,PUNO,HUANCANE,TARACO,RURAL,sierra,4690.333333333333,25.208334
CP077914,0.0008869995192497112,8.869995192497113,8,210607,PUNO,HUANCANE,TARACO,RURAL,sierra,4690.333333333333,12.185
CP075042,4.765838040391501e-05,0.47658380403915007,1,210608,PUNO,HUANCANE,VILQUE CHICO,RURAL,sierra,4476.0,47.171665
CP075057,0.00010534492254763857,1.0534492254763856,1,210608,PUNO,HUANCANE,VILQUE CHICO,RURAL,sierra,4476.0,35.665
CP077192,0.0012262916446939007,12.262916446939007,9,210701,PUNO,LAMPA,LAMPA,RURAL,sierra,6464.0,27.7
CP078191,4.8621233450464974e-05,0.48621233450464973,4,210702,PUNO,LAMPA,CABANILLA,RURAL,sierra,4686.0,59.481667
CP075152,0.0012701263042668518,12.701263042668518,11,210703,PUNO,LAMPA,CALAPUJA,RURAL,sierra,1121.0,34.69
CP076192,0.00020927266542549995,2.0927266542549994,3,210704,PUNO,LAMPA,NICASIO,RURAL,sierra,2069.0,54.893333
CP076170,0.00023558431630162557,2.3558431630162557,3,210704,PUNO,LAMPA,NICASIO,URBANO,sierra,246.0,42.255
CP075244,0.0,0.0,0,210705,PUNO,LAMPA,OCUVIRI,RURAL,sierra,1807.0,77.96
CP078342,0.0001946293231573386,1.946293231573386,2,210706,PUNO,LAMPA,PALCA,RURAL,sierra,2125.0,53.845
CP078372,0.0,0.0,0,210707,PUNO,LAMPA,PARATIA,RURAL,sierra,3449.0,111.4
CP078369,0.0,0.0,0,210707,PUNO,LAMPA,PARATIA,URBANO,sierra,758.0,109.083336
CP078380,0.0004935899672364909,4.935899672364909,2,210708,PUNO,LAMPA,PUCARA,RURAL,sierra,3934.0,25.236666
CP078389,0.00030958427539721025,3.0958427539721027,2,210708,PUNO,LAMPA,PUCARA,URBANO,sierra,388.0,36.68667
CP075308,0.0,0.0,0,210709,PUNO,LAMPA,SANTA LUCIA,RURAL,sierra,2449.0,174.35
CP075309,0.0,0.0,0,210709,PUNO,LAMPA,SANTA LUCIA,URBANO,sierra,436.0,144.085
CP077417,7.54708793323836e-05,0.7547087933238359,1,210710,PUNO,LAMPA,VILAVILA,RURAL,sierra,1390.0,51.961666
CP078450,0.0006047918183248449,6.0479181832484485,1,210801,PUNO,MELGAR,AYAVIRI,RURAL,sierra,3899.0,14.11
CP077269,0.0006613655924217866,6.613655924217865,1,210802,PUNO,MELGAR,ANTAUTA,RURAL,sierra,2833.0,55.931667
CP076981,5.567216785439229e-05,0.5567216785439228,1,210802,PUNO,MELGAR,ANTAUTA,URBANO,sierra,605.0,53.338333
CP078253,4.029506665791625e-05,0.40295066657916245,1,210803,PUNO,MELGAR,CUPI,RURAL,sierra,2448.0,58.771667
CP076468,0.0,0.0,0,210804,PUNO,MELGAR,LLALLI,RURAL,sierra,1905.0,71.35
CP075507,0.00017150881658744785,1.7150881658744785,1,210805,PUNO,MELGAR,MACARI,RURAL,sierra,5552.0,41.395
CP076479,0.0,0.0,0,210805,PUNO,MELGAR,MACARI,URBANO,sierra,558.0,67.87666
CP077612,0.0,0.0,0,210806,PUNO,MELGAR,NUNOA,RURAL,sierra,6081.0,80.805
CP076530,0.00018065077168689383,1.8065077168689383,2,210807,PUNO,MELGAR,ORURILLO,RURAL,sierra,4742.0,45.675
CP076625,0.0,0.0,0,210807,PUNO,MELGAR,ORURILLO,RURAL,sierra,4742.0,66.22833
CP078545,0.0,0.0,0,210808,PUNO,MELGAR,SANTA ROSA,RURAL,sierra,4059.0,65.325
CP078593,0.000560929847333867,5.6092984733386695,1,210809,PUNO,MELGAR,UMACHIRI,RURAL,sierra,3514.0,17.016666
CP079118,3.0491735661089636e-05,0.30491735661089636,1,210901,PUNO,MOHO,MOHO,RURAL,sierra,4186.333333333333,52.553333
CP082031,5.2024215694998275e-05,0.5202421569499828,1,210901,PUNO,MOHO,MOHO,RURAL,sierra,4186.333333333333,46.041668
CP081095,0.0002720474819296142,2.720474819296142,3,210901,PUNO,MOHO,MOHO,RURAL,sierra,4186.333333333333,17.413334
CP082068,0.0,0.0,0,210901,PUNO,MOHO,MOHO,URBANO,sierra,458.0,67.88167
CP079927,2.2209381075536158e-05,0.22209381075536158,1,210902,PUNO,MOHO,CONIMA,RURAL,sierra,3108.0,56.06
CP080170,0.0,0.0,0,210903,PUNO,MOHO,HUAYRAPATA,RURAL,sierra,2384.0,67.17834
CP080158,3.746515893179499e-05,0.3746515893179499,1,210903,PUNO,MOHO,HUAYRAPATA,URBANO,sierra,294.0,50.143333
CP081388,0.0,0.0,0,210904,PUNO,MOHO,TILALI,RURAL,sierra,2634.0,77.778336
CP082151,0.00010664138525511385,1.0664138525511384,1,211001,PUNO,SAN ANTONIO DE PUTINA,PUTINA,RURAL,sierra,3255.0,35.458332
CP081409,5.72006662025402e-05,0.572006662025402,1,211001,PUNO,SAN ANTONIO DE PUTINA,PUTINA,RURAL,sierra,3255.0,44.786667
CP082366,0.0,0.0,0,211002,PUNO,SAN ANTONIO DE PUTINA,ANANEA,RURAL,sierra,1532.0,89.28167
CP080462,8.542575507503727e-05,0.8542575507503728,1,211003,PUNO,SAN ANTONIO DE PUTINA,PEDRO VILCA APAZA,RURAL,sierra,2286.0,39.036667
CP081453,1.6064981517050786e-05,0.16064981517050786,1,211004,PUNO,SAN ANTONIO DE PUTINA,QUILCAPUNCU,RURAL,sierra,3392.0,59.43
CP081479,0.0,0.0,0,211005,PUNO,SAN ANTONIO DE PUTINA,SINA,RURAL,sierra,1109.0,144.99834
CP082431,0.0012755741159893017,12.755741159893017,9,211101,PUNO,SAN ROMAN,JULIACA,RURAL,sierra,4252.5,24.786667
CP082441,0.0019695966650805268,19.695966650805268,11,211101,PUNO,SAN ROMAN,JULIACA,RURAL,sierra,4252.5,10.715
CP079025,0.00043510660980559127,4.351066098055913,7,211102,PUNO,SAN ROMAN,CABANA,RURAL,sierra,3687.0,39.07
CP080051,0.0009101803352906383,9.101803352906382,9,211103,PUNO,SAN ROMAN,CABANILLAS,RURAL,sierra,2892.0,34.408333
CP081048,0.0015098259739134154,15.098259739134154,14,211104,PUNO,SAN ROMAN,CARACOTO,RURAL,sierra,6016.0,16.018333
CP082231,0.0025486338697119186,25.486338697119187,1,211201,PUNO,SANDIA,SANDIA,RURAL,sierra,3849.5,15.513333
CP082221,0.0019036551648348673,19.036551648348674,1,211201,PUNO,SANDIA,SANDIA,RURAL,sierra,3849.5,24.316668
CP079077,0.0,0.0,0,211202,PUNO,SANDIA,CUYOCUYO,RURAL,sierra,4025.0,86.80167
CP082251,0.0005062714283981236,5.062714283981236,1,211202,PUNO,SANDIA,CUYOCUYO,URBANO,sierra,265.0,46.72167
CP079346,0.0,0.0,0,211203,PUNO,SANDIA,LIMBANI,RURAL,sierra,2029.0,111.90667
CP080351,0.0,0.0,0,211204,PUNO,SANDIA,PATAMBUCO,RURAL,sierra,3712.0,108.36667
CP080377,0.0,0.0,0,211205,PUNO,SANDIA,PHARA,RURAL,sierra,3600.0,130.62
CP082088,0.0,0.0,0,211206,PUNO,SANDIA,QUIACA,RURAL,sierra,1863.0,94.02167
CP082311,0.0,0.0,0,211207,PUNO,SANDIA,SAN JUAN DEL ORO,RURAL,sierra,4504.5,120.69666
CP082318,0.0,0.0,0,211207,PUNO,SANDIA,SAN JUAN DEL ORO,RURAL,sierra,4504.5,100.00166
CP082309,0.0,0.0,0,211207,PUNO,SANDIA,SAN JUAN DEL ORO,URBANO,sierra,2349.0,114.19334
CP079154,0.0,0.0,0,211208,PUNO,SANDIA,YANAHUAYA,RURAL,sierra,1124.0,91.505
CP079385,0.0,0.0,0,211209,PUNO,SANDIA,ALTO INAMBARI,RURAL,sierra,6310.0,109.041664
CP081428,0.0,0.0,0,211210,PUNO,SANDIA,SAN PEDRO DE PUTINA PUNCO,RURAL,sierra,4529.5,131.33333
CP080411,0.0,0.0,0,211210,PUNO,SANDIA,SAN PEDRO DE PUTINA PUNCO,RURAL,sierra,4529.5,150.52834
CP082630,0.0004200163839175267,4.200163839175267,1,211301,PUNO,YUNGUYO,YUNGUYO,RURAL,sierra,4329.0,14.361667
CP082628,0.00043296098712054977,4.329609871205498,1,211301,PUNO,YUNGUYO,YUNGUYO,RURAL,sierra,4329.0,13.03
CP081658,0.000442379317078987,4.42379317078987,1,211301,PUNO,YUNGUYO,YUNGUYO,RURAL,sierra,4329.0,11.996667
CP082644,0.0004480990143498856,4.480990143498857,1,211301,PUNO,YUNGUYO,YUNGUYO,RURAL,sierra,4329.0,11.335
CP079673,0.00028978154232689224,2.8978154232689226,1,211302,PUNO,YUNGUYO,ANAPIA,RURAL,sierra,761.0,25.54
CP079694,0.0003654220292358012,3.654220292358012,1,211303,PUNO,YUNGUYO,COPANI,RURAL,sierra,4825.0,19.328333
CP079705,0.000554087292421268,5.54087292421268,2,211304,PUNO,YUNGUYO,CUTURAPI,RURAL,sierra,1844.0,13.86
CP080503,0.00039181081094027655,3.9181081094027657,1,211305,PUNO,YUNGUYO,OLLARAYA,RURAL,sierra,4235.0,17.023333
CP080702,0.00025689980002363853,2.5689980002363852,1,211306,PUNO,YUNGUYO,TINICACHI,RURAL,sierra,508.0,28.231667
CP080720,0.0002859653057929264,2.8596530579292643,1,211307,PUNO,YUNGUYO,UNICACHI,RURAL,sierra,2577.0,25.85
CP081697,0.0010379005854574113,10.379005854574112,6,220101,SAN MARTIN,MOYOBAMBA,MOYOBAMBA,RURAL,sierra,4442.0,19.111666
CP081703,0.0018174042791728581,18.17404279172858,6,220101,SAN MARTIN,MOYOBAMBA,MOYOBAMBA,RURAL,sierra,4442.0,11.211667
CP080732,0.0,0.0,0,220101,SAN MARTIN,MOYOBAMBA,MOYOBAMBA,RURAL,sierra,4442.0,66.84
CP082462,0.0,0.0,0,220101,SAN MARTIN,MOYOBAMBA,MOYOBAMBA,RURAL,sierra,4442.0,68.12
CP080728,0.0,0.0,0,220101,SAN MARTIN,MOYOBAMBA,MOYOBAMBA,RURAL,sierra,4442.0,83.628334
CP081699,0.00011910587030432697,1.1910587030432698,3,220101,SAN MARTIN,MOYOBAMBA,MOYOBAMBA,URBANO,sierra,3440.0,49.066666
CP082690,0.0023529066469579582,23.529066469579583,6,220102,SAN MARTIN,MOYOBAMBA,CALZADA,RURAL,sierra,1186.0,5.766667
CP082693,0.0020648370669017714,20.648370669017712,6,220103,SAN MARTIN,MOYOBAMBA,HABANA,RURAL,sierra,516.0,16.831667
CP079486,0.0,0.0,0,220104,SAN MARTIN,MOYOBAMBA,JEPELACIO,RURAL,sierra,4277.333333333333,70.495
CP082704,0.0002831299186944527,2.8312991869445274,5,220104,SAN MARTIN,MOYOBAMBA,JEPELACIO,RURAL,sierra,4277.333333333333,39.763332
CP079507,1.899879891520121e-05,0.1899879891520121,1,220104,SAN MARTIN,MOYOBAMBA,JEPELACIO,RURAL,sierra,4277.333333333333,57.72167
CP082715,0.00010158200079614155,1.0158200079614155,2,220104,SAN MARTIN,MOYOBAMBA,JEPELACIO,URBANO,sierra,3684.0,44.411667
CP079518,0.0014817433734707333,14.817433734707333,6,220105,SAN MARTIN,MOYOBAMBA,SORITOR,RURAL,sierra,4926.5,25.215
CP080319,0.0004153387843946371,4.153387843946371,6,220105,SAN MARTIN,MOYOBAMBA,SORITOR,RURAL,sierra,4926.5,45.13
CP079536,0.0010780322820657894,10.780322820657894,6,220105,SAN MARTIN,MOYOBAMBA,SORITOR,URBANO,sierra,1530.0,31.263334
CP080526,0.0017487226270362542,17.48722627036254,6,220106,SAN MARTIN,MOYOBAMBA,YANTALO,RURAL,sierra,1191.0,3.705
CP080542,0.001197633757035083,11.97633757035083,2,220201,SAN MARTIN,BELLAVISTA,BELLAVISTA,RURAL,selva,2243.0,10.993333
CP080549,0.001458563812842285,14.58563812842285,2,220201,SAN MARTIN,BELLAVISTA,BELLAVISTA,URBANO,selva,3157.0,2.55
CP081508,0.0,0.0,0,220202,SAN MARTIN,BELLAVISTA,ALTO BIAVO,RURAL,selva,3548.0,103.37
CP081499,0.00014738331765102892,1.4738331765102892,1,220202,SAN MARTIN,BELLAVISTA,ALTO BIAVO,URBANO,selva,1653.0,48.34833
CP082487,0.00042625378880587985,4.262537888058799,1,220203,SAN MARTIN,BELLAVISTA,BAJO BIAVO,RURAL,selva,5051.0,32.578335
CP082478,0.0,0.0,0,220203,SAN MARTIN,BELLAVISTA,BAJO BIAVO,RURAL,selva,5051.0,85.46167
CP082491,0.0006404892318176885,6.404892318176885,2,220203,SAN MARTIN,BELLAVISTA,BAJO BIAVO,URBANO,selva,632.0,26.721666
CP079570,0.00014327540974380434,1.4327540974380435,1,220204,SAN MARTIN,BELLAVISTA,HUALLAGA,RURAL,selva,2009.0,50.086666
CP080578,0.00042191086259494773,4.219108625949477,1,220205,SAN MARTIN,BELLAVISTA,SAN PABLO,RURAL,selva,3203.0,32.766666
CP080581,0.000824352182587228,8.24352182587228,2,220205,SAN MARTIN,BELLAVISTA,SAN PABLO,URBANO,selva,2606.0,21.131666
CP081552,0.0011661461398133368,11.661461398133367,2,220206,SAN MARTIN,BELLAVISTA,SAN RAFAEL,RURAL,selva,1693.0,11.51
CP080607,0.0008858478292891116,8.858478292891116,2,220206,SAN MARTIN,BELLAVISTA,SAN RAFAEL,URBANO,selva,2886.0,19.356667
CP081563,0.0,0.0,0,220301,SAN MARTIN,EL DORADO,SAN JOSE DE SISA,RURAL,sierra,6238.0,70.80167
CP081580,0.0,0.0,0,220301,SAN MARTIN,EL DORADO,SAN JOSE DE SISA,URBANO,selva,1542.0,64.38
CP082333,0.00011760180020905547,1.1760180020905546,1,220302,SAN MARTIN,EL DORADO,AGUA BLANCA,RURAL,selva,1197.0,51.076668
CP082538,0.0,0.0,0,220303,SAN MARTIN,EL DORADO,SAN MARTIN,RURAL,sierra,3676.5,147.25
CP082569,0.0,0.0,0,220303,SAN MARTIN,EL DORADO,SAN MARTIN,RURAL,sierra,3676.5,134.34833
CP082576,0.0006476242806272906,6.476242806272905,9,220304,SAN MARTIN,EL DORADO,SANTA ROSA,RURAL,sierra,5736.0,42.091667
CP079621,0.0,0.0,0,220305,SAN MARTIN,EL DORADO,SHATOJA,RURAL,sierra,1785.0,69.17834
CP079652,0.0001905715729566621,1.905715729566621,2,220401,SAN MARTIN,HUALLAGA,SAPOSOA,RURAL,sierra,5060.0,53.411667
CP079632,0.00020588567419840113,2.058856741984011,2,220401,SAN MARTIN,HUALLAGA,SAPOSOA,URBANO,selva,343.0,52.546665
CP080864,0.0,0.0,0,220402,SAN MARTIN,HUALLAGA,ALTO SAPOSOA,RURAL,selva,1415.0,76.028336
CP080877,0.0003305372250795919,3.305372250795919,2,220403,SAN MARTIN,HUALLAGA,EL ESLABON,RURAL,selva,1454.0,41.018333
CP081862,0.0006522277374153783,6.522277374153783,2,220404,SAN MARTIN,HUALLAGA,PISCOYACU,RURAL,selva,1933.0,37.38
CP078923,0.0016785572218864352,16.785572218864353,2,220405,SAN MARTIN,HUALLAGA,SACANCHE,RURAL,selva,1450.0,11.61
CP078937,0.001338177692902564,13.381776929025639,2,220406,SAN MARTIN,HUALLAGA,TINGO DE SAPOSOA,RURAL,selva,101.0,13.915
CP078954,0.0025632822171863605,25.632822171863605,9,220501,SAN MARTIN,LAMAS,LAMAS,RURAL,selva,2406.0,18.648333
CP078943,0.0014812893850044168,14.812893850044167,9,220501,SAN MARTIN,LAMAS,LAMAS,URBANO,sierra,1884.0,13.445
CP079736,0.0005558010822041938,5.558010822041938,7,220502,SAN MARTIN,LAMAS,ALONSO DE ALVARADO,RURAL,sierra,4606.0,32.645
CP079737,0.000194208949170405,1.94208949170405,3,220502,SAN MARTIN,LAMAS,ALONSO DE ALVARADO,RURAL,sierra,4606.0,41.243332
CP079939,6.370842930764737e-05,0.6370842930764736,2,220502,SAN MARTIN,LAMAS,ALONSO DE ALVARADO,URBANO,sierra,3277.0,51.166668
CP080920,0.0,0.0,0,220503,SAN MARTIN,LAMAS,BARRANQUITA,RURAL,selva,3439.0,167.53833
CP079980,0.0,0.0,0,220503,SAN MARTIN,LAMAS,BARRANQUITA,URBANO,selva,759.0,103.81834
CP080936,0.0,0.0,0,220504,SAN MARTIN,LAMAS,CAYNARACHI,RURAL,selva,4073.0,70.355
CP084600,0.0007418377347155359,7.418377347155359,3,220504,SAN MARTIN,LAMAS,CAYNARACHI,URBANO,selva,2939.0,42.62
CP080973,0.00032984406309628377,3.298440630962838,9,220505,SAN MARTIN,LAMAS,CUNUMBUQUI,RURAL,sierra,3378.0,51.93667
CP081736,0.0005534417312520521,5.534417312520521,6,220506,SAN MARTIN,LAMAS,PINTO RECODO,RURAL,sierra,3780.5,30.341667
CP081903,0.0002665138022935648,2.6651380229356483,4,220506,SAN MARTIN,LAMAS,PINTO RECODO,RURAL,sierra,3780.5,37.79
CP081907,0.0007892433343759137,7.892433343759137,6,220506,SAN MARTIN,LAMAS,PINTO RECODO,URBANO,sierra,1004.0,24.835
CP082722,0.0029347502503501047,29.347502503501047,9,220507,SAN MARTIN,LAMAS,RUMISAPA,RURAL,selva,1493.0,15.395
CP081953,0.0031275969750730248,31.275969750730248,9,220507,SAN MARTIN,LAMAS,RUMISAPA,URBANO,selva,509.0,12.628333
CP087502,0.0015641811338037157,15.641811338037158,9,220508,SAN MARTIN,LAMAS,SAN ROQUE DE CUMBAZA,RURAL,sierra,1007.0,20.38
CP084599,0.0014812893850044168,14.812893850044167,9,220508,SAN MARTIN,LAMAS,SAN ROQUE DE CUMBAZA,URBANO,sierra,1168.0,13.445
CP078748,0.0019347528032301624,19.347528032301625,9,220509,SAN MARTIN,LAMAS,SHANAO,RURAL,selva,1479.0,14.066667
CP078784,0.0010759722432599874,10.759722432599874,11,220510,SAN MARTIN,LAMAS,TABALOSOS,RURAL,sierra,3584.0,26.011667
CP078794,0.0013119131930473887,13.119131930473888,9,220510,SAN MARTIN,LAMAS,TABALOSOS,URBANO,selva,1872.0,22.0
CP079769,0.0013672173849814968,13.672173849814968,9,220511,SAN MARTIN,LAMAS,ZAPATERO,RURAL,sierra,4225.0,31.21
CP080771,0.0013501420229934875,13.501420229934874,2,220601,SAN MARTIN,MARISCAL CACERES,JUANJUI,RURAL,selva,3066.0,7.516667
CP079789,0.0016380584358226796,16.380584358226795,2,220601,SAN MARTIN,MARISCAL CACERES,JUANJUI,URBANO,selva,799.0,6.991667
CP081782,0.0,0.0,0,220602,SAN MARTIN,MARISCAL CACERES,CAMPANILLA,RURAL,selva,6277.0,121.94334
CP078815,0.0,0.0,0,220603,SAN MARTIN,MARISCAL CACERES,HUICUNGO,RURAL,selva,3353.0,61.341667
CP079816,0.00040235330818620723,4.023533081862072,1,220604,SAN MARTIN,MARISCAL CACERES,PACHIZA,RURAL,sierra,2784.0,35.606667
CP079608,0.0005433956643394284,5.433956643394284,1,220604,SAN MARTIN,MARISCAL CACERES,PACHIZA,URBANO,selva,701.0,30.111666
CP080622,0.0012763839088553968,12.763839088553969,2,220605,SAN MARTIN,MARISCAL CACERES,PAJARILLO,RURAL,selva,4385.0,12.103333
CP080838,0.0009349695510822168,9.349695510822167,10,220701,SAN MARTIN,PICOTA,PICOTA,RURAL,selva,1648.0,27.576666
CP080841,0.0003368232739771924,3.368232739771924,1,220701,SAN MARTIN,PICOTA,PICOTA,URBANO,selva,834.0,36.665
CP081831,0.0,0.0,0,220702,SAN MARTIN,PICOTA,BUENOS AIRES,RURAL,sierra,2047.0,75.17834
CP081837,0.0001970343793442872,1.970343793442872,5,220702,SAN MARTIN,PICOTA,BUENOS AIRES,URBANO,selva,432.0,55.423332
CP082592,0.0009958834153936773,9.958834153936772,7,220703,SAN MARTIN,PICOTA,CASPISAPA,RURAL,selva,451.0,20.52
CP078867,0.0,0.0,0,220704,SAN MARTIN,PICOTA,PILLUANA,RURAL,selva,63.0,71.17167
CP078869,0.0,0.0,0,220704,SAN MARTIN,PICOTA,PILLUANA,URBANO,selva,355.0,73.045
CP078885,0.0003890937648986651,3.890937648986651,2,220705,SAN MARTIN,PICOTA,PUCACACA,RURAL,selva,913.0,36.195
CP078882,0.0001705097677298086,1.705097677298086,1,220705,SAN MARTIN,PICOTA,PUCACACA,URBANO,selva,896.0,46.501667
CP079663,0.001024053695253552,10.24053695253552,2,220706,SAN MARTIN,PICOTA,SAN CRISTOBAL,RURAL,selva,98.0,15.495
CP079666,0.0003852836684096763,3.8528366840967627,1,220707,SAN MARTIN,PICOTA,SAN HILARION,RURAL,selva,1623.0,34.391666
CP079886,0.0,0.0,0,220708,SAN MARTIN,PICOTA,SHAMBOYACU,RURAL,sierra,4494.0,70.62
CP079888,0.0,0.0,0,220708,SAN MARTIN,PICOTA,SHAMBOYACU,URBANO,selva,841.0,62.84
CP080639,0.0,0.0,0,220709,SAN MARTIN,PICOTA,TINGO DE PONASA,RURAL,sierra,1646.0,80.92667
CP080915,0.00025255992439046545,2.5255992439046544,1,220709,SAN MARTIN,PICOTA,TINGO DE PONASA,URBANO,selva,1945.0,41.113335
CP081135,0.0,0.0,0,220710,SAN MARTIN,PICOTA,TRES UNIDOS,RURAL,sierra,2077.0,120.78667
CP081170,0.0022818699745807223,22.818699745807223,6,220801,SAN MARTIN,RIOJA,RIOJA,RURAL,sierra,2579.0,2.7466667
CP081160,0.0017341447590270762,17.34144759027076,6,220801,SAN MARTIN,RIOJA,RIOJA,URBANO,sierra,1058.0,11.466666
CP082097,0.00033910552492669106,3.391055249266911,3,220802,SAN MARTIN,RIOJA,AWAJUN,RURAL,sierra,4477.0,41.543335
CP082095,4.5029954208183156e-05,0.45029954208183154,2,220802,SAN MARTIN,RIOJA,AWAJUN,URBANO,sierra,1165.0,59.54
CP082115,0.0007963403144289859,7.963403144289859,5,220803,SAN MARTIN,RIOJA,ELIAS SOPLIN VARGAS,RURAL,sierra,3355.0,28.658333
CP082146,0.000922993059351548,9.22993059351548,6,220804,SAN MARTIN,RIOJA,NUEVA CAJAMARCA,RURAL,sierra,3449.5,26.816668
CP082122,0.00053440739135262,5.3440739135262,4,220804,SAN MARTIN,RIOJA,NUEVA CAJAMARCA,RURAL,sierra,3449.5,35.145
CP082134,0.0007923424883862577,7.923424883862577,5,220804,SAN MARTIN,RIOJA,NUEVA CAJAMARCA,URBANO,sierra,4830.0,28.755
CP079191,0.0,0.0,0,220805,SAN MARTIN,RIOJA,PARDO MIGUEL,RURAL,sierra,3980.5,63.035
CP079189,0.0,0.0,0,220805,SAN MARTIN,RIOJA,PARDO MIGUEL,RURAL,sierra,3980.5,68.73333
CP079193,0.0001588424115297878,1.588424115297878,3,220805,SAN MARTIN,RIOJA,PARDO MIGUEL,URBANO,sierra,3867.0,51.22
CP079988,0.0015969338634580017,15.969338634580017,6,220806,SAN MARTIN,RIOJA,POSIC,RURAL,sierra,317.0,14.025
CP080196,0.0003470361002773747,3.4703610027737466,3,220807,SAN MARTIN,RIOJA,SAN FERNANDO,RURAL,sierra,1945.0,41.213333
CP080208,0.00048265153537809175,4.826515353780917,3,220808,SAN MARTIN,RIOJA,YORONGOS,RURAL,sierra,920.0,36.548332
CP080214,0.0007145451005541628,7.145451005541628,5,220809,SAN MARTIN,RIOJA,YURACYACU,RURAL,sierra,794.0,30.681667
CP080223,0.00353462008155175,35.3462008155175,9,220901,SAN MARTIN,SAN MARTIN,TARAPOTO,RURAL,selva,497.0,8.92
CP080221,0.003487369972446772,34.87369972446772,9,220901,SAN MARTIN,SAN MARTIN,TARAPOTO,URBANO,selva,469.0,9.855
CP080231,0.0005725568273871549,5.7255682738715485,8,220902,SAN MARTIN,SAN MARTIN,ALBERTO LEVEAU,RURAL,selva,469.0,44.463333
CP087055,0.003736119108617309,37.36119108617309,9,220903,SAN MARTIN,SAN MARTIN,CACATACHI,RURAL,selva,655.0,2.465
CP081211,0.0,0.0,0,220904,SAN MARTIN,SAN MARTIN,CHAZUTA,RURAL,selva,2872.0,64.06834
CP081227,0.000458810305752594,4.58810305752594,8,220904,SAN MARTIN,SAN MARTIN,CHAZUTA,URBANO,selva,1560.0,47.246666
CP078981,0.0,0.0,0,220905,SAN MARTIN,SAN MARTIN,CHIPURANA,RURAL,selva,411.0,144.025
CP078986,0.0,0.0,0,220905,SAN MARTIN,SAN MARTIN,CHIPURANA,URBANO,selva,962.0,175.07834
CP078997,0.0,0.0,0,220906,SAN MARTIN,SAN MARTIN,EL PORVENIR,RURAL,selva,1021.0,129.23334
CP079003,0.0,0.0,0,220907,SAN MARTIN,SAN MARTIN,HUIMBAYOC,RURAL,selva,2141.0,143.78
CP079011,0.0,0.0,0,220907,SAN MARTIN,SAN MARTIN,HUIMBAYOC,URBANO,selva,975.0,167.74
CP081964,0.0023520033157862236,23.520033157862237,9,220908,SAN MARTIN,SAN MARTIN,JUAN GUERRA,RURAL,selva,189.0,22.215
CP081983,0.001313820125838662,13.138201258386621,9,220909,SAN MARTIN,SAN MARTIN,LA BANDA DE SHILCAYO,RURAL,sierra,2561.0,31.955
CP081994,0.003550059473233797,35.50059473233797,9,220909,SAN MARTIN,SAN MARTIN,LA BANDA DE SHILCAYO,URBANO,selva,1547.0,5.7266665
CP080000,0.00368227589607276,36.8227589607276,9,220910,SAN MARTIN,SAN MARTIN,MORALES,RURAL,selva,687.0,5.431667
CP080028,0.0,0.0,0,220911,SAN MARTIN,SAN MARTIN,PAPAPLAYA,RURAL,selva,1338.0,135.68
CP086202,0.0027933248936471418,27.93324893647142,9,220912,SAN MARTIN,SAN MARTIN,SAN ANTONIO,RURAL,sierra,186.0,15.52
CP080032,0.003263430857642269,32.63430857642269,9,220912,SAN MARTIN,SAN MARTIN,SAN ANTONIO,URBANO,sierra,535.0,9.051666
CP080042,0.0,0.0,0,220913,SAN MARTIN,SAN MARTIN,SAUCE,RURAL,sierra,2256.0,64.315
CP078854,0.0002673353770118785,2.673353770118785,8,220913,SAN MARTIN,SAN MARTIN,SAUCE,URBANO,sierra,491.0,53.455
CP079029,0.0005977978329165286,5.9779783291652855,8,220914,SAN MARTIN,SAN MARTIN,SHAPAJA,RURAL,selva,144.0,43.90167
CP079057,0.0006808611065801115,6.808611065801116,1,221001,SAN MARTIN,TOCACHE,TOCACHE,RURAL,sierra,3764.0,4.415
CP081958,0.0005502452959857218,5.5024529598572185,1,221001,SAN MARTIN,TOCACHE,TOCACHE,RURAL,selva,3764.0,16.596666
CP079041,0.0005445370993179288,5.445370993179288,1,221001,SAN MARTIN,TOCACHE,TOCACHE,RURAL,selva,3764.0,16.97
CP079042,0.0005906474568757084,5.906474568757084,1,221001,SAN MARTIN,TOCACHE,TOCACHE,URBANO,sierra,2712.0,13.795
CP082176,9.567727269265294e-05,0.9567727269265294,1,221002,SAN MARTIN,TOCACHE,NUEVO PROGRESO,RURAL,sierra,4067.0,48.761665
CP082170,0.00027960271774236944,2.7960271774236944,1,221002,SAN MARTIN,TOCACHE,NUEVO PROGRESO,RURAL,sierra,4067.0,33.0
CP080998,8.095846806541822e-05,0.8095846806541822,1,221003,SAN MARTIN,TOCACHE,POLVORA,RURAL,sierra,3849.5,50.77833
CP079855,0.00018381052067449477,1.8381052067449477,1,221003,SAN MARTIN,TOCACHE,POLVORA,RURAL,sierra,3849.5,39.913334
CP080993,0.00030569700735459877,3.0569700735459877,1,221003,SAN MARTIN,TOCACHE,POLVORA,URBANO,selva,2276.0,31.333334
CP080055,0.00020079409499304106,2.007940949930411,1,221004,SAN MARTIN,TOCACHE,SHUNTE,RURAL,sierra,858.0,38.56
CP080079,0.000231708743023156,2.31708743023156,1,221005,SAN MARTIN,TOCACHE,UCHIZA,RURAL,sierra,3632.6666666666665,36.26
CP085040,0.00021705779944849042,2.170577994484904,1,221005,SAN MARTIN,TOCACHE,UCHIZA,RURAL,sierra,3632.6666666666665,37.326668
CP080070,0.0005584034819335162,5.584034819335161,1,221005,SAN MARTIN,TOCACHE,UCHIZA,RURAL,sierra,3632.6666666666665,16.055
CP080072,0.0005008205619066784,5.008205619066785,1,221005,SAN MARTIN,TOCACHE,UCHIZA,URBANO,sierra,571.0,19.711666
CP084507,0.0012007712391349944,12.007712391349944,4,230101,TACNA,TACNA,TACNA,RURAL,costa,6035.0,7.318333
CP082901,0.0008431708695947624,8.431708695947624,4,230102,TACNA,TACNA,ALTO DE LA ALIANZA,RURAL,sierra,622.0,20.771667
CP085287,0.001014613660334494,10.14613660334494,4,230103,TACNA,TACNA,CALANA,RURAL,sierra,2604.0,12.105
CP083008,0.0011337319089863539,11.337319089863538,4,230104,TACNA,TACNA,CIUDAD NUEVA,RURAL,sierra,6.0,12.09
CP083151,0.00015550932833233782,1.5550932833233782,4,230105,TACNA,TACNA,INCLAN,RURAL,sierra,3277.0,47.878334
CP083173,0.00031666610820930274,3.1666610820930274,4,230106,TACNA,TACNA,PACHIA,RURAL,sierra,1583.0,35.406666
CP083401,0.0,0.0,0,230107,TACNA,TACNA,PALCA,RURAL,sierra,1321.0,139.4
CP084752,0.0012846764687539896,12.846764687539896,4,230108,TACNA,TACNA,POCOLLAY,RURAL,sierra,1228.0,6.385
CP083517,0.0,0.0,0,230109,TACNA,TACNA,SAMA,RURAL,costa,648.0,65.07333
CP080679,0.00012279045442870163,1.2279045442870162,4,230109,TACNA,TACNA,SAMA,URBANO,costa,1099.0,48.995
CP083776,0.0010461249096280715,10.461249096280715,4,230110,TACNA,TACNA,CORONEL GREGORIO ALBARRACIN LANCHIPA,RURAL,costa,131.0,13.766666
CP084026,0.0,0.0,0,230201,TACNA,CANDARAVE,CANDARAVE,RURAL,sierra,1237.0,133.24
CP083949,0.0,0.0,0,230201,TACNA,CANDARAVE,CANDARAVE,URBANO,sierra,683.0,186.645
CP084194,0.0,0.0,0,230202,TACNA,CANDARAVE,CAIRANI,RURAL,sierra,492.0,154.19833
CP084197,0.0,0.0,0,230202,TACNA,CANDARAVE,CAIRANI,URBANO,sierra,259.0,160.10333
CP084278,0.0,0.0,0,230203,TACNA,CANDARAVE,CAMILACA,RURAL,sierra,625.0,150.39166
CP084285,0.0,0.0,0,230203,TACNA,CANDARAVE,CAMILACA,URBANO,sierra,828.0,135.32834
CP084294,0.0,0.0,0,230204,TACNA,CANDARAVE,CURIBAYA,RURAL,sierra,68.0,134.255
CP084298,0.0,0.0,0,230205,TACNA,CANDARAVE,HUANUARA,RURAL,sierra,73.0,155.80333
CP084440,0.0,0.0,0,230206,TACNA,CANDARAVE,QUILAHUANI,RURAL,sierra,470.0,177.17667
CP082802,0.0,0.0,0,230301,TACNA,JORGE BASADRE,LOCUMBA,RURAL,sierra,1188.0,90.425
CP082828,0.0,0.0,0,230302,TACNA,JORGE BASADRE,ILABAYA,RURAL,sierra,843.0,131.97
CP082826,0.0,0.0,0,230302,TACNA,JORGE BASADRE,ILABAYA,URBANO,sierra,944.0,150.31833
CP083062,6.03058562725644e-05,0.6030585627256441,2,230303,TACNA,JORGE BASADRE,ITE,RURAL,costa,1694.0,56.90333
CP082991,0.0,0.0,0,230303,TACNA,JORGE BASADRE,ITE,URBANO,costa,616.0,67.98333
CP083073,0.0,0.0,0,230401,TACNA,TARATA,TARATA,RURAL,sierra,732.0,194.18666
CP083352,0.0,0.0,0,230402,TACNA,TARATA,HEROES ALBARRACIN,RURAL,sierra,298.0,122.723335
CP083360,0.0,0.0,0,230403,TACNA,TARATA,ESTIQUE,RURAL,sierra,289.0,83.17167
CP083491,0.0,0.0,0,230404,TACNA,TARATA,ESTIQUE-PAMPA,RURAL,sierra,10.0,61.085
CP083495,0.0,0.0,0,230405,TACNA,TARATA,SITAJARA,RURAL,sierra,109.0,146.09
CP083592,0.0,0.0,0,230406,TACNA,TARATA,SUSAPAYA,RURAL,sierra,190.0,206.98666
CP083595,0.0,0.0,0,230406,TACNA,TARATA,SUSAPAYA,URBANO,sierra,238.0,166.285
CP083707,0.0,0.0,0,230407,TACNA,TARATA,TARUCACHI,RURAL,sierra,18.0,110.03167
CP083718,0.0,0.0,0,230408,TACNA,TARATA,TICACO,RURAL,sierra,74.0,229.46333
CP085173,0.0011708988806396117,11.708988806396116,3,240101,TUMBES,TUMBES,TUMBES,RURAL,costa,479.0,7.16
CP083744,0.0010297684724395735,10.297684724395735,3,240102,TUMBES,TUMBES,CORRALES,RURAL,costa,4057.0,11.783334
CP083748,0.001099354102549908,10.99354102549908,3,240102,TUMBES,TUMBES,CORRALES,URBANO,costa,873.0,9.253333
CP083753,0.0009827763815652155,9.827763815652155,3,240103,TUMBES,TUMBES,LA CRUZ,RURAL,costa,353.0,13.383333
CP083888,0.0003987897595018997,3.987897595018997,3,240104,TUMBES,TUMBES,PAMPAS DE HOSPITAL,RURAL,costa,3848.0,35.888332
CP083959,0.0010609086660447256,10.609086660447256,3,240105,TUMBES,TUMBES,SAN JACINTO,RURAL,costa,4102.0,10.68
CP083967,0.0006402396522534781,6.402396522534781,3,240105,TUMBES,TUMBES,SAN JACINTO,URBANO,costa,1478.0,25.363333
CP083984,0.001247678792792026,12.47678792792026,3,240106,TUMBES,TUMBES,SAN JUAN DE LA VIRGEN,RURAL,costa,1344.0,6.575
CP083986,0.0010947713808168204,10.947713808168205,3,240106,TUMBES,TUMBES,SAN JUAN DE LA VIRGEN,URBANO,costa,1272.0,13.253333
CP083999,0.00017264029916696345,1.7264029916696344,3,240201,TUMBES,CONTRALMIRANTE VILLAR,ZORRITOS,RURAL,costa,836.0,44.575
CP083991,0.0007745486741108007,7.7454867411080075,3,240201,TUMBES,CONTRALMIRANTE VILLAR,ZORRITOS,URBANO,costa,3079.0,20.021667
CP084106,0.0,0.0,0,240202,TUMBES,CONTRALMIRANTE VILLAR,CASITAS,RURAL,costa,1891.0,64.54
CP084211,0.0,0.0,0,240203,TUMBES,CONTRALMIRANTE VILLAR,CANOAS DE PUNTA SAL,RURAL,costa,1003.0,61.14
CP084216,0.000728690912785004,7.2869091278500395,3,240301,TUMBES,ZARUMILLA,ZARUMILLA,RURAL,costa,125.0,24.23
CP084222,0.0008077942297391122,8.077942297391122,3,240302,TUMBES,ZARUMILLA,AGUAS VERDES,RURAL,costa,1422.0,21.805
CP084234,0.00038255055446364975,3.8255055446364974,3,240303,TUMBES,ZARUMILLA,MATAPALO,RURAL,costa,1225.0,36.796665
CP084247,0.00035342296038355246,3.5342296038355245,3,240304,TUMBES,ZARUMILLA,PAPAYAL,RURAL,costa,935.0,37.301666
CP084243,0.0006265564023567283,6.265564023567284,3,240304,TUMBES,ZARUMILLA,PAPAYAL,URBANO,costa,3294.0,27.431667
CP084467,0.0,0.0,0,250101,UCAYALI,CORONEL PORTILLO,CALLERIA,RURAL,selva,4657.0,
CP087434,0.0,0.0,0,250101,UCAYALI,CORONEL PORTILLO,CALLERIA,RURAL,selva,4657.0,61.693333
CP084760,0.0,0.0,0,250101,UCAYALI,CORONEL PORTILLO,CALLERIA,RURAL,selva,4657.0,69.94
CP082768,0.0007489458430544673,7.489458430544673,5,250102,UCAYALI,CORONEL PORTILLO,CAMPOVERDE,RURAL,selva,3857.6666666666665,20.933332
CP082759,0.0,0.0,0,250102,UCAYALI,CORONEL PORTILLO,CAMPOVERDE,RURAL,selva,3857.6666666666665,70.68166
CP082874,7.221783117551999e-05,0.7221783117551999,4,250102,UCAYALI,CORONEL PORTILLO,CAMPOVERDE,RURAL,selva,3857.6666666666665,51.951668
CP084626,0.00012498980990277553,1.2498980990277553,5,250102,UCAYALI,CORONEL PORTILLO,CAMPOVERDE,URBANO,selva,669.0,48.525
CP083022,0.0,0.0,0,250103,UCAYALI,CORONEL PORTILLO,IPARIA,RURAL,selva,5156.0,
CP083021,0.0,0.0,0,250103,UCAYALI,CORONEL PORTILLO,IPARIA,RURAL,selva,5156.0,
CP083293,0.0,0.0,0,250104,UCAYALI,CORONEL PORTILLO,MASISEA,RURAL,selva,4517.0,91.388336
CP083296,0.0,0.0,0,250104,UCAYALI,CORONEL PORTILLO,MASISEA,RURAL,selva,4517.0,97.21667
CP083306,0.0,0.0,0,250104,UCAYALI,CORONEL PORTILLO,MASISEA,URBANO,selva,390.0,164.20334
CP083540,0.007069898110036877,70.69898110036877,6,250105,UCAYALI,CORONEL PORTILLO,YARINACOCHA,RURAL,selva,4295.5,50.161667
CP083643,0.002345778101208516,23.45778101208516,6,250105,UCAYALI,CORONEL PORTILLO,YARINACOCHA,RURAL,selva,4295.5,16.931667
CP083559,0.001346866111302232,13.46866111302232,6,250105,UCAYALI,CORONEL PORTILLO,YARINACOCHA,URBANO,selva,3630.0,16.658333
CP083905,0.0,0.0,0,250106,UCAYALI,CORONEL PORTILLO,NUEVA REQUENA,RURAL,selva,3127.0,62.093334
CP083932,0.0006210295791615776,6.210295791615776,5,250107,UCAYALI,CORONEL PORTILLO,MANANTAY,RURAL,selva,2719.0,30.056667
CP084173,0.0013682791398527527,13.682791398527527,1,250201,UCAYALI,ATALAYA,RAYMONDI,RURAL,selva,4284.0,5.4366665
CP084188,0.0,0.0,0,250201,UCAYALI,ATALAYA,RAYMONDI,RURAL,sierra,4284.0,191.95166
CP084164,0.00013411383013393533,1.3411383013393532,1,250201,UCAYALI,ATALAYA,RAYMONDI,RURAL,selva,4284.0,53.11
CP084382,0.0,0.0,0,250201,UCAYALI,ATALAYA,RAYMONDI,RURAL,sierra,4284.0,182.765
CP084396,0.0,0.0,0,250201,UCAYALI,ATALAYA,RAYMONDI,URBANO,sierra,1824.0,180.63167
CP082938,0.0,0.0,0,250202,UCAYALI,ATALAYA,SEPAHUA,RURAL,selva,3599.0,
CP082981,0.0,0.0,0,250203,UCAYALI,ATALAYA,TAHUANIA,RURAL,selva,6096.0,
CP083216,0.0,0.0,0,250204,UCAYALI,ATALAYA,YURUA,RURAL,selva,1393.0,
CP083229,0.0,0.0,0,250301,UCAYALI,PADRE ABAD,PADRE ABAD,RURAL,selva,4872.5,154.63
CP083453,0.0,0.0,0,250301,UCAYALI,PADRE ABAD,PADRE ABAD,RURAL,sierra,4872.5,64.808334
CP083687,7.727648183378134e-05,0.7727648183378134,4,250302,UCAYALI,PADRE ABAD,IRAZOLA,RURAL,selva,5131.5,51.196667
CP083695,2.3508292042134e-05,0.23508292042134,1,250302,UCAYALI,PADRE ABAD,IRAZOLA,RURAL,selva,5131.5,59.428333
CP083839,0.0,0.0,0,250303,UCAYALI,PADRE ABAD,CURIMANA,RURAL,selva,4129.0,89.57166
CP083878,0.0,0.0,0,250401,UCAYALI,PURUS,PURUS,RURAL,selva,2495.0,
