department,province,district,ubigeo,poblacion,sfca_index_per_10k,t_medio_min,n_facilities_in_catchment
AMAZONAS,BAGUA,ARAMANGO,010202,11886.0,3.6343035296662585,41.85584089445565,6.0
AMAZONAS,BAGUA,BAGUA,010201,24725.0,29.297369033993196,4.611437065464106,13.0
AMAZONAS,BAGUA,COPALLIN,010203,6347.0,23.21827305950668,19.50288196581062,6.0
AMAZONAS,BAGUA,EL PARCO,010204,1292.0,24.22689844731859,8.650783007198143,13.0
AMAZONAS,BAGUA,IMAZA,010205,22858.0,0.7882735144469083,71.35887820649225,0.0
AMAZONAS,BAGUA,LA PECA,010206,7379.0,11.982598086080262,20.77599276040114,6.0
AMAZONAS,BONGARA,CHISQUILLA,010302,346.0,0.0,107.64636072254335,0.0
AMAZONAS,BONGARA,CHURUJA,010303,272.0,3.5476056130021396,55.24347994117647,2.0
AMAZONAS,BONGARA,COROSHA,010304,721.0,0.0,109.36608690152565,0.0
AMAZONAS,BONGARA,CUISPES,010305,782.0,0.0,76.61031969309464,0.0
AMAZONAS,BONGARA,FLORIDA,010306,6293.0,0.0,85.4616133147942,0.0
AMAZONAS,BONGARA,JAZAN,010307,8659.0,0.0,66.80322710243676,0.0
AMAZONAS,BONGARA,JUMBILLA,010301,1573.0,0.0,100.07007196948507,0.0
AMAZONAS,BONGARA,RECTA,010308,245.0,0.0,93.10782400000001,0.0
AMAZONAS,BONGARA,SAN CARLOS,010309,367.0,0.0,73.38300817438692,0.0
AMAZONAS,BONGARA,SHIPASBAMBA,010310,1350.0,2.666049152893245,93.07971177333333,2.5
AMAZONAS,BONGARA,VALERA,010311,1262.0,0.5592363677889046,58.801307448494455,1.0
AMAZONAS,BONGARA,YAMBRASBAMBA,010312,6083.0,0.0,134.6294985878678,0.0
AMAZONAS,CHACHAPOYAS,ASUNCION,010102,289.0,0.0,78.2022219031142,0.0
AMAZONAS,CHACHAPOYAS,BALSAS,010103,1404.0,0.0,146.87509665242166,0.0
AMAZONAS,CHACHAPOYAS,CHACHAPOYAS,010101,24217.0,49.21456633198703,1.2556961223520666,2.0
AMAZONAS,CHACHAPOYAS,CHETO,010104,582.0,23.816907025224463,31.201717979381442,3.0
AMAZONAS,CHACHAPOYAS,CHILIQUIN,010105,851.0,0.0,90.77659632197415,0.0
AMAZONAS,CHACHAPOYAS,CHUQUIBAMBA,010106,2074.0,0.0,142.20635708293153,0.0
AMAZONAS,CHACHAPOYAS,GRANADA,010107,426.0,0.0,65.22330984741785,0.0
AMAZONAS,CHACHAPOYAS,HUANCAS,010108,1138.0,43.65169799783616,11.208560673110721,2.0
AMAZONAS,CHACHAPOYAS,LA JALCA,010109,5506.0,0.0,82.08280829822012,0.0
AMAZONAS,CHACHAPOYAS,LEIMEBAMBA,010110,3918.0,0.0,92.66588551301685,0.0
AMAZONAS,CHACHAPOYAS,LEVANTO,010111,1022.0,29.994925985989937,24.603028200587083,2.0
AMAZONAS,CHACHAPOYAS,MAGDALENA,010112,900.0,9.178115365573388,48.09616487555555,1.0
AMAZONAS,CHACHAPOYAS,MARISCAL CASTILLA,010113,1132.0,0.0,75.19459979240283,0.0
AMAZONAS,CHACHAPOYAS,MOLINOPAMPA,010114,2731.0,21.6551330552719,30.98723954412303,3.0
AMAZONAS,CHACHAPOYAS,MONTEVIDEO,010115,691.0,0.0,73.79171334587555,0.0
AMAZONAS,CHACHAPOYAS,OLLEROS,010116,355.0,0.0,98.59176545352113,0.0
AMAZONAS,CHACHAPOYAS,QUINJALCA,010117,934.0,10.694870659224021,46.02036147751606,1.5
AMAZONAS,CHACHAPOYAS,SAN FRANCISCO DE DAGUAS,010118,299.0,37.503172660160004,21.4142586722408,3.0
AMAZONAS,CHACHAPOYAS,SAN ISIDRO DE MAINO,010119,686.0,14.52823264329432,39.88505797084549,2.0
AMAZONAS,CHACHAPOYAS,SOLOCO,010120,1413.0,24.086958484100204,29.851628198159943,2.5
AMAZONAS,CHACHAPOYAS,SONCHE,010121,234.0,21.514674105600083,34.61743712820513,2.5
AMAZONAS,CONDORCANQUI,EL CENEPA,010402,8723.0,1.8386761317281115,39.605,0.0
AMAZONAS,CONDORCANQUI,NIEVA,010401,22115.0,11.193562578313017,17.707921054768256,1.0
AMAZONAS,CONDORCANQUI,RIO SANTIAGO,010403,12696.0,0.0,,0.0
AMAZONAS,LUYA,CAMPORREDONDO,010502,6076.0,0.0,141.94989596938774,0.0
AMAZONAS,LUYA,COCABAMBA,010503,2242.0,0.0,145.15564923728815,0.0
AMAZONAS,LUYA,COLCAMAR,010504,2853.0,9.512217621655715,43.51843449421661,2.0
AMAZONAS,LUYA,CONILA,010505,2033.0,0.0,98.70230807181504,0.0
AMAZONAS,LUYA,INGUILPATA,010506,694.0,15.559934641759753,36.33423188760807,2.0
AMAZONAS,LUYA,LAMUD,010501,2319.0,4.9779593917053155,51.9005608538163,1.0
AMAZONAS,LUYA,LONGUITA,010507,946.0,0.0,63.26399488372093,0.0
AMAZONAS,LUYA,LONYA CHICO,010508,1054.0,5.496439222272617,57.720108187855786,1.0
AMAZONAS,LUYA,LUYA,010509,4153.0,5.997508591492653,49.794194726703594,2.0
AMAZONAS,LUYA,LUYA VIEJO,010510,482.0,0.0,94.48278020746889,0.0
AMAZONAS,LUYA,MARIA,010511,857.0,0.0,80.39057904317384,0.0
AMAZONAS,LUYA,OCALLI,010512,3622.0,0.0,160.41850808669244,0.0
AMAZONAS,LUYA,OCUMAL,010513,3781.0,0.0,131.1214218095742,0.0
AMAZONAS,LUYA,PISUQUIA,010514,5432.0,0.0,173.57856240979382,0.0
AMAZONAS,LUYA,PROVIDENCIA,010515,1448.0,0.0,184.30182581491712,0.0
AMAZONAS,LUYA,SAN CRISTOBAL,010516,707.0,2.0760148033287087,58.85670438472419,1.0
AMAZONAS,LUYA,SAN FRANCISCO DEL YESO,010517,793.0,0.0,90.35779982345524,0.0
AMAZONAS,LUYA,SAN JERONIMO,010518,971.0,0.0,76.67865556127704,0.0
AMAZONAS,LUYA,SAN JUAN DE LOPECANCHA,010519,553.0,0.5709386452515781,73.31121784810125,1.0
AMAZONAS,LUYA,SANTA CATALINA,010520,1705.0,0.0,78.2323108504399,0.0
AMAZONAS,LUYA,SANTO TOMAS,010521,3725.0,0.0,81.49602382013423,0.0
AMAZONAS,LUYA,TINGO,010522,1260.0,6.3069231916236195,50.59926064285714,2.0
AMAZONAS,LUYA,TRITA,010523,1299.0,0.0,62.13580903233256,0.0
AMAZONAS,RODRIGUEZ DE MENDOZA,CHIRIMOTO,010602,1842.0,6.07690952872518,33.676666,1.0
AMAZONAS,RODRIGUEZ DE MENDOZA,COCHAMAL,010603,545.0,11.861609416014618,18.16372770091743,1.0
AMAZONAS,RODRIGUEZ DE MENDOZA,HUAMBO,010604,3291.0,14.872189694470793,6.5201762382254635,1.0
AMAZONAS,RODRIGUEZ DE MENDOZA,LIMABAMBA,010605,2629.0,2.518086582190763,51.34241987675922,1.0
AMAZONAS,RODRIGUEZ DE MENDOZA,LONGAR,010606,1767.0,11.260838643687226,18.990006020373514,1.0
AMAZONAS,RODRIGUEZ DE MENDOZA,MARISCAL BENAVIDES,010607,1713.0,18.6950229416518,5.925083484997081,3.0
AMAZONAS,RODRIGUEZ DE MENDOZA,MILPUC,010608,1032.0,8.13902571650058,28.03357558139535,1.0
AMAZONAS,RODRIGUEZ DE MENDOZA,OMIA,010609,7261.0,8.737869813807821,26.30594148519488,1.0
AMAZONAS,RODRIGUEZ DE MENDOZA,SAN NICOLAS,010601,4914.0,15.563472797785623,1.6768233875132275,1.0
AMAZONAS,RODRIGUEZ DE MENDOZA,SANTA ROSA,010610,540.0,12.753091724436048,15.565074074074072,1.0
AMAZONAS,RODRIGUEZ DE MENDOZA,TOTORA,010611,490.0,8.98336517328129,25.777713799999997,1.0
AMAZONAS,RODRIGUEZ DE MENDOZA,VISTA ALEGRE,010612,1371.0,2.879914653165607,50.05335938730854,3.0
AMAZONAS,UTCUBAMBA,BAGUA GRANDE,010701,47295.0,27.0971940741497,13.742248377587483,9.5
AMAZONAS,UTCUBAMBA,CAJARURO,010702,26388.0,6.338297633093754,46.57466493305669,4.0
AMAZONAS,UTCUBAMBA,CUMBA,010703,9012.0,1.876411088496845,63.714147113959164,9.0
AMAZONAS,UTCUBAMBA,EL MILAGRO,010704,5651.0,31.099167225646497,6.622064062289859,13.0
AMAZONAS,UTCUBAMBA,JAMALCA,010705,7554.0,2.1597483139397915,55.71173406142441,4.0
AMAZONAS,UTCUBAMBA,LONYA GRANDE,010706,9458.0,0.0,95.15547222034257,0.0
AMAZONAS,UTCUBAMBA,YAMON,010707,3020.0,0.0,71.3347734397351,0.0
ANCASH,AIJA,AIJA,020201,2064.0,0.0,64.500358936531,0.0
ANCASH,AIJA,CORIS,020202,2145.0,0.0,83.71112243356643,0.0
ANCASH,AIJA,HUACLLAN,020203,556.0,0.0,102.7206701438849,0.0
ANCASH,AIJA,LA MERCED,020204,2371.0,0.0,65.57156571488824,0.0
ANCASH,AIJA,SUCCHA,020205,905.0,0.0,90.88654030939227,0.0
ANCASH,ANTONIO RAYMONDI,ACZO,020302,2378.0,1.8950456266342612,53.7013387804878,0.5
ANCASH,ANTONIO RAYMONDI,CHACCHO,020303,1951.0,0.0,134.34291294976936,0.0
ANCASH,ANTONIO RAYMONDI,CHINGAS,020304,2088.0,0.0,102.55058306034482,0.0
ANCASH,ANTONIO RAYMONDI,LLAMELLIN,020301,3849.0,0.0,101.12738358586644,0.0
ANCASH,ANTONIO RAYMONDI,MIRGAS,020305,5235.0,0.0,133.84690252722064,0.0
ANCASH,ANTONIO RAYMONDI,SAN JUAN DE RONTOY,020306,1596.0,0.0,89.78696136340851,0.0
ANCASH,ASUNCION,ACOCHACA,020402,3763.0,0.0,112.96895757693329,0.0
ANCASH,ASUNCION,CHACAS,020401,5431.0,0.0,115.76614533677038,0.0
ANCASH,BOLOGNESI,ABELARDO PARDO LEZAMETA,020502,678.0,0.0,110.4495643539823,0.0
ANCASH,BOLOGNESI,ANTONIO RAYMONDI,020503,1273.0,0.0,69.52678873527101,0.0
ANCASH,BOLOGNESI,AQUIA,020504,2743.0,0.0,90.42402930003645,0.0
ANCASH,BOLOGNESI,CAJACAY,020505,1686.0,0.21270529299235366,57.73542704626334,0.5
ANCASH,BOLOGNESI,CANIS,020506,691.0,0.0,119.83521175397973,0.0
ANCASH,BOLOGNESI,CHIQUIAN,020501,4172.0,0.08486230845172267,64.44849613566635,0.0
ANCASH,BOLOGNESI,COLQUIOC,020507,3096.0,1.8125270600894257,51.222962636950896,4.0
ANCASH,BOLOGNESI,HUALLANCA,020508,8295.0,0.0,105.70522983990355,0.0
ANCASH,BOLOGNESI,HUASTA,020509,2454.0,0.0,98.76031947636511,0.0
ANCASH,BOLOGNESI,HUAYLLACAYAN,020510,1279.0,0.0,98.91997581704456,0.0
ANCASH,BOLOGNESI,LA PRIMAVERA,020511,657.0,0.0,218.35219178082193,0.0
ANCASH,BOLOGNESI,MANGAS,020512,568.0,0.0,228.5897932746479,0.0
ANCASH,BOLOGNESI,PACLLON,020513,1522.0,0.0,116.61233727989489,0.0
ANCASH,BOLOGNESI,SAN MIGUEL DE CORPANQUI,020514,777.0,0.0,92.49067490347491,0.0
ANCASH,BOLOGNESI,TICLLOS,020515,978.0,0.0,76.77544760736195,0.0
ANCASH,CARHUAZ,ACOPAMPA,020602,2488.0,12.706490567868714,3.9720907961816723,7.5
ANCASH,CARHUAZ,AMASHCA,020603,1647.0,5.182578030609771,18.44717784456588,5.0
ANCASH,CARHUAZ,ANTA,020604,2314.0,10.957967607278963,18.742202290406226,8.0
ANCASH,CARHUAZ,ATAQUERO,020605,1498.0,6.683695385032099,17.146886453271026,7.0
ANCASH,CARHUAZ,CARHUAZ,020601,13826.0,7.7825522477677325,14.698417108230869,7.0
ANCASH,CARHUAZ,MARCARA,020606,8604.0,6.665340372429266,21.77212139702464,7.0
ANCASH,CARHUAZ,PARIAHUANCA,020607,1501.0,13.499517274489694,17.019744948034646,8.0
ANCASH,CARHUAZ,SAN MIGUEL DE ACO,020608,2552.0,9.002448525410742,29.914056657523513,7.5
ANCASH,CARHUAZ,SHILLA,020609,3280.0,6.901079850532032,13.91053041859756,7.0
ANCASH,CARHUAZ,TINCO,020610,2939.0,12.783679478092504,4.24441692477033,7.0
ANCASH,CARHUAZ,YUNGAR,020611,3159.0,16.75755215979274,15.474340057296612,8.0
ANCASH,CARLOS FERMIN FITZCARRALD,SAN LUIS,020701,12235.0,0.0,114.86375067772784,0.0
ANCASH,CARLOS FERMIN FITZCARRALD,SAN NICOLAS,020702,3885.0,0.0,185.53763801801804,0.0
ANCASH,CARLOS FERMIN FITZCARRALD,YAUYA,020703,5702.0,0.0,160.05314986846722,0.0
ANCASH,CASMA,BUENA VISTA ALTA,020802,3937.0,3.3492438826303546,15.943236840741681,1.0
ANCASH,CASMA,CASMA,020801,29188.0,4.177708763965028,1.8479285025274086,1.0
ANCASH,CASMA,COMANDANTE NOEL,020803,2029.0,4.322383594764308,10.696019908329227,1.0
ANCASH,CASMA,YAUTAN,020804,7727.0,1.6573503752592418,33.45111358586774,1.0
ANCASH,CORONGO,ACO,020902,543.0,0.0,105.82405744014733,0.0
ANCASH,CORONGO,BAMBAS,020903,500.0,0.0,127.36196894,0.0
ANCASH,CORONGO,CORONGO,020901,1824.0,0.0,102.75057235197369,0.0
ANCASH,CORONGO,CUSCA,020904,2792.0,3.6664844557181664,51.169883588825215,0.5
ANCASH,CORONGO,LA PAMPA,020905,1173.0,0.0,69.36108219778346,0.0
ANCASH,CORONGO,YANAC,020906,747.0,2.3933283319557956,49.367933819277106,1.0
ANCASH,CORONGO,YUPAN,020907,759.0,0.0,105.12623060079049,0.0
ANCASH,HUARAZ,COCHABAMBA,020102,2060.0,0.0,79.60133700970873,0.0
ANCASH,HUARAZ,COLCABAMBA,020103,653.0,0.3058464834906737,66.44287208269526,0.5
ANCASH,HUARAZ,HUANCHAY,020104,2517.0,0.0,88.3250909749702,0.0
ANCASH,HUARAZ,HUARAZ,020101,56261.0,19.60354254628667,4.2093714436963445,7.0
ANCASH,HUARAZ,INDEPENDENCIA,020105,62936.99999999999,18.87193004820522,5.401280109803455,6.0
ANCASH,HUARAZ,JANGAS,020106,4403.0,13.359244728375606,22.050896936861232,7.0
ANCASH,HUARAZ,LA LIBERTAD,020107,1294.0,0.0,83.61017077279752,0.0
ANCASH,HUARAZ,OLLEROS,020108,2581.0,15.015080266229445,13.883895609066252,6.0
ANCASH,HUARAZ,PAMPAS,020109,1320.0,0.0,113.01444881818183,0.0
ANCASH,HUARAZ,PARIACOTO,020110,4461.0,0.9930139523326112,41.787681013225736,1.0
ANCASH,HUARAZ,PIRA,020111,3853.0,1.9753779363024404,50.44599917726447,4.0
ANCASH,HUARAZ,TARICA,020112,5344.0,16.831010907974154,16.13797765793413,8.0
ANCASH,HUARI,ANRA,021002,1800.0,0.0,78.90604444444445,0.0
ANCASH,HUARI,CAJAY,021003,3018.0,11.854673083144364,15.831804464214711,1.0
ANCASH,HUARI,CHAVIN DE HUANTAR,021004,9088.0,3.324050132506211,42.67109834066901,1.0
ANCASH,HUARI,HUACACHI,021005,2115.0,0.0,69.15212347044917,0.0
ANCASH,HUARI,HUACCHIS,021006,2055.0,0.0,133.93615272506082,0.0
ANCASH,HUARI,HUACHIS,021007,3758.0,1.817953484475281,72.39654565566791,1.0
ANCASH,HUARI,HUANTAR,021008,3010.0,4.786886086653396,36.74405315614618,1.0
ANCASH,HUARI,HUARI,021001,9751.0,10.825229739778523,16.300928111937235,1.0
ANCASH,HUARI,MASIN,021009,1948.0,7.2027108301755165,29.449709914784396,1.0
ANCASH,HUARI,PAUCAS,021010,2048.0,0.0,108.96266274902345,0.0
ANCASH,HUARI,PONTO,021011,3476.0,2.466804704870471,46.30968417146145,1.0
ANCASH,HUARI,RAHUAPAMPA,021012,739.0,8.52922212096909,25.475825872801085,1.0
ANCASH,HUARI,RAPAYAN,021013,1752.0,0.0,146.3642188869863,0.0
ANCASH,HUARI,SAN MARCOS,021014,13916.0,5.265793465600317,45.49762187194597,1.0
ANCASH,HUARI,SAN PEDRO DE CHANA,021015,2690.0,0.19428556009316347,72.15554332156134,0.0
ANCASH,HUARI,UCO,021016,1786.0,0.0,84.38094924804032,0.0
ANCASH,HUARMEY,COCHAPETI,021102,879.0,0.0,127.62725631399317,0.0
ANCASH,HUARMEY,CULEBRAS,021103,3145.0,7.4500397871297075,27.691904524324322,1.0
ANCASH,HUARMEY,HUARMEY,021101,21868.0,12.564228722088412,7.233705109346991,1.0
ANCASH,HUARMEY,HUAYAN,021104,1085.0,1.6728766588457489,80.01135944700461,0.5
ANCASH,HUARMEY,MALVAS,021105,1045.0,0.0,98.08640655502393,0.0
ANCASH,HUAYLAS,CARAZ,021201,23648.0,9.276731912776476,4.559891534167795,3.0
ANCASH,HUAYLAS,HUALLANCA,021202,955.0,0.2823654459621804,74.39889955497384,0.5
ANCASH,HUAYLAS,HUATA,021203,1646.0,3.6990132986358493,29.497452122721747,2.5
ANCASH,HUAYLAS,HUAYLAS,021204,1894.0,0.2777715566814554,57.06633579725449,0.5
ANCASH,HUAYLAS,MATO,021205,2224.0,2.75056800243541,36.31890707284173,2.0
ANCASH,HUAYLAS,PAMPAROMAS,021206,8618.0,0.0,88.37096990368995,0.0
ANCASH,HUAYLAS,PUEBLO LIBRE,021207,6939.0,2.8749293992888902,40.44879996065715,3.0
ANCASH,HUAYLAS,SANTA CRUZ,021208,4862.0,0.17622528597190426,83.84586861846977,1.0
ANCASH,HUAYLAS,SANTO TORIBIO,021209,1403.0,0.12879412540820598,74.84889522451888,0.5
ANCASH,HUAYLAS,YURACMARCA,021210,1835.0,0.0,83.03648820435967,0.0
ANCASH,MARISCAL LUZURIAGA,CASCA,021302,4792.0,12.70318129338364,11.882015859766277,1.0
ANCASH,MARISCAL LUZURIAGA,ELEAZAR GUZMAN BARRON,021303,1333.0,0.0,128.95218730682672,0.0
ANCASH,MARISCAL LUZURIAGA,FIDEL OLIVAS ESCUDERO,021304,2320.0,0.0,89.30852801724139,0.0
ANCASH,MARISCAL LUZURIAGA,LLAMA,021305,1392.0,0.0,66.88161653735632,0.0
ANCASH,MARISCAL LUZURIAGA,LLUMPA,021306,6066.0,0.0,93.13526645400593,0.0
ANCASH,MARISCAL LUZURIAGA,LUCMA,021307,3197.0,2.5116400987601164,45.85060496340319,1.0
ANCASH,MARISCAL LUZURIAGA,MUSGA,021308,1109.0,1.4832083350375795,52.283523931469794,1.0
ANCASH,MARISCAL LUZURIAGA,PISCOBAMBA,021301,3694.0,4.939230927862526,35.803817000541414,1.0
ANCASH,OCROS,ACAS,021402,812.0,0.0,126.79788177339903,0.0
ANCASH,OCROS,CAJAMARQUILLA,021403,429.0,0.0,121.2100860839161,0.0
ANCASH,OCROS,CARHUAPAMPA,021404,752.0,0.0,144.12295355053192,0.0
ANCASH,OCROS,COCHAS,021405,1328.0,0.15009718569481895,59.059839246987956,0.0
ANCASH,OCROS,CONGAS,021406,1215.0,0.0,122.16716260082305,0.0
ANCASH,OCROS,LLIPA,021407,843.0,0.0,150.77471099644129,0.0
ANCASH,OCROS,OCROS,021401,1375.0,0.0,120.19186086545454,0.0
ANCASH,OCROS,SAN CRISTOBAL DE RAJAN,021408,572.0,0.0,147.97232547202796,0.0
ANCASH,OCROS,SAN PEDRO,021409,1472.0,1.7872634738522586,69.43698571739131,2.0
ANCASH,OCROS,SANTIAGO DE CHILCAS,021410,423.0,0.0,137.5882054609929,0.0
ANCASH,PALLASCA,BOLOGNESI,021502,1465.0,0.0,144.48830146757678,0.0
ANCASH,PALLASCA,CABANA,021501,2810.0,0.0,141.28236269039147,0.0
ANCASH,PALLASCA,CONCHUCOS,021503,8054.0,0.0,129.06918016637698,0.0
ANCASH,PALLASCA,HUACASCHUQUE,021504,689.0,0.0,102.8135239187228,0.0
ANCASH,PALLASCA,HUANDOVAL,021505,1144.0,0.0,118.5158784965035,0.0
ANCASH,PALLASCA,LACABAMBA,021506,656.0,0.0,108.04309259146342,0.0
ANCASH,PALLASCA,LLAPO,021507,688.0,0.0,136.95844485465116,0.0
ANCASH,PALLASCA,PALLASCA,021508,2688.0,0.0,91.38238574107143,0.0
ANCASH,PALLASCA,PAMPAS,021509,7079.0,0.0,148.07185878655176,0.0
ANCASH,PALLASCA,SANTA ROSA,021510,1166.0,0.0,117.13214408233277,0.0
ANCASH,PALLASCA,TAUCA,021511,3326.0,0.0,105.2218015093205,0.0
ANCASH,POMABAMBA,HUAYLLAN,021602,3702.0,10.686748459562207,18.637476499189624,1.0
ANCASH,POMABAMBA,PAROBAMBA,021603,6854.0,0.0,62.19497468266705,0.0
ANCASH,POMABAMBA,POMABAMBA,021601,14865.0,12.08894225661082,13.804422114968046,1.0
ANCASH,POMABAMBA,QUINUABAMBA,021604,2536.0,0.0,76.93389195583596,0.0
ANCASH,RECUAY,CATAC,021702,4102.0,11.432932359434975,9.189709207459776,5.0
ANCASH,RECUAY,COTAPARACO,021703,603.0,0.07794751318936577,99.726922106136,0.5
ANCASH,RECUAY,HUAYLLAPAMPA,021704,1151.0,0.0,105.91128583840138,0.0
ANCASH,RECUAY,LLACLLIN,021705,1418.0,0.0,95.38973770944993,0.0
ANCASH,RECUAY,MARCA,021706,1054.0,0.0,78.38902967267552,0.0
ANCASH,RECUAY,PAMPAS CHICO,021707,1591.0,0.11458214580501944,60.090345984286614,0.0
ANCASH,RECUAY,PARARIN,021708,1266.0,0.0,83.2337589099526,0.0
ANCASH,RECUAY,RECUAY,021701,5069.0,12.05629096278424,10.338634444269086,5.0
ANCASH,RECUAY,TAPACOCHA,021709,525.0,0.0,83.66695337142856,0.0
ANCASH,RECUAY,TICAPAMPA,021710,2517.0,11.323353505205953,9.51116404906635,5.0
ANCASH,SANTA,CACERES DEL PERU,021802,5145.0,0.0,112.69751769873663,0.0
ANCASH,SANTA,CHIMBOTE,021801,215843.0,12.178599415869604,4.6393076577368735,9.0
ANCASH,SANTA,COISHCO,021803,14832.0,10.685075563017733,11.056666,9.0
ANCASH,SANTA,MACATE,021804,3903.0,0.0,125.80249729438893,0.0
ANCASH,SANTA,MORO,021805,7661.0,1.2689556923171772,55.44130623469521,2.0
ANCASH,SANTA,NEPENA,021806,13881.0,5.931037362527176,37.480155799870325,5.0
ANCASH,SANTA,NUEVO CHIMBOTE,021809,113496.0,12.844795954853325,14.152938781983506,9.0
ANCASH,SANTA,SAMANCO,021807,4218.0,8.118639993932264,33.228022674727356,5.0
ANCASH,SANTA,SANTA,021808,18053.0,14.008834320609028,16.019785560904005,9.5
ANCASH,SIHUAS,ACOBAMBA,021902,2007.0,0.0,114.99281435974092,0.0
ANCASH,SIHUAS,ALFONSO UGARTE,021903,874.0,0.0,154.22083279176204,0.0
ANCASH,SIHUAS,CASHAPAMPA,021904,3072.0,16.753849213319647,9.874363572265626,1.0
ANCASH,SIHUAS,CHINGALPO,021905,1155.0,0.0,90.44955399134199,0.0
ANCASH,SIHUAS,HUAYLLABAMBA,021906,4301.0,1.131915542993855,60.93961627063473,1.0
ANCASH,SIHUAS,QUICHES,021907,2779.0,0.0,127.50894026628282,0.0
ANCASH,SIHUAS,RAGASH,021908,2777.0,17.169701114594115,7.207878769535471,1.0
ANCASH,SIHUAS,SAN JUAN,021909,6380.0,10.042564251713157,26.770606381818183,1.5
ANCASH,SIHUAS,SICSIBAMBA,021910,1897.0,9.365371226265367,29.932164474433318,1.5
ANCASH,SIHUAS,SIHUAS,021901,5562.0,16.91172451960007,6.066576007443366,1.0
ANCASH,YUNGAY,CASCAPARA,022002,2069.0,3.18577003312247,32.048455370710485,5.0
ANCASH,YUNGAY,MANCOS,022003,7478.0,11.732757772515631,9.349907270393153,7.0
ANCASH,YUNGAY,MATACOTO,022004,1482.0,9.235994915893347,11.001794538461539,7.0
ANCASH,YUNGAY,QUILLO,022005,12003.000000000002,0.010888161408250075,95.40859299925017,0.0
ANCASH,YUNGAY,RANRAHIRCA,022006,2953.0,11.530134212606718,6.391969173315273,7.0
ANCASH,YUNGAY,SHUPLUY,022007,2299.0,7.560896684084176,18.442029918225316,7.0
ANCASH,YUNGAY,YANAMA,022008,6979.0,0.0,106.68371900415534,0.0
ANCASH,YUNGAY,YUNGAY,022001,19973.0,8.366101530726716,11.576889823905606,7.0
APURIMAC,ABANCAY,ABANCAY,030101,51384.0,49.31779742931705,2.4584974854273707,3.0
APURIMAC,ABANCAY,CHACOCHE,030102,1213.0,0.7577189505170608,72.65102955647156,0.0
APURIMAC,ABANCAY,CIRCA,030103,2503.0,1.5118518249651254,57.65127768078305,0.0
APURIMAC,ABANCAY,CURAHUASI,030104,17044.0,15.76414142614084,27.05503685812016,1.0
APURIMAC,ABANCAY,HUANIPACA,030105,4515.0,1.0939442719001633,59.97981972093024,0.5
APURIMAC,ABANCAY,LAMBRAMA,030106,5089.0,17.686252903553992,34.32574252623305,3.0
APURIMAC,ABANCAY,PICHIRHUA,030107,4132.0,1.5745980748939015,63.08327220982575,0.0
APURIMAC,ABANCAY,SAN PEDRO DE CACHORA,030108,3676.0,9.987194146087754,38.121640428454846,2.5
APURIMAC,ABANCAY,TAMBURCO,030109,7614.0,46.53313998944942,8.0259655035461,3.0
APURIMAC,ANDAHUAYLAS,ANDAHUAYLAS,030201,37260.0,24.05981825301065,8.758449751358025,3.0
APURIMAC,ANDAHUAYLAS,ANDARAPA,030202,6441.0,0.06799252504908296,75.1365313783574,0.0
APURIMAC,ANDAHUAYLAS,CHIARA,030203,1342.0,0.0,92.76066523845007,0.0
APURIMAC,ANDAHUAYLAS,HUANCARAMA,030204,7078.0,0.0,73.86405552415935,0.0
APURIMAC,ANDAHUAYLAS,HUANCARAY,030205,4387.0,13.116460307383878,28.148986461363116,3.0
APURIMAC,ANDAHUAYLAS,HUAYANA,030206,1072.0,0.0,75.67853080223881,0.0
APURIMAC,ANDAHUAYLAS,KAQUIABAMBA,030219,2410.0,2.2828893074047807,53.90538029502074,3.0
APURIMAC,ANDAHUAYLAS,KISHUARA,030207,8033.0,0.1288327235952222,80.70316677281215,0.0
APURIMAC,ANDAHUAYLAS,PACOBAMBA,030208,4961.0,0.0,112.07082241483572,0.0
APURIMAC,ANDAHUAYLAS,PACUCHA,030209,9888.0,12.138038059884988,30.9818461983212,3.0
APURIMAC,ANDAHUAYLAS,PAMPACHIRI,030210,2628.0,0.0,69.39044634703197,0.0
APURIMAC,ANDAHUAYLAS,POMACOCHA,030211,972.0,0.0,80.37431938888888,0.0
APURIMAC,ANDAHUAYLAS,SAN ANTONIO DE CACHI,030212,3196.0,1.0209164492421687,60.06790988735919,0.0
APURIMAC,ANDAHUAYLAS,SAN JERONIMO,030213,21358.0,22.34780380319015,13.63885955872741,3.0
APURIMAC,ANDAHUAYLAS,SAN MIGUEL DE CHACCRAMPA,030214,1850.0,0.0,94.87048623675676,0.0
APURIMAC,ANDAHUAYLAS,SANTA MARIA DE CHICMO,030215,9796.0,12.220999720574897,31.58285765496121,3.0
APURIMAC,ANDAHUAYLAS,TALAVERA,030216,17771.0,19.9992545170286,15.113441124922625,3.0
APURIMAC,ANDAHUAYLAS,TUMAY HUARACA,030217,2144.0,0.0,67.50690298507463,0.0
APURIMAC,ANDAHUAYLAS,TURPO,030218,4127.0,2.908790939561163,51.443332874969705,3.0
APURIMAC,ANTABAMBA,ANTABAMBA,030301,3167.0,0.0,109.68609384559521,0.0
APURIMAC,ANTABAMBA,EL ORO,030302,516.0,0.0,81.21707476744186,0.0
APURIMAC,ANTABAMBA,HUAQUIRCA,030303,1463.0,0.0,137.57701964456595,0.0
APURIMAC,ANTABAMBA,JUAN ESPINOZA MEDRANO,030304,1974.0,0.0,79.81316401722391,0.0
APURIMAC,ANTABAMBA,OROPESA,030305,2506.0,0.0,137.00619142857144,0.0
APURIMAC,ANTABAMBA,PACHACONAS,030306,1174.0,0.0,107.45006129897784,0.0
APURIMAC,ANTABAMBA,SABAINO,030307,1455.0,0.0,112.16086405498282,0.0
APURIMAC,AYMARAES,CAPAYA,030402,729.0,26.39147146623082,28.76299738271605,1.0
APURIMAC,AYMARAES,CARAYBAMBA,030403,1295.0,41.638960492252245,16.531695167567566,1.0
APURIMAC,AYMARAES,CHALHUANCA,030401,4560.0,51.042988467623395,2.851098251535088,1.0
APURIMAC,AYMARAES,CHAPIMARCA,030404,2221.0,8.465610863747182,56.94716240882486,0.0
APURIMAC,AYMARAES,COLCABAMBA,030405,819.0,8.254309394036248,47.23027053846153,1.0
APURIMAC,AYMARAES,COTARUSE,030406,4045.0,33.292340623253985,26.442022778986402,1.0
APURIMAC,AYMARAES,HUAYLLO,030407,660.0,23.906471373844727,30.72465084848485,1.0
APURIMAC,AYMARAES,JUSTO APU SAHUARAURA,030408,1037.0,2.1288208003381546,60.31522318997108,0.5
APURIMAC,AYMARAES,LUCRE,030409,2070.0,0.0,69.87738183816425,0.0
APURIMAC,AYMARAES,POCOHUANCA,030410,1158.0,0.0,88.57487941278066,0.0
APURIMAC,AYMARAES,SAN JUAN DE CHACNA,030411,908.0,0.0,64.29937016740088,0.0
APURIMAC,AYMARAES,SANAYCA,030412,1299.0,33.96120174365144,22.837609033102385,1.0
APURIMAC,AYMARAES,SORAYA,030413,771.0,43.400194744335884,14.539377225680935,1.0
APURIMAC,AYMARAES,TAPAIRIHUA,030414,2131.0,5.044659157299591,53.16649335617081,1.0
APURIMAC,AYMARAES,TINTAY,030415,3091.0,1.4136954139170756,79.82845176803623,0.5
APURIMAC,AYMARAES,TORAYA,030416,1690.0,13.709648775106674,40.26805720710059,1.0
APURIMAC,AYMARAES,YANACA,030417,1182.0,0.0,69.48714347208123,0.0
APURIMAC,CHINCHEROS,ANCO_HUALLO,030602,11122.0,13.06942607305032,14.114543304171912,1.0
APURIMAC,CHINCHEROS,CHINCHEROS,030601,5706.0,15.390199730149357,2.2310544498072207,1.0
APURIMAC,CHINCHEROS,COCHARCAS,030603,2254.0,0.3082557412995321,62.988178387755106,0.5
APURIMAC,CHINCHEROS,HUACCANA,030604,9194.0,3.42195999745174,54.87437266238851,0.5
APURIMAC,CHINCHEROS,OCOBAMBA,030605,8020.0,6.659766807100799,43.40395050822943,3.0
APURIMAC,CHINCHEROS,ONGOY,030606,8054.0,0.5062778446384522,68.43273054786441,0.0
APURIMAC,CHINCHEROS,RANRACANCHA,030608,4642.0,5.303646643629911,35.910616369237395,1.0
APURIMAC,CHINCHEROS,URANMARCA,030607,3040.0,1.2693655811040434,57.43677880032895,1.0
APURIMAC,COTABAMBAS,CHALLHUAHUACHO,030506,7417.0,2.574662355176182,68.77852459067009,0.5
APURIMAC,COTABAMBAS,COTABAMBAS,030502,4229.0,0.0,79.59739415417357,0.0
APURIMAC,COTABAMBAS,COYLLURQUI,030503,7547.0,0.0,112.69798704783358,0.0
APURIMAC,COTABAMBAS,HAQUIRA,030504,11402.0,2.915333092650001,55.12854460322751,1.0
APURIMAC,COTABAMBAS,MARA,030505,6141.0,6.3679107153602255,41.19942469418662,1.0
APURIMAC,COTABAMBAS,TAMBOBAMBA,030501,10315.0,19.57416924887557,15.827997207319436,1.0
APURIMAC,GRAU,CHUQUIBAMBILLA,030701,5495.0,0.0,104.93061601455868,0.0
APURIMAC,GRAU,CURASCO,030714,1469.0,0.0,78.42961963240299,0.0
APURIMAC,GRAU,CURPAHUASI,030702,2346.0,0.0,123.34441788576298,0.0
APURIMAC,GRAU,GAMARRA,030703,3965.0,0.0,115.14510931904161,0.0
APURIMAC,GRAU,HUAYLLATI,030704,1830.0,0.0,93.32507379781421,0.0
APURIMAC,GRAU,MAMARA,030705,938.0,0.0,127.27614289978679,0.0
APURIMAC,GRAU,MICAELA BASTIDAS,030706,1255.0,0.0,100.6702470119522,0.0
APURIMAC,GRAU,PATAYPAMPA,030707,1049.0,0.0,143.5952414775977,0.0
APURIMAC,GRAU,PROGRESO,030708,2723.0,4.280974200595151,47.55300800954829,0.5
APURIMAC,GRAU,SAN ANTONIO,030709,361.0,0.0,110.4876916842105,0.0
APURIMAC,GRAU,SANTA ROSA,030710,873.0,0.0,125.30512616265753,0.0
APURIMAC,GRAU,TURPAY,030711,849.0,0.0,155.34459363957598,0.0
APURIMAC,GRAU,VILCABAMBA,030712,1213.0,0.0,105.19373072547403,0.0
APURIMAC,GRAU,VIRUNDO,030713,998.0,0.0,168.0985801603206,0.0
AREQUIPA,AREQUIPA,ALTO SELVA ALEGRE,040102,72696.0,34.88167786952174,5.0866666,32.0
AREQUIPA,AREQUIPA,AREQUIPA,040101,61519.0,37.08544769620978,1.7483333,32.0
AREQUIPA,AREQUIPA,CAYMA,040103,75359.0,35.7745546399324,1.9707361510158041,16.0
AREQUIPA,AREQUIPA,CERRO COLORADO,040104,113171.0,30.51999688429017,5.828625194806974,32.0
AREQUIPA,AREQUIPA,CHARACATO,040105,7307.0,26.680827012754165,12.047245853291365,32.0
AREQUIPA,AREQUIPA,CHIGUATA,040106,2689.0,23.31647273608152,17.402031778356267,32.0
AREQUIPA,AREQUIPA,JACOBO HUNTER,040107,46092.0,32.91162635475617,9.796667,32.0
AREQUIPA,AREQUIPA,JOSE LUIS BUSTAMANTE Y RIVERO,040129,76410.0,34.25534299357748,2.5183334,32.0
AREQUIPA,AREQUIPA,LA JOYA,040108,25094.0,0.19201644696799594,61.186920772933775,1.0
AREQUIPA,AREQUIPA,MARIANO MELGAR,040109,52144.0,36.390531577080736,2.9783332,32.0
AREQUIPA,AREQUIPA,MIRAFLORES,040110,50704.0,36.888132902803164,1.8033333,32.0
AREQUIPA,AREQUIPA,MOLLEBAYA,040111,1410.0,21.305214048880288,18.743581327659577,32.0
AREQUIPA,AREQUIPA,PAUCARPATA,040112,120446.0,34.90024039277067,2.45,32.0
AREQUIPA,AREQUIPA,POCSI,040113,613.0,5.810348652350982,40.81918866884176,31.0
AREQUIPA,AREQUIPA,POLOBAYA,040114,1445.0,5.156207702429034,40.97193568858132,31.0
AREQUIPA,AREQUIPA,QUEQUENA,040115,1262.0,15.600659511573491,25.53242250396196,32.0
AREQUIPA,AREQUIPA,SABANDIA,040116,3752.0,29.52981561161365,8.698555475479745,32.0
AREQUIPA,AREQUIPA,SACHACA,040117,17537.0,34.493836622733085,6.52087643268518,32.0
AREQUIPA,AREQUIPA,SAN JUAN DE SIGUAS,040118,1298.0,5.934131518551535,17.74831278890601,1.0
AREQUIPA,AREQUIPA,SAN JUAN DE TARUCANI,040119,2103.0,0.0,134.5304417736567,0.0
AREQUIPA,AREQUIPA,SANTA ISABEL DE SIGUAS,040120,1268.0,5.833160881060434,18.340560228706625,1.0
AREQUIPA,AREQUIPA,SANTA RITA DE SIGUAS,040121,4459.0,1.9836985804088694,40.480113047320025,1.0
AREQUIPA,AREQUIPA,SOCABAYA,040122,60641.0,32.579692391018526,8.470126851461883,32.0
AREQUIPA,AREQUIPA,TIABAYA,040123,15131.0,30.04579546509618,12.192750871389862,32.0
AREQUIPA,AREQUIPA,UCHUMAYO,040124,12216.0,24.782374328871143,18.316701608709888,32.0
AREQUIPA,AREQUIPA,VITOR,040125,3003.0,1.4712844220081294,44.63330482317682,1.0
AREQUIPA,AREQUIPA,YANAHUARA,040126,22920.0,35.94893489304245,2.228488162041885,16.0
AREQUIPA,AREQUIPA,YARABAMBA,040127,1031.0,15.136689021007609,26.218575796314262,32.0
AREQUIPA,AREQUIPA,YURA,040128,16020.0,19.97907951283278,20.922711463920102,32.0
AREQUIPA,CAMANA,CAMANA,040201,15215.0,0.0,72.6509048872823,0.0
AREQUIPA,CAMANA,JOSE MARIA QUIMPER,040202,3919.0,0.0,81.08011662924216,0.0
AREQUIPA,CAMANA,MARIANO NICOLAS VALCARCEL,040203,4397.0,0.0,191.67142949056174,0.0
AREQUIPA,CAMANA,MARISCAL CACERES,040204,5983.0,0.0,86.50543940665219,0.0
AREQUIPA,CAMANA,NICOLAS DE PIEROLA,040205,6065.0,0.15224511366077373,74.20487056883759,0.0
AREQUIPA,CAMANA,OCONA,040206,4686.0,0.0,125.82384888924456,0.0
AREQUIPA,CAMANA,QUILCA,040207,846.0,0.0,68.36744510638299,0.0
AREQUIPA,CAMANA,SAMUEL PASTOR,040208,14023.0,0.0,70.80373624509734,0.0
AREQUIPA,CARAVELI,ACARI,040302,4020.0,0.0,65.11797551243781,0.0
AREQUIPA,CARAVELI,ATICO,040303,4164.0,0.0,147.8358317603266,0.0
AREQUIPA,CARAVELI,ATIQUIPA,040304,781.0,3.175275822268703,59.49625458514724,0.5
AREQUIPA,CARAVELI,BELLA UNION,040305,4529.0,0.0,77.5569821594171,0.0
AREQUIPA,CARAVELI,CAHUACHO,040306,881.0,0.0,87.46324015891034,0.0
AREQUIPA,CARAVELI,CARAVELI,040301,3929.0,0.0,156.55265850852632,0.0
AREQUIPA,CARAVELI,CHALA,040307,5237.0,0.0,82.30601491884666,0.0
AREQUIPA,CARAVELI,CHAPARRA,040308,3876.0,0.0,133.666115371001,0.0
AREQUIPA,CARAVELI,HUANUHUANU,040309,2539.0,0.0,119.72626158330051,0.0
AREQUIPA,CARAVELI,JAQUI,040310,1741.0,66.73756897748787,5.205772609419873,1.0
AREQUIPA,CARAVELI,LOMAS,040311,1183.0,0.4292927533484791,58.703296404902794,1.0
AREQUIPA,CARAVELI,QUICACHA,040312,1885.0,0.0,109.72497935172414,0.0
AREQUIPA,CARAVELI,YAUCA,040313,1708.0,25.982054135015137,34.87530036885246,1.0
AREQUIPA,CASTILLA,ANDAGUA,040402,1340.0,0.0,128.2941974664179,0.0
AREQUIPA,CASTILLA,APLAO,040401,9277.0,16.9342902966928,13.552815522561172,1.0
AREQUIPA,CASTILLA,AYO,040403,360.0,0.0,169.44906905555555,0.0
AREQUIPA,CASTILLA,CHACHAS,040404,2280.0,0.0,163.22853614035088,0.0
AREQUIPA,CASTILLA,CHILCAYMARCA,040405,842.0,0.0,181.83716988123516,0.0
AREQUIPA,CASTILLA,CHOCO,040406,1120.0,0.0,265.1388819196428,0.0
AREQUIPA,CASTILLA,HUANCARQUI,040407,1445.0,20.010038652190794,7.415338825605537,1.0
AREQUIPA,CASTILLA,MACHAGUAY,040408,921.0,0.0,79.0579722204126,0.0
AREQUIPA,CASTILLA,ORCOPAMPA,040409,8355.0,0.0,173.41297902333932,0.0
AREQUIPA,CASTILLA,PAMPACOLCA,040410,3188.0,0.0,86.28723377352571,0.0
AREQUIPA,CASTILLA,TIPAN,040411,591.0,1.5172104034329053,56.528854629441625,1.0
AREQUIPA,CASTILLA,UNON,040412,366.0,0.0,77.46082516393443,0.0
AREQUIPA,CASTILLA,URACA,040413,7201.0,13.492598248590717,23.17631530343008,1.0
AREQUIPA,CASTILLA,VIRACO,040414,2096.0,0.0,68.6402446230916,0.0
AREQUIPA,CAYLLOMA,ACHOMA,040502,1139.0,0.0,201.29522999122037,0.0
AREQUIPA,CAYLLOMA,CABANACONDE,040503,2842.0,0.0,215.6881175228712,0.0
AREQUIPA,CAYLLOMA,CALLALLI,040504,2478.0,0.0,176.08586581920903,0.0
AREQUIPA,CAYLLOMA,CAYLLOMA,040505,4476.0,0.0,125.20689493967825,0.0
AREQUIPA,CAYLLOMA,CHIVAY,040501,6543.0,0.0,182.96425165214734,0.0
AREQUIPA,CAYLLOMA,COPORAQUE,040506,1393.0,0.0,193.29059179468774,0.0
AREQUIPA,CAYLLOMA,HUAMBO,040507,895.0,0.0,160.42703787709496,0.0
AREQUIPA,CAYLLOMA,HUANCA,040508,1841.0,0.0,115.05077869092884,0.0
AREQUIPA,CAYLLOMA,ICHUPAMPA,040509,757.0,0.0,196.930425336856,0.0
AREQUIPA,CAYLLOMA,LARI,040510,1373.0,0.0,213.42358036416607,0.0
AREQUIPA,CAYLLOMA,LLUTA,040511,1446.0,0.0,116.64136248271093,0.0
AREQUIPA,CAYLLOMA,MACA,040512,916.0,0.0,213.4608362445415,0.0
AREQUIPA,CAYLLOMA,MADRIGAL,040513,705.0,0.0,223.52028361702125,0.0
AREQUIPA,CAYLLOMA,MAJES,040520,38534.0,6.928848982931848,11.164792948441637,1.0
AREQUIPA,CAYLLOMA,SAN ANTONIO DE CHUCA,040514,1423.0,0.0,150.1454617498243,0.0
AREQUIPA,CAYLLOMA,SIBAYO,040515,801.0,0.0,153.85619214731588,0.0
AREQUIPA,CAYLLOMA,TAPAY,040516,671.0,0.0,247.05234459016395,0.0
AREQUIPA,CAYLLOMA,TISCO,040517,1811.0,0.0,129.98607251794587,0.0
AREQUIPA,CAYLLOMA,TUTI,040518,889.0,0.0,189.88196287964004,0.0
AREQUIPA,CAYLLOMA,YANQUE,040519,2324.0,0.0,172.6985836273666,0.0
AREQUIPA,CONDESUYOS,ANDARAY,040602,719.0,0.0,103.7348416828929,0.0
AREQUIPA,CONDESUYOS,CAYARANI,040603,3691.0,3.93319719712892,34.2887948574912,1.0
AREQUIPA,CONDESUYOS,CHICHAS,040604,832.0,0.0,234.7079579086539,0.0
AREQUIPA,CONDESUYOS,CHUQUIBAMBA,040601,3618.0,3.042129907426051,48.61376071641791,1.0
AREQUIPA,CONDESUYOS,IRAY,040605,716.0,5.585780878791367,39.98873655865922,1.0
AREQUIPA,CONDESUYOS,RIO GRANDE,040606,3581.0,0.0,179.77090350740016,0.0
AREQUIPA,CONDESUYOS,SALAMANCA,040607,1060.0,0.0,200.75715243396226,0.0
AREQUIPA,CONDESUYOS,YANAQUIHUA,040608,4964.0,0.0,136.9805831385979,0.0
AREQUIPA,ISLAY,COCACHACRA,040702,9346.0,7.340889459496917,38.340812112133534,2.0
AREQUIPA,ISLAY,DEAN VALDIVIA,040703,6596.0,12.018625885037016,28.5904914094906,2.0
AREQUIPA,ISLAY,ISLAY,040704,4838.0,21.04570704307107,12.197477261264984,2.0
AREQUIPA,ISLAY,MEJIA,040705,1139.0,18.751674736259954,16.90794403599649,2.0
AREQUIPA,ISLAY,MOLLENDO,040701,24033.0,23.83974222061981,1.611653941492947,2.0
AREQUIPA,ISLAY,PUNTA DE BOMBON,040706,6621.0,8.457842891814497,35.19510752333484,2.0
AREQUIPA,LA UNION,ALCA,040802,2373.0,0.0,229.3849407922461,0.0
AREQUIPA,LA UNION,CHARCANA,040803,647.0,0.0,244.62377170015458,0.0
AREQUIPA,LA UNION,COTAHUASI,040801,3030.0,0.0,213.9187789108911,0.0
AREQUIPA,LA UNION,HUAYNACOTAS,040804,2476.0,0.0,235.97670840872374,0.0
AREQUIPA,LA UNION,PAMPAMARCA,040805,1430.0,0.0,232.2083964825175,0.0
AREQUIPA,LA UNION,PUYCA,040806,2878.0,0.0,183.0666686831133,0.0
AREQUIPA,LA UNION,QUECHUALLA,040807,278.0,0.0,271.13668485611515,0.0
AREQUIPA,LA UNION,SAYLA,040808,533.0,0.0,266.4350048780488,0.0
AREQUIPA,LA UNION,TAURIA,040809,343.0,0.0,262.01619306122444,0.0
AREQUIPA,LA UNION,TOMEPAMPA,040810,903.0,0.0,235.99635395348838,0.0
AREQUIPA,LA UNION,TORO,040811,1005.0,0.0,213.26955557213932,0.0
AYACUCHO,CANGALLO,CANGALLO,050201,6771.0,13.943793480243654,5.321892637306158,1.0
AYACUCHO,CANGALLO,CHUSCHI,050202,8265.0,0.0,86.12861733502722,0.0
AYACUCHO,CANGALLO,LOS MOROCHUCOS,050203,8301.0,10.553327940326646,19.434366184917476,1.0
AYACUCHO,CANGALLO,MARIA PARADO DE BELLIDO,050204,2831.0,2.759064097491411,45.43652176510067,1.0
AYACUCHO,CANGALLO,PARAS,050205,4956.0,0.0,152.10387418482642,0.0
AYACUCHO,CANGALLO,TOTOS,050206,4034.0,0.0,142.1609299925632,0.0
AYACUCHO,HUAMANGA,ACOCRO,050102,8953.0,0.3460990800872015,68.88336213738413,1.5
AYACUCHO,HUAMANGA,ACOS VINCHOS,050103,5125.0,2.124123186890862,45.762142275902434,5.0
AYACUCHO,HUAMANGA,ANDRES AVELINO CACERES DORREGARAY,050116,35000.0,12.92421622185601,2.8816667,6.0
AYACUCHO,HUAMANGA,AYACUCHO,050101,102417.0,12.781929550522223,3.6465488135270516,6.0
AYACUCHO,HUAMANGA,CARMEN ALTO,050104,8510.0,12.155125313174759,6.690921404230317,5.5
AYACUCHO,HUAMANGA,CHIARA,050105,6449.0,4.632869653011564,36.951347489533255,3.0
AYACUCHO,HUAMANGA,JESUS NAZARENO,050115,15610.0,12.790186061240282,2.4217282239077518,6.0
AYACUCHO,HUAMANGA,OCROS,050106,6432.0,0.0,94.42860726368157,0.0
AYACUCHO,HUAMANGA,PACAYCASA,050107,3863.0,5.041086162597329,33.36031400698939,6.0
AYACUCHO,HUAMANGA,QUINUA,050108,6659.0,4.883248858510749,35.91104223261751,6.0
AYACUCHO,HUAMANGA,SAN JOSE DE TICLLAS,050109,2527.0,8.865264183777468,22.779490573011476,5.5
AYACUCHO,HUAMANGA,SAN JUAN BAUTISTA,050110,38522.0,12.870519928205733,3.5881117298115357,5.5
AYACUCHO,HUAMANGA,SANTIAGO DE PISCHA,050111,1473.0,1.0151604542154988,61.493317325865576,0.0
AYACUCHO,HUAMANGA,SOCOS,050112,7023.0,3.3285335155223756,39.3572847966681,5.0
AYACUCHO,HUAMANGA,TAMBILLO,050113,5068.0,3.1516885305157825,38.46151471665351,5.0
AYACUCHO,HUAMANGA,VINCHOS,050114,15740.0,0.7316921286076665,65.63284906008047,2.5
AYACUCHO,HUANCA SANCOS,CARAPO,050302,2618.0,0.0,94.91187501909855,0.0
AYACUCHO,HUANCA SANCOS,SACSAMARCA,050303,1797.0,0.0,117.33973634947134,0.0
AYACUCHO,HUANCA SANCOS,SANCOS,050301,3771.0,0.0,126.16478125696104,0.0
AYACUCHO,HUANCA SANCOS,SANTIAGO DE LUCANAMARCA,050304,2675.0,0.0,107.96973256074767,0.0
AYACUCHO,HUANTA,AYAHUANCO,050402,8646.0,0.0,264.7692380337728,0.0
AYACUCHO,HUANTA,CANAYRE,050409,2593.0,0.43266112401474577,64.21982727458541,1.0
AYACUCHO,HUANTA,HUAMANGUILLA,050403,5200.0,7.127937535773224,23.52672547192308,6.0
AYACUCHO,HUANTA,HUANTA,050401,36299.0,5.635009268886316,1.5993026869899998,6.0
AYACUCHO,HUANTA,IGUAIN,050404,2697.0,6.604801148564638,11.023195641082685,6.0
AYACUCHO,HUANTA,LLOCHEGUA,050408,10944.0,6.2745845830560345,39.54849879477339,3.0
AYACUCHO,HUANTA,LURICOCHA,050405,5060.0,4.132073326784348,12.227463091225296,2.0
AYACUCHO,HUANTA,SANTILLANA,050406,7215.0,0.19306125103863475,70.61059301455302,1.0
AYACUCHO,HUANTA,SIVIA,050407,11956.0,14.145677433938184,11.103100227475746,3.0
AYACUCHO,HUANTA,UCHURACCAY,050410,3925.0,1.5489942265230232,50.91362216305732,2.0
AYACUCHO,LA MAR,ANCHIHUAY,050510,5159.0,0.0,66.00057909866253,0.0
AYACUCHO,LA MAR,ANCO,050502,10485.0,0.0,81.0166238483548,0.0
AYACUCHO,LA MAR,AYNA,050503,10231.0,16.238390907647823,9.037020861028246,3.0
AYACUCHO,LA MAR,CHILCAS,050504,2617.0,0.6839277174181604,58.90840738211692,0.5
AYACUCHO,LA MAR,CHUNGUI,050505,6254.0,0.0,150.54453632395268,0.0
AYACUCHO,LA MAR,LUIS CARRANZA,050506,1209.0,3.6434394809012605,48.45464846980976,0.5
AYACUCHO,LA MAR,SAMUGARI,050509,8572.0,1.6463725042492008,56.88647230284647,2.0
AYACUCHO,LA MAR,SAN MIGUEL,050501,10880.0,22.713062580473224,10.2929500521875,1.0
AYACUCHO,LA MAR,SANTA ROSA,050507,14354.0,5.8644047280522935,35.651948461613486,2.5
AYACUCHO,LA MAR,TAMBO,050508,18260.0,18.986151257149963,18.54504416894852,1.0
AYACUCHO,LUCANAS,AUCARA,050602,4400.0,0.0,91.50091048409091,0.0
AYACUCHO,LUCANAS,CABANA,050603,3252.0,0.0,67.40285118204181,0.0
AYACUCHO,LUCANAS,CARMEN SALCEDO,050604,3427.0,2.0783614528439047,50.5179637198716,1.0
AYACUCHO,LUCANAS,CHAVINA,050605,2391.0,19.228456352304942,11.083136169385194,2.0
AYACUCHO,LUCANAS,CHIPAO,050606,3965.0,0.0,94.61152317452712,0.0
AYACUCHO,LUCANAS,HUAC-HUAS,050607,2692.0,0.0,74.4368400037147,0.0
AYACUCHO,LUCANAS,LARAMATE,050608,2117.0,0.0,131.38937089466228,0.0
AYACUCHO,LUCANAS,LEONCIO PRADO,050609,1592.0,0.9687313331997995,49.674409285175884,1.0
AYACUCHO,LUCANAS,LLAUTA,050610,1429.0,4.373220570156442,49.01331622743178,0.0
AYACUCHO,LUCANAS,LUCANAS,050611,3786.0,8.67877321781395,28.73658557844691,1.0
AYACUCHO,LUCANAS,OCANA,050612,3452.0,0.0,116.64142180533024,0.0
AYACUCHO,LUCANAS,OTOCA,050613,3013.0,0.0,72.52141444075673,0.0
AYACUCHO,LUCANAS,PUQUIO,050601,13991.0,16.45242223391975,4.2347761788864275,1.0
AYACUCHO,LUCANAS,SAISA,050614,875.0,0.0,102.94058198628571,0.0
AYACUCHO,LUCANAS,SAN CRISTOBAL,050615,1944.0,0.0,72.67691287037036,0.0
AYACUCHO,LUCANAS,SAN JUAN,050616,1286.0,9.073267125805748,27.475720211508552,1.0
AYACUCHO,LUCANAS,SAN PEDRO,050617,3418.0,4.722792573759371,39.30814614072557,1.0
AYACUCHO,LUCANAS,SAN PEDRO DE PALCO,050618,1550.0,0.0,106.73645806451613,0.0
AYACUCHO,LUCANAS,SANCOS,050619,5556.0,24.785200705734077,36.86876062419007,1.0
AYACUCHO,LUCANAS,SANTA ANA DE HUAYCAHUACHO,050620,745.0,0.0,77.13122093959733,0.0
AYACUCHO,LUCANAS,SANTA LUCIA,050621,1090.0,0.0,102.56628834862386,0.0
AYACUCHO,PARINACOCHAS,CHUMPI,050702,2981.0,15.190378765136048,17.875754986581686,1.0
AYACUCHO,PARINACOCHAS,CORACORA,050701,14749.0,13.701594766612482,21.41842502490339,0.5
AYACUCHO,PARINACOCHAS,CORONEL CASTANEDA,050703,1290.0,0.0,107.98519354651162,0.0
AYACUCHO,PARINACOCHAS,PACAPAUSA,050704,1607.0,0.0,89.69663447417548,0.0
AYACUCHO,PARINACOCHAS,PULLO,050705,4475.0,0.34171108549331636,113.94188107620111,0.0
AYACUCHO,PARINACOCHAS,PUYUSCA,050706,2364.0,2.7061741685909553,51.174599591370566,1.0
AYACUCHO,PARINACOCHAS,SAN FRANCISCO DE RAVACAYCO,050707,680.0,0.0,118.22242355294118,0.0
AYACUCHO,PARINACOCHAS,UPAHUACHO,050708,1882.0,0.0,83.59604410201915,0.0
AYACUCHO,PAUCAR DEL SARA SARA,COLTA,050802,797.0,0.0,160.79831117942285,0.0
AYACUCHO,PAUCAR DEL SARA SARA,CORCULLA,050803,566.0,0.0,202.4848554770318,0.0
AYACUCHO,PAUCAR DEL SARA SARA,LAMPA,050804,2473.0,0.0,98.25689647796199,0.0
AYACUCHO,PAUCAR DEL SARA SARA,MARCABAMBA,050805,788.0,0.0,114.17508057106598,0.0
AYACUCHO,PAUCAR DEL SARA SARA,OYOLO,050806,1172.0,0.0,164.4201232764505,0.0
AYACUCHO,PAUCAR DEL SARA SARA,PARARCA,050807,678.0,0.0,82.0015327359882,0.0
AYACUCHO,PAUCAR DEL SARA SARA,PAUSA,050801,3050.0,0.0,92.08126027213116,0.0
AYACUCHO,PAUCAR DEL SARA SARA,SAN JAVIER DE ALPABAMBA,050808,523.0,0.0,115.35310583556404,0.0
AYACUCHO,PAUCAR DEL SARA SARA,SAN JOSE DE USHUA,050809,190.0,0.0,193.48481578947369,0.0
AYACUCHO,PAUCAR DEL SARA SARA,SARA SARA,050810,800.0,0.0,68.9802641375,0.0
AYACUCHO,SUCRE,BELEN,050902,640.0,0.0,174.43325778125,0.0
AYACUCHO,SUCRE,CHALCOS,050903,721.0,0.0,169.2800256033287,0.0
AYACUCHO,SUCRE,CHILCAYOC,050904,668.0,0.0,157.7134946706587,0.0
AYACUCHO,SUCRE,HUACANA,050905,642.0,0.0,110.55862925233646,0.0
AYACUCHO,SUCRE,MORCOLLA,050906,1603.0,0.0,125.35665888459138,0.0
AYACUCHO,SUCRE,PAICO,050907,1284.0,0.0,115.96188473520249,0.0
AYACUCHO,SUCRE,QUEROBAMBA,050901,2745.0,0.0,117.13681741056466,0.0
AYACUCHO,SUCRE,SAN PEDRO DE LARCAY,050908,970.0,0.0,72.50536092783504,0.0
AYACUCHO,SUCRE,SAN SALVADOR DE QUIJE,050909,1600.0,0.0,154.77635678125,0.0
AYACUCHO,SUCRE,SANTIAGO DE PAUCARAY,050910,921.0,0.0,92.85562222584147,0.0
AYACUCHO,SUCRE,SORAS,050911,1236.0,0.0,82.01753482200647,0.0
AYACUCHO,VICTOR FAJARDO,ALCAMENCA,051002,2551.0,4.26667988753992,39.758799142297136,1.0
AYACUCHO,VICTOR FAJARDO,APONGO,051003,1256.0,0.0,133.61347929936306,0.0
AYACUCHO,VICTOR FAJARDO,ASQUIPATA,051004,488.0,0.0,163.23268897540987,0.0
AYACUCHO,VICTOR FAJARDO,CANARIA,051005,4106.0,0.0,70.6531761434486,0.0
AYACUCHO,VICTOR FAJARDO,CAYARA,051006,1335.0,5.170449906640866,35.31032844344569,1.0
AYACUCHO,VICTOR FAJARDO,COLCA,051007,1220.0,8.491838452900097,25.095532786885247,1.0
AYACUCHO,VICTOR FAJARDO,HUAMANQUIQUIA,051008,1271.0,0.0,97.15851884343037,0.0
AYACUCHO,VICTOR FAJARDO,HUANCAPI,051001,2400.0,11.529985414414709,15.969974986,1.0
AYACUCHO,VICTOR FAJARDO,HUANCARAYLLA,051009,1791.0,6.878245194115862,29.86800346901173,1.0
AYACUCHO,VICTOR FAJARDO,HUAYA,051010,3191.0,3.291428877475181,46.15353965434033,1.0
AYACUCHO,VICTOR FAJARDO,SARHUA,051011,3003.0,0.0,116.56512588078589,0.0
AYACUCHO,VICTOR FAJARDO,VILCANCHOS,051012,2900.0,0.0,156.61751802413792,0.0
AYACUCHO,VILCAS HUAMAN,ACCOMARCA,051102,1357.0,0.0,81.27900372881356,0.0
AYACUCHO,VILCAS HUAMAN,CARHUANCA,051103,1149.0,0.0,134.02246149695387,0.0
AYACUCHO,VILCAS HUAMAN,CONCEPCION,051104,2992.0,0.0,102.22498997326203,0.0
AYACUCHO,VILCAS HUAMAN,HUAMBALPA,051105,2212.0,0.0,107.94856270524413,0.0
AYACUCHO,VILCAS HUAMAN,INDEPENDENCIA,051106,1815.0,0.0,124.77579889807163,0.0
AYACUCHO,VILCAS HUAMAN,SAURAMA,051107,1464.0,0.0,109.86461256147541,0.0
AYACUCHO,VILCAS HUAMAN,VILCAS HUAMAN,051101,8629.0,0.0,76.69396583265733,0.0
AYACUCHO,VILCAS HUAMAN,VISCHONGO,051108,4418.0,1.027132508964736,56.643032594839305,1.0
CAJAMARCA,CAJABAMBA,CACHACHI,060202,23843.0,0.4289715147593306,74.15575076018956,0.0
CAJAMARCA,CAJABAMBA,CAJABAMBA,060201,28216.000000000004,6.196850618562224,9.99313675456006,1.0
CAJAMARCA,CAJABAMBA,CONDEBAMBA,060203,13330.0,4.8656809755033095,20.7508877060015,1.0
CAJAMARCA,CAJABAMBA,SITACOCHA,060204,8700.0,0.11613488842546225,104.9961542121839,0.0
CAJAMARCA,CAJAMARCA,ASUNCION,060102,11810.000000000002,1.0113013386760257,58.423782678238766,4.0
CAJAMARCA,CAJAMARCA,CAJAMARCA,060101,189479.0,18.854195844616374,5.037031379281081,8.0
CAJAMARCA,CAJAMARCA,CHETILLA,060103,4005.0,2.4336992442401617,48.796235955056176,8.0
CAJAMARCA,CAJAMARCA,COSPAN,060104,8012.0,0.0,87.63638118434847,0.0
CAJAMARCA,CAJAMARCA,ENCANADA,060105,23152.0,2.583496314017289,45.30259553481341,8.0
CAJAMARCA,CAJAMARCA,JESUS,060106,14242.999999999998,9.686219181007894,28.63030794207681,8.0
CAJAMARCA,CAJAMARCA,LLACANORA,060107,5101.0,18.046453461307305,9.513421920407762,8.0
CAJAMARCA,CAJAMARCA,LOS BANOS DEL INCA,060108,34899.0,16.22805500611043,12.5380210218459,8.0
CAJAMARCA,CAJAMARCA,MAGDALENA,060109,9148.0,7.546797294269332,33.68485313882816,8.0
CAJAMARCA,CAJAMARCA,MATARA,060110,3786.0,9.627292325383312,27.360258848388803,8.0
CAJAMARCA,CAJAMARCA,NAMORA,060111,9750.0,9.571398830038092,28.361045876923075,8.0
CAJAMARCA,CAJAMARCA,SAN JUAN,060112,4789.0,9.60403877934183,28.631494808101902,8.0
CAJAMARCA,CELENDIN,CELENDIN,060301,24931.0,26.28201896063867,10.31313124222855,2.0
CAJAMARCA,CELENDIN,CHUMUCH,060302,3123.0,0.0,151.35445834774256,0.0
CAJAMARCA,CELENDIN,CORTEGANA,060303,8099.0,0.0,90.1752902895419,0.0
CAJAMARCA,CELENDIN,HUASMIN,060304,13480.0,6.237334104149977,64.01265678061326,1.0
CAJAMARCA,CELENDIN,JORGE CHAVEZ,060305,620.0,24.730664316970422,17.781140106451613,2.0
CAJAMARCA,CELENDIN,JOSE GALVEZ,060306,2910.0,27.03362707054521,14.473233806185567,2.0
CAJAMARCA,CELENDIN,LA LIBERTAD DE PALLAN,060312,7624.0,0.0,78.69604389703568,0.0
CAJAMARCA,CELENDIN,MIGUEL IGLESIAS,060307,4863.0,0.0,81.0275603187333,0.0
CAJAMARCA,CELENDIN,OXAMARCA,060308,6325.0,0.0,71.47565025517785,0.0
CAJAMARCA,CELENDIN,SOROCHUCO,060309,9969.0,0.16416079073975925,68.78932232761561,0.0
CAJAMARCA,CELENDIN,SUCRE,060310,5860.0,9.325250340495293,40.69632593856655,2.0
CAJAMARCA,CELENDIN,UTCO,060311,1402.0,7.418237516676285,41.860282614835945,2.0
CAJAMARCA,CHOTA,ANGUIA,060402,4244.0,0.0,69.74078547054665,0.0
CAJAMARCA,CHOTA,CHADIN,060403,3841.0,0.051258735371460466,60.9104565519396,0.5
CAJAMARCA,CHOTA,CHALAMARCA,060419,10539.0,0.6479333491114447,63.399225380918494,3.0
CAJAMARCA,CHOTA,CHIGUIRIP,060404,4678.0,4.190370660801718,35.526157850577164,5.5
CAJAMARCA,CHOTA,CHIMBAN,060405,3495.0,0.0,137.87929166809727,0.0
CAJAMARCA,CHOTA,CHOROPAMPA,060406,3166.0,0.0,83.61496841440305,0.0
CAJAMARCA,CHOTA,CHOTA,060401,47155.0,10.690397086193343,12.109418811300728,6.0
CAJAMARCA,CHOTA,COCHABAMBA,060407,6674.0,8.69850897597562,20.606283295774645,5.5
CAJAMARCA,CHOTA,CONCHAN,060408,6343.0,5.830247365105432,31.36132768831783,6.0
CAJAMARCA,CHOTA,HUAMBOS,060409,9553.0,2.4047989265765204,54.84395311232073,5.0
CAJAMARCA,CHOTA,LAJAS,060410,13054.000000000002,8.761360368804075,18.68536365361319,6.0
CAJAMARCA,CHOTA,LLAMA,060411,8104.0,0.05732137407295868,59.59660176702863,1.0
CAJAMARCA,CHOTA,MIRACOSTA,060412,3741.0,0.0,170.9378565276664,0.0
CAJAMARCA,CHOTA,PACCHA,060413,5165.0,0.6334484535132552,44.507650909196514,1.0
CAJAMARCA,CHOTA,PION,060414,1625.0,0.0,111.62436768369231,0.0
CAJAMARCA,CHOTA,QUEROCOTO,060415,9266.0,0.0,81.18373732300886,0.0
CAJAMARCA,CHOTA,SAN JUAN DE LICUPIS,060416,1101.0,0.0,107.24244079019074,0.0
CAJAMARCA,CHOTA,TACABAMBA,060417,19026.0,1.161007755470022,56.5417432621807,2.0
CAJAMARCA,CHOTA,TOCMOCHE,060418,998.0,0.0,103.1830360721443,0.0
CAJAMARCA,CONTUMAZA,CHILETE,060502,3200.0,0.0,64.32126249999999,0.0
CAJAMARCA,CONTUMAZA,CONTUMAZA,060501,9026.0,1.2493475351533534,72.19862729891426,4.0
CAJAMARCA,CONTUMAZA,CUPISNIQUE,060503,1519.0,0.0,103.86071197498354,0.0
CAJAMARCA,CONTUMAZA,GUZMANGO,060504,2990.0,0.0,142.58024105016722,0.0
CAJAMARCA,CONTUMAZA,SAN BENITO,060505,3580.0,0.0,83.80540881564247,0.0
CAJAMARCA,CONTUMAZA,SANTA CRUZ DE TOLED,060506,1236.0,0.0,114.61238387135923,0.0
CAJAMARCA,CONTUMAZA,TANTARICA,060507,2552.0,0.0,98.69040860501566,0.0
CAJAMARCA,CONTUMAZA,YONAN,060508,7784.0,2.5058650462787297,40.52724982682426,4.0
CAJAMARCA,CUTERVO,CALLAYUC,060602,10474.0,1.8591476971680712,65.10975400611036,0.0
CAJAMARCA,CUTERVO,CHOROS,060603,3494.0,17.8513009883036,33.240909724670864,8.0
CAJAMARCA,CUTERVO,CUJILLO,060604,2916.0,0.0,88.64906346776405,0.0
CAJAMARCA,CUTERVO,CUTERVO,060601,53064.0,8.979106164434322,15.236876088602441,5.0
CAJAMARCA,CUTERVO,LA RAMADA,060605,4705.0,0.0,94.17420297555792,0.0
CAJAMARCA,CUTERVO,PIMPINGOS,060606,6201.0,0.0,88.69568333333333,0.0
CAJAMARCA,CUTERVO,QUEROCOTILLO,060607,16549.0,0.17260415667489082,95.17081643543416,0.0
CAJAMARCA,CUTERVO,SAN ANDRES DE CUTERVO,060608,5323.0,1.4862535987753707,46.63254811572422,2.0
CAJAMARCA,CUTERVO,SAN JUAN DE CUTERVO,060609,2370.0,0.0,101.45099936962023,0.0
CAJAMARCA,CUTERVO,SAN LUIS DE LUCMA,060610,3951.0,0.15080562542039003,66.07921210782081,1.0
CAJAMARCA,CUTERVO,SANTA CRUZ,060611,3271.0,0.194397421307657,80.46414109996942,3.5
CAJAMARCA,CUTERVO,SANTO DOMINGO DE LA CAPILLA,060612,5483.0,0.07529271081465219,68.05116360058362,1.0
CAJAMARCA,CUTERVO,SANTO TOMAS,060613,8365.0,0.0,84.03665485594739,0.0
CAJAMARCA,CUTERVO,SOCOTA,060614,10856.0,3.58388359704293,34.160500821020634,2.0
CAJAMARCA,CUTERVO,TORIBIO CASANOVA,060615,1494.0,0.0,88.83510040160641,0.0
CAJAMARCA,HUALGAYOC,BAMBAMARCA,060701,69566.0,5.827247645522527,15.49678394760851,4.0
CAJAMARCA,HUALGAYOC,CHUGUR,060702,3668.0,0.0,73.8722462431843,0.0
CAJAMARCA,HUALGAYOC,HUALGAYOC,060703,17042.0,3.357214557580998,24.001759064898486,4.0
CAJAMARCA,JAEN,BELLAVISTA,060802,15571.0,14.592821906732176,38.04518536962944,7.0
CAJAMARCA,JAEN,CHONTALI,060803,10118.0,0.0,156.05881977960073,0.0
CAJAMARCA,JAEN,COLASAY,060804,11452.0,0.0,69.90689870895913,0.0
CAJAMARCA,JAEN,HUABAL,060805,7732.0,0.3030185871316426,75.6572001422659,0.0
CAJAMARCA,JAEN,JAEN,060801,85998.0,47.51158780232117,4.539887911764228,10.0
CAJAMARCA,JAEN,LAS PIRIAS,060806,4344.0,21.135159984104362,28.380231976058933,9.0
CAJAMARCA,JAEN,POMAHUACA,060807,8750.0,0.0,88.63697553457143,0.0
CAJAMARCA,JAEN,PUCARA,060808,7110.0,1.9963886303479286,58.15421720675105,5.5
CAJAMARCA,JAEN,SALLIQUE,060809,7718.0,0.0,159.40684115055714,0.0
CAJAMARCA,JAEN,SAN FELIPE,060810,5584.0,0.0,99.00483071633236,0.0
CAJAMARCA,JAEN,SAN JOSE DEL ALTO,060811,6936.0,0.0,113.15087456170703,0.0
CAJAMARCA,JAEN,SANTA ROSA,060812,12263.0,0.0,90.07105893158281,0.0
CAJAMARCA,SAN IGNACIO,CHIRINOS,060902,13433.999999999998,0.0,102.35655848741999,0.0
CAJAMARCA,SAN IGNACIO,HUARANGO,060903,20503.0,0.0,123.81641558064672,0.0
CAJAMARCA,SAN IGNACIO,LA COIPA,060904,18648.0,0.0,113.2323696059631,0.0
CAJAMARCA,SAN IGNACIO,NAMBALLE,060905,10200.0,0.0,247.14588544264709,0.0
CAJAMARCA,SAN IGNACIO,SAN IGNACIO,060901,32313.0,0.0,158.9444699979575,0.0
CAJAMARCA,SAN IGNACIO,SAN JOSE DE LOURDES,060906,18171.0,0.0,181.70820496230257,0.0
CAJAMARCA,SAN IGNACIO,TABACONAS,060907,17672.0,0.0,140.7563330773257,0.0
CAJAMARCA,SAN MARCOS,CHANCAY,061002,3515.0,0.23844974887025508,67.09641772119487,4.0
CAJAMARCA,SAN MARCOS,EDUARDO VILLANUEVA,061003,2111.0,1.186169349158261,46.1775817148271,1.0
CAJAMARCA,SAN MARCOS,GREGORIO PITA,061004,7188.0,1.9117132635205,56.6926030693517,8.0
CAJAMARCA,SAN MARCOS,ICHOCAN,061005,2168.0,0.5153990270131108,61.04490140959409,4.0
CAJAMARCA,SAN MARCOS,JOSE MANUEL QUIROZ,061006,4192.0,0.0,81.70545476526718,0.0
CAJAMARCA,SAN MARCOS,JOSE SABOGAL,061007,12985.0,0.0,158.8441968027211,0.0
CAJAMARCA,SAN MARCOS,PEDRO GALVEZ,061001,19288.0,1.5188328475527673,59.31199837764412,4.0
CAJAMARCA,SAN MIGUEL,BOLIVAR,061102,1810.0,0.0,76.09129053591161,0.0
CAJAMARCA,SAN MIGUEL,CALQUIS,061103,3822.0,0.0,95.82566101779173,0.0
CAJAMARCA,SAN MIGUEL,CATILLUC,061104,3529.0,0.01914714224914362,63.6606461450836,0.5
CAJAMARCA,SAN MIGUEL,EL PRADO,061105,1953.0,0.0,120.85117437275987,0.0
CAJAMARCA,SAN MIGUEL,LA FLORIDA,061106,2531.0,0.0,120.21639939549586,0.0
CAJAMARCA,SAN MIGUEL,LLAPA,061107,5466.0,0.0,65.21131845225028,0.0
CAJAMARCA,SAN MIGUEL,NANCHOC,061108,1404.0,0.0,72.55672427350427,0.0
CAJAMARCA,SAN MIGUEL,NIEPOS,061109,4452.0,0.0,160.8303708265948,0.0
CAJAMARCA,SAN MIGUEL,SAN GREGORIO,061110,2513.0,1.3080774716013706,44.57909037325905,1.5
CAJAMARCA,SAN MIGUEL,SAN MIGUEL,061101,16088.0,0.0,90.01651882527348,0.0
CAJAMARCA,SAN MIGUEL,SAN SILVESTRE DE COCHAN,061111,4642.0,0.0,64.81835246445499,0.0
CAJAMARCA,SAN MIGUEL,TONGOD,061112,4385.0,0.0,91.21170134093501,0.0
CAJAMARCA,SAN MIGUEL,UNION AGUA BLANCA,061113,3704.0,0.0,94.92334137149028,0.0
CAJAMARCA,SAN PABLO,SAN BERNARDINO,061202,4710.0,0.0,79.33278681210192,0.0
CAJAMARCA,SAN PABLO,SAN LUIS,061203,1288.0,0.0,65.4045760621118,0.0
CAJAMARCA,SAN PABLO,SAN PABLO,061201,13347.0,2.89636694460373,46.04757481254215,8.0
CAJAMARCA,SAN PABLO,TUMBADEN,061204,3524.0,4.058024848646209,40.95631329625426,8.0
CAJAMARCA,SANTA CRUZ,ANDABAMBA,061302,1752.0,0.0,77.76308162557078,0.0
CAJAMARCA,SANTA CRUZ,CATACHE,061303,9557.0,0.0,132.32290839855602,0.0
CAJAMARCA,SANTA CRUZ,CHANCAYBANOS,061304,3880.0,1.701946741411431,43.49749984561856,4.5
CAJAMARCA,SANTA CRUZ,LA ESPERANZA,061305,2889.0,0.8109321123627764,51.556366857736236,3.0
CAJAMARCA,SANTA CRUZ,NINABAMBA,061306,3021.0,0.0,82.30931163522013,0.0
CAJAMARCA,SANTA CRUZ,PULAN,061307,4877.0,0.0,96.46584895837604,0.0
CAJAMARCA,SANTA CRUZ,SANTA CRUZ,061301,10351.0,0.7802629469002351,51.99827523475993,3.0
CAJAMARCA,SANTA CRUZ,SAUCEPAMPA,061308,2031.0,0.0,67.69024178237322,0.0
CAJAMARCA,SANTA CRUZ,SEXI,061309,515.0,0.0,79.47809347572814,0.0
CAJAMARCA,SANTA CRUZ,UTICYACU,061310,1735.0,0.18915333503527998,58.183491769452445,1.5
CAJAMARCA,SANTA CRUZ,YAUYUCAN,061311,3425.0,0.0,86.39109356846714,0.0
CALLAO,CALLAO,BELLAVISTA,070102,75163.0,29.685705160624682,1.4383334,230.0
CALLAO,CALLAO,CALLAO,070101,415888.0,28.75610009149237,2.8633332,230.0
CALLAO,CALLAO,CARMEN DE LA LEGUA REYNOSO,070103,41863.0,32.406238361669395,1.4516667,232.0
CALLAO,CALLAO,LA PERLA,070104,61698.0,30.905900231363294,2.6383333,230.0
CALLAO,CALLAO,LA PUNTA,070105,4370.0,25.147721381431868,7.545,230.0
CALLAO,CALLAO,MI PERU,070107,51522.0,13.002934323888773,3.7816668,229.0
CALLAO,CALLAO,VENTANILLA,070106,277895.0,11.579835939044454,1.81,228.0
CUSCO,ACOMAYO,ACOMAYO,080201,5463.0,0.0,87.78922985447556,0.0
CUSCO,ACOMAYO,ACOPIA,080202,2587.0,0.44512090257648657,58.903426182837265,2.0
CUSCO,ACOMAYO,ACOS,080203,2545.0,0.0,98.0117958074656,0.0
CUSCO,ACOMAYO,MOSOC LLACTA,080204,1864.0,1.9219350509840523,41.8595955193133,2.0
CUSCO,ACOMAYO,POMACANCHI,080205,8778.0,0.0,73.83892739963545,0.0
CUSCO,ACOMAYO,RONDOCAN,080206,2919.0,0.10779569757375597,60.739958129496394,0.0
CUSCO,ACOMAYO,SANGARARA,080207,3753.0,0.13162700958818432,66.82829189235278,0.0
CUSCO,ANTA,ANCAHUASI,080302,6827.0,4.215431652397903,48.98150158986378,12.0
CUSCO,ANTA,ANTA,080301,16211.0,15.957866664825495,32.04092402461292,12.0
CUSCO,ANTA,CACHIMAYO,080303,2170.0,23.36336109689749,23.39612361797235,12.0
CUSCO,ANTA,CHINCHAYPUJIO,080304,4756.0,0.0,76.57235886206897,0.0
CUSCO,ANTA,HUAROCONDO,080305,5719.0,7.219904717822808,42.47140575170485,12.0
CUSCO,ANTA,LIMATAMBO,080306,9510.0,0.0,77.2842251577287,0.0
CUSCO,ANTA,MOLLEPATA,080307,3102.0,0.0,88.52868486137976,0.0
CUSCO,ANTA,PUCYURA,080308,3545.0,21.523120758016947,24.5518283393512,12.0
CUSCO,ANTA,ZURITE,080309,3705.0,6.7960474619505495,43.48255152496627,12.0
CUSCO,CALCA,CALCA,080401,19637.0,0.2232176006156465,60.56280173371696,0.0
CUSCO,CALCA,COYA,080402,3948.0,9.814239130793267,34.36982026899696,12.0
CUSCO,CALCA,LAMAY,080403,5367.0,1.5535248892991378,61.534879821129124,6.0
CUSCO,CALCA,LARES,080404,7138.0,0.0,118.2059771070328,0.0
CUSCO,CALCA,PISAC,080405,9699.0,5.408939601972954,44.484126214351996,8.5
CUSCO,CALCA,SAN SALVADOR,080406,5219.0,2.930251036884118,48.40328432036789,9.5
CUSCO,CALCA,TARAY,080407,4275.0,18.567316710083276,23.655316444912284,12.0
CUSCO,CALCA,YANATILE,080408,11079.0,0.0,149.3014774519361,0.0
CUSCO,CANAS,CHECCA,080502,7616.0,3.6224730366561237,47.763223517266276,2.0
CUSCO,CANAS,KUNTURKANKI,080503,7011.0,3.4864084239876934,46.8439315950649,2.0
CUSCO,CANAS,LANGUI,080504,3458.0,1.163897462909209,48.419066580393284,2.0
CUSCO,CANAS,LAYO,080505,6603.0,0.45003374640422555,58.38867307284568,1.0
CUSCO,CANAS,PAMPAMARCA,080506,2047.0,1.0441580114880502,50.31228639130435,2.0
CUSCO,CANAS,QUEHUE,080507,3285.0,0.0,98.93282899238966,0.0
CUSCO,CANAS,TUPAC AMARU,080508,2965.0,0.08850773261995656,61.88992658853289,1.0
CUSCO,CANAS,YANAOCA,080501,9701.0,0.33593605973600604,62.63317494577878,2.0
CUSCO,CANCHIS,CHECACUPE,080602,4901.0,1.0321507797910539,49.993766963476844,2.0
CUSCO,CANCHIS,COMBAPATA,080603,5796.0,1.1118116816825254,71.29094806763285,1.0
CUSCO,CANCHIS,MARANGANI,080604,13045.0,5.582171212267552,20.28292916128785,2.0
CUSCO,CANCHIS,PITUMARCA,080605,7007.0,0.3167977893188682,61.635322865705724,0.0
CUSCO,CANCHIS,SAN PABLO,080606,4979.0,5.787729242362379,19.736689978308895,2.0
CUSCO,CANCHIS,SAN PEDRO,080607,2974.0,5.133020563523504,23.085305587760594,2.0
CUSCO,CANCHIS,SICUANI,080601,57546.00000000001,7.389998732446061,6.58496227371494,2.0
CUSCO,CANCHIS,TINTA,080608,6395.0,4.101250213131792,28.329661454261142,2.0
CUSCO,CHUMBIVILCAS,CAPACMARCA,080702,4592.0,0.0,64.7354120836237,0.0
CUSCO,CHUMBIVILCAS,CHAMACA,080703,7730.0,1.397692463489052,61.93623135329883,0.0
CUSCO,CHUMBIVILCAS,COLQUEMARCA,080704,9046.0,4.3091050993338005,35.5175961529958,1.0
CUSCO,CHUMBIVILCAS,LIVITACA,080705,11457.0,0.0,105.59760070345641,0.0
CUSCO,CHUMBIVILCAS,LLUSCO,080706,6274.0,5.06512739407072,29.56713440261396,1.0
CUSCO,CHUMBIVILCAS,QUINOTA,080707,4317.0,1.8789430009893104,47.57281654273801,1.0
CUSCO,CHUMBIVILCAS,SANTO TOMAS,080701,25302.0,6.86825067830465,21.286869084420204,1.0
CUSCO,CHUMBIVILCAS,VELILLE,080708,8047.0,2.115182048189649,43.8181154006462,1.0
CUSCO,CUSCO,CCORCA,080102,2365.0,12.176222441837991,33.0055235205074,12.0
CUSCO,CUSCO,CUSCO,080101,108991.0,39.72935017395957,3.5393556924938756,12.0
CUSCO,CUSCO,POROY,080103,4526.0,28.51056080549048,17.57474938356164,12.0
CUSCO,CUSCO,SAN JERONIMO,080104,31723.0,34.26096573024405,10.844920979289476,12.0
CUSCO,CUSCO,SAN SEBASTIAN,080105,92117.0,39.482943068370886,2.3621519085163434,12.0
CUSCO,CUSCO,SANTIAGO,080106,66976.0,39.34173532042666,1.7145110577669613,12.0
CUSCO,CUSCO,SAYLLA,080107,3009.0,29.77365384337975,15.906119222997674,12.0
CUSCO,CUSCO,WANCHAQ,080108,59134.0,40.7295994380018,1.245,12.0
CUSCO,ESPINAR,ALTO PICHIGUA,080808,2669.0,3.1848054600535427,47.284100461596104,2.0
CUSCO,ESPINAR,CONDOROMA,080802,1208.0,0.0,117.26390728476821,0.0
CUSCO,ESPINAR,COPORAQUE,080803,15703.0,9.77664079136988,32.0571922372795,2.0
CUSCO,ESPINAR,ESPINAR,080801,32026.0,19.113696078725347,8.71496826715169,2.0
CUSCO,ESPINAR,OCORURO,080804,1805.0,0.0,72.93079439612188,0.0
CUSCO,ESPINAR,PALLPATA,080805,5313.0,1.650272229531237,72.86155099077733,1.0
CUSCO,ESPINAR,PICHIGUA,080806,3625.0,17.806100534386864,13.729284981517242,2.0
CUSCO,ESPINAR,SUYCKUTAMBO,080807,2796.0,0.17702373482657505,72.88493440987125,1.0
CUSCO,LA CONVENCION,ECHARATE,080902,43101.0,10.003391117462755,99.77885659793921,0.0
CUSCO,LA CONVENCION,HUAYOPATA,080903,6289.0,17.448682353030208,36.060220825091434,4.0
CUSCO,LA CONVENCION,INKAWASI,080911,2602.0,0.0,248.28458464258264,0.0
CUSCO,LA CONVENCION,KIMBIRI,080907,16445.0,10.289998814075956,42.75428104665856,2.5
CUSCO,LA CONVENCION,MARANURA,080904,6770.0,32.25694901610415,23.822890237813887,4.0
CUSCO,LA CONVENCION,OCOBAMBA,080905,6244.0,0.0,129.64683792440744,0.0
CUSCO,LA CONVENCION,PICHARI,080910,15762.0,14.043849501502729,18.341339367561226,3.0
CUSCO,LA CONVENCION,QUELLOUNO,080906,15084.0,1.2725449339792676,127.43061055409706,0.0
CUSCO,LA CONVENCION,SANTA ANA,080901,33683.0,52.655729181179815,1.6231606413175785,4.0
CUSCO,LA CONVENCION,SANTA TERESA,080908,6923.0,18.08864201313809,36.21464177379749,4.0
CUSCO,LA CONVENCION,VILCABAMBA,080909,12992.0,0.0,91.83760139254926,0.0
CUSCO,LA CONVENCION,VILLA VIRGEN,080912,1993.0,0.0,106.98332900652282,0.0
CUSCO,PARURO,ACCHA,081002,3853.0,0.0,106.65921606799897,0.0
CUSCO,PARURO,CCAPI,081003,4120.0,0.0,110.39510171844661,0.0
CUSCO,PARURO,COLCHA,081004,1335.0,0.0,91.87037564794007,0.0
CUSCO,PARURO,HUANOQUITE,081005,5843.0,4.577892956311018,47.37501170477494,8.0
CUSCO,PARURO,OMACHA,081006,6431.0,0.0,124.96319095475046,0.0
CUSCO,PARURO,PACCARITAMBO,081007,2623.0,0.0,77.18241033930613,0.0
CUSCO,PARURO,PARURO,081001,3566.0,0.5050289820485048,58.70074032529445,2.0
CUSCO,PARURO,PILLPINTO,081008,1327.0,0.0,110.69432243556895,0.0
CUSCO,PARURO,YAURISQUE,081009,2674.0,5.714220605592126,45.162672545998504,12.0
CUSCO,PAUCARTAMBO,CAICAY,081102,2521.0,9.419610528474855,38.69666703133678,12.0
CUSCO,PAUCARTAMBO,CHALLABAMBA,081103,10240.0,0.0,137.82177162597654,0.0
CUSCO,PAUCARTAMBO,COLQUEPATA,081104,9616.0,0.0,86.66655386657654,0.0
CUSCO,PAUCARTAMBO,HUANCARANI,081105,6890.0,0.4488159276076712,62.34524097721336,5.0
CUSCO,PAUCARTAMBO,KOSNIPATA,081106,4793.0,0.0,195.60920562069683,0.0
CUSCO,PAUCARTAMBO,PAUCARTAMBO,081101,12650.0,0.0,114.7358458283004,0.0
CUSCO,QUISPICANCHI,ANDAHUAYLILLAS,081202,4951.0,6.231387006423667,44.59803646616845,12.0
CUSCO,QUISPICANCHI,CAMANTI,081203,2111.0,0.0,252.2581743486499,0.0
CUSCO,QUISPICANCHI,CCARHUAYO,081204,2886.0,0.0,154.48097033264034,0.0
CUSCO,QUISPICANCHI,CCATCA,081205,14630.0,0.0,77.35556588562314,0.0
CUSCO,QUISPICANCHI,CUSIPATA,081206,5146.0,0.0,73.35860632627283,0.0
CUSCO,QUISPICANCHI,HUARO,081207,4366.0,1.9911798075941651,74.29573223453963,11.0
CUSCO,QUISPICANCHI,LUCRE,081208,3880.0,15.23108390251753,30.856854289948455,12.0
CUSCO,QUISPICANCHI,MARCAPATA,081209,4514.0,0.0,259.2683513114754,0.0
CUSCO,QUISPICANCHI,OCONGATE,081210,13590.0,0.0,137.0117344370861,0.0
CUSCO,QUISPICANCHI,OROPESA,081211,6579.0,21.981665170047005,23.665408408572727,12.0
CUSCO,QUISPICANCHI,QUIQUIJANA,081212,10971.0,0.0,76.49207829810409,0.0
CUSCO,QUISPICANCHI,URCOS,081201,13571.0,1.5493012901655854,72.20616020241692,0.0
CUSCO,URUBAMBA,CHINCHERO,081302,9540.0,15.055881298047098,31.42082335283019,12.0
CUSCO,URUBAMBA,HUAYLLABAMBA,081303,5332.0,9.056991645646745,41.68191777906977,6.0
CUSCO,URUBAMBA,MACHUPICCHU,081304,5286.0,4.2950943696988,58.298030366628836,2.0
CUSCO,URUBAMBA,MARAS,081305,6258.0,4.05588262659099,49.4221070316395,12.0
CUSCO,URUBAMBA,OLLANTAYTAMBO,081306,9851.0,0.0,85.68500323672724,0.0
CUSCO,URUBAMBA,URUBAMBA,081301,18516.0,1.1024325647463986,57.824172877511344,2.0
CUSCO,URUBAMBA,YUCAY,081307,3101.0,0.8199534742451746,57.01230216930023,4.5
HUANCAVELICA,ACOBAMBA,ACOBAMBA,090201,11368.0,7.091224990354604,9.788618428114004,2.0
HUANCAVELICA,ACOBAMBA,ANDABAMBA,090202,4915.0,2.125200099719355,45.123454527772125,2.0
HUANCAVELICA,ACOBAMBA,ANTA,090203,8253.0,7.094225532515763,26.29455154283291,2.0
HUANCAVELICA,ACOBAMBA,CAJA,090204,2968.0,4.194009369519904,27.493468404312665,1.5
HUANCAVELICA,ACOBAMBA,MARCAS,090205,2367.0,4.07483672513543,32.42834073595268,2.0
HUANCAVELICA,ACOBAMBA,PAUCARA,090206,24637.0,4.233118104712096,35.50109355169055,2.0
HUANCAVELICA,ACOBAMBA,POMACOCHA,090207,4240.0,6.238485705453396,14.911689485566038,1.0
HUANCAVELICA,ACOBAMBA,ROSARIO,090208,7467.0,6.35627607388126,19.93666701352618,2.0
HUANCAVELICA,ANGARAES,ANCHONGA,090302,7749.0,5.384241020755846,33.1175501126597,4.0
HUANCAVELICA,ANGARAES,CALLANMARCA,090303,907.0,3.528794359262135,30.129519256890845,1.0
HUANCAVELICA,ANGARAES,CCOCHACCASA,090304,3531.0,11.847760527802826,23.474944824129143,3.0
HUANCAVELICA,ANGARAES,CHINCHO,090305,1322.0,4.450331761000851,36.073547342662636,5.5
HUANCAVELICA,ANGARAES,CONGALLA,090306,4454.0,0.033512564601716074,65.66236135900314,0.0
HUANCAVELICA,ANGARAES,HUANCA-HUANCA,090307,1658.0,2.2339161269974754,38.2323891013269,1.0
HUANCAVELICA,ANGARAES,HUAYLLAY GRANDE,090308,2007.0,7.0020196987415435,10.714695369207773,1.5
HUANCAVELICA,ANGARAES,JULCAMARCA,090309,1658.0,0.0,71.58206980458384,0.0
HUANCAVELICA,ANGARAES,LIRCAY,090301,24899.0,5.874352688902584,19.28609494143339,1.0
HUANCAVELICA,ANGARAES,SAN ANTONIO DE ANTAPARCO,090310,3055.0,0.15711291448175108,65.51065763502454,2.5
HUANCAVELICA,ANGARAES,SANTO TOMAS DE PATA,090311,1968.0,0.0,84.06622271138212,0.0
HUANCAVELICA,ANGARAES,SECCLLA,090312,3377.0,0.0,84.7325590553746,0.0
HUANCAVELICA,CASTROVIRREYNA,ARMA,090402,1484.0,0.0,109.19814978436656,0.0
HUANCAVELICA,CASTROVIRREYNA,AURAHUA,090403,2125.0,0.0,126.44438687529413,0.0
HUANCAVELICA,CASTROVIRREYNA,CAPILLAS,090404,1399.0,0.0,118.84465220300216,0.0
HUANCAVELICA,CASTROVIRREYNA,CASTROVIRREYNA,090401,3414.0,0.0,129.57926119214997,0.0
HUANCAVELICA,CASTROVIRREYNA,CHUPAMARCA,090405,1132.0,0.0,132.39092553003533,0.0
HUANCAVELICA,CASTROVIRREYNA,COCAS,090406,946.0,0.0,120.36683310782243,0.0
HUANCAVELICA,CASTROVIRREYNA,HUACHOS,090407,1909.0,0.0,110.86340595599792,0.0
HUANCAVELICA,CASTROVIRREYNA,HUAMATAMBO,090408,447.0,0.0,123.80811617449665,0.0
HUANCAVELICA,CASTROVIRREYNA,MOLLEPAMPA,090409,1565.0,0.0,122.52609996805113,0.0
HUANCAVELICA,CASTROVIRREYNA,SAN JUAN,090410,785.0,0.0,78.1006205477707,0.0
HUANCAVELICA,CASTROVIRREYNA,SANTA ANA,090411,1975.0,0.0,136.29134043037973,0.0
HUANCAVELICA,CASTROVIRREYNA,TANTARA,090412,816.0,0.0,107.79246765196078,0.0
HUANCAVELICA,CASTROVIRREYNA,TICRAPO,090413,1802.0,0.0,102.89751676470588,0.0
HUANCAVELICA,CHURCAMPA,ANCO,090502,6653.0,0.16336223193869995,69.77191257357583,0.5
HUANCAVELICA,CHURCAMPA,CHINCHIHUASI,090503,3401.0,0.0,81.9305026962658,0.0
HUANCAVELICA,CHURCAMPA,CHURCAMPA,090501,6001.0,0.524235087585879,51.37432238360273,1.0
HUANCAVELICA,CHURCAMPA,COSME,090511,4184.0,0.0,84.69856727772466,0.0
HUANCAVELICA,CHURCAMPA,EL CARMEN,090504,3101.0,0.0,75.11330056433408,0.0
HUANCAVELICA,CHURCAMPA,LA MERCED,090505,1149.0,1.1838260225479156,40.538157902523935,1.0
HUANCAVELICA,CHURCAMPA,LOCROJA,090506,4439.0,0.0,77.16548188871367,0.0
HUANCAVELICA,CHURCAMPA,PACHAMARCA,090510,2937.0,0.0,105.30115423901943,0.0
HUANCAVELICA,CHURCAMPA,PAUCARBAMBA,090507,7385.0,0.0,89.19522039539608,0.0
HUANCAVELICA,CHURCAMPA,SAN MIGUEL DE MAYOCC,090508,1144.0,1.1493487737557622,45.25027700174825,0.5
HUANCAVELICA,CHURCAMPA,SAN PEDRO DE CORIS,090509,7097.0,0.0,138.3674669198253,0.0
HUANCAVELICA,HUANCAVELICA,ACOBAMBILLA,090102,3976.0,3.977113002071719,49.27004425553319,1.0
HUANCAVELICA,HUANCAVELICA,ACORIA,090103,30896.0,7.607509553665494,38.736328843048724,2.0
HUANCAVELICA,HUANCAVELICA,ASCENSION,090118,9735.0,21.469579585615797,2.025777746666667,2.5
HUANCAVELICA,HUANCAVELICA,CONAYCA,090104,1323.0,0.0,69.89543232048375,0.0
HUANCAVELICA,HUANCAVELICA,CUENCA,090105,2287.0,0.0,93.47275032794053,0.0
HUANCAVELICA,HUANCAVELICA,HUACHOCOLPA,090106,3032.0,1.9576218821781621,43.333506015831134,1.0
HUANCAVELICA,HUANCAVELICA,HUANCAVELICA,090101,36402.0,21.55510347852859,2.2586398176034286,3.0
HUANCAVELICA,HUANCAVELICA,HUANDO,090119,7694.0,3.9357870918748143,44.79928899675071,2.0
HUANCAVELICA,HUANCAVELICA,HUAYLLAHUARA,090107,907.0,0.0,94.91532588754134,0.0
HUANCAVELICA,HUANCAVELICA,IZCUCHACA,090108,979.0,1.5353601625403501,56.121343886618995,2.0
HUANCAVELICA,HUANCAVELICA,LARIA,090109,1443.0,0.0,88.41785040194038,0.0
HUANCAVELICA,HUANCAVELICA,MANTA,090110,1741.0,0.33529186755120216,68.62224196094199,1.0
HUANCAVELICA,HUANCAVELICA,MARISCAL CACERES,090111,760.0,0.0,63.06167,0.0
HUANCAVELICA,HUANCAVELICA,MOYA,090112,2272.0,0.0,93.66192088028168,0.0
HUANCAVELICA,HUANCAVELICA,NUEVO OCCORO,090113,2539.0,0.0,81.51475634501773,0.0
HUANCAVELICA,HUANCAVELICA,PALCA,090114,3416.0,7.0128390807070184,35.820706217798595,2.0
HUANCAVELICA,HUANCAVELICA,PILCHACA,090115,626.0,0.0,80.39257940894568,0.0
HUANCAVELICA,HUANCAVELICA,VILCA,090116,3186.0,0.0,75.96080523069679,0.0
HUANCAVELICA,HUANCAVELICA,YAULI,090117,23874.0,8.102920067756337,36.86441341695568,3.5
HUANCAVELICA,HUAYTARA,AYAVI,090602,817.0,0.0,167.89519017135862,0.0
HUANCAVELICA,HUAYTARA,CORDOVA,090603,2098.0,0.0,127.4456177478551,0.0
HUANCAVELICA,HUAYTARA,HUAYACUNDO ARMA,090604,451.0,0.0,126.23000405764967,0.0
HUANCAVELICA,HUAYTARA,HUAYTARA,090601,2237.0,0.0,100.4399789360751,0.0
HUANCAVELICA,HUAYTARA,LARAMARCA,090605,1040.0,0.0,124.17112630384615,0.0
HUANCAVELICA,HUAYTARA,OCOYO,090606,2257.0,0.0,95.01325653522375,0.0
HUANCAVELICA,HUAYTARA,PILPICHACA,090607,3605.0,0.0,103.41870049597782,0.0
HUANCAVELICA,HUAYTARA,QUERCO,090608,838.0,0.0,110.01532350238664,0.0
HUANCAVELICA,HUAYTARA,QUITO-ARMA,090609,881.0,0.0,139.97123969353007,0.0
HUANCAVELICA,HUAYTARA,SAN ANTONIO DE CUSICANCHA,090610,1641.0,0.0,134.4111132480195,0.0
HUANCAVELICA,HUAYTARA,SAN FRANCISCO DE SANGAYAICO,090611,821.0,0.0,123.75607649208281,0.0
HUANCAVELICA,HUAYTARA,SAN ISIDRO,090612,1114.0,0.0,131.50073739676841,0.0
HUANCAVELICA,HUAYTARA,SANTIAGO DE CHOCORVOS,090613,3359.0,0.0,120.78173162548379,0.0
HUANCAVELICA,HUAYTARA,SANTIAGO DE QUIRAHUARA,090614,698.0,0.0,94.7848657234957,0.0
HUANCAVELICA,HUAYTARA,SANTO DOMINGO DE CAPILLAS,090615,1081.0,0.0,136.1351431359852,0.0
HUANCAVELICA,HUAYTARA,TAMBO,090616,521.0,0.0,145.62346280230327,0.0
HUANCAVELICA,TAYACAJA,ACOSTAMBO,090702,4537.0,1.5115203000144506,52.898595952171036,8.5
HUANCAVELICA,TAYACAJA,ACRAQUIA,090703,5203.0,3.1732236540641,22.89750757889679,1.5
HUANCAVELICA,TAYACAJA,AHUAYCHA,090704,5212.0,2.506248591020749,29.52733115886416,5.5
HUANCAVELICA,TAYACAJA,ANDAYMARCA,090720,2475.0,0.0,113.91335005454545,0.0
HUANCAVELICA,TAYACAJA,COLCABAMBA,090705,13059.000000000002,0.44008706416923615,69.79666961987901,0.0
HUANCAVELICA,TAYACAJA,DANIEL HERNANDEZ,090706,9752.0,6.114824448256233,5.04973403195242,12.5
HUANCAVELICA,TAYACAJA,HUACHOCOLPA,090707,4976.0,0.0,146.35702575562698,0.0
HUANCAVELICA,TAYACAJA,HUARIBAMBA,090709,7713.0,1.0195092500167509,46.91708909788669,1.0
HUANCAVELICA,TAYACAJA,NAHUIMPUQUIO,090710,2175.0,7.253996699938951,42.289355281379315,16.0
HUANCAVELICA,TAYACAJA,PAMPAS,090701,10914.0,4.075784580245559,23.71957613257284,8.0
HUANCAVELICA,TAYACAJA,PAZOS,090711,7511.0,11.746756739943798,29.94296509000133,16.0
HUANCAVELICA,TAYACAJA,QUICHUAS,090719,4457.0,0.03721343538008513,60.89062316199237,0.5
HUANCAVELICA,TAYACAJA,QUISHUAR,090713,942.0,0.0,68.86152460721868,0.0
HUANCAVELICA,TAYACAJA,SALCABAMBA,090714,5151.0,0.25082199811255607,59.91728075868763,1.0
HUANCAVELICA,TAYACAJA,SALCAHUASI,090715,4053.0,0.0,100.82488266962744,0.0
HUANCAVELICA,TAYACAJA,SAN MARCOS DE ROCCHAC,090716,3202.0,0.0,72.85312917801375,0.0
HUANCAVELICA,TAYACAJA,SURCUBAMBA,090717,5078.0,0.0,124.28052274123671,0.0
HUANCAVELICA,TAYACAJA,TINTAY PUNCU,090718,8471.0,0.0,178.78963236335733,0.0
HUANUCO,AMBO,AMBO,100201,15757.0,6.7912767924248625,48.449717956685916,10.0
HUANUCO,AMBO,CAYNA,100202,3727.0,0.0,89.59702770324658,0.0
HUANUCO,AMBO,COLPAS,100203,2706.0,0.0,133.76004597930526,0.0
HUANUCO,AMBO,CONCHAMARCA,100204,6903.0,20.22640702156386,24.531978196726065,10.0
HUANUCO,AMBO,HUACAR,100205,8161.0,2.5059504686125234,55.77724493787526,10.0
HUANUCO,AMBO,SAN FRANCISCO,100206,3285.0,0.36108593843256787,68.39968909893456,0.0
HUANUCO,AMBO,SAN RAFAEL,100207,11594.0,5.3803407001358625,56.00016295118165,1.0
HUANUCO,AMBO,TOMAY KICHWA,100208,4488.0,20.49197372126187,24.140854787433156,10.0
HUANUCO,DOS DE MAYO,CHUQUIS,100307,5018.0,0.0,161.40482751893185,0.0
HUANUCO,DOS DE MAYO,LA UNION,100301,6913.0,0.0,121.02282430493274,0.0
HUANUCO,DOS DE MAYO,MARIAS,100311,7601.0,0.0,150.71642162610183,0.0
HUANUCO,DOS DE MAYO,PACHAS,100313,11146.0,0.0,134.9489742844967,0.0
HUANUCO,DOS DE MAYO,QUIVILLA,100316,2088.0,0.0,153.90253854406131,0.0
HUANUCO,DOS DE MAYO,RIPAN,100317,6312.0,0.0,132.32698004942964,0.0
HUANUCO,DOS DE MAYO,SHUNQUI,100321,2549.0,0.0,141.27979597096902,0.0
HUANUCO,DOS DE MAYO,SILLAPATA,100322,2898.0,0.0,124.02463826086957,0.0
HUANUCO,DOS DE MAYO,YANAS,100323,3095.0,0.0,153.1305835088853,0.0
HUANUCO,HUACAYBAMBA,CANCHABAMBA,100402,3038.0,0.0,252.28503907504938,0.0
HUANUCO,HUACAYBAMBA,COCHABAMBA,100403,2750.0,0.0,153.70297857454545,0.0
HUANUCO,HUACAYBAMBA,HUACAYBAMBA,100401,6736.0,0.0,136.27386544239903,0.0
HUANUCO,HUACAYBAMBA,PINRA,100404,7883.0,0.0,194.72653368007104,0.0
HUANUCO,HUAMALIES,ARANCAY,100502,1767.0,0.0,218.15735541595924,0.0
HUANUCO,HUAMALIES,CHAVIN DE PARIARCA,100503,4328.0,0.0,165.28702688770795,0.0
HUANUCO,HUAMALIES,JACAS GRANDE,100504,6371.0,0.0,163.25582427405433,0.0
HUANUCO,HUAMALIES,JIRCAN,100505,2948.0,0.0,213.6047042469471,0.0
HUANUCO,HUAMALIES,LLATA,100501,14765.0,0.0,125.65467031344396,0.0
HUANUCO,HUAMALIES,MIRAFLORES,100506,3538.0,0.0,136.32493240248726,0.0
HUANUCO,HUAMALIES,MONZON,100507,18635.0,0.7909029508585778,56.58426096206064,1.0
HUANUCO,HUAMALIES,PUNCHAO,100508,2331.0,0.0,135.37483488202489,0.0
HUANUCO,HUAMALIES,PUNOS,100509,4755.0,0.0,104.65618515667718,0.0
HUANUCO,HUAMALIES,SINGA,100510,4016.0,0.0,119.76381474103586,0.0
HUANUCO,HUAMALIES,TANTAMAYO,100511,2888.0,0.0,177.19867736495846,0.0
HUANUCO,HUANUCO,AMARILIS,100102,67695.0,36.381809561221544,2.8038847182458086,10.0
HUANUCO,HUANUCO,CHINCHAO,100103,22375.0,1.0371830781936526,75.33071012505029,1.0
HUANUCO,HUANUCO,CHURUBAMBA,100104,24732.0,2.905534100372442,53.92245933259744,10.0
HUANUCO,HUANUCO,HUANUCO,100101,75268.0,38.12229998206732,2.1566867600693524,10.0
HUANUCO,HUANUCO,MARGOS,100105,8549.0,0.6724042590833899,61.06280681693766,0.0
HUANUCO,HUANUCO,PILLCO MARCA,100111,24253.0,35.895182527449585,5.5958760507153755,10.0
HUANUCO,HUANUCO,QUISQUI (KICHKI),100106,7371.0,9.102756174164828,39.927375461945466,10.0
HUANUCO,HUANUCO,SAN FRANCISCO DE CAYRAN,100107,4847.0,25.103604685061548,19.230386540127917,10.0
HUANUCO,HUANUCO,SAN PEDRO DE CHAULAN,100108,6786.0,0.0,88.33039627763043,0.0
HUANUCO,HUANUCO,SANTA MARIA DEL VALLE,100109,17774.0,18.659235857992787,31.755368503375717,10.0
HUANUCO,HUANUCO,YACUS,100112,6283.0,1.1422269531823315,65.31932876969601,5.0
HUANUCO,HUANUCO,YARUMAYO,100110,2655.0,1.1011710051594696,61.8146127118644,5.0
HUANUCO,LAURICOCHA,BANOS,101002,5409.0,0.0,152.9918789332594,0.0
HUANUCO,LAURICOCHA,JESUS,101001,6313.0,0.0,104.80239060668463,0.0
HUANUCO,LAURICOCHA,JIVIA,101003,2557.0,0.0,100.2602955318733,0.0
HUANUCO,LAURICOCHA,QUEROPALCA,101004,1719.0,0.0,168.115355840605,0.0
HUANUCO,LAURICOCHA,RONDOS,101005,6502.0,0.0,146.2098467225469,0.0
HUANUCO,LAURICOCHA,SAN FRANCISCO DE ASIS,101006,2425.0,0.0,124.0813923727835,0.0
HUANUCO,LAURICOCHA,SAN MIGUEL DE CAURI,101007,9587.0,0.0,144.3867456221967,0.0
HUANUCO,LEONCIO PRADO,DANIEL ALOMIAS ROBLES,100602,6597.0,4.906868559535737,23.23037744429286,2.0
HUANUCO,LEONCIO PRADO,HERMILIO VALDIZAN,100603,3879.0,0.0,70.04521559938128,0.0
HUANUCO,LEONCIO PRADO,JOSE CRESPO Y CASTILLO,100604,32284.0,0.0,74.674766773634,0.0
HUANUCO,LEONCIO PRADO,LUYANDO,100605,8599.0,5.279272624751871,23.420587155250615,2.0
HUANUCO,LEONCIO PRADO,MARIANO DAMASO BERAUN,100606,9332.0,2.0644475341403496,44.49323945852979,2.0
HUANUCO,LEONCIO PRADO,RUPA-RUPA,100601,57300.0,8.496910335603454,4.201744430275742,2.0
HUANUCO,MARANON,CHOLON,100702,9083.0,0.22673499022255517,73.8947952686337,0.0
HUANUCO,MARANON,HUACRACHUCO,100701,15105.0,0.0,145.38500189473683,0.0
HUANUCO,MARANON,SAN BUENAVENTURA,100703,2499.0,0.0,199.11834893157265,0.0
HUANUCO,PACHITEA,CHAGLLA,100802,13464.0,0.1007174468639466,83.39418556743911,0.0
HUANUCO,PACHITEA,MOLINO,100803,12549.000000000002,0.0,73.82485049942889,0.0
HUANUCO,PACHITEA,PANAO,100801,19673.0,0.0,92.03899134039038,0.0
HUANUCO,PACHITEA,UMARI,100804,17181.0,0.7615580621395622,63.84244939667364,0.0
HUANUCO,PUERTO INCA,CODO DEL POZUZO,100902,6026.0,0.0,225.9730099784268,0.0
HUANUCO,PUERTO INCA,HONORIA,100903,5628.0,0.0,79.45106284150675,0.0
HUANUCO,PUERTO INCA,PUERTO INCA,100901,8670.0,0.0,196.05481864936561,0.0
HUANUCO,PUERTO INCA,TOURNAVISTA,100904,5052.0,0.0,84.05190891330166,0.0
HUANUCO,PUERTO INCA,YUYAPICHIS,100905,5851.0,0.0,238.17295489318064,0.0
HUANUCO,YAROWILCA,APARICIO POMARES,101104,5780.0,0.0,132.0499489965398,0.0
HUANUCO,YAROWILCA,CAHUAC,101102,3384.0,0.0,136.32308604905438,0.0
HUANUCO,YAROWILCA,CHACABAMBA,101103,3071.0,0.0,110.59190962357538,0.0
HUANUCO,YAROWILCA,CHAVINILLO,101101,7190.0,0.0,121.21570533379693,0.0
HUANUCO,YAROWILCA,CHORAS,101108,3458.0,0.0,79.29489895893582,0.0
HUANUCO,YAROWILCA,JACAS CHICO,101105,1889.0,0.0,77.4018156389624,0.0
HUANUCO,YAROWILCA,OBAS,101106,5953.0,0.0,128.42739929027383,0.0
HUANUCO,YAROWILCA,PAMPAMARCA,101107,2511.0,0.0,154.17353990442052,0.0
ICA,CHINCHA,ALTO LARAN,110202,6368.0,14.256240003233179,10.063292024654523,14.5
ICA,CHINCHA,CHAVIN,110203,1096.0,0.0,113.1527062408759,0.0
ICA,CHINCHA,CHINCHA ALTA,110201,59574.0,19.711928960001163,1.2616667,15.0
ICA,CHINCHA,CHINCHA BAJA,110204,12301.0,14.975138080384554,16.976976982765628,15.0
ICA,CHINCHA,EL CARMEN,110205,11778.0,9.45454548177461,22.045874026829683,12.0
ICA,CHINCHA,GROCIO PRADO,110206,20621.0,20.346846822360227,6.811240281625526,15.0
ICA,CHINCHA,PUEBLO NUEVO,110207,52143.0,19.034760541187342,0.6816667,15.0
ICA,CHINCHA,SAN JUAN DE YANAC,110208,471.0,0.0,88.26098891719747,0.0
ICA,CHINCHA,SAN PEDRO DE HUACARPANA,110209,1593.0,0.0,131.6303241431262,0.0
ICA,CHINCHA,SUNAMPE,110210,24432.0,18.42329731986366,6.460039229666012,15.0
ICA,CHINCHA,TAMBO DE MORA,110211,4943.0,17.94038005040088,14.082865375682784,15.0
ICA,ICA,ICA,110101,125667.0,19.441977569509522,1.9525951588428148,10.0
ICA,ICA,LA TINGUINA,110102,31017.0,17.853888721050737,5.91156890606764,10.0
ICA,ICA,LOS AQUIJES,110103,16345.0,17.515372412502767,8.58094428225757,10.0
ICA,ICA,OCUCAJE,110104,3639.0,6.188337438250215,34.37557982962352,9.0
ICA,ICA,PACHACUTEC,110105,6039.0,15.7680973412508,13.233902986918363,10.0
ICA,ICA,PARCONA,110106,50366.0,18.584803434683277,4.689127360282731,10.0
ICA,ICA,PUEBLO NUEVO,110107,4595.0,17.722360591794583,8.119602724265505,10.0
ICA,ICA,SALAS,110108,18673.0,16.02222242422316,13.121443449847373,10.0
ICA,ICA,SAN JOSE DE LOS MOLINOS,110109,6152.0,10.0198200818488,23.70277106176853,9.0
ICA,ICA,SAN JUAN BAUTISTA,110110,12681.0,16.76798438428567,8.232335850248402,10.0
ICA,ICA,SANTIAGO,110111,23993.0,12.503724518221812,20.239811643646068,10.0
ICA,ICA,SUBTANJALLA,110112,19019.0,17.735771653532595,8.672637901835007,10.0
ICA,ICA,TATE,110113,4101.0,16.979078928386095,10.238843170446232,10.0
ICA,ICA,YAUCA DEL ROSARIO,110114,1117.0,0.6486661103553696,97.11689796777083,4.5
ICA,NAZCA,CHANGUILLO,110302,1915.0,11.1373178039883,29.438235833420368,2.0
ICA,NAZCA,EL INGENIO,110303,2932.0,11.26196229574393,28.15858917462483,2.0
ICA,NAZCA,MARCONA,110304,12876.0,0.37774859836117225,59.56184295316869,0.5
ICA,NAZCA,NAZCA,110301,26498.0,8.113411448989382,1.921421551396332,2.0
ICA,NAZCA,VISTA ALEGRE,110305,13711.0,7.515657026234463,5.993982505273139,1.5
ICA,PALPA,LLIPATA,110402,1494.0,17.841738216930164,6.878831011378849,2.0
ICA,PALPA,PALPA,110401,7288.0,18.0978542708963,2.62320022489023,2.0
ICA,PALPA,RIO GRANDE,110403,2773.0,15.195396282286419,13.042920575910566,1.0
ICA,PALPA,SANTA CRUZ,110404,1060.0,12.983739077487122,19.331338716981133,1.0
ICA,PALPA,TIBILLO,110405,421.0,0.0,128.8462476247031,0.0
ICA,PISCO,HUANCANO,110502,1758.0,0.3454527305337854,55.779574394197944,1.5
ICA,PISCO,HUMAY,110503,5923.0,1.1425657392809774,43.56879444538241,3.0
ICA,PISCO,INDEPENDENCIA,110504,12403.0,3.9755561511219994,26.50623462339756,9.0
ICA,PISCO,PARACAS,110505,4182.0,3.0739450803491684,26.944935108560497,7.0
ICA,PISCO,PISCO,110501,55030.0,7.258852635903603,3.243074474123205,9.0
ICA,PISCO,SAN ANDRES,110506,13836.0,6.676176520878505,6.110407028288523,9.0
ICA,PISCO,SAN CLEMENTE,110507,19516.0,9.437722287761893,8.345364863547859,11.0
ICA,PISCO,TUPAC AMARU INCA,110508,14678.0,7.796672907469251,6.292510911363945,9.0
JUNIN,CHANCHAMAYO,CHANCHAMAYO,120301,26792.0,23.09737937008401,10.061986041766199,2.5
JUNIN,CHANCHAMAYO,PERENE,120302,56450.0,6.1164617346096,25.688940353002653,2.0
JUNIN,CHANCHAMAYO,PICHANAQUI,120303,49585.00000000001,3.5018476633025593,20.541612374712106,1.0
JUNIN,CHANCHAMAYO,SAN LUIS DE SHUARO,120304,7025.0,8.823085303026854,41.21304839857651,3.0
JUNIN,CHANCHAMAYO,SAN RAMON,120305,26382.0,23.375005480617943,13.791425318285194,3.0
JUNIN,CHANCHAMAYO,VITOC,120306,2599.0,13.154671266372624,28.92214110042324,2.0
JUNIN,CHUPACA,AHUAC,120902,6547.0,20.64427970456905,19.20703060775928,19.0
JUNIN,CHUPACA,CHONGOS BAJO,120903,4491.0,24.75821542681496,12.93629137274549,20.0
JUNIN,CHUPACA,CHUPACA,120901,20253.0,25.425618653922648,12.665814199945686,19.0
JUNIN,CHUPACA,HUACHAC,120904,3738.0,20.52906927630925,20.219692414125202,18.5
JUNIN,CHUPACA,HUAMANCACA CHICO,120905,5055.0,30.12161584318234,4.022754395113749,20.0
JUNIN,CHUPACA,SAN JUAN DE ISCOS,120906,2332.0,21.963888963913618,16.66960290780446,20.0
JUNIN,CHUPACA,SAN JUAN DE JARPA,120907,3685.0,0.377422714705048,59.99586376662144,2.0
JUNIN,CHUPACA,TRES DE DICIEMBRE,120908,1920.0,27.700732389149785,8.316667,20.0
JUNIN,CHUPACA,YANACANCHA,120909,3294.0,0.0,77.15057912568305,0.0
JUNIN,CONCEPCION,ACO,120202,1951.0,13.851829835712516,25.774018556125068,18.0
JUNIN,CONCEPCION,ANDAMARCA,120203,6580.0,0.0,183.88514791033435,0.0
JUNIN,CONCEPCION,CHAMBARA,120204,2985.0,9.347254656913082,36.69898033567839,18.0
JUNIN,CONCEPCION,COCHAS,120205,2227.0,0.0,124.99088514952851,0.0
JUNIN,CONCEPCION,COMAS,120206,7801.0,0.0,82.11226488821946,0.0
JUNIN,CONCEPCION,CONCEPCION,120201,14456.0,18.74880254239485,4.695669799543442,18.0
JUNIN,CONCEPCION,HEROINAS TOLEDO,120207,1422.0,7.674565145582376,17.733375316455696,18.0
JUNIN,CONCEPCION,MANZANARES,120208,1540.0,18.034704928328004,23.48836505194805,18.0
JUNIN,CONCEPCION,MARISCAL CASTILLA,120209,1509.0,0.0,94.10646093439364,0.0
JUNIN,CONCEPCION,MATAHUASI,120210,5162.0,13.52299854703542,8.666597103642,18.0
JUNIN,CONCEPCION,MITO,120211,1476.0,22.145409068672805,14.675257154471545,18.5
JUNIN,CONCEPCION,NUEVE DE JULIO,120212,1774.0,16.064335103373235,3.9070038551296506,18.0
JUNIN,CONCEPCION,ORCOTUNA,120213,4068.0,24.11145390122396,16.980795680432646,18.0
JUNIN,CONCEPCION,SAN JOSE DE QUERO,120214,6523.0,1.9643269953053197,54.73204483535183,8.0
JUNIN,CONCEPCION,SANTA ROSA DE OCOPA,120215,2406.0,13.065402563419301,8.627986284289276,18.0
JUNIN,HUANCAYO,CARHUACALLANGA,120104,840.0,0.0,84.39261571428571,0.0
JUNIN,HUANCAYO,CHACAPAMPA,120105,1212.0,0.0,78.76034653465346,0.0
JUNIN,HUANCAYO,CHICCHE,120106,1414.0,3.1594460485000693,48.849877475247524,15.0
JUNIN,HUANCAYO,CHILCA,120107,77913.0,29.985789197193448,3.6026677832967544,20.0
JUNIN,HUANCAYO,CHONGOS ALTO,120108,1686.0,0.5745968635000865,58.360101846975084,2.0
JUNIN,HUANCAYO,CHUPURO,120111,2012.0,24.16935184687826,13.888492105864811,20.0
JUNIN,HUANCAYO,COLCA,120112,2236.0,0.3159060201166105,60.259077763864056,2.0
JUNIN,HUANCAYO,CULLHUAS,120113,2832.0,15.40308200332528,25.732537088629943,17.5
JUNIN,HUANCAYO,EL TAMBO,120114,147045.0,30.813028178715324,2.6561523884015097,19.0
JUNIN,HUANCAYO,HUACRAPUQUIO,120116,1415.0,23.266811456958674,15.332197002120141,19.5
JUNIN,HUANCAYO,HUALHUAS,120117,3903.0,23.66763704915436,15.64123271867794,19.0
JUNIN,HUANCAYO,HUANCAN,120119,16949.0,28.587547540931592,6.4753527193580735,20.0
JUNIN,HUANCAYO,HUANCAYO,120101,117024.0,31.098659329846424,0.7394437069233661,19.0
JUNIN,HUANCAYO,HUASICANCHA,120120,992.0,0.0,72.0403695967742,0.0
JUNIN,HUANCAYO,HUAYUCACHI,120121,8076.0,26.445867713747273,10.47596021464834,20.0
JUNIN,HUANCAYO,INGENIO,120122,2374.0,13.57803102564049,12.17647501811289,18.0
JUNIN,HUANCAYO,PARIAHUANCA,120124,7181.0,0.0,87.989422174906,0.0
JUNIN,HUANCAYO,PILCOMAYO,120125,13403.0,29.519931205993547,6.320822038573454,19.0
JUNIN,HUANCAYO,PUCARA,120126,5655.0,18.039053193688023,21.911351293899205,18.5
JUNIN,HUANCAYO,QUICHUAY,120127,1929.0,9.657789740798028,14.634279986521515,18.0
JUNIN,HUANCAYO,QUILCAS,120128,4191.0,18.497286435491493,20.120104472440943,18.5
JUNIN,HUANCAYO,SAN AGUSTIN,120129,11234.0,27.265081676092638,9.764991618212568,19.0
JUNIN,HUANCAYO,SAN JERONIMO DE TUNAN,120130,9658.0,22.99193033286233,10.89820316939325,19.0
JUNIN,HUANCAYO,SANO,120132,4727.0,23.53897929886772,14.86231354008885,19.0
JUNIN,HUANCAYO,SANTO DOMINGO DE ACOBAMBA,120135,8055.0,0.0,185.3301447113594,0.0
JUNIN,HUANCAYO,SAPALLANGA,120133,13087.0,25.463470657683082,11.877034613394974,20.0
JUNIN,HUANCAYO,SICAYA,120134,7605.0,27.78948866821251,10.825821371597634,19.0
JUNIN,HUANCAYO,VIQUES,120136,2128.0,24.55754889068533,13.81328289473684,20.0
JUNIN,JAUJA,ACOLLA,120402,8402.0,8.116818895807041,12.095310640323731,19.0
JUNIN,JAUJA,APATA,120403,4967.0,8.875453078918056,17.294808380310048,18.0
JUNIN,JAUJA,ATAURA,120404,1269.0,8.492293087484903,8.613619040189125,18.0
JUNIN,JAUJA,CANCHAYLLO,120405,1774.0,0.2937682597454233,53.39832691262684,2.0
JUNIN,JAUJA,CURICACA,120406,1786.0,0.62024724103456,44.01659932698769,2.0
JUNIN,JAUJA,EL MANTARO,120407,2612.0,8.57986562215237,19.59916343874426,18.0
JUNIN,JAUJA,HUAMALI,120408,1968.0,6.95732299703039,13.07956775609756,17.5
JUNIN,JAUJA,HUARIPAMPA,120409,1049.0,12.374654889972344,7.29228154528122,18.0
JUNIN,JAUJA,HUERTAS,120410,1908.0,8.016994584968513,7.2800390700209645,18.0
JUNIN,JAUJA,JANJAILLO,120411,905.0,0.9845677455378626,37.790483679558015,2.0
JUNIN,JAUJA,JAUJA,120401,16524.0,9.279700275855367,2.0295796684580005,18.0
JUNIN,JAUJA,JULCAN,120412,908.0,6.564895660337499,10.152728250000001,18.0
JUNIN,JAUJA,LEONOR ORDONEZ,120413,1651.0,16.46241152210207,14.615842814657782,18.0
JUNIN,JAUJA,LLOCLLAPAMPA,120414,1343.0,0.9976709657871771,37.606728008190615,2.0
JUNIN,JAUJA,MARCO,120415,2041.0,6.059239747538943,11.340459673199414,18.0
JUNIN,JAUJA,MASMA,120416,2289.0,6.714658963143865,13.167014593709043,18.0
JUNIN,JAUJA,MASMA CHICCHE,120417,912.0,3.35050109655462,21.474067723684207,8.5
JUNIN,JAUJA,MOLINOS,120418,1822.0,3.355493322890418,30.83694502524698,3.0
JUNIN,JAUJA,MONOBAMBA,120419,1353.0,4.64025230546587,45.625656650406505,2.0
JUNIN,JAUJA,MUQUI,120420,1057.0,15.04221792562384,11.138333,18.0
JUNIN,JAUJA,MUQUIYAUYO,120421,2399.0,13.100283658032223,9.400812121717381,16.0
JUNIN,JAUJA,PACA,120422,1264.0,4.116408163758273,16.20311847943038,10.5
JUNIN,JAUJA,PACCHA,120423,2123.0,5.997299588060611,17.746515360339146,18.0
JUNIN,JAUJA,PANCAN,120424,1398.0,8.750036257534745,3.255531695422031,18.0
JUNIN,JAUJA,PARCO,120425,1504.0,6.2379400427553975,17.513483341090428,18.0
JUNIN,JAUJA,POMACANCHA,120426,2141.0,2.759384581842102,36.13600978421298,3.0
JUNIN,JAUJA,RICRAN,120427,2082.0,1.0661348132469448,48.414426268011525,3.0
JUNIN,JAUJA,SAN LORENZO,120428,2278.0,12.178583135777421,11.825089723002634,18.0
JUNIN,JAUJA,SAN PEDRO DE CHUNAN,120429,974.0,6.407837514601978,9.362628336755648,18.0
JUNIN,JAUJA,SAUSA,120430,4109.0,10.775617852379064,3.8224369283523973,18.0
JUNIN,JAUJA,SINCOS,120431,4643.0,7.582745689048102,33.645209615981045,18.0
JUNIN,JAUJA,TUNAN MARCA,120432,1665.0,4.79755986273469,20.258078096696696,9.0
JUNIN,JAUJA,YAULI,120433,1640.0,6.101236327010254,9.989070898170732,18.0
JUNIN,JAUJA,YAUYOS,120434,9377.0,9.35606057765652,3.065094295766236,18.0
JUNIN,JUNIN,CARHUAMAYO,120502,8413.0,10.32160681400821,28.263275015333413,3.0
JUNIN,JUNIN,JUNIN,120501,12427.0,10.995073490580463,4.272933275883158,3.0
JUNIN,JUNIN,ONDORES,120503,2800.0,2.764733181905841,45.83920112571428,1.5
JUNIN,JUNIN,ULCUMAYO,120504,7367.0,0.23038206570079015,65.61306113166825,1.0
JUNIN,SATIPO,COVIRIALI,120602,5185.0,4.605131144398424,16.356551586788814,2.0
JUNIN,SATIPO,LLAYLLA,120603,5143.0,2.1710732577848098,42.3667945403461,2.0
JUNIN,SATIPO,MAZAMARI,120604,1035.0,0.0,71.645,0.0
JUNIN,SATIPO,MAZAMARI-PANGOA,120699,22703.0,7.157214761174317,25.35197993168304,2.0
JUNIN,SATIPO,PAMPA HERMOSA,120605,7508.0,2.090632433887897,31.622912315663296,1.0
JUNIN,SATIPO,PANGOA,120606,4305.0,8.289970832156708,14.481667,2.0
JUNIN,SATIPO,RIO NEGRO,120607,32552.000000000004,3.140564228002979,35.18165076898676,2.0
JUNIN,SATIPO,RIO TAMBO,120608,32275.0,3.5821073168662667,64.0632309038265,1.0
JUNIN,SATIPO,SATIPO,120601,38568.0,6.639266280456671,11.305547268411637,2.0
JUNIN,TARMA,ACOBAMBA,120702,13402.0,13.800773180332499,13.593967790105955,4.0
JUNIN,TARMA,HUARICOLCA,120703,3003.0,7.474736577839549,31.8662709047619,3.0
JUNIN,TARMA,HUASAHUASI,120704,15948.0,1.5607387136195887,52.67041314108352,1.0
JUNIN,TARMA,LA UNION,120705,3869.0,11.12459877158449,23.23636210907211,3.0
JUNIN,TARMA,PALCA,120706,6814.0,8.94450923971392,27.250797622541825,2.5
JUNIN,TARMA,PALCAMAYO,120707,8295.0,10.503332678957756,28.994561784207356,2.0
JUNIN,TARMA,SAN PEDRO DE CAJAS,120708,5808.0,7.312377291101544,33.09395699449036,1.0
JUNIN,TARMA,TAPO,120709,5971.0,6.601669423132527,30.892868431251046,1.0
JUNIN,TARMA,TARMA,120701,50517.0,15.227811787941338,3.163501565463111,4.0
JUNIN,YAULI,CHACAPALPA,120802,918.0,0.7120096323998418,54.86321506971677,1.0
JUNIN,YAULI,HUAY-HUAY,120803,1678.0,0.33815394455867887,61.88693637663886,1.0
JUNIN,YAULI,LA OROYA,120801,18829.0,8.81805839996184,9.311316467773116,1.0
JUNIN,YAULI,MARCAPOMACOCHA,120804,1141.0,0.0,90.78982408413671,0.0
JUNIN,YAULI,MOROCOCHA,120805,5412.0,1.6714569862501036,44.48454144567628,1.0
JUNIN,YAULI,PACCHA,120806,1883.0,8.449600301500313,18.467784655868297,2.0
JUNIN,YAULI,SANTA BARBARA DE CARHUACAYAN,120807,1926.0,0.6156764660265592,58.74084916407062,0.5
JUNIN,YAULI,SANTA ROSA DE SACCO,120808,11297.0,8.311200622633768,7.066882949455609,1.0
JUNIN,YAULI,SUITUCANCHA,120809,904.0,0.0,86.07359981194689,0.0
JUNIN,YAULI,YAULI,120810,5969.0,2.8190681310680206,37.366985363712516,1.0
LA LIBERTAD,ASCOPE,ASCOPE,130201,7012.0,8.203191998178296,3.402222701083856,18.5
LA LIBERTAD,ASCOPE,CASA GRANDE,130208,29977.0,10.76041451876229,11.212916937385328,20.5
LA LIBERTAD,ASCOPE,CHICAMA,130202,15056.0,15.879295965921314,16.899480839399576,37.5
LA LIBERTAD,ASCOPE,CHOCOPE,130203,9596.0,12.568599503011752,3.484384639433097,39.0
LA LIBERTAD,ASCOPE,MAGDALENA DE CAO,130204,3010.0,6.910690489532556,17.60034764551495,32.0
LA LIBERTAD,ASCOPE,PAIJAN,130205,23217.0,7.602571153292458,15.069375183443167,6.0
LA LIBERTAD,ASCOPE,RAZURI,130206,8330.0,3.454337986051937,29.482154258583435,3.0
LA LIBERTAD,ASCOPE,SANTIAGO DE CAO,130207,20515.0,12.272325630902468,22.277384678186692,40.0
LA LIBERTAD,BOLIVAR,BAMBAMARCA,130302,3537.0,0.0,147.71088639242294,0.0
LA LIBERTAD,BOLIVAR,BOLIVAR,130301,4788.0,53.916418573429034,41.647732761069335,1.0
LA LIBERTAD,BOLIVAR,CONDORMARCA,130303,2214.0,0.0,221.89448881662148,0.0
LA LIBERTAD,BOLIVAR,LONGOTEA,130304,2324.0,0.0,102.6008493777969,0.0
LA LIBERTAD,BOLIVAR,UCHUMARCA,130305,2888.0,14.490369761226384,54.083057691135735,1.0
LA LIBERTAD,BOLIVAR,UCUNCHA,130306,955.0,0.0,101.8819439287958,0.0
LA LIBERTAD,CHEPEN,CHEPEN,130401,45789.0,8.428994672985995,5.688954053593657,4.0
LA LIBERTAD,CHEPEN,PACANGA,130402,18629.0,6.560222886332208,21.989306998926406,6.0
LA LIBERTAD,CHEPEN,PUEBLO NUEVO,130403,12365.0,5.720264079053491,19.017829003881925,4.0
LA LIBERTAD,GRAN CHIMU,CASCAS,131101,14338.0,18.354119208111502,37.95620934265588,1.0
LA LIBERTAD,GRAN CHIMU,LUCMA,131102,6028.0,0.0,80.9742526861314,0.0
LA LIBERTAD,GRAN CHIMU,MARMOT,131103,2441.0,2.4099435705140118,54.54851373945105,0.5
LA LIBERTAD,GRAN CHIMU,SAYAPULLO,131104,7993.0,0.0,100.56445021550105,0.0
LA LIBERTAD,JULCAN,CALAMARCA,130502,6446.0,2.2268769952243894,50.40527508718585,1.5
LA LIBERTAD,JULCAN,CARABAMBA,130503,7104.0,3.156885317580221,37.947326858108106,1.0
LA LIBERTAD,JULCAN,HUASO,130504,6423.0,0.9854490139461086,56.537946304841974,0.5
LA LIBERTAD,JULCAN,JULCAN,130501,13385.0,8.076932853378015,16.77972607217034,1.0
LA LIBERTAD,OTUZCO,AGALLPAMPA,130602,10571.0,9.595469416086631,28.429305350912873,2.0
LA LIBERTAD,OTUZCO,CHARAT,130604,3095.0,2.0232875736856926,44.75994193537964,1.0
LA LIBERTAD,OTUZCO,HUARANCHAL,130605,5207.0,0.0,83.43881262800078,0.0
LA LIBERTAD,OTUZCO,LA CUESTA,130606,700.0,2.614399150098236,40.41327410714286,1.0
LA LIBERTAD,OTUZCO,MACHE,130608,3195.0,11.417015001106904,11.53104667089202,2.0
LA LIBERTAD,OTUZCO,OTUZCO,130601,25265.0,10.108696160085108,14.108018271457352,1.5
LA LIBERTAD,OTUZCO,PARANDAY,130610,689.0,0.3961587760038883,59.846191806966615,0.5
LA LIBERTAD,OTUZCO,SALPO,130611,6437.0,3.326950616219022,40.281979300916575,2.0
LA LIBERTAD,OTUZCO,SINSICAP,130613,8386.0,0.6788641830711026,56.991295853803955,1.0
LA LIBERTAD,OTUZCO,USQUIL,130614,26282.0,0.08306541012017579,69.41108786336656,0.0
LA LIBERTAD,PACASMAYO,GUADALUPE,130702,37313.0,9.82583488620345,6.071907451705839,4.0
LA LIBERTAD,PACASMAYO,JEQUETEPEQUE,130703,3508.0,9.164459248091232,11.048581865165335,4.0
LA LIBERTAD,PACASMAYO,PACASMAYO,130704,26118.0,9.528165047655008,2.6879658040163874,5.0
LA LIBERTAD,PACASMAYO,SAN JOSE,130705,11261.0,9.02095370535179,17.177121113755437,4.0
LA LIBERTAD,PACASMAYO,SAN PEDRO DE LLOC,130701,16149.0,8.232039156971044,12.701143211034736,5.0
LA LIBERTAD,PATAZ,BULDIBUYO,130802,3884.0,5.610712749094441,42.497018733264674,1.0
LA LIBERTAD,PATAZ,CHILLIA,130803,12043.0,0.0,103.01348501204018,0.0
LA LIBERTAD,PATAZ,HUANCASPATA,130804,6313.0,0.0,97.07940868556945,0.0
LA LIBERTAD,PATAZ,HUAYLILLAS,130805,2382.0,9.935721327234294,33.16960957178842,1.0
LA LIBERTAD,PATAZ,HUAYO,130806,4304.0,0.0,155.69660580855017,0.0
LA LIBERTAD,PATAZ,ONGON,130807,1701.0,2.7853056346328366,50.42,0.5
LA LIBERTAD,PATAZ,PARCOY,130808,14957.0,0.0,91.97228311994384,0.0
LA LIBERTAD,PATAZ,PATAZ,130809,8063.0,0.0,189.66003658687836,0.0
LA LIBERTAD,PATAZ,PIAS,130810,1596.0,0.0,124.11468140350878,0.0
LA LIBERTAD,PATAZ,SANTIAGO DE CHALLAS,130811,2797.0,0.0,69.14154987486593,0.0
LA LIBERTAD,PATAZ,TAURIJA,130812,3002.0,0.6742041102456253,62.51116135576282,0.5
LA LIBERTAD,PATAZ,TAYABAMBA,130801,13845.0,16.68271154525683,20.02307565164319,1.0
LA LIBERTAD,PATAZ,URPAY,130813,3019.0,5.567140282708346,42.69821789168599,1.0
LA LIBERTAD,SANCHEZ CARRION,CHUGAY,130902,17388.0,0.5776739920979097,54.297046645502654,1.0
LA LIBERTAD,SANCHEZ CARRION,COCHORCO,130903,9097.0,0.0,143.7101329916456,0.0
LA LIBERTAD,SANCHEZ CARRION,CURGOS,130904,8181.0,2.891414194625033,24.36926804180418,1.0
LA LIBERTAD,SANCHEZ CARRION,HUAMACHUCO,130901,52995.999999999985,4.580484984558032,8.494996824020683,1.0
LA LIBERTAD,SANCHEZ CARRION,MARCABAL,130905,15103.0,3.1905736801010858,46.74528384029663,2.0
LA LIBERTAD,SANCHEZ CARRION,SANAGORAN,130906,12983.0,0.8386250392649862,45.878424221597484,1.0
LA LIBERTAD,SANCHEZ CARRION,SARIN,130907,9236.0,0.03252419296920308,70.39969076407534,0.0
LA LIBERTAD,SANCHEZ CARRION,SARTIMBAMBA,130908,12433.999999999998,0.0,124.06456222186479,0.0
LA LIBERTAD,SANTIAGO DE CHUCO,ANGASMARCA,131002,6367.0,5.454351674287811,33.855678425475105,1.0
LA LIBERTAD,SANTIAGO DE CHUCO,CACHICADAN,131003,6966.0,4.752886350546366,40.88695478811369,1.0
LA LIBERTAD,SANTIAGO DE CHUCO,MOLLEBAMBA,131004,2005.0,0.7648407942900731,58.52328859950125,1.0
LA LIBERTAD,SANTIAGO DE CHUCO,MOLLEPATA,131005,2758.0,0.0,68.11345905366205,0.0
LA LIBERTAD,SANTIAGO DE CHUCO,QUIRUVILCA,131006,13213.0,5.37090520341588,36.63100374888367,2.0
LA LIBERTAD,SANTIAGO DE CHUCO,SANTA CRUZ DE CHUCA,131007,3328.0,7.686609067639932,27.0758068359375,1.0
LA LIBERTAD,SANTIAGO DE CHUCO,SANTIAGO DE CHUCO,131001,19859.999999999996,6.904604847693213,42.73765281013931,0.0
LA LIBERTAD,SANTIAGO DE CHUCO,SITABAMBA,131008,3814.0,0.0,127.93017341373886,0.0
LA LIBERTAD,TRUJILLO,EL PORVENIR,130102,140507.0,42.925770188609434,1.5466666,40.0
LA LIBERTAD,TRUJILLO,FLORENCIA DE MORA,130103,40014.0,44.12014212279533,0.87,40.0
LA LIBERTAD,TRUJILLO,HUANCHACO,130104,45184.0,37.228181440668756,8.962850504519299,40.0
LA LIBERTAD,TRUJILLO,LA ESPERANZA,130105,151845.0,44.23284775178149,0.86,40.0
LA LIBERTAD,TRUJILLO,LAREDO,130106,32989.0,37.4314727144837,4.822945809412227,39.0
LA LIBERTAD,TRUJILLO,MOCHE,130107,30138.0,39.85540235445683,4.944493120107506,40.0
LA LIBERTAD,TRUJILLO,POROTO,130108,3608.0,9.499059702737604,36.450131626940134,39.0
LA LIBERTAD,TRUJILLO,SALAVERRY,130109,13892.0,34.91430220526106,4.680131754851713,39.0
LA LIBERTAD,TRUJILLO,SIMBAL,130110,4172.0,17.56646832158216,24.042404447986577,39.0
LA LIBERTAD,TRUJILLO,TRUJILLO,130101,294899.0,45.20992999971904,0.44712044794590694,40.5
LA LIBERTAD,TRUJILLO,VICTOR LARCO HERRERA,130111,55781.0,42.426868735772,1.8280915280220862,40.0
LA LIBERTAD,VIRU,CHAO,131202,23083.0,12.7159239397885,10.631734013169867,2.0
LA LIBERTAD,VIRU,GUADALUPITO,131203,6486.0,11.915181700635722,21.097704139222945,9.0
LA LIBERTAD,VIRU,VIRU,131201,47282.0,12.150866672440122,8.483338409057993,23.0
LAMBAYEQUE,CHICLAYO,CAYALTI,140116,17407.0,3.9252656240043096,34.16517307577411,24.0
LAMBAYEQUE,CHICLAYO,CHICLAYO,140101,261296.0,22.887079025909618,0.6420459300563346,22.0
LAMBAYEQUE,CHICLAYO,CHONGOYAPE,140102,17671.0,2.5814814233493686,38.757804463131684,21.0
LAMBAYEQUE,CHICLAYO,ETEN,140103,10697.0,16.917583090389,14.533789464709734,22.0
LAMBAYEQUE,CHICLAYO,ETEN PUERTO,140104,2238.0,16.291278277278373,15.761665999999998,22.0
LAMBAYEQUE,CHICLAYO,JOSE LEONARDO ORTIZ,140105,161717.0,22.46534231698774,3.724028464923292,22.0
LAMBAYEQUE,CHICLAYO,LA VICTORIA,140106,77699.0,22.532370636826567,2.279123678279,22.0
LAMBAYEQUE,CHICLAYO,LAGUNAS,140107,9553.0,6.209225235881843,40.95845082246415,25.0
LAMBAYEQUE,CHICLAYO,MONSEFU,140108,30384.0,18.6361575331566,11.337099771705503,22.0
LAMBAYEQUE,CHICLAYO,NUEVA ARICA,140109,2454.0,0.4265906301377319,54.66686989282804,10.0
LAMBAYEQUE,CHICLAYO,OYOTUN,140110,10181.0,0.0,74.85315194381691,0.0
LAMBAYEQUE,CHICLAYO,PATAPO,140117,20917.0,14.498147815099658,11.816354693646314,22.0
LAMBAYEQUE,CHICLAYO,PICSI,140111,8942.0,18.91598398870933,12.487886299094162,22.0
LAMBAYEQUE,CHICLAYO,PIMENTEL,140112,35553.0,19.169911154477216,9.52893280536101,22.0
LAMBAYEQUE,CHICLAYO,POMALCA,140118,23146.0,20.238181604653526,9.76339389095308,22.0
LAMBAYEQUE,CHICLAYO,PUCALA,140119,9281.0,8.426340080232908,19.12489824593255,22.0
LAMBAYEQUE,CHICLAYO,REQUE,140113,12625.0,19.21948191664482,12.696691790732674,22.0
LAMBAYEQUE,CHICLAYO,SANA,140115,12094.0,8.086688644973044,25.303874691251863,23.5
LAMBAYEQUE,CHICLAYO,SANTA ROSA,140114,10965.0,15.25707781021849,17.378003774829004,22.0
LAMBAYEQUE,CHICLAYO,TUMAN,140120,28174.0,17.46891060790494,6.21953273711578,22.0
LAMBAYEQUE,FERRENAFE,CANARIS,140202,12862.0,0.0,122.6646659315814,0.0
LAMBAYEQUE,FERRENAFE,FERRENAFE,140201,32715.0,13.37932550886965,22.523943130612867,22.0
LAMBAYEQUE,FERRENAFE,INCAHUASI,140203,14150.0,0.0,127.59190588513547,0.0
LAMBAYEQUE,FERRENAFE,MANUEL ANTONIO MESONES MURO,140204,4083.0,9.595862080340718,25.923829684055843,22.0
LAMBAYEQUE,FERRENAFE,PITIPO,140205,20879.0,1.0517279215599074,50.321127063293254,7.0
LAMBAYEQUE,FERRENAFE,PUEBLO NUEVO,140206,12064.0,12.901611223781133,22.618677853448272,22.0
LAMBAYEQUE,LAMBAYEQUE,CHOCHOPE,140302,1622.0,0.004459908207936811,69.75299013563502,0.5
LAMBAYEQUE,LAMBAYEQUE,ILLIMO,140303,9293.0,7.0403356892668825,23.372153039707307,22.0
LAMBAYEQUE,LAMBAYEQUE,JAYANCA,140304,15083.0,4.0302054306514465,31.6987998989591,21.0
LAMBAYEQUE,LAMBAYEQUE,LAMBAYEQUE,140301,64061.0,17.319909160431237,4.480592728903701,22.0
LAMBAYEQUE,LAMBAYEQUE,MOCHUMI,140305,18173.0,8.614905206439872,20.116256787358534,22.0
LAMBAYEQUE,LAMBAYEQUE,MORROPE,140306,38533.0,5.661246765343503,26.738602037214857,21.0
LAMBAYEQUE,LAMBAYEQUE,MOTUPE,140307,24527.0,0.3260558450912306,52.15196416638806,1.0
LAMBAYEQUE,LAMBAYEQUE,OLMOS,140308,36514.99999999999,0.0,70.86677385930896,0.0
LAMBAYEQUE,LAMBAYEQUE,PACORA,140309,6869.0,5.375752047266414,27.579339195516084,21.5
LAMBAYEQUE,LAMBAYEQUE,SALAS,140310,13086.0,0.004854423147870628,89.57573062540118,0.0
LAMBAYEQUE,LAMBAYEQUE,SAN JOSE,140311,12078.0,16.76031256720709,13.923673697135287,22.0
LAMBAYEQUE,LAMBAYEQUE,TUCUME,140312,21350.999999999996,7.7581357435443055,21.842434613132877,22.0
LIMA,BARRANCA,BARRANCA,150201,61188.0,19.361421504191465,2.909127388074459,8.0
LIMA,BARRANCA,PARAMONGA,150202,24009.0,14.946793773158134,16.25648815877379,8.0
LIMA,BARRANCA,PATIVILCA,150203,17108.0,15.246164983967681,14.900583409749824,4.0
LIMA,BARRANCA,SUPE,150204,20537.0,14.815995231289541,15.717096396800896,8.0
LIMA,BARRANCA,SUPE PUERTO,150205,11254.0,19.86224449995686,4.839562164172738,8.0
LIMA,CAJATAMBO,CAJATAMBO,150301,2754.0,0.0,265.6857198039216,0.0
LIMA,CAJATAMBO,COPA,150302,990.0,0.0,253.9003297676768,0.0
LIMA,CAJATAMBO,GORGOR,150303,2272.0,0.0,241.50692375000003,0.0
LIMA,CAJATAMBO,HUANCAPON,150304,1222.0,0.0,224.0090428477905,0.0
LIMA,CAJATAMBO,MANAS,150305,1078.0,0.0,163.18900461966604,0.0
LIMA,CANETE,ASIA,150502,6639.0,3.237783871968618,33.84427103569815,1.0
LIMA,CANETE,CALANGO,150503,2228.0,0.0,62.66786452872531,0.0
LIMA,CANETE,CERRO AZUL,150504,7132.0,13.019120801679861,7.441684567442513,10.0
LIMA,CANETE,CHILCA,150505,14559.0,1.8209098299765902,40.5350933452847,100.0
LIMA,CANETE,COAYLLO,150506,1032.0,1.4439177296078947,45.94043143604652,1.0
LIMA,CANETE,IMPERIAL,150507,36465.0,10.882935513721026,12.41971127168518,6.0
LIMA,CANETE,LUNAHUANA,150508,4904.0,1.8358099425472767,50.20771396941273,1.0
LIMA,CANETE,MALA,150509,27931.0,1.311924915655268,47.32408133930042,1.0
LIMA,CANETE,NUEVO IMPERIAL,150510,19033.0,8.36473648408586,17.73438131156413,4.0
LIMA,CANETE,PACARAN,150511,1704.0,0.0,69.29743667605634,0.0
LIMA,CANETE,QUILMANA,150512,13466.0,5.57448691512732,23.058678878805882,1.0
LIMA,CANETE,SAN ANTONIO,150513,3640.0,1.2684442212139098,48.82828582692308,7.5
LIMA,CANETE,SAN LUIS,150514,12058.0,12.6367836476753,5.157066197603251,9.5
LIMA,CANETE,SAN VICENTE DE CANETE,150501,48338.0,14.022981661659353,9.18670124973175,10.0
LIMA,CANETE,SANTA CRUZ DE FLORES,150515,2583.0,0.8017631218041525,53.81978428377855,4.0
LIMA,CANETE,ZUNIGA,150516,1643.0,0.0,79.71497364576993,0.0
LIMA,CANTA,ARAHUAY,150402,713.0,0.0,83.22575736325385,0.0
LIMA,CANTA,CANTA,150401,3074.0,0.0,96.74264781327261,0.0
LIMA,CANTA,HUAMANTANGA,150403,1238.0,0.0,110.24365113893377,0.0
LIMA,CANTA,HUAROS,150404,920.0,0.0,120.59142820000001,0.0
LIMA,CANTA,LACHAQUI,150405,985.0,0.0,107.87752190862943,0.0
LIMA,CANTA,SAN BUENAVENTURA,150406,515.0,0.0,95.53714316504855,0.0
LIMA,CANTA,SANTA ROSA DE QUIVES,150407,6213.0,0.606158911710234,39.40933221873492,25.0
LIMA,HUARAL,ATAVILLOS ALTO,150602,976.0,0.0,133.37902663934426,0.0
LIMA,HUARAL,ATAVILLOS BAJO,150603,1430.0,0.0,91.91940950349651,0.0
LIMA,HUARAL,AUCALLAMA,150604,15880.0,13.849929970400947,14.85944310938287,13.0
LIMA,HUARAL,CHANCAY,150605,49523.0,15.680655784515691,4.879232475637583,11.0
LIMA,HUARAL,HUARAL,150601,89993.99999999999,16.63512906187464,3.9603891138759257,6.5
LIMA,HUARAL,IHUARI,150606,2701.0,0.0,117.22862196741947,0.0
LIMA,HUARAL,LAMPIAN,150607,519.0,0.0,89.7169118362235,0.0
LIMA,HUARAL,PACARAOS,150608,747.0,0.0,123.24527093708167,0.0
LIMA,HUARAL,SAN MIGUEL DE ACOS,150609,754.0,0.0,87.75669431034483,0.0
LIMA,HUARAL,SANTA CRUZ DE ANDAMARCA,150610,1200.0,0.0,129.3619543083333,0.0
LIMA,HUARAL,SUMBILCA,150611,1171.0,0.0,108.33229853543979,0.0
LIMA,HUARAL,VEINTISIETE DE NOVIEMBRE,150612,544.0,0.0,103.56122727941177,0.0
LIMA,HUAROCHIRI,ANTIOQUIA,150702,1495.0,0.0,71.63529355183945,0.0
LIMA,HUAROCHIRI,CALLAHUANCA,150703,2405.0,0.7092394939587494,36.67204573804573,2.0
LIMA,HUAROCHIRI,CARAMPOMA,150704,1161.0,0.0,85.5543108010336,0.0
LIMA,HUAROCHIRI,CHICLA,150705,6885.0,0.8352157799924577,55.44140215453885,1.0
LIMA,HUAROCHIRI,CUENCA,150706,392.0,0.0,110.85653045918369,0.0
LIMA,HUAROCHIRI,HUACHUPAMPA,150707,1566.0,0.013350145308157193,60.517694749680714,0.0
LIMA,HUAROCHIRI,HUANZA,150708,1855.0,0.0,89.26590286792452,0.0
LIMA,HUAROCHIRI,HUAROCHIRI,150709,1593.0,0.0,152.96445853107346,0.0
LIMA,HUAROCHIRI,LAHUAYTAMBO,150710,837.0,0.0,101.44682082437275,0.0
LIMA,HUAROCHIRI,LANGA,150711,1056.0,0.0,122.34055382575758,0.0
LIMA,HUAROCHIRI,LARAOS,150712,1234.0,0.0,92.29950247974067,0.0
LIMA,HUAROCHIRI,MARIATANA,150713,1419.0,0.0,149.02653981677238,0.0
LIMA,HUAROCHIRI,MATUCANA,150701,4725.0,11.584688614972329,1.613913599111111,3.0
LIMA,HUAROCHIRI,RICARDO PALMA,150714,5769.0,5.180450386386873,8.751165855434218,69.0
LIMA,HUAROCHIRI,SAN ANDRES DE TUPICOCHA,150715,1429.0,0.0,76.49082410776766,0.0
LIMA,HUAROCHIRI,SAN ANTONIO,150716,4516.0,5.166203906205267,43.779108593888395,112.0
LIMA,HUAROCHIRI,SAN BARTOLOME,150717,1832.0,6.200450235367868,30.471379649563325,4.0
LIMA,HUAROCHIRI,SAN DAMIAN,150718,1489.0,0.0,118.97885755876428,0.0
LIMA,HUAROCHIRI,SAN JUAN DE IRIS,150719,1013.0,0.0,83.79478281342546,0.0
LIMA,HUAROCHIRI,SAN JUAN DE TANTARANCHE,150720,484.0,0.0,136.56569126033057,0.0
LIMA,HUAROCHIRI,SAN LORENZO DE QUINTI,150721,1697.0,0.0,159.23124379493223,0.0
LIMA,HUAROCHIRI,SAN MATEO,150722,5318.0,6.42966205799654,26.389554344490403,1.0
LIMA,HUAROCHIRI,SAN MATEO DE OTAO,150723,1833.0,0.33870665894386337,45.85559946317512,2.5
LIMA,HUAROCHIRI,SAN PEDRO DE CASTA,150724,1195.0,0.07274473640094468,62.150641297071125,1.0
LIMA,HUAROCHIRI,SAN PEDRO DE HUANCAYRE,150725,262.0,0.0,152.01642820610687,0.0
LIMA,HUAROCHIRI,SANGALLAYA,150726,726.0,0.0,161.62931185950413,0.0
LIMA,HUAROCHIRI,SANTA CRUZ DE COCACHACRA,150727,2258.0,6.386583050319413,22.895033728963686,12.0
LIMA,HUAROCHIRI,SANTA EULALIA,150728,10637.0,4.096034622290149,10.99498196860017,20.0
LIMA,HUAROCHIRI,SANTIAGO DE ANCHUCAYA,150729,575.0,0.0,141.94419688695652,0.0
LIMA,HUAROCHIRI,SANTIAGO DE TUNA,150730,666.0,0.0635748577866769,59.381642677177176,1.0
LIMA,HUAROCHIRI,SANTO DOMINGO DE LOS OLLEROS,150731,2936.0,0.06338740776984568,54.15933686307903,3.0
LIMA,HUAROCHIRI,SURCO,150732,1834.0,10.062326995340108,14.285571034896401,3.0
LIMA,HUAURA,AMBAR,150802,2825.0,0.0,71.08836609911505,0.0
LIMA,HUAURA,CALETA DE CARQUIN,150803,6091.0,24.340570425640898,4.290861237563618,9.0
LIMA,HUAURA,CHECRAS,150804,1492.0,0.0,122.20119022453085,0.0
LIMA,HUAURA,HUACHO,150801,55447.0,25.70596126185068,2.463437697260447,9.0
LIMA,HUAURA,HUALMAY,150805,26808.0,25.75952468785509,2.7083848436287674,9.0
LIMA,HUAURA,HUAURA,150806,31425.0,22.851608371435624,8.301148831535402,9.0
LIMA,HUAURA,LEONCIO PRADO,150807,2012.0,0.0,77.99518678429422,0.0
LIMA,HUAURA,PACCHO,150808,2055.0,0.0,105.53478702919708,0.0
LIMA,HUAURA,SANTA LEONOR,150809,1521.0,0.0,131.23565626561472,0.0
LIMA,HUAURA,SANTA MARIA,150810,27967.0,25.411722603200484,3.4217105509421817,9.0
LIMA,HUAURA,SAYAN,150811,22418.0,5.990487905329626,39.956325944241236,8.5
LIMA,HUAURA,VEGUETA,150812,19629.0,24.04204315004956,11.351862110764685,9.0
LIMA,LIMA,ANCON,150102,33367.0,10.74594817615622,11.158334,218.0
LIMA,LIMA,ATE,150103,478278.0,28.976094394431417,0.31833333,232.0
LIMA,LIMA,BARRANCO,150104,33903.0,32.12179653449131,4.7683334,230.0
LIMA,LIMA,BRENA,150105,81909.0,35.20006674920683,3.0566666,232.0
LIMA,LIMA,CARABAYLLO,150106,213733.0,14.056012658651904,6.801159308049997,229.5
LIMA,LIMA,CHACLACAYO,150107,41110.0,11.29366507331474,12.048333,228.0
LIMA,LIMA,CHORRILLOS,150108,286977.0,31.379712933989545,0.64666665,230.0
LIMA,LIMA,CIENEGUILLA,150109,26725.0,11.164523241630652,20.936028406173996,152.5
LIMA,LIMA,COMAS,150110,486977.0,24.15332449229659,1.685,230.0
LIMA,LIMA,EL AGUSTINO,150111,180262.0,35.40156538396817,1.6633333,232.0
LIMA,LIMA,INDEPENDENCIA,150112,207647.0,31.888175084100546,4.265,232.0
LIMA,LIMA,JESUS MARIA,150113,66171.0,37.134564805465814,2.02,232.0
LIMA,LIMA,LA MOLINA,150114,132498.0,29.289957090498604,2.75,232.0
LIMA,LIMA,LA VICTORIA,150115,192724.0,37.90415821848991,0.13666667,232.0
LIMA,LIMA,LIMA,150101,299493.0,35.709834038502635,2.87,232.0
LIMA,LIMA,LINCE,150116,55242.0,37.64487361235727,1.0366666,232.0
LIMA,LIMA,LOS OLIVOS,150117,318140.0,28.383555664577656,3.0283334,232.0
LIMA,LIMA,LURIGANCHO,150118,169359.0,6.995882313170526,1.6233333,200.0
LIMA,LIMA,LURIN,150119,62958.0,14.175980532347264,14.143941746179992,219.5
LIMA,LIMA,MAGDALENA DEL MAR,150120,50764.0,33.82613450677334,4.6683335,230.0
LIMA,LIMA,MIRAFLORES,150122,85065.0,35.46235541297498,3.4266667,232.0
LIMA,LIMA,PACHACAMAC,150123,68441.0,11.65053499243151,17.573019871159097,213.0
LIMA,LIMA,PUCUSANA,150124,10663.0,1.208612751329022,43.44219207427553,78.5
LIMA,LIMA,PUEBLO LIBRE,150121,74164.0,35.13051451141336,1.4783334,232.0
LIMA,LIMA,PUENTE PIEDRA,150125,233602.0,15.927364913967581,1.725,230.0
LIMA,LIMA,PUNTA HERMOSA,150126,5762.0,10.224071727337266,22.347299597709128,210.0
LIMA,LIMA,PUNTA NEGRA,150127,5284.0,9.609821657193015,23.29273999716124,208.5
LIMA,LIMA,RIMAC,150128,176169.0,35.47449635475233,3.8283334000000004,232.0
LIMA,LIMA,SAN BARTOLO,150129,6523.0,6.869457020689015,28.166766514640504,145.0
LIMA,LIMA,SAN BORJA,150130,105076.0,35.669873771083715,0.90166664,232.0
LIMA,LIMA,SAN ISIDRO,150131,58056.0,37.149893676804,1.0466666,232.0
LIMA,LIMA,SAN JUAN DE LURIGANCHO,150132,898443.0,34.665194377619954,3.895,232.0
LIMA,LIMA,SAN JUAN DE MIRAFLORES,150133,362643.0,31.35898288844955,0.875,232.0
LIMA,LIMA,SAN LUIS,150134,54634.0,36.83290401942565,2.5833333,232.0
LIMA,LIMA,SAN MARTIN DE PORRES,150135,579561.0,35.61331811736202,3.4433334,232.0
LIMA,LIMA,SAN MIGUEL,150136,129107.0,33.17623287738094,3.775,230.0
LIMA,LIMA,SANTA ANITA,150137,184614.0,35.460366911573665,1.3283334,232.0
LIMA,LIMA,SANTA MARIA DEL MAR,150138,161.0,5.101552549108014,31.63702904347826,194.0
LIMA,LIMA,SANTA ROSA,150139,10903.0,8.504182125831042,14.081667,208.0
LIMA,LIMA,SANTIAGO DE SURCO,150140,289597.0,33.21843375216852,4.5416665,232.0
LIMA,LIMA,SURQUILLO,150141,89283.0,36.10198187026023,0.7,232.0
LIMA,LIMA,VILLA EL SALVADOR,150142,381790.0,23.94787882065792,3.28,227.0
LIMA,LIMA,VILLA MARIA DEL TRIUNFO,150143,378470.0,29.68842138732756,2.4916666,232.0
LIMA,OYON,ANDAJES,150902,1069.0,0.0,127.38139038353602,0.0
LIMA,OYON,CAUJUL,150903,926.0,0.0,100.61653588552915,0.0
LIMA,OYON,COCHAMARCA,150904,1498.0,0.0,113.6184178905207,0.0
LIMA,OYON,NAVAN,150905,1074.0,0.0,103.31461227188082,0.0
LIMA,OYON,OYON,150901,12894.0,0.0,117.63911086660463,0.0
LIMA,OYON,PACHANGARA,150906,3335.0,0.0,107.64613651574211,0.0
LIMA,YAUYOS,ALIS,151002,1519.0,0.0,153.88434852534562,0.0
LIMA,YAUYOS,ALLAUCA,151003,1773.0,0.0,122.27910270163564,0.0
LIMA,YAUYOS,AYAVIRI,151004,752.0,0.0,157.71037986702126,0.0
LIMA,YAUYOS,AZANGARO,151005,603.0,0.0,135.2470763018242,0.0
LIMA,YAUYOS,CACRA,151006,544.0,0.0,137.89975101102942,0.0
LIMA,YAUYOS,CARANIA,151007,330.0,0.0,224.14584539393942,0.0
LIMA,YAUYOS,CATAHUASI,151008,1090.0,0.0,122.4660004678899,0.0
LIMA,YAUYOS,CHOCOS,151009,1074.0,0.0,99.79752925512105,0.0
LIMA,YAUYOS,COCHAS,151010,293.0,0.0,173.11057153583616,0.0
LIMA,YAUYOS,COLONIA,151011,1439.0,0.0,174.72097480194577,0.0
LIMA,YAUYOS,HONGOS,151012,435.0,0.0,153.66399901149427,0.0
LIMA,YAUYOS,HUAMPARA,151013,257.0,0.0,168.36701035019453,0.0
LIMA,YAUYOS,HUANCAYA,151014,1004.0,0.0,140.531736374502,0.0
LIMA,YAUYOS,HUANEC,151017,467.0,0.0,181.76472511777303,0.0
LIMA,YAUYOS,HUANGASCAR,151015,668.0,0.0,146.07491920658683,0.0
LIMA,YAUYOS,HUANTAN,151016,926.0,0.0,192.33988318574515,0.0
LIMA,YAUYOS,LARAOS,151018,960.0,0.0,185.4553313541667,0.0
LIMA,YAUYOS,LINCHA,151019,771.0,0.0,148.04441319066146,0.0
LIMA,YAUYOS,MADEAN,151020,822.0,0.0,159.04225394160585,0.0
LIMA,YAUYOS,MIRAFLORES,151021,441.0,0.0,174.9221684126984,0.0
LIMA,YAUYOS,OMAS,151022,656.0,0.0,101.76930320884146,0.0
LIMA,YAUYOS,PUTINZA,151023,452.0,0.0,150.04270946902656,0.0
LIMA,YAUYOS,QUINCHES,151024,1170.0,0.0,179.9567386837607,0.0
LIMA,YAUYOS,QUINOCAY,151025,607.0,0.0,139.90977978583194,0.0
LIMA,YAUYOS,SAN JOAQUIN,151026,320.0,0.0,179.51218687500003,0.0
LIMA,YAUYOS,SAN PEDRO DE PILAS,151027,418.0,0.0,120.36286617224881,0.0
LIMA,YAUYOS,TANTA,151028,500.0,0.0,153.97348965999998,0.0
LIMA,YAUYOS,TAURIPAMPA,151029,573.0,0.0,105.31113368237347,0.0
LIMA,YAUYOS,TOMAS,151030,1077.0,0.0,147.47891166202413,0.0
LIMA,YAUYOS,TUPE,151031,655.0,0.0,136.01479977099237,0.0
LIMA,YAUYOS,VINAC,151032,1864.0,0.0,167.2483519849785,0.0
LIMA,YAUYOS,VITIS,151033,525.0,0.0,152.80422194285714,0.0
LIMA,YAUYOS,YAUYOS,151001,2698.0,0.0,192.46781846182355,0.0
LORETO,ALTO AMAZONAS,BALSAPUERTO,160202,13836.0,0.6818495900887733,79.43936703734221,0.0
LORETO,ALTO AMAZONAS,BARRANCA,160203,4431.0,0.0,416.97483471451136,0.0
LORETO,ALTO AMAZONAS,CAHUAPANAS,160204,461.0,0.0,405.88474,0.0
LORETO,ALTO AMAZONAS,JEBEROS,160205,4198.0,0.0,,0.0
LORETO,ALTO AMAZONAS,LAGUNAS,160206,13351.0,0.0,1733.6025780840387,0.0
LORETO,ALTO AMAZONAS,SANTA CRUZ,160210,4094.0,0.0,868.5190034196385,0.0
LORETO,ALTO AMAZONAS,TENIENTE CESAR LOPEZ ROJAS,160211,5892.0,0.0,135.0297912186015,0.0
LORETO,ALTO AMAZONAS,YURIMAGUAS,160201,63511.0,32.57330727036643,7.96133892281652,3.0
LORETO,DATEM DEL MARANON,ANDOAS,160706,9375.0,0.0,,0.0
LORETO,DATEM DEL MARANON,BARRANCA,160701,11702.0,0.0,421.45221073833534,0.0
LORETO,DATEM DEL MARANON,CAHUAPANAS,160702,6822.0,0.0,,0.0
LORETO,DATEM DEL MARANON,MANSERICHE,160703,8963.0,2.0525756655490253,62.3910553991967,0.0
LORETO,DATEM DEL MARANON,MORONA,160704,6293.0,0.0,,0.0
LORETO,DATEM DEL MARANON,PASTAZA,160705,6137.0,0.0,455.38275000000004,0.0
LORETO,LORETO,NAUTA,160301,29079.999999999996,0.0,121.29504270930767,0.0
LORETO,LORETO,PARINARI,160302,7563.0,0.0,,0.0
LORETO,LORETO,TIGRE,160303,7304.0,0.0,,0.0
LORETO,LORETO,TROMPETEROS,160304,7691.0,0.0,,0.0
LORETO,LORETO,URARINAS,160305,11138.0,0.0,,0.0
LORETO,MARISCAL RAMON CASTILLA,PEBAS,160402,13719.0,0.0,2204.3667,0.0
LORETO,MARISCAL RAMON CASTILLA,RAMON CASTILLA,160401,18984.0,0.0,4912.274391926535,0.0
LORETO,MARISCAL RAMON CASTILLA,SAN PABLO,160404,12307.0,0.0,3853.6667,0.0
LORETO,MARISCAL RAMON CASTILLA,YAVARI,160403,10255.0,0.0,,0.0
LORETO,MAYNAS,ALTO NANAY,160102,2617.0,0.0,,0.0
LORETO,MAYNAS,BELEN,160112,69798.0,26.06332756580404,4.749324252118972,10.0
LORETO,MAYNAS,FERNANDO LORES,160103,19490.000000000004,0.13561761808132294,56.43667000000001,1.0
LORETO,MAYNAS,INDIANA,160104,12291.0,10.37504401327118,3.4866666999999993,0.0
LORETO,MAYNAS,IQUITOS,160101,159023.0,27.48081447023815,2.774500060563566,10.0
LORETO,MAYNAS,LAS AMAZONAS,160105,10375.0,0.0,,0.0
LORETO,MAYNAS,MAZAN,160106,12995.0,0.0,,0.0
LORETO,MAYNAS,NAPO,160107,15320.0,0.0,,0.0
LORETO,MAYNAS,PUNCHANA,160108,78154.0,28.57832019133124,2.407449894927963,10.0
LORETO,MAYNAS,SAN JUAN BAUTISTA,160113,102274.0,21.971150179757394,12.38083485403915,10.0
LORETO,MAYNAS,TORRES CAUSANA,160110,4895.0,0.0,,0.0
LORETO,PUTUMAYO,PUTUMAYO,160801,3860.0,0.0,,0.0
LORETO,PUTUMAYO,ROSA PANDURO,160802,664.0,0.0,,0.0
LORETO,PUTUMAYO,TENIENTE MANUEL CLAVERO,160803,3896.0,0.0,,0.0
LORETO,PUTUMAYO,YAGUAS,160804,1114.0,0.0,,0.0
LORETO,REQUENA,ALTO TAPICHE,160502,1947.0,0.0,,0.0
LORETO,REQUENA,CAPELO,160503,3941.0,0.0,,0.0
LORETO,REQUENA,EMILIO SAN MARTIN,160504,6980.0,0.0,,0.0
LORETO,REQUENA,JENARO HERRERA,160510,5116.0,0.0,,0.0
LORETO,REQUENA,MAQUIA,160505,7905.0,0.0,,0.0
LORETO,REQUENA,PUINAHUA,160506,5298.0,0.0,,0.0
LORETO,REQUENA,REQUENA,160501,25987.0,0.0,,0.0
LORETO,REQUENA,SAQUENA,160507,4536.0,0.0,126.05666000000001,0.0
LORETO,REQUENA,SOPLIN,160508,613.0,0.0,,0.0
LORETO,REQUENA,TAPICHE,160509,1189.0,0.0,,0.0
LORETO,REQUENA,YAQUERANA,160511,2396.0,0.0,,0.0
LORETO,UCAYALI,CONTAMANA,160601,24837.0,0.0,,0.0
LORETO,UCAYALI,INAHUAYA,160602,2143.0,0.0,,0.0
LORETO,UCAYALI,PADRE MARQUEZ,160603,5560.0,0.0,,0.0
LORETO,UCAYALI,PAMPA HERMOSA,160604,7489.0,0.0,,0.0
LORETO,UCAYALI,SARAYACU,160605,15388.0,0.0,,0.0
LORETO,UCAYALI,VARGAS GUERRA,160606,8219.0,0.0,,0.0
MADRE DE DIOS,MANU,FITZCARRALD,170202,1263.0,0.0,365.397536658749,0.0
MADRE DE DIOS,MANU,HUEPETUHE,170204,7011.0,0.0,318.68597869062904,0.0
MADRE DE DIOS,MANU,MADRE DE DIOS,170203,9194.0,0.0,466.9015917272134,0.0
MADRE DE DIOS,MANU,MANU,170201,2645.0,0.0,260.5679052173913,0.0
MADRE DE DIOS,TAHUAMANU,IBERIA,170302,6725.0,0.0,212.3202685977695,0.0
MADRE DE DIOS,TAHUAMANU,INAPARI,170301,1288.0,0.0,281.03954385869565,0.0
MADRE DE DIOS,TAHUAMANU,TAHUAMANU,170303,2235.0,0.0,137.33658872035792,0.0
MADRE DE DIOS,TAMBOPATA,INAMBARI,170102,8068.0,0.0,186.61274232275656,0.0
MADRE DE DIOS,TAMBOPATA,LABERINTO,170104,4880.0,0.0,96.28343447131148,0.0
MADRE DE DIOS,TAMBOPATA,LAS PIEDRAS,170103,5490.0,0.26305421461688394,89.78714204954461,0.0
MADRE DE DIOS,TAMBOPATA,TAMBOPATA,170101,61113.0,9.794247252822696,3.538754990898827,2.0
MOQUEGUA,GENERAL SANCHEZ CERRO,CHOJATA,180202,2210.0,0.0,222.13334439819005,0.0
MOQUEGUA,GENERAL SANCHEZ CERRO,COALAQUE,180203,1307.0,0.0,140.4816707880643,0.0
MOQUEGUA,GENERAL SANCHEZ CERRO,ICHUNA,180204,4077.0,0.0,145.25646866568556,0.0
MOQUEGUA,GENERAL SANCHEZ CERRO,LA CAPILLA,180205,1731.0,0.0,107.40288805892548,0.0
MOQUEGUA,GENERAL SANCHEZ CERRO,LLOQUE,180206,1376.0,0.0,213.50851354651164,0.0
MOQUEGUA,GENERAL SANCHEZ CERRO,MATALAQUE,180207,1033.0,0.0,161.844313107454,0.0
MOQUEGUA,GENERAL SANCHEZ CERRO,OMATE,180201,3898.0,0.0,156.33794703694204,0.0
MOQUEGUA,GENERAL SANCHEZ CERRO,PUQUINA,180208,3361.0,0.0,70.85712402201725,0.0
MOQUEGUA,GENERAL SANCHEZ CERRO,QUINISTAQUILLAS,180209,1013.0,0.0,148.99123548864756,0.0
MOQUEGUA,GENERAL SANCHEZ CERRO,UBINAS,180210,3751.0,0.0,168.48322291922156,0.0
MOQUEGUA,GENERAL SANCHEZ CERRO,YUNGA,180211,1570.0,0.0,179.1658211210191,0.0
MOQUEGUA,ILO,EL ALGARROBAL,180302,244.0,12.242678916233798,13.439548950819672,3.0
MOQUEGUA,ILO,ILO,180301,59134.0,14.074565439633222,1.5476078905536577,3.0
MOQUEGUA,ILO,PACOCHA,180303,4589.0,13.73923470648743,2.0434589877969054,3.0
MOQUEGUA,MARISCAL NIETO,CARUMAS,180102,5081.0,0.0,128.26264578586893,0.0
MOQUEGUA,MARISCAL NIETO,CUCHUMBAYA,180103,2057.0,0.0,139.16148831307729,0.0
MOQUEGUA,MARISCAL NIETO,MOQUEGUA,180101,49396.0,29.64506085058071,7.04208127988906,3.0
MOQUEGUA,MARISCAL NIETO,SAMEGUA,180104,6528.0,31.68628836287611,7.125056653553922,3.0
MOQUEGUA,MARISCAL NIETO,SAN CRISTOBAL,180105,3518.0,0.0,158.6071863871518,0.0
MOQUEGUA,MARISCAL NIETO,TORATA,180106,6590.0,19.54544518844619,16.655380121396057,3.0
PASCO,DANIEL ALCIDES CARRION,CHACAYAN,190202,4033.0,0.0,67.49825362509299,0.0
PASCO,DANIEL ALCIDES CARRION,GOYLLARISQUIZGA,190203,2505.0,4.749072472815396,45.464796615568865,2.0
PASCO,DANIEL ALCIDES CARRION,PAUCAR,190204,2367.0,0.0,104.2248151077313,0.0
PASCO,DANIEL ALCIDES CARRION,SAN PEDRO DE PILLAO,190205,1710.0,0.0,100.97525271929825,0.0
PASCO,DANIEL ALCIDES CARRION,SANTA ANA DE TUSI,190206,17110.0,4.190338352436051,51.90454056506917,2.0
PASCO,DANIEL ALCIDES CARRION,TAPUC,190207,3976.0,0.0,74.9822437137827,0.0
PASCO,DANIEL ALCIDES CARRION,VILCABAMBA,190208,1907.0,1.4802938945823367,56.63038584530676,1.0
PASCO,DANIEL ALCIDES CARRION,YANAHUANCA,190201,14319.0,0.0,73.95849815699421,0.0
PASCO,OXAPAMPA,CHONTABAMBA,190302,3347.0,15.98955823809556,33.27055522449955,2.0
PASCO,OXAPAMPA,CONSTITUCION,190308,9501.0,0.0,248.1005935080518,0.0
PASCO,OXAPAMPA,HUANCABAMBA,190303,6497.0,8.255562139613584,41.992560206402956,2.0
PASCO,OXAPAMPA,OXAPAMPA,190301,13841.0,35.60772786330646,2.0369620988801387,2.0
PASCO,OXAPAMPA,PALCAZU,190304,9396.0,0.0,146.2080867597914,0.0
PASCO,OXAPAMPA,POZUZO,190305,7800.0,0.0,132.8787384323077,0.0
PASCO,OXAPAMPA,PUERTO BERMUDEZ,190306,13753.0,0.0,209.6314456220461,0.0
PASCO,OXAPAMPA,VILLA RICA,190307,19420.0,12.225888715863075,9.27525380946447,1.0
PASCO,PASCO,CHAUPIMARCA,190101,27880.0,28.41140033108323,3.50019368723099,3.0
PASCO,PASCO,HUACHON,190102,4541.0,0.0,106.29025765249945,0.0
PASCO,PASCO,HUARIACA,190103,8098.0,21.655731327646503,5.323968263768832,1.0
PASCO,PASCO,HUAYLLAY,190104,11163.0,1.277343022702085,57.943120719340676,0.0
PASCO,PASCO,NINACACA,190105,3829.0,9.218544723318095,39.495730234525986,3.0
PASCO,PASCO,PALLANCHACRA,190106,4153.0,8.511033321440012,38.87196578473393,2.0
PASCO,PASCO,PAUCARTAMBO,190107,20993.0,0.0,97.00204922216929,0.0
PASCO,PASCO,SAN FRANCISCO DE ASIS DE YARUSYACAN,190108,11200.0,18.77452479313603,27.69837629910714,3.0
PASCO,PASCO,SIMON BOLIVAR,190109,14264.0,26.62884043479353,5.4351362576626485,3.0
PASCO,PASCO,TICLACAYAN,190110,7506.0,18.842817857216428,26.457656541433522,3.0
PASCO,PASCO,TINYAHUARCO,190111,5962.0,21.241616845938562,17.414942799731637,3.0
PASCO,PASCO,VICCO,190112,2986.0,16.711550739906187,24.851322709979907,3.0
PASCO,PASCO,YANACANCHA,190113,30013.0,28.339428479609836,4.517696831373072,3.0
PIURA,AYABACA,AYABACA,200201,38800.0,0.0,169.18148641929767,0.0
PIURA,AYABACA,FRIAS,200202,22866.0,0.12260482497365727,71.53031580363859,0.0
PIURA,AYABACA,JILILI,200203,2956.0,0.0,138.89824279431664,0.0
PIURA,AYABACA,LAGUNAS,200204,6699.0,0.0,143.83398830721,0.0
PIURA,AYABACA,MONTERO,200205,7378.0,0.0,126.68038042762265,0.0
PIURA,AYABACA,PACAIPAMPA,200206,24689.0,0.0,136.6616369392847,0.0
PIURA,AYABACA,PAIMAS,200207,9638.0,0.0,84.11472841979663,0.0
PIURA,AYABACA,SAPILLICA,200208,11008.0,0.0,118.06504926535247,0.0
PIURA,AYABACA,SICCHEZ,200209,2690.0,0.0,147.2097099219331,0.0
PIURA,AYABACA,SUYO,200210,12137.000000000002,0.0,90.07773846227786,0.0
PIURA,HUANCABAMBA,CANCHAQUE,200302,8922.0,0.0,99.6210903373683,0.0
PIURA,HUANCABAMBA,EL CARMEN DE LA FRONTERA,200303,12548.999999999998,0.0,194.42508930193645,0.0
PIURA,HUANCABAMBA,HUANCABAMBA,200301,30780.0,0.0,151.6744563248863,0.0
PIURA,HUANCABAMBA,HUARMACA,200304,37582.0,0.0,141.30786381570965,0.0
PIURA,HUANCABAMBA,LALAQUIZ,200305,5115.0,0.0,116.08947991749756,0.0
PIURA,HUANCABAMBA,SAN MIGUEL DE EL FAIQUE,200306,9199.0,0.0,128.4559632150234,0.0
PIURA,HUANCABAMBA,SONDOR,200307,8399.0,0.0,223.11221118109302,0.0
PIURA,HUANCABAMBA,SONDORILLO,200308,10716.0,0.0,193.49467448488244,0.0
PIURA,MORROPON,BUENOS AIRES,200402,8778.0,1.4147146069583476,40.81511595397585,2.0
PIURA,MORROPON,CHALACO,200403,9758.0,0.0,78.38359060278746,0.0
PIURA,MORROPON,CHULUCANAS,200401,76668.99999999999,6.291011630442548,7.311557097667899,19.0
PIURA,MORROPON,LA MATANZA,200404,12888.0,4.3958964826394125,20.32119299162011,10.0
PIURA,MORROPON,MORROPON,200405,14783.0,2.5062738217162868,28.3086149435162,2.0
PIURA,MORROPON,SALITRAL,200406,8516.0,0.0,69.43800227137154,0.0
PIURA,MORROPON,SAN JUAN DE BIGOTE,200407,6965.0,0.0,77.20573749461593,0.0
PIURA,MORROPON,SANTA CATALINA DE MOSSA,200408,4510.0,0.04900397885292503,78.82618551441242,0.0
PIURA,MORROPON,SANTO DOMINGO,200409,7957.0,0.1466585628589092,76.10804717418624,0.0
PIURA,MORROPON,YAMANGO,200410,9978.0,0.0,73.51159918570855,0.0
PIURA,PAITA,AMOTAPE,200502,2305.0,3.867780396158947,28.662523340130154,10.0
PIURA,PAITA,ARENAL,200503,1092.0,3.661796188444548,24.757503202380953,8.5
PIURA,PAITA,COLAN,200504,12363.0,2.791240573743683,26.32078414656637,8.0
PIURA,PAITA,LA HUACA,200505,10867.0,7.116453279812022,25.982918948835923,13.5
PIURA,PAITA,PAITA,200501,72522.0,4.355721288375448,6.454299245031852,8.0
PIURA,PAITA,TAMARINDO,200506,4625.0,4.659140929367415,32.34213221859459,8.0
PIURA,PAITA,VICHAYAL,200507,5015.0,1.9244450763806809,39.05621746081755,10.0
PIURA,PIURA,CASTILLA,200104,123715.0,19.16916831911677,1.3537537860000806,26.0
PIURA,PIURA,CATACAOS,200105,70684.0,14.90876438528997,7.457728236272708,25.0
PIURA,PIURA,CURA MORI,200107,17390.0,9.458167756295056,18.033613459689473,24.5
PIURA,PIURA,EL TALLAN,200108,4960.0,6.189655730384976,26.31773433205645,24.0
PIURA,PIURA,LA ARENA,200109,34541.0,7.512052790601307,19.977094031411944,24.0
PIURA,PIURA,LA UNION,200110,36000.0,5.2966831538495205,24.99515372725,23.0
PIURA,PIURA,LAS LOMAS,200111,27000.0,0.16632900322064043,75.11981697441666,0.0
PIURA,PIURA,PIURA,200101,261316.0,19.900145911918695,2.1823397477751074,27.0
PIURA,PIURA,TAMBO GRANDE,200114,98000.0,6.040932542686764,33.4540192224242,25.5
PIURA,PIURA,VEINTISEIS DE OCTUBRE,200115,130000.0,20.866849130852017,1.185,27.0
PIURA,SECHURA,BELLAVISTA DE LA UNION,200802,3954.0,4.118764568034703,27.961396925644912,17.0
PIURA,SECHURA,BERNAL,200803,6456.0,3.0788758928702538,32.08235298807311,17.0
PIURA,SECHURA,CRISTO NOS VALGA,200804,3377.0,2.250011287336974,36.16218616523542,17.0
PIURA,SECHURA,RINCONADA LLICUAR,200806,2855.0,3.277206587334435,31.160552494220664,17.0
PIURA,SECHURA,SECHURA,200801,33042.0,0.7304576172922169,50.357056119393505,5.0
PIURA,SECHURA,VICE,200805,12749.0,2.9682639739566445,32.878919669699584,17.0
PIURA,SULLANA,BELLAVISTA,200602,36072.0,16.388501460859086,5.005,25.0
PIURA,SULLANA,IGNACIO ESCUDERO,200603,17941.0,9.17516691121351,20.077376292681567,25.0
PIURA,SULLANA,LANCONES,200604,13085.0,1.552206108684117,46.883019502407336,7.0
PIURA,SULLANA,MARCAVELICA,200605,26098.0,13.304026950400509,13.612695616962988,25.0
PIURA,SULLANA,MIGUEL CHECA,200606,7446.0,14.575608688367764,7.681672751248993,25.0
PIURA,SULLANA,QUERECOTILLO,200607,24452.0,12.920546583244297,11.302534849337476,24.0
PIURA,SULLANA,SALITRAL,200608,6097.0,15.620399928794617,5.43950016467115,24.0
PIURA,SULLANA,SULLANA,200601,156827.0,16.588233461842233,4.435398334060037,24.0
PIURA,TALARA,EL ALTO,200702,7137.0,1.1716313237356077,43.72211389869693,2.0
PIURA,TALARA,LA BREA,200703,12486.0,6.701501490356908,11.434518985103315,3.0
PIURA,TALARA,LOBITOS,200704,1506.0,6.922662763819845,13.906765601593625,3.0
PIURA,TALARA,LOS ORGANOS,200705,9577.0,0.5773320480474747,52.49442555058996,2.0
PIURA,TALARA,MANCORA,200706,10547.0,0.0,66.7264823053949,0.0
PIURA,TALARA,PARINAS,200701,88331.0,8.91956410669582,2.204166766071934,3.0
PUNO,AZANGARO,ACHAYA,210202,4064.0,4.5939096107917345,40.53727123818897,9.5
PUNO,AZANGARO,ARAPA,210203,8765.0,4.4629173480358,33.19381299132915,8.0
PUNO,AZANGARO,ASILLO,210204,16981.0,4.064600875934024,31.132582169365765,2.0
PUNO,AZANGARO,AZANGARO,210201,29100.0,4.511438213564067,17.94100324982818,1.0
PUNO,AZANGARO,CAMINACA,210205,3828.0,12.173678565725075,19.860002398380356,9.0
PUNO,AZANGARO,CHUPA,210206,13745.999999999998,1.3252413036290158,47.111630461079585,2.0
PUNO,AZANGARO,JOSE DOMINGO CHOQUEHUANCA,210207,5189.0,6.215671807230393,31.204254215841207,3.0
PUNO,AZANGARO,MUNANI,210208,7610.0,0.42457791505513764,57.8049901369251,1.0
PUNO,AZANGARO,POTONI,210209,6694.0,11.563174685286675,51.75183425082164,1.0
PUNO,AZANGARO,SAMAN,210210,14314.0,5.8301788072655425,31.95763877001537,7.5
PUNO,AZANGARO,SAN ANTON,210211,9480.0,1.474392017483014,43.40238396624472,1.5
PUNO,AZANGARO,SAN JOSE,210212,6031.0,1.4517684509680604,41.297982381694574,1.0
PUNO,AZANGARO,SAN JUAN DE SALINAS,210213,4163.0,5.64771941194766,7.439782608695653,1.0
PUNO,AZANGARO,SANTIAGO DE PUPUJA,210214,5982.0,2.4521769458122784,42.76283724072216,2.0
PUNO,AZANGARO,TIRAPATA,210215,3129.0,6.386502308512145,24.800412545222116,2.0
PUNO,CARABAYA,AJOYANI,210302,1972.0,31.658492904063518,36.25991515010141,1.0
PUNO,CARABAYA,AYAPATA,210303,8941.0,12.819440667191916,48.911355928978864,1.0
PUNO,CARABAYA,COASA,210304,12097.0,0.0,93.6790341497892,0.0
PUNO,CARABAYA,CORANI,210305,3604.0,0.0,86.1340198890122,0.0
PUNO,CARABAYA,CRUCERO,210306,8624.0,4.415728101398476,56.7386599640538,0.5
PUNO,CARABAYA,ITUATA,210307,6136.0,1.4658681174771466,113.14676765156452,0.5
PUNO,CARABAYA,MACUSANI,210301,11707.0,69.65509594981857,14.153611396728452,1.0
PUNO,CARABAYA,OLLACHEA,210308,4919.0,7.823577864756929,98.00529793453954,0.5
PUNO,CARABAYA,SAN GABAN,210309,4024.0,0.0,74.29596421471173,0.0
PUNO,CARABAYA,USICAYOS,210310,12008.0,0.0,98.45406704063959,0.0
PUNO,CHUCUITO,DESAGUADERO,210402,20009.0,1.0228233704588225,43.94607051826678,1.0
PUNO,CHUCUITO,HUACULLANI,210403,14964.000000000002,0.0,78.67154206116903,0.0
PUNO,CHUCUITO,JULI,210401,24039.0,5.830963886475128,17.475240991339074,2.0
PUNO,CHUCUITO,KELLUYO,210404,17582.0,0.0,79.81134836234028,0.0
PUNO,CHUCUITO,PISACOMA,210405,11945.0,0.0,113.9696622092926,0.0
PUNO,CHUCUITO,POMATA,210406,20065.0,4.7824937870118,27.912662921704463,2.0
PUNO,CHUCUITO,ZEPITA,210407,21824.0,1.096597070605822,47.42609165282258,1.0
PUNO,EL COLLAO,CAPAZO,210502,1824.0,0.0,155.14988486842105,0.0
PUNO,EL COLLAO,CONDURIRI,210505,4277.0,0.0,61.878023978489594,0.0
PUNO,EL COLLAO,ILAVE,210501,54448.0,5.808526704601218,9.938835914214348,2.0
PUNO,EL COLLAO,PILCUYO,210503,14151.0,2.7364726663040564,31.22767235147104,2.0
PUNO,EL COLLAO,SANTA ROSA,210504,6681.0,0.0,74.71334726986977,0.0
PUNO,HUANCANE,COJATA,210602,4354.0,0.11950724545274741,60.72131228617363,0.5
PUNO,HUANCANE,HUANCANE,210601,21110.000000000004,5.0261044775860455,10.665433002905415,7.0
PUNO,HUANCANE,HUATASANI,210603,4344.0,2.161537100681833,28.694151904696135,4.0
PUNO,HUANCANE,INCHUPALLA,210604,3668.0,0.31717099211182337,52.194266509269355,1.0
PUNO,HUANCANE,PUSI,210605,7141.0,7.838928315330207,28.571432705923538,8.0
PUNO,HUANCANE,ROSASPATA,210606,5924.0,0.2722904752519968,54.54126941255908,1.0
PUNO,HUANCANE,TARACO,210607,15458.0,9.085400323174634,21.496237682688577,8.0
PUNO,HUANCANE,VILQUE CHICO,210608,9463.0,0.9560882006836406,39.673869408644194,1.0
PUNO,LAMPA,CABANILLA,210702,5581.0,2.8009177843477806,54.83267040440781,6.5
PUNO,LAMPA,CALAPUJA,210703,1496.0,13.081588259477082,34.551714237967914,11.0
PUNO,LAMPA,LAMPA,210701,11413.0,18.167515953159413,16.497212389380532,9.0
PUNO,LAMPA,NICASIO,210704,2748.0,2.910124981330143,51.79811716775837,3.0
PUNO,LAMPA,OCUVIRI,210705,2630.0,0.0,83.01587049809885,0.0
PUNO,LAMPA,PALCA,210706,3094.0,2.8803783183863363,50.21412098351649,2.0
PUNO,LAMPA,PARATIA,210707,5257.0,0.0,108.47974551797604,0.0
PUNO,LAMPA,PUCARA,210708,6060.0,5.8071736575550785,25.77617945742574,2.0
PUNO,LAMPA,SANTA LUCIA,210709,7494.0,0.0,105.02660042620764,0.0
PUNO,LAMPA,VILAVILA,210710,2380.0,1.4329952787000493,51.782107453781514,1.5
PUNO,MELGAR,ANTAUTA,210802,5045.0,8.894264527942136,52.27129624420218,1.0
PUNO,MELGAR,AYAVIRI,210801,22780.0,7.271546364325389,3.5187923161852503,1.5
PUNO,MELGAR,CUPI,210803,2765.0,0.4617982967155256,57.7279938556962,1.0
PUNO,MELGAR,LLALLI,210804,3911.0,0.3187473646688724,62.53389261109691,0.5
PUNO,MELGAR,MACARI,210805,7948.0,1.775445268089392,41.89749456718672,1.0
PUNO,MELGAR,NUNOA,210806,11156.0,0.0,74.59165966744352,0.0
PUNO,MELGAR,ORURILLO,210807,10643.0,0.9218196918585803,55.49629060039463,2.0
PUNO,MELGAR,SANTA ROSA,210808,6915.0,0.23647081373642326,61.086774472885025,0.5
PUNO,MELGAR,UMACHIRI,210809,4148.0,5.62697799834933,16.904070473481195,1.0
PUNO,MOHO,CONIMA,210902,3911.0,0.22401176289033847,55.96897519688059,1.0
PUNO,MOHO,HUAYRAPATA,210903,4154.0,0.026516024857842387,63.672576423206564,0.0
PUNO,MOHO,MOHO,210901,17278.999999999996,1.1179485726441039,38.71747870912669,1.0
PUNO,MOHO,TILALI,210904,3291.0,0.0,77.24364540382862,0.0
PUNO,PUNO,ACORA,210102,30369.0,5.906385386680101,22.97694575170953,5.5
PUNO,PUNO,AMANTANI,210103,4255.0,0.949322671143909,57.656665999999994,6.0
PUNO,PUNO,ATUNCOLLA,210104,5279.0,17.803152133663172,25.14345991267286,14.0
PUNO,PUNO,CAPACHICA,210105,11146.0,2.5522206928272624,46.84334957966984,6.0
PUNO,PUNO,CHUCUITO,210106,7913.0,9.858415213446971,38.44338880184506,8.0
PUNO,PUNO,COATA,210107,7495.0,9.230989618729982,29.157047816677785,13.0
PUNO,PUNO,HUATA,210108,6622.0,7.787352903650027,34.160243469042584,13.0
PUNO,PUNO,MANAZO,210109,5628.0,2.800279882791329,51.63843766080313,6.5
PUNO,PUNO,PAUCARCOLLA,210110,4948.0,23.872961898151384,25.072932838318515,14.0
PUNO,PUNO,PICHACANI,210111,5627.0,4.020037955792676,47.98186067176115,7.0
PUNO,PUNO,PLATERIA,210112,8268.0,9.581196427512864,34.02182793746976,8.0
PUNO,PUNO,PUNO,210101,126730.0,35.62859208498044,1.9930633906699284,14.0
PUNO,PUNO,SAN ANTONIO,210113,2570.0,0.0,113.64901797276265,0.0
PUNO,PUNO,TIQUILLACA,210114,2053.0,13.458419153304227,34.45519962299075,12.0
PUNO,PUNO,VILQUE,210115,3123.0,8.463934052494539,40.522068523855275,14.0
PUNO,SAN ANTONIO DE PUTINA,ANANEA,211002,20690.0,0.0,88.31455459478009,0.0
PUNO,SAN ANTONIO DE PUTINA,PEDRO VILCA APAZA,211003,2624.0,0.9459456313014017,37.64142940625,1.0
PUNO,SAN ANTONIO DE PUTINA,PUTINA,211001,20828.0,1.1407755786130869,34.617824166746686,1.0
PUNO,SAN ANTONIO DE PUTINA,QUILCAPUNCU,211004,5131.0,0.32091077904211335,53.99541317481972,1.0
PUNO,SAN ANTONIO DE PUTINA,SINA,211005,1472.0,0.0,139.50442870923914,0.0
PUNO,SAN ROMAN,CABANA,211102,4511.0,5.821497207523065,37.2938911070716,10.0
PUNO,SAN ROMAN,CABANILLAS,211103,5180.0,11.368692850262972,31.236199446332044,9.0
PUNO,SAN ROMAN,CARACOTO,211104,6798.0,16.007034801385895,15.113016845542804,15.5
PUNO,SAN ROMAN,JULIACA,211101,225221.0,22.79906170472943,3.2779856182038976,11.0
PUNO,SANDIA,ALTO INAMBARI,211209,7418.0,0.33418298474688996,101.15661187328121,0.5
PUNO,SANDIA,CUYOCUYO,211202,5355.0,2.1849297763923885,74.99194471428572,1.0
PUNO,SANDIA,LIMBANI,211203,3734.0,0.0,113.43176190680238,0.0
PUNO,SANDIA,PATAMBUCO,211204,4167.0,0.0,107.51516048476122,0.0
PUNO,SANDIA,PHARA,211205,4847.0,0.0,128.60169692593357,0.0
PUNO,SANDIA,QUIACA,211206,2232.0,0.0,92.78863798387097,0.0
PUNO,SANDIA,SAN JUAN DEL ORO,211207,13842.0,0.0,108.37955224967489,0.0
PUNO,SANDIA,SAN PEDRO DE PUTINA PUNCO,211210,10605.0,0.0,139.68526412871284,0.0
PUNO,SANDIA,SANDIA,211201,11374.0,25.12930645916708,13.492743436957097,1.0
PUNO,SANDIA,YANAHUAYA,211208,2389.0,0.0,90.11238802846378,0.0
PUNO,YUNGUYO,ANAPIA,211302,2294.0,2.8978154232689226,25.54,1.0
PUNO,YUNGUYO,COPANI,211303,5370.0,3.6544588518237426,19.326303103351957,1.0
PUNO,YUNGUYO,CUTURAPI,211304,2492.0,5.561960521786876,13.203418940609952,2.0
PUNO,YUNGUYO,OLLARAYA,211305,4644.0,3.8887602990355687,17.278003930878555,1.0
PUNO,YUNGUYO,TINICACHI,211306,1490.0,2.6905792436080156,27.232091836241608,1.0
PUNO,YUNGUYO,UNICACHI,211307,3869.0,3.0158927882466537,24.580485274747996,1.0
PUNO,YUNGUYO,YUNGUYO,211301,29250.0,4.839957327757472,8.2829334048,1.0
SAN MARTIN,BELLAVISTA,ALTO BIAVO,220202,5996.0,0.6672853906063747,80.41030270513676,1.0
SAN MARTIN,BELLAVISTA,BAJO BIAVO,220203,12053.0,3.064845902662603,53.08370597917531,1.5
SAN MARTIN,BELLAVISTA,BELLAVISTA,220201,14276.0,14.32364747692112,4.749102211922107,2.0
SAN MARTIN,BELLAVISTA,HUALLAGA,220204,2931.0,5.0369694006295616,40.85303512180143,1.5
SAN MARTIN,BELLAVISTA,SAN PABLO,220205,9028.0,5.88122583077383,27.934232935312362,1.5
SAN MARTIN,BELLAVISTA,SAN RAFAEL,220206,5695.0,10.345186660491363,15.187865027919228,2.0
SAN MARTIN,EL DORADO,AGUA BLANCA,220302,2568.0,1.3275492384466476,49.68324456892524,1.0
SAN MARTIN,EL DORADO,SAN JOSE DE SISA,220301,14326.0,0.8326755149910191,61.827818474103026,0.0
SAN MARTIN,EL DORADO,SAN MARTIN,220303,9491.0,0.0,124.60272471235908,0.0
SAN MARTIN,EL DORADO,SANTA ROSA,220304,5996.0,6.305496999622233,42.04599212008005,5.0
SAN MARTIN,EL DORADO,SHATOJA,220305,3015.0,0.0,67.31531795024877,0.0
SAN MARTIN,HUALLAGA,ALTO SAPOSOA,220402,2643.0,0.0,72.19131874385168,0.0
SAN MARTIN,HUALLAGA,EL ESLABON,220403,2804.0,5.454207577449001,37.887270393009985,2.0
SAN MARTIN,HUALLAGA,PISCOYACU,220404,3718.0,7.090427389532663,36.07093438676708,2.0
SAN MARTIN,HUALLAGA,SACANCHE,220405,2730.0,16.622784194822025,14.189535706959708,2.0
SAN MARTIN,HUALLAGA,SAPOSOA,220401,12023.0,3.8512542308015982,46.09322474548781,2.0
SAN MARTIN,HUALLAGA,TINGO DE SAPOSOA,220406,776.0,15.968908845071228,9.274375,2.0
SAN MARTIN,LAMAS,ALONSO DE ALVARADO,220502,14920.0,2.6395337075704033,42.03365218585792,3.0
SAN MARTIN,LAMAS,BARRANQUITA,220503,5285.0,0.0,143.9364216011353,0.0
SAN MARTIN,LAMAS,CAYNARACHI,220504,8933.0,2.440681856407657,59.5559235419232,0.0
SAN MARTIN,LAMAS,CUNUMBUQUI,220505,4461.0,9.476582001666596,43.04357459314055,9.0
SAN MARTIN,LAMAS,LAMAS,220501,13173.0,24.2779734268869,7.235067836164883,9.0
SAN MARTIN,LAMAS,PINTO RECODO,220506,9542.0,5.340251359837582,31.819740315814297,6.0
SAN MARTIN,LAMAS,RUMISAPA,220507,2648.0,30.372037256332234,14.101228617447129,9.0
SAN MARTIN,LAMAS,SAN ROQUE DE CUMBAZA,220508,2822.0,17.30964589575531,17.378982990786675,9.0
SAN MARTIN,LAMAS,SHANAO,220509,2492.0,18.856950856855633,14.78956079173355,9.0
SAN MARTIN,LAMAS,TABALOSOS,220510,12738.0,13.210773536652075,22.147357939550947,9.0
SAN MARTIN,LAMAS,ZAPATERO,220511,4991.0,15.643944162892604,29.11709554077339,9.0
SAN MARTIN,MARISCAL CACERES,CAMPANILLA,220602,8331.0,1.2620025665285297,99.59079187900613,0.5
SAN MARTIN,MARISCAL CACERES,HUICUNGO,220603,6211.0,4.189534090918488,42.44631911495733,1.0
SAN MARTIN,MARISCAL CACERES,JUANJUI,220601,27306.0,15.114102522247121,1.9413712354427601,2.0
SAN MARTIN,MARISCAL CACERES,PACHIZA,220604,4501.0,5.75772210694916,30.26527411552988,1.0
SAN MARTIN,MARISCAL CACERES,PAJARILLO,220605,5297.0,12.87588414812128,12.992893185765528,2.0
SAN MARTIN,MOYOBAMBA,CALZADA,220102,3884.0,23.527154950809983,10.688223977857877,6.0
SAN MARTIN,MOYOBAMBA,HABANA,220103,1726.0,21.071598434938974,16.159833778679026,6.0
SAN MARTIN,MOYOBAMBA,JEPELACIO,220104,19548.0,1.3801151610812248,50.43996375056272,2.0
SAN MARTIN,MOYOBAMBA,MOYOBAMBA,220101,64900.0,15.08657986948396,20.679442092511557,3.0
SAN MARTIN,MOYOBAMBA,SORITOR,220105,23357.0,13.443972016880963,28.224192954403392,6.0
SAN MARTIN,MOYOBAMBA,YANTALO,220106,2779.0,18.84084171238398,2.6097618857142857,6.0
SAN MARTIN,PICOTA,BUENOS AIRES,220702,3259.0,3.0840606765961986,63.74171261245781,5.0
SAN MARTIN,PICOTA,CASPISAPA,220703,1958.0,9.69872462630424,19.430926966292137,5.5
SAN MARTIN,PICOTA,PICOTA,220701,8342.0,8.964881746409434,28.30029882618077,10.0
SAN MARTIN,PICOTA,PILLUANA,220704,904.0,0.0,68.37343033185842,0.0
SAN MARTIN,PICOTA,PUCACACA,220705,2910.0,5.351885816364721,38.33493411168385,2.0
SAN MARTIN,PICOTA,SAN CRISTOBAL,220706,1286.0,9.510534470308109,17.52888833281493,2.0
SAN MARTIN,PICOTA,SAN HILARION,220707,4721.0,8.182401719053638,21.60746746833298,1.5
SAN MARTIN,PICOTA,SHAMBOYACU,220708,7065.0,0.0,70.74192781316349,0.0
SAN MARTIN,PICOTA,TINGO DE PONASA,220709,4012.0,1.4227783851142264,57.87093330757727,1.0
SAN MARTIN,PICOTA,TRES UNIDOS,220710,4085.0,0.0,99.87921866878825,0.0
SAN MARTIN,RIOJA,AWAJUN,220802,6773.0,3.2152618430254347,43.558475055219255,3.0
SAN MARTIN,RIOJA,ELIAS SOPLIN VARGAS,220803,9767.0,13.03785422598703,19.37328629210607,5.5
SAN MARTIN,RIOJA,NUEVA CAJAMARCA,220804,35773.0,9.935520569920337,25.600853282251975,5.0
SAN MARTIN,RIOJA,PARDO MIGUEL,220805,17088.0,0.9675756924231488,57.25504162248361,1.5
SAN MARTIN,RIOJA,POSIC,220806,1398.0,18.23605908966601,9.750230348354794,6.0
SAN MARTIN,RIOJA,RIOJA,220801,22394.0,21.768041308459836,1.3033785093864427,6.0
SAN MARTIN,RIOJA,SAN FERNANDO,220807,3910.0,5.425002419510945,35.649183216112526,4.0
SAN MARTIN,RIOJA,YORONGOS,220808,3128.0,9.671018059956857,25.949509176470585,4.5
SAN MARTIN,RIOJA,YURACYACU,220809,4267.0,8.24889741472058,29.04568621724865,5.5
SAN MARTIN,SAN MARTIN,ALBERTO LEVEAU,220902,912.0,4.627471445328765,47.42719098355262,8.0
SAN MARTIN,SAN MARTIN,CACATACHI,220903,3085.0,35.475456498052026,6.92459507617504,9.0
SAN MARTIN,SAN MARTIN,CHAZUTA,220904,8559.0,1.162280552718336,58.67179769131908,2.0
SAN MARTIN,SAN MARTIN,CHIPURANA,220905,1871.0,0.0,159.99149549973276,0.0
SAN MARTIN,SAN MARTIN,EL PORVENIR,220906,2062.0,0.0,132.30871248302617,0.0
SAN MARTIN,SAN MARTIN,HUIMBAYOC,220907,4351.0,0.0,156.5271299816134,0.0
SAN MARTIN,SAN MARTIN,JUAN GUERRA,220908,3238.0,30.5811502749461,12.720224732242126,9.0
SAN MARTIN,SAN MARTIN,LA BANDA DE SHILCAYO,220909,29040.0,34.94159043813232,5.618626884748624,9.0
SAN MARTIN,SAN MARTIN,MORALES,220910,23561.0,37.835423579416386,1.0822960901956622,9.0
SAN MARTIN,SAN MARTIN,PAPAPLAYA,220911,2548.0,0.0,143.74350078492935,0.0
SAN MARTIN,SAN MARTIN,SAN ANTONIO,220912,1573.0,30.667511812182738,11.671634292434838,9.0
SAN MARTIN,SAN MARTIN,SAUCE,220913,10718.0,3.0389314207834217,52.52313820806121,8.0
SAN MARTIN,SAN MARTIN,SHAPAJA,220914,1690.0,22.993016264436456,21.530406900591718,8.5
SAN MARTIN,SAN MARTIN,TARAPOTO,220901,68328.0,37.48436036986158,2.7056266098817465,9.0
SAN MARTIN,TOCACHE,NUEVO PROGRESO,221002,11106.0,2.054356901921941,39.22548456284891,1.0
SAN MARTIN,TOCACHE,POLVORA,221003,10751.0,1.6765226051752598,42.477352498558275,1.0
SAN MARTIN,TOCACHE,SHUNTE,221004,1140.0,2.0319155926487653,38.376535005263165,1.0
SAN MARTIN,TOCACHE,TOCACHE,221001,29509.0,6.438307051550991,6.814871666525467,1.0
SAN MARTIN,TOCACHE,UCHIZA,221005,22885.0,2.831382881493834,33.52641667354162,1.0
TACNA,CANDARAVE,CAIRANI,230202,1355.0,0.0,159.04167045756458,0.0
TACNA,CANDARAVE,CAMILACA,230203,1727.0,0.0,141.849088268674,0.0
TACNA,CANDARAVE,CANDARAVE,230201,3168.0,0.0,159.860685239899,0.0
TACNA,CANDARAVE,CURIBAYA,230204,203.0,0.0,142.7551253694581,0.0
TACNA,CANDARAVE,HUANUARA,230205,823.0,0.0,161.67969391251518,0.0
TACNA,CANDARAVE,QUILAHUANI,230206,1125.0,0.0,178.3595476,0.0
TACNA,JORGE BASADRE,ILABAYA,230302,4438.0,0.0,118.77457953041912,0.0
TACNA,JORGE BASADRE,ITE,230303,3308.0,0.5072810063775905,58.690547348851275,2.0
TACNA,JORGE BASADRE,LOCUMBA,230301,2181.0,0.0,83.80575806740026,0.0
TACNA,TACNA,ALTO DE LA ALIANZA,230102,35439.0,13.021926133714835,4.63003432286182,4.0
TACNA,TACNA,CALANA,230103,3004.0,10.332037597189276,11.453868175765646,4.0
TACNA,TACNA,CIUDAD NUEVA,230104,34231.0,12.995982106029112,6.564302212541264,4.0
TACNA,TACNA,CORONEL GREGORIO ALBARRACIN LANCHIPA,230110,68989.0,12.617958820751953,6.332476292742321,4.0
TACNA,TACNA,INCLAN,230105,4103.0,1.6133852370454964,47.4636226117475,4.0
TACNA,TACNA,PACHIA,230106,1963.0,4.38798009758756,31.18143264289353,4.0
TACNA,TACNA,PALCA,230107,1510.0,0.07925068350313023,128.41046357615895,1.0
TACNA,TACNA,POCOLLAY,230108,17421.0,13.127710937333195,3.9915108202743816,4.0
TACNA,TACNA,SAMA,230109,2332.0,1.0564393135049945,52.566754742710124,4.0
TACNA,TACNA,TACNA,230101,94393.0,13.195875037760823,2.899984079688113,4.0
TACNA,TARATA,ESTIQUE,230403,551.0,0.0,89.61547441016336,0.0
TACNA,TARATA,ESTIQUE-PAMPA,230404,412.0,0.0,93.64992718446601,0.0
TACNA,TARATA,HEROES ALBARRACIN,230402,559.0,0.0,125.63604597495528,0.0
TACNA,TARATA,SITAJARA,230405,560.0,0.0,153.44157382142856,0.0
TACNA,TARATA,SUSAPAYA,230406,848.0,0.0,178.60317688679245,0.0
TACNA,TARATA,TARATA,230401,3614.0,0.0,129.95437607083562,0.0
TACNA,TARATA,TARUCACHI,230407,434.0,0.0,101.99123350230414,0.0
TACNA,TARATA,TICACO,230408,815.0,0.0,135.24116587116563,0.0
TUMBES,CONTRALMIRANTE VILLAR,CANOAS DE PUNTA SAL,240203,4429.0,0.0,65.42411669451343,0.0
TUMBES,CONTRALMIRANTE VILLAR,CASITAS,240202,2242.0,0.0,66.26186165477253,0.0
TUMBES,CONTRALMIRANTE VILLAR,ZORRITOS,240201,10303.0,5.536712663216633,27.668482490633796,3.0
TUMBES,TUMBES,CORRALES,240102,23811.0,11.322425551900889,7.859753916895553,3.0
TUMBES,TUMBES,LA CRUZ,240103,8090.0,8.46201719180792,17.773052406674907,3.0
TUMBES,TUMBES,PAMPAS DE HOSPITAL,240104,6330.0,5.802198321490028,29.898988000315953,3.0
TUMBES,TUMBES,SAN JACINTO,240105,7979.0,9.642688020199005,14.052326879809499,3.0
TUMBES,TUMBES,SAN JUAN DE LA VIRGEN,240106,3848.0,11.801490454832402,9.638509831600834,3.0
TUMBES,TUMBES,TUMBES,240101,95230.0,12.50532389128496,2.1397971639609366,3.0
TUMBES,ZARUMILLA,AGUAS VERDES,240302,16058.0,8.847206603814737,19.441270275874952,3.0
TUMBES,ZARUMILLA,MATAPALO,240303,1568.0,3.5040898287741125,38.28525875,3.0
TUMBES,ZARUMILLA,PAPAYAL,240304,4965.0,5.7733464482964365,29.21970771560926,3.0
TUMBES,ZARUMILLA,ZARUMILLA,240301,18463.0,9.679395623463831,16.828783994583763,3.0
UCAYALI,ATALAYA,RAYMONDI,250201,28063.0,6.793613523917228,79.048678217083,0.5
UCAYALI,ATALAYA,SEPAHUA,250202,6674.0,0.0,,0.0
UCAYALI,ATALAYA,TAHUANIA,250203,7284.0,0.0,,0.0
UCAYALI,ATALAYA,YURUA,250204,1631.0,0.0,,0.0
UCAYALI,CORONEL PORTILLO,CALLERIA,250101,140954.0,14.424226997942379,8.527640891460335,0.0
UCAYALI,CORONEL PORTILLO,CAMPOVERDE,250102,16498.0,3.5338363526376555,42.11949228552955,5.0
UCAYALI,CORONEL PORTILLO,IPARIA,250103,10774.0,0.0,,0.0
UCAYALI,CORONEL PORTILLO,MANANTAY,250107,70563.0,15.725796005510094,5.082559692742656,5.5
UCAYALI,CORONEL PORTILLO,MASISEA,250104,11651.0,0.0,97.1993510249764,0.0
UCAYALI,CORONEL PORTILLO,NUEVA REQUENA,250106,5122.0,0.47338981187036105,56.933157051542366,2.5
UCAYALI,CORONEL PORTILLO,YARINACOCHA,250105,88174.0,21.402581388753337,10.321505757230023,6.0
UCAYALI,PADRE ABAD,CURIMANA,250303,6047.0,0.0,86.62504170663138,0.0
UCAYALI,PADRE ABAD,IRAZOLA,250302,19370.0,0.48069272385482714,61.55334025761488,1.0
UCAYALI,PADRE ABAD,PADRE ABAD,250301,25442.0,0.0,119.70952961304143,0.0
UCAYALI,PURUS,PURUS,250401,3746.0,0.0,,0.0
